0.001	0.000	10.000000	0.000000	0.000000	1.000000	10.000000
0.001	0.001	10.000000	0.000000	0.000000	1.000000	10.000000
0.001	0.002	10.000000	0.000000	0.000000	1.000000	10.000000
0.001	0.003	10.000000	0.000000	0.000000	1.000000	10.000000
0.001	0.004	10.000000	0.000000	0.000000	1.000000	10.000000
0.002	0.000	10.000000	0.000000	0.000000	1.000000	10.000000
0.002	0.001	10.000000	0.000000	0.000000	1.000000	10.000000
0.002	0.002	10.000000	0.000000	0.000000	1.000000	10.000000
0.002	0.003	10.000000	0.000000	0.000000	1.000000	10.000000
0.002	0.004	10.000000	0.000000	0.000000	1.000000	10.000000
0.003	0.000	10.000000	0.000000	0.000000	1.000000	10.000000
0.003	0.001	10.000000	0.000000	0.000000	1.000000	10.000000
0.003	0.002	10.000000	0.000000	0.000000	1.000000	10.000000
0.003	0.003	10.000000	0.000000	0.000000	1.000000	10.000000
0.003	0.004	10.000000	0.000000	0.000000	1.000000	10.000000
0.004	0.000	10.000000	0.000000	0.000000	1.000000	10.000000
0.004	0.001	10.000000	0.000000	0.000000	1.000000	10.000000
0.004	0.002	10.000000	0.000000	0.000000	1.000000	10.000000
0.004	0.003	10.000000	0.000000	0.000000	1.000000	10.000000
0.004	0.004	10.000000	0.000000	0.000000	1.000000	10.000000
0.005	0.000	10.000000	0.000000	0.000000	1.000000	10.000000
0.005	0.001	10.000000	0.000000	0.000000	1.000000	10.000000
0.005	0.002	10.000000	0.000000	0.000000	1.000000	10.000000
0.005	0.003	10.000000	0.000000	0.000000	1.000000	10.000000
0.005	0.004	10.000000	0.000000	0.000000	1.000000	10.000000
0.006	0.000	10.000000	0.000000	0.000000	1.000000	10.000000
0.006	0.001	10.000000	0.000000	0.000000	1.000000	10.000000
0.006	0.002	10.000000	0.000000	0.000000	1.000000	10.000000
0.006	0.003	10.000000	0.000000	0.000000	1.000000	10.000000
0.006	0.004	10.000000	0.000000	0.000000	1.000000	10.000000
0.007	0.000	10.000000	0.000000	0.000000	1.000000	10.000000
0.007	0.001	10.000000	0.000000	0.000000	1.000000	10.000000
0.007	0.002	10.000000	0.000000	0.000000	1.000000	10.000000
0.007	0.003	10.000000	0.000000	0.000000	1.000000	10.000000
0.007	0.004	10.000000	0.000000	0.000000	1.000000	10.000000
0.008	0.000	10.000000	0.000000	0.000000	1.000000	10.000000
0.008	0.001	10.000000	0.000000	0.000000	1.000000	10.000000
0.008	0.002	10.000000	0.000000	0.000000	1.000000	10.000000
0.008	0.003	10.000000	0.000000	0.000000	1.000000	10.000000
0.008	0.004	10.000000	0.000000	0.000000	1.000000	10.000000
0.009	0.000	10.000000	0.000000	0.000000	1.000000	10.000000
0.009	0.001	10.000000	0.000000	0.000000	1.000000	10.000000
0.009	0.002	10.000000	0.000000	0.000000	1.000000	10.000000
0.009	0.003	10.000000	0.000000	0.000000	1.000000	10.000000
0.009	0.004	10.000000	0.000000	0.000000	1.000000	10.000000
0.010	0.000	10.000000	0.000000	0.000000	1.000000	10.000000
0.010	0.001	10.000000	0.000000	0.000000	1.000000	10.000000
0.010	0.002	10.000000	0.000000	0.000000	1.000000	10.000000
0.010	0.003	10.000000	0.000000	0.000000	1.000000	10.000000
0.010	0.004	10.000000	0.000000	0.000000	1.000000	10.000000
0.011	0.000	10.000000	0.000000	0.000000	1.000000	10.000000
0.011	0.001	10.000000	0.000000	0.000000	1.000000	10.000000
0.011	0.002	10.000000	0.000000	0.000000	1.000000	10.000000
0.011	0.003	10.000000	0.000000	0.000000	1.000000	10.000000
0.011	0.004	10.000000	0.000000	0.000000	1.000000	10.000000
0.012	0.000	10.000000	0.000000	0.000000	1.000000	10.000000
0.012	0.001	10.000000	0.000000	0.000000	1.000000	10.000000
0.012	0.002	10.000000	0.000000	0.000000	1.000000	10.000000
0.012	0.003	10.000000	0.000000	0.000000	1.000000	10.000000
0.012	0.004	10.000000	0.000000	0.000000	1.000000	10.000000
0.013	0.000	10.000000	0.000000	0.000000	1.000000	10.000000
0.013	0.001	10.000000	0.000000	0.000000	1.000000	10.000000
0.013	0.002	10.000000	0.000000	0.000000	1.000000	10.000000
0.013	0.003	10.000000	0.000000	0.000000	1.000000	10.000000
0.013	0.004	10.000000	0.000000	0.000000	1.000000	10.000000
0.014	0.000	10.000000	0.000000	0.000000	1.000000	10.000000
0.014	0.001	10.000000	0.000000	0.000000	1.000000	10.000000
0.014	0.002	10.000000	0.000000	0.000000	1.000000	10.000000
0.014	0.003	10.000000	0.000000	0.000000	1.000000	10.000000
0.014	0.004	10.000000	0.000000	0.000000	1.000000	10.000000
0.015	0.000	10.000000	0.000000	0.000000	1.000000	10.000000
0.015	0.001	10.000000	0.000000	0.000000	1.000000	10.000000
0.015	0.002	10.000000	0.000000	0.000000	1.000000	10.000000
0.015	0.003	10.000000	0.000000	0.000000	1.000000	10.000000
0.015	0.004	10.000000	0.000000	0.000000	1.000000	10.000000
0.016	0.000	10.000000	0.000000	0.000000	1.000000	10.000000
0.016	0.001	10.000000	0.000000	0.000000	1.000000	10.000000
0.016	0.002	10.000000	0.000000	0.000000	1.000000	10.000000
0.016	0.003	10.000000	0.000000	0.000000	1.000000	10.000000
0.016	0.004	10.000000	0.000000	0.000000	1.000000	10.000000
0.016	0.000	10.000000	0.000000	0.000000	1.000000	10.000000
0.016	0.001	10.000000	0.000000	0.000000	1.000000	10.000000
0.016	0.002	10.000000	0.000000	0.000000	1.000000	10.000000
0.016	0.003	10.000000	0.000000	0.000000	1.000000	10.000000
0.016	0.004	10.000000	0.000000	0.000000	1.000000	10.000000
0.018	0.000	10.000000	0.000000	0.000000	1.000000	10.000000
0.018	0.001	10.000000	0.000000	0.000000	1.000000	10.000000
0.018	0.002	10.000000	0.000000	0.000000	1.000000	10.000000
0.018	0.003	10.000000	0.000000	0.000000	1.000000	10.000000
0.018	0.004	10.000000	0.000000	0.000000	1.000000	10.000000
0.019	0.000	10.000000	0.000000	0.000000	1.000000	10.000000
0.019	0.001	10.000000	0.000000	0.000000	1.000000	10.000000
0.019	0.002	10.000000	0.000000	0.000000	1.000000	10.000000
0.019	0.003	10.000000	0.000000	0.000000	1.000000	10.000000
0.019	0.004	10.000000	0.000000	0.000000	1.000000	10.000000
0.020	0.000	10.000000	0.000000	0.000000	1.000000	10.000000
0.020	0.001	10.000000	0.000000	0.000000	1.000000	10.000000
0.020	0.002	10.000000	0.000000	0.000000	1.000000	10.000000
0.020	0.003	10.000000	0.000000	0.000000	1.000000	10.000000
0.020	0.004	10.000000	0.000000	0.000000	1.000000	10.000000
0.021	0.000	10.000000	0.000000	0.000000	1.000000	10.000000
0.021	0.001	10.000000	0.000000	0.000000	1.000000	10.000000
0.021	0.002	10.000000	0.000000	0.000000	1.000000	10.000000
0.021	0.003	10.000000	0.000000	0.000000	1.000000	10.000000
0.021	0.004	10.000000	0.000000	0.000000	1.000000	10.000000
0.022	0.000	10.000000	0.000000	0.000000	1.000000	10.000000
0.022	0.001	10.000000	0.000000	0.000000	1.000000	10.000000
0.022	0.002	10.000000	0.000000	0.000000	1.000000	10.000000
0.022	0.003	10.000000	0.000000	0.000000	1.000000	10.000000
0.022	0.004	10.000000	0.000000	0.000000	1.000000	10.000000
0.023	0.000	10.000000	0.000000	0.000000	1.000000	10.000000
0.023	0.001	10.000000	0.000000	0.000000	1.000000	10.000000
0.023	0.002	10.000000	0.000000	0.000000	1.000000	10.000000
0.023	0.003	10.000000	0.000000	0.000000	1.000000	10.000000
0.023	0.004	10.000000	0.000000	0.000000	1.000000	10.000000
0.024	0.000	10.000000	0.000000	0.000000	1.000000	10.000000
0.024	0.001	10.000000	0.000000	0.000000	1.000000	10.000000
0.024	0.002	10.000000	0.000000	0.000000	1.000000	10.000000
0.024	0.003	10.000000	0.000000	0.000000	1.000000	10.000000
0.024	0.004	10.000000	0.000000	0.000000	1.000000	10.000000
0.025	0.000	10.000000	0.000000	0.000000	1.000000	10.000000
0.025	0.001	10.000000	0.000000	0.000000	1.000000	10.000000
0.025	0.002	10.000000	0.000000	0.000000	1.000000	10.000000
0.025	0.003	10.000000	0.000000	0.000000	1.000000	10.000000
0.025	0.004	10.000000	0.000000	0.000000	1.000000	10.000000
0.026	0.000	10.000000	0.000000	0.000000	1.000000	10.000000
0.026	0.001	10.000000	0.000000	0.000000	1.000000	10.000000
0.026	0.002	10.000000	0.000000	0.000000	1.000000	10.000000
0.026	0.003	10.000000	0.000000	0.000000	1.000000	10.000000
0.026	0.004	10.000000	0.000000	0.000000	1.000000	10.000000
0.027	0.000	10.000000	0.000000	0.000000	1.000000	10.000000
0.027	0.001	10.000000	0.000000	0.000000	1.000000	10.000000
0.027	0.002	10.000000	0.000000	0.000000	1.000000	10.000000
0.027	0.003	10.000000	0.000000	0.000000	1.000000	10.000000
0.027	0.004	10.000000	0.000000	0.000000	1.000000	10.000000
0.028	0.000	10.000000	0.000000	0.000000	1.000000	10.000000
0.028	0.001	10.000000	0.000000	0.000000	1.000000	10.000000
0.028	0.002	10.000000	0.000000	0.000000	1.000000	10.000000
0.028	0.003	10.000000	0.000000	0.000000	1.000000	10.000000
0.028	0.004	10.000000	0.000000	0.000000	1.000000	10.000000
0.029	0.000	10.000000	0.000000	0.000000	1.000000	10.000000
0.029	0.001	10.000000	0.000000	0.000000	1.000000	10.000000
0.029	0.002	10.000000	0.000000	0.000000	1.000000	10.000000
0.029	0.003	10.000000	0.000000	0.000000	1.000000	10.000000
0.029	0.004	10.000000	0.000000	0.000000	1.000000	10.000000
0.030	0.000	10.000000	0.000000	0.000000	1.000000	10.000000
0.030	0.001	10.000000	0.000000	0.000000	1.000000	10.000000
0.030	0.002	10.000000	0.000000	0.000000	1.000000	10.000000
0.030	0.003	10.000000	0.000000	0.000000	1.000000	10.000000
0.030	0.004	10.000000	0.000000	0.000000	1.000000	10.000000
0.031	0.000	10.000000	0.000000	0.000000	1.000000	10.000000
0.031	0.001	10.000000	0.000000	0.000000	1.000000	10.000000
0.031	0.002	10.000000	0.000000	0.000000	1.000000	10.000000
0.031	0.003	10.000000	0.000000	0.000000	1.000000	10.000000
0.031	0.004	10.000000	0.000000	0.000000	1.000000	10.000000
0.032	0.000	10.000000	0.000000	0.000000	1.000000	10.000000
0.032	0.001	10.000000	0.000000	0.000000	1.000000	10.000000
0.032	0.002	10.000000	0.000000	0.000000	1.000000	10.000000
0.032	0.003	10.000000	0.000000	0.000000	1.000000	10.000000
0.032	0.004	10.000000	0.000000	0.000000	1.000000	10.000000
0.033	0.000	10.000000	0.000000	0.000000	1.000000	10.000000
0.033	0.001	10.000000	0.000000	0.000000	1.000000	10.000000
0.033	0.002	10.000000	0.000000	0.000000	1.000000	10.000000
0.033	0.003	10.000000	0.000000	0.000000	1.000000	10.000000
0.033	0.004	10.000000	0.000000	0.000000	1.000000	10.000000
0.034	0.000	10.000000	0.000000	0.000000	1.000000	10.000000
0.034	0.001	10.000000	0.000000	0.000000	1.000000	10.000000
0.034	0.002	10.000000	0.000000	0.000000	1.000000	10.000000
0.034	0.003	10.000000	0.000000	0.000000	1.000000	10.000000
0.034	0.004	10.000000	0.000000	0.000000	1.000000	10.000000
0.035	0.000	10.000000	0.000000	0.000000	1.000000	10.000000
0.035	0.001	10.000000	0.000000	0.000000	1.000000	10.000000
0.035	0.002	10.000000	0.000000	0.000000	1.000000	10.000000
0.035	0.003	10.000000	0.000000	0.000000	1.000000	10.000000
0.035	0.004	10.000000	0.000000	0.000000	1.000000	10.000000
0.036	0.000	10.000000	0.000000	0.000000	1.000000	10.000000
0.036	0.001	10.000000	0.000000	0.000000	1.000000	10.000000
0.036	0.002	10.000000	0.000000	0.000000	1.000000	10.000000
0.036	0.003	10.000000	0.000000	0.000000	1.000000	10.000000
0.036	0.004	10.000000	0.000000	0.000000	1.000000	10.000000
0.037	0.000	10.000000	0.000000	0.000000	1.000000	10.000000
0.037	0.001	10.000000	0.000000	0.000000	1.000000	10.000000
0.037	0.002	10.000000	0.000000	0.000000	1.000000	10.000000
0.037	0.003	10.000000	0.000000	0.000000	1.000000	10.000000
0.037	0.004	10.000000	0.000000	0.000000	1.000000	10.000000
0.038	0.000	10.000000	0.000000	0.000000	1.000000	10.000000
0.038	0.001	10.000000	0.000000	0.000000	1.000000	10.000000
0.038	0.002	10.000000	0.000000	0.000000	1.000000	10.000000
0.038	0.003	10.000000	0.000000	0.000000	1.000000	10.000000
0.038	0.004	10.000000	0.000000	0.000000	1.000000	10.000000
0.039	0.000	10.000000	0.000000	0.000000	1.000000	10.000000
0.039	0.001	10.000000	0.000000	0.000000	1.000000	10.000000
0.039	0.002	10.000000	0.000000	0.000000	1.000000	10.000000
0.039	0.003	10.000000	0.000000	0.000000	1.000000	10.000000
0.039	0.004	10.000000	0.000000	0.000000	1.000000	10.000000
0.040	0.000	10.000000	0.000000	0.000000	1.000000	10.000000
0.040	0.001	10.000000	0.000000	0.000000	1.000000	10.000000
0.040	0.002	10.000000	0.000000	0.000000	1.000000	10.000000
0.040	0.003	10.000000	0.000000	0.000000	1.000000	10.000000
0.040	0.004	10.000000	0.000000	0.000000	1.000000	10.000000
0.041	0.000	10.000000	0.000000	0.000000	1.000000	10.000000
0.041	0.001	10.000000	0.000000	0.000000	1.000000	10.000000
0.041	0.002	10.000000	0.000000	0.000000	1.000000	10.000000
0.041	0.003	10.000000	0.000000	0.000000	1.000000	10.000000
0.041	0.004	10.000000	0.000000	0.000000	1.000000	10.000000
0.042	0.000	10.000000	0.000000	0.000000	1.000000	10.000000
0.042	0.001	10.000000	0.000000	0.000000	1.000000	10.000000
0.042	0.002	10.000000	0.000000	0.000000	1.000000	10.000000
0.042	0.003	10.000000	0.000000	0.000000	1.000000	10.000000
0.042	0.004	10.000000	0.000000	0.000000	1.000000	10.000000
0.043	0.000	10.000000	0.000000	0.000000	1.000000	10.000000
0.043	0.001	10.000000	0.000000	0.000000	1.000000	10.000000
0.043	0.002	10.000000	0.000000	0.000000	1.000000	10.000000
0.043	0.003	10.000000	0.000000	0.000000	1.000000	10.000000
0.043	0.004	10.000000	0.000000	0.000000	1.000000	10.000000
0.044	0.000	10.000000	0.000000	0.000000	1.000000	10.000000
0.044	0.001	10.000000	0.000000	0.000000	1.000000	10.000000
0.044	0.002	10.000000	0.000000	0.000000	1.000000	10.000000
0.044	0.003	10.000000	0.000000	0.000000	1.000000	10.000000
0.044	0.004	10.000000	0.000000	0.000000	1.000000	10.000000
0.045	0.000	10.000000	0.000000	0.000000	1.000000	10.000000
0.045	0.001	10.000000	0.000000	0.000000	1.000000	10.000000
0.045	0.002	10.000000	0.000000	0.000000	1.000000	10.000000
0.045	0.003	10.000000	0.000000	0.000000	1.000000	10.000000
0.045	0.004	10.000000	0.000000	0.000000	1.000000	10.000000
0.046	0.000	10.000000	0.000000	0.000000	1.000000	10.000000
0.046	0.001	10.000000	0.000000	0.000000	1.000000	10.000000
0.046	0.002	10.000000	0.000000	0.000000	1.000000	10.000000
0.046	0.003	10.000000	0.000000	0.000000	1.000000	10.000000
0.046	0.004	10.000000	0.000000	0.000000	1.000000	10.000000
0.047	0.000	10.000000	0.000000	0.000000	1.000000	10.000000
0.047	0.001	10.000000	0.000000	0.000000	1.000000	10.000000
0.047	0.002	10.000000	0.000000	0.000000	1.000000	10.000000
0.047	0.003	10.000000	0.000000	0.000000	1.000000	10.000000
0.047	0.004	10.000000	0.000000	0.000000	1.000000	10.000000
0.048	0.000	10.000000	0.000000	0.000000	1.000000	10.000000
0.048	0.001	10.000000	0.000000	0.000000	1.000000	10.000000
0.048	0.002	10.000000	0.000000	0.000000	1.000000	10.000000
0.048	0.003	10.000000	0.000000	0.000000	1.000000	10.000000
0.048	0.004	10.000000	0.000000	0.000000	1.000000	10.000000
0.049	0.000	10.000000	0.000000	0.000000	1.000000	10.000000
0.049	0.001	10.000000	0.000000	0.000000	1.000000	10.000000
0.049	0.002	10.000000	0.000000	0.000000	1.000000	10.000000
0.049	0.003	10.000000	0.000000	0.000000	1.000000	10.000000
0.049	0.004	10.000000	0.000000	0.000000	1.000000	10.000000
0.050	0.000	10.000000	0.000000	0.000000	1.000000	10.000000
0.050	0.001	10.000000	0.000000	0.000000	1.000000	10.000000
0.050	0.002	10.000000	0.000000	0.000000	1.000000	10.000000
0.050	0.003	10.000000	0.000000	0.000000	1.000000	10.000000
0.050	0.004	10.000000	0.000000	0.000000	1.000000	10.000000
0.051	0.000	10.000000	0.000000	0.000000	1.000000	10.000000
0.051	0.001	10.000000	0.000000	0.000000	1.000000	10.000000
0.051	0.002	10.000000	0.000000	0.000000	1.000000	10.000000
0.051	0.003	10.000000	0.000000	0.000000	1.000000	10.000000
0.051	0.004	10.000000	0.000000	0.000000	1.000000	10.000000
0.052	0.000	10.000000	0.000000	0.000000	1.000000	10.000000
0.052	0.001	10.000000	0.000000	0.000000	1.000000	10.000000
0.052	0.002	10.000000	0.000000	0.000000	1.000000	10.000000
0.052	0.003	10.000000	0.000000	0.000000	1.000000	10.000000
0.052	0.004	10.000000	0.000000	0.000000	1.000000	10.000000
0.053	0.000	10.000000	0.000000	0.000000	1.000000	10.000000
0.053	0.001	10.000000	0.000000	0.000000	1.000000	10.000000
0.053	0.002	10.000000	0.000000	0.000000	1.000000	10.000000
0.053	0.003	10.000000	0.000000	0.000000	1.000000	10.000000
0.053	0.004	10.000000	0.000000	0.000000	1.000000	10.000000
0.054	0.000	10.000000	0.000000	0.000000	1.000000	10.000000
0.054	0.001	10.000000	0.000000	0.000000	1.000000	10.000000
0.054	0.002	10.000000	0.000000	0.000000	1.000000	10.000000
0.054	0.003	10.000000	0.000000	0.000000	1.000000	10.000000
0.054	0.004	10.000000	0.000000	0.000000	1.000000	10.000000
0.055	0.000	10.000000	0.000000	0.000000	1.000000	10.000000
0.055	0.001	10.000000	0.000000	0.000000	1.000000	10.000000
0.055	0.002	10.000000	0.000000	0.000000	1.000000	10.000000
0.055	0.003	10.000000	0.000000	0.000000	1.000000	10.000000
0.055	0.004	10.000000	0.000000	0.000000	1.000000	10.000000
0.056	0.000	10.000000	0.000000	0.000000	1.000000	10.000000
0.056	0.001	10.000000	0.000000	0.000000	1.000000	10.000000
0.056	0.002	10.000000	0.000000	0.000000	1.000000	10.000000
0.056	0.003	10.000000	0.000000	0.000000	1.000000	10.000000
0.056	0.004	10.000000	0.000000	0.000000	1.000000	10.000000
0.057	0.000	10.000000	0.000000	0.000000	1.000000	10.000000
0.057	0.001	10.000000	0.000000	0.000000	1.000000	10.000000
0.057	0.002	10.000000	0.000000	0.000000	1.000000	10.000000
0.057	0.003	10.000000	0.000000	0.000000	1.000000	10.000000
0.057	0.004	10.000000	0.000000	0.000000	1.000000	10.000000
0.058	0.000	10.000000	0.000000	0.000000	1.000000	10.000000
0.058	0.001	10.000000	0.000000	0.000000	1.000000	10.000000
0.058	0.002	10.000000	0.000000	0.000000	1.000000	10.000000
0.058	0.003	10.000000	0.000000	0.000000	1.000000	10.000000
0.058	0.004	10.000000	0.000000	0.000000	1.000000	10.000000
0.059	0.000	10.000000	0.000000	0.000000	1.000000	10.000000
0.059	0.001	10.000000	0.000000	0.000000	1.000000	10.000000
0.059	0.002	10.000000	0.000000	0.000000	1.000000	10.000000
0.059	0.003	10.000000	0.000000	0.000000	1.000000	10.000000
0.059	0.004	10.000000	0.000000	0.000000	1.000000	10.000000
0.060	0.000	10.000000	0.000000	0.000000	1.000000	10.000000
0.060	0.001	10.000000	0.000000	0.000000	1.000000	10.000000
0.060	0.002	10.000000	0.000000	0.000000	1.000000	10.000000
0.060	0.003	10.000000	0.000000	0.000000	1.000000	10.000000
0.060	0.004	10.000000	0.000000	0.000000	1.000000	10.000000
0.061	0.000	10.000000	0.000000	0.000000	1.000000	10.000000
0.061	0.001	10.000000	0.000000	0.000000	1.000000	10.000000
0.061	0.002	10.000000	0.000000	0.000000	1.000000	10.000000
0.061	0.003	10.000000	0.000000	0.000000	1.000000	10.000000
0.061	0.004	10.000000	0.000000	0.000000	1.000000	10.000000
0.062	0.000	10.000000	0.000000	0.000000	1.000000	10.000000
0.062	0.001	10.000000	0.000000	0.000000	1.000000	10.000000
0.062	0.002	10.000000	0.000000	0.000000	1.000000	10.000000
0.062	0.003	10.000000	0.000000	0.000000	1.000000	10.000000
0.062	0.004	10.000000	0.000000	0.000000	1.000000	10.000000
0.062	0.000	10.000000	0.000000	0.000000	1.000000	10.000000
0.062	0.001	10.000000	0.000000	0.000000	1.000000	10.000000
0.062	0.002	10.000000	0.000000	0.000000	1.000000	10.000000
0.062	0.003	10.000000	0.000000	0.000000	1.000000	10.000000
0.062	0.004	10.000000	0.000000	0.000000	1.000000	10.000000
0.064	0.000	10.000000	0.000000	0.000000	1.000000	10.000000
0.064	0.001	10.000000	0.000000	0.000000	1.000000	10.000000
0.064	0.002	10.000000	0.000000	0.000000	1.000000	10.000000
0.064	0.003	10.000000	0.000000	0.000000	1.000000	10.000000
0.064	0.004	10.000000	0.000000	0.000000	1.000000	10.000000
0.065	0.000	10.000000	0.000000	0.000000	1.000000	10.000000
0.065	0.001	10.000000	0.000000	0.000000	1.000000	10.000000
0.065	0.002	10.000000	0.000000	0.000000	1.000000	10.000000
0.065	0.003	10.000000	0.000000	0.000000	1.000000	10.000000
0.065	0.004	10.000000	0.000000	0.000000	1.000000	10.000000
0.066	0.000	10.000000	0.000000	0.000000	1.000000	10.000000
0.066	0.001	10.000000	0.000000	0.000000	1.000000	10.000000
0.066	0.002	10.000000	0.000000	0.000000	1.000000	10.000000
0.066	0.003	10.000000	0.000000	0.000000	1.000000	10.000000
0.066	0.004	10.000000	0.000000	0.000000	1.000000	10.000000
0.067	0.000	10.000000	0.000000	0.000000	1.000000	10.000000
0.067	0.001	10.000000	0.000000	0.000000	1.000000	10.000000
0.067	0.002	10.000000	0.000000	0.000000	1.000000	10.000000
0.067	0.003	10.000000	0.000000	0.000000	1.000000	10.000000
0.067	0.004	10.000000	0.000000	0.000000	1.000000	10.000000
0.068	0.000	10.000000	0.000000	0.000000	1.000000	10.000000
0.068	0.001	10.000000	0.000000	0.000000	1.000000	10.000000
0.068	0.002	10.000000	0.000000	0.000000	1.000000	10.000000
0.068	0.003	10.000000	0.000000	0.000000	1.000000	10.000000
0.068	0.004	10.000000	0.000000	0.000000	1.000000	10.000000
0.069	0.000	10.000000	0.000000	0.000000	1.000000	10.000000
0.069	0.001	10.000000	0.000000	0.000000	1.000000	10.000000
0.069	0.002	10.000000	0.000000	0.000000	1.000000	10.000000
0.069	0.003	10.000000	0.000000	0.000000	1.000000	10.000000
0.069	0.004	10.000000	0.000000	0.000000	1.000000	10.000000
0.070	0.000	10.000000	0.000000	0.000000	1.000000	10.000000
0.070	0.001	10.000000	0.000000	0.000000	1.000000	10.000000
0.070	0.002	10.000000	0.000000	0.000000	1.000000	10.000000
0.070	0.003	10.000000	0.000000	0.000000	1.000000	10.000000
0.070	0.004	10.000000	0.000000	0.000000	1.000000	10.000000
0.071	0.000	10.000000	0.000000	0.000000	1.000000	10.000000
0.071	0.001	10.000000	0.000000	0.000000	1.000000	10.000000
0.071	0.002	10.000000	0.000000	0.000000	1.000000	10.000000
0.071	0.003	10.000000	0.000000	0.000000	1.000000	10.000000
0.071	0.004	10.000000	0.000000	0.000000	1.000000	10.000000
0.072	0.000	10.000000	0.000000	0.000000	1.000000	10.000000
0.072	0.001	10.000000	0.000000	0.000000	1.000000	10.000000
0.072	0.002	10.000000	0.000000	0.000000	1.000000	10.000000
0.072	0.003	10.000000	0.000000	0.000000	1.000000	10.000000
0.072	0.004	10.000000	0.000000	0.000000	1.000000	10.000000
0.073	0.000	10.000000	0.000000	0.000000	1.000000	10.000000
0.073	0.001	10.000000	0.000000	0.000000	1.000000	10.000000
0.073	0.002	10.000000	0.000000	0.000000	1.000000	10.000000
0.073	0.003	10.000000	0.000000	0.000000	1.000000	10.000000
0.073	0.004	10.000000	0.000000	0.000000	1.000000	10.000000
0.073	0.000	10.000000	0.000000	0.000000	1.000000	10.000000
0.073	0.001	10.000000	0.000000	0.000000	1.000000	10.000000
0.073	0.002	10.000000	0.000000	0.000000	1.000000	10.000000
0.073	0.003	10.000000	0.000000	0.000000	1.000000	10.000000
0.073	0.004	10.000000	0.000000	0.000000	1.000000	10.000000
0.075	0.000	10.000000	0.000000	0.000000	1.000000	10.000000
0.075	0.001	10.000000	0.000000	0.000000	1.000000	10.000000
0.075	0.002	10.000000	0.000000	0.000000	1.000000	10.000000
0.075	0.003	10.000000	0.000000	0.000000	1.000000	10.000000
0.075	0.004	10.000000	0.000000	0.000000	1.000000	10.000000
0.076	0.000	10.000000	0.000000	0.000000	1.000000	10.000000
0.076	0.001	10.000000	0.000000	0.000000	1.000000	10.000000
0.076	0.002	10.000000	0.000000	0.000000	1.000000	10.000000
0.076	0.003	10.000000	0.000000	0.000000	1.000000	10.000000
0.076	0.004	10.000000	0.000000	0.000000	1.000000	10.000000
0.077	0.000	10.000000	0.000000	0.000000	1.000000	10.000000
0.077	0.001	10.000000	0.000000	0.000000	1.000000	10.000000
0.077	0.002	10.000000	0.000000	0.000000	1.000000	10.000000
0.077	0.003	10.000000	0.000000	0.000000	1.000000	10.000000
0.077	0.004	10.000000	0.000000	0.000000	1.000000	10.000000
0.078	0.000	10.000000	0.000000	0.000000	1.000000	10.000000
0.078	0.001	10.000000	0.000000	0.000000	1.000000	10.000000
0.078	0.002	10.000000	0.000000	0.000000	1.000000	10.000000
0.078	0.003	10.000000	0.000000	0.000000	1.000000	10.000000
0.078	0.004	10.000000	0.000000	0.000000	1.000000	10.000000
0.079	0.000	10.000000	0.000000	0.000000	1.000000	10.000000
0.079	0.001	10.000000	0.000000	0.000000	1.000000	10.000000
0.079	0.002	10.000000	0.000000	0.000000	1.000000	10.000000
0.079	0.003	10.000000	0.000000	0.000000	1.000000	10.000000
0.079	0.004	10.000000	0.000000	0.000000	1.000000	10.000000
0.080	0.000	10.000000	0.000000	0.000000	1.000000	10.000000
0.080	0.001	10.000000	0.000000	0.000000	1.000000	10.000000
0.080	0.002	10.000000	0.000000	0.000000	1.000000	10.000000
0.080	0.003	10.000000	0.000000	0.000000	1.000000	10.000000
0.080	0.004	10.000000	0.000000	0.000000	1.000000	10.000000
0.081	0.000	10.000000	0.000000	0.000000	1.000000	10.000000
0.081	0.001	10.000000	0.000000	0.000000	1.000000	10.000000
0.081	0.002	10.000000	0.000000	0.000000	1.000000	10.000000
0.081	0.003	10.000000	0.000000	0.000000	1.000000	10.000000
0.081	0.004	10.000000	0.000000	0.000000	1.000000	10.000000
0.082	0.000	10.000000	0.000000	0.000000	1.000000	10.000000
0.082	0.001	10.000000	0.000000	0.000000	1.000000	10.000000
0.082	0.002	10.000000	0.000000	0.000000	1.000000	10.000000
0.082	0.003	10.000000	0.000000	0.000000	1.000000	10.000000
0.082	0.004	10.000000	0.000000	0.000000	1.000000	10.000000
0.083	0.000	10.000000	0.000000	0.000000	1.000000	10.000000
0.083	0.001	10.000000	0.000000	0.000000	1.000000	10.000000
0.083	0.002	10.000000	0.000000	0.000000	1.000000	10.000000
0.083	0.003	10.000000	0.000000	0.000000	1.000000	10.000000
0.083	0.004	10.000000	0.000000	0.000000	1.000000	10.000000
0.084	0.000	10.000000	0.000000	0.000000	1.000000	10.000000
0.084	0.001	10.000000	0.000000	0.000000	1.000000	10.000000
0.084	0.002	10.000000	0.000000	0.000000	1.000000	10.000000
0.084	0.003	10.000000	0.000000	0.000000	1.000000	10.000000
0.084	0.004	10.000000	0.000000	0.000000	1.000000	10.000000
0.085	0.000	10.000000	0.000000	0.000000	1.000000	10.000000
0.085	0.001	10.000000	0.000000	0.000000	1.000000	10.000000
0.085	0.002	10.000000	0.000000	0.000000	1.000000	10.000000
0.085	0.003	10.000000	0.000000	0.000000	1.000000	10.000000
0.085	0.004	10.000000	0.000000	0.000000	1.000000	10.000000
0.086	0.000	10.000000	0.000000	0.000000	1.000000	10.000000
0.086	0.001	10.000000	0.000000	0.000000	1.000000	10.000000
0.086	0.002	10.000000	0.000000	0.000000	1.000000	10.000000
0.086	0.003	10.000000	0.000000	0.000000	1.000000	10.000000
0.086	0.004	10.000000	0.000000	0.000000	1.000000	10.000000
0.087	0.000	10.000000	0.000000	0.000000	1.000000	10.000000
0.087	0.001	10.000000	0.000000	0.000000	1.000000	10.000000
0.087	0.002	10.000000	0.000000	0.000000	1.000000	10.000000
0.087	0.003	10.000000	0.000000	0.000000	1.000000	10.000000
0.087	0.004	10.000000	0.000000	0.000000	1.000000	10.000000
0.088	0.000	10.000000	0.000000	0.000000	1.000000	10.000000
0.088	0.001	10.000000	0.000000	0.000000	1.000000	10.000000
0.088	0.002	10.000000	0.000000	0.000000	1.000000	10.000000
0.088	0.003	10.000000	0.000000	0.000000	1.000000	10.000000
0.088	0.004	10.000000	0.000000	0.000000	1.000000	10.000000
0.089	0.000	10.000000	0.000000	0.000000	1.000000	10.000000
0.089	0.001	10.000000	0.000000	0.000000	1.000000	10.000000
0.089	0.002	10.000000	0.000000	0.000000	1.000000	10.000000
0.089	0.003	10.000000	0.000000	0.000000	1.000000	10.000000
0.089	0.004	10.000000	0.000000	0.000000	1.000000	10.000000
0.090	0.000	10.000000	0.000000	0.000000	1.000000	10.000000
0.090	0.001	10.000000	0.000000	0.000000	1.000000	10.000000
0.090	0.002	10.000000	0.000000	0.000000	1.000000	10.000000
0.090	0.003	10.000000	0.000000	0.000000	1.000000	10.000000
0.090	0.004	10.000000	0.000000	0.000000	1.000000	10.000000
0.091	0.000	10.000000	0.000000	0.000000	1.000000	10.000000
0.091	0.001	10.000000	0.000000	0.000000	1.000000	10.000000
0.091	0.002	10.000000	0.000000	0.000000	1.000000	10.000000
0.091	0.003	10.000000	0.000000	0.000000	1.000000	10.000000
0.091	0.004	10.000000	0.000000	0.000000	1.000000	10.000000
0.092	0.000	10.000000	0.000000	0.000000	1.000000	10.000000
0.092	0.001	10.000000	0.000000	0.000000	1.000000	10.000000
0.092	0.002	10.000000	0.000000	0.000000	1.000000	10.000000
0.092	0.003	10.000000	0.000000	0.000000	1.000000	10.000000
0.092	0.004	10.000000	0.000000	0.000000	1.000000	10.000000
0.093	0.000	10.000000	0.000000	0.000000	1.000000	10.000000
0.093	0.001	10.000000	0.000000	0.000000	1.000000	10.000000
0.093	0.002	10.000000	0.000000	0.000000	1.000000	10.000000
0.093	0.003	10.000000	0.000000	0.000000	1.000000	10.000000
0.093	0.004	10.000000	0.000000	0.000000	1.000000	10.000000
0.094	0.000	10.000000	0.000000	0.000000	1.000000	10.000000
0.094	0.001	10.000000	0.000000	0.000000	1.000000	10.000000
0.094	0.002	10.000000	0.000000	0.000000	1.000000	10.000000
0.094	0.003	10.000000	0.000000	0.000000	1.000000	10.000000
0.094	0.004	10.000000	0.000000	0.000000	1.000000	10.000000
0.095	0.000	10.000000	0.000000	0.000000	1.000000	10.000000
0.095	0.001	10.000000	0.000000	0.000000	1.000000	10.000000
0.095	0.002	10.000000	0.000000	0.000000	1.000000	10.000000
0.095	0.003	10.000000	0.000000	0.000000	1.000000	10.000000
0.095	0.004	10.000000	0.000000	0.000000	1.000000	10.000000
0.096	0.000	10.000000	0.000000	0.000000	1.000000	10.000000
0.096	0.001	10.000000	0.000000	0.000000	1.000000	10.000000
0.096	0.002	10.000000	0.000000	0.000000	1.000000	10.000000
0.096	0.003	10.000000	0.000000	0.000000	1.000000	10.000000
0.096	0.004	10.000000	0.000000	0.000000	1.000000	10.000000
0.097	0.000	10.000000	0.000000	0.000000	1.000000	10.000000
0.097	0.001	10.000000	0.000000	0.000000	1.000000	10.000000
0.097	0.002	10.000000	0.000000	0.000000	1.000000	10.000000
0.097	0.003	10.000000	0.000000	0.000000	1.000000	10.000000
0.097	0.004	10.000000	0.000000	0.000000	1.000000	10.000000
0.098	0.000	10.000000	0.000000	0.000000	1.000000	10.000000
0.098	0.001	10.000000	0.000000	0.000000	1.000000	10.000000
0.098	0.002	10.000000	0.000000	0.000000	1.000000	10.000000
0.098	0.003	10.000000	0.000000	0.000000	1.000000	10.000000
0.098	0.004	10.000000	0.000000	0.000000	1.000000	10.000000
0.099	0.000	10.000000	0.000000	0.000000	1.000000	10.000000
0.099	0.001	10.000000	0.000000	0.000000	1.000000	10.000000
0.099	0.002	10.000000	0.000000	0.000000	1.000000	10.000000
0.099	0.003	10.000000	0.000000	0.000000	1.000000	10.000000
0.099	0.004	10.000000	0.000000	0.000000	1.000000	10.000000
0.100	0.000	10.000000	0.000000	0.000000	1.000000	10.000000
0.100	0.001	10.000000	0.000000	0.000000	1.000000	10.000000
0.100	0.002	10.000000	0.000000	0.000000	1.000000	10.000000
0.100	0.003	10.000000	0.000000	0.000000	1.000000	10.000000
0.100	0.004	10.000000	0.000000	0.000000	1.000000	10.000000
0.101	0.000	10.000000	0.000000	0.000000	1.000000	10.000000
0.101	0.001	10.000000	0.000000	0.000000	1.000000	10.000000
0.101	0.002	10.000000	0.000000	0.000000	1.000000	10.000000
0.101	0.003	10.000000	0.000000	0.000000	1.000000	10.000000
0.101	0.004	10.000000	0.000000	0.000000	1.000000	10.000000
0.102	0.000	10.000000	0.000000	0.000000	1.000000	10.000000
0.102	0.001	10.000000	0.000000	0.000000	1.000000	10.000000
0.102	0.002	10.000000	0.000000	0.000000	1.000000	10.000000
0.102	0.003	10.000000	0.000000	0.000000	1.000000	10.000000
0.102	0.004	10.000000	0.000000	0.000000	1.000000	10.000000
0.103	0.000	10.000000	0.000000	0.000000	1.000000	10.000000
0.103	0.001	10.000000	0.000000	0.000000	1.000000	10.000000
0.103	0.002	10.000000	0.000000	0.000000	1.000000	10.000000
0.103	0.003	10.000000	0.000000	0.000000	1.000000	10.000000
0.103	0.004	10.000000	0.000000	0.000000	1.000000	10.000000
0.104	0.000	10.000000	0.000000	0.000000	1.000000	10.000000
0.104	0.001	10.000000	0.000000	0.000000	1.000000	10.000000
0.104	0.002	10.000000	0.000000	0.000000	1.000000	10.000000
0.104	0.003	10.000000	0.000000	0.000000	1.000000	10.000000
0.104	0.004	10.000000	0.000000	0.000000	1.000000	10.000000
0.105	0.000	10.000000	0.000000	0.000000	1.000000	10.000000
0.105	0.001	10.000000	0.000000	0.000000	1.000000	10.000000
0.105	0.002	10.000000	0.000000	0.000000	1.000000	10.000000
0.105	0.003	10.000000	0.000000	0.000000	1.000000	10.000000
0.105	0.004	10.000000	0.000000	0.000000	1.000000	10.000000
0.106	0.000	10.000000	0.000000	0.000000	1.000000	10.000000
0.106	0.001	10.000000	0.000000	0.000000	1.000000	10.000000
0.106	0.002	10.000000	0.000000	0.000000	1.000000	10.000000
0.106	0.003	10.000000	0.000000	0.000000	1.000000	10.000000
0.106	0.004	10.000000	0.000000	0.000000	1.000000	10.000000
0.107	0.000	10.000000	0.000000	0.000000	1.000000	10.000000
0.107	0.001	10.000000	0.000000	0.000000	1.000000	10.000000
0.107	0.002	10.000000	0.000000	0.000000	1.000000	10.000000
0.107	0.003	10.000000	0.000000	0.000000	1.000000	10.000000
0.107	0.004	10.000000	0.000000	0.000000	1.000000	10.000000
0.108	0.000	10.000000	0.000000	0.000000	1.000000	10.000000
0.108	0.001	10.000000	0.000000	0.000000	1.000000	10.000000
0.108	0.002	10.000000	0.000000	0.000000	1.000000	10.000000
0.108	0.003	10.000000	0.000000	0.000000	1.000000	10.000000
0.108	0.004	10.000000	0.000000	0.000000	1.000000	10.000000
0.109	0.000	10.000000	0.000000	0.000000	1.000000	10.000000
0.109	0.001	10.000000	0.000000	0.000000	1.000000	10.000000
0.109	0.002	10.000000	0.000000	0.000000	1.000000	10.000000
0.109	0.003	10.000000	0.000000	0.000000	1.000000	10.000000
0.109	0.004	10.000000	0.000000	0.000000	1.000000	10.000000
0.110	0.000	10.000000	0.000000	0.000000	1.000000	10.000000
0.110	0.001	10.000000	0.000000	0.000000	1.000000	10.000000
0.110	0.002	10.000000	0.000000	0.000000	1.000000	10.000000
0.110	0.003	10.000000	0.000000	0.000000	1.000000	10.000000
0.110	0.004	10.000000	0.000000	0.000000	1.000000	10.000000
0.111	0.000	10.000000	0.000000	0.000000	1.000000	10.000000
0.111	0.001	10.000000	0.000000	0.000000	1.000000	10.000000
0.111	0.002	10.000000	0.000000	0.000000	1.000000	10.000000
0.111	0.003	10.000000	0.000000	0.000000	1.000000	10.000000
0.111	0.004	10.000000	0.000000	0.000000	1.000000	10.000000
0.112	0.000	10.000000	0.000000	0.000000	1.000000	10.000000
0.112	0.001	10.000000	0.000000	0.000000	1.000000	10.000000
0.112	0.002	10.000000	0.000000	0.000000	1.000000	10.000000
0.112	0.003	10.000000	0.000000	0.000000	1.000000	10.000000
0.112	0.004	10.000000	0.000000	0.000000	1.000000	10.000000
0.113	0.000	10.000000	0.000000	0.000000	1.000000	10.000000
0.113	0.001	10.000000	0.000000	0.000000	1.000000	10.000000
0.113	0.002	10.000000	0.000000	0.000000	1.000000	10.000000
0.113	0.003	10.000000	0.000000	0.000000	1.000000	10.000000
0.113	0.004	10.000000	0.000000	0.000000	1.000000	10.000000
0.114	0.000	10.000000	0.000000	0.000000	1.000000	10.000000
0.114	0.001	10.000000	0.000000	0.000000	1.000000	10.000000
0.114	0.002	10.000000	0.000000	0.000000	1.000000	10.000000
0.114	0.003	10.000000	0.000000	0.000000	1.000000	10.000000
0.114	0.004	10.000000	0.000000	0.000000	1.000000	10.000000
0.115	0.000	10.000000	0.000000	0.000000	1.000000	10.000000
0.115	0.001	10.000000	0.000000	0.000000	1.000000	10.000000
0.115	0.002	10.000000	0.000000	0.000000	1.000000	10.000000
0.115	0.003	10.000000	0.000000	0.000000	1.000000	10.000000
0.115	0.004	10.000000	0.000000	0.000000	1.000000	10.000000
0.116	0.000	10.000000	0.000000	0.000000	1.000000	10.000000
0.116	0.001	10.000000	0.000000	0.000000	1.000000	10.000000
0.116	0.002	10.000000	0.000000	0.000000	1.000000	10.000000
0.116	0.003	10.000000	0.000000	0.000000	1.000000	10.000000
0.116	0.004	10.000000	0.000000	0.000000	1.000000	10.000000
0.117	0.000	10.000000	0.000000	0.000000	1.000000	10.000000
0.117	0.001	10.000000	0.000000	0.000000	1.000000	10.000000
0.117	0.002	10.000000	0.000000	0.000000	1.000000	10.000000
0.117	0.003	10.000000	0.000000	0.000000	1.000000	10.000000
0.117	0.004	10.000000	0.000000	0.000000	1.000000	10.000000
0.118	0.000	10.000000	0.000000	0.000000	1.000000	10.000000
0.118	0.001	10.000000	0.000000	0.000000	1.000000	10.000000
0.118	0.002	10.000000	0.000000	0.000000	1.000000	10.000000
0.118	0.003	10.000000	0.000000	0.000000	1.000000	10.000000
0.118	0.004	10.000000	0.000000	0.000000	1.000000	10.000000
0.119	0.000	10.000000	0.000000	0.000000	1.000000	10.000000
0.119	0.001	10.000000	0.000000	0.000000	1.000000	10.000000
0.119	0.002	10.000000	0.000000	0.000000	1.000000	10.000000
0.119	0.003	10.000000	0.000000	0.000000	1.000000	10.000000
0.119	0.004	10.000000	0.000000	0.000000	1.000000	10.000000
0.120	0.000	10.000000	0.000000	0.000000	1.000000	10.000000
0.120	0.001	10.000000	0.000000	0.000000	1.000000	10.000000
0.120	0.002	10.000000	0.000000	0.000000	1.000000	10.000000
0.120	0.003	10.000000	0.000000	0.000000	1.000000	10.000000
0.120	0.004	10.000000	0.000000	0.000000	1.000000	10.000000
0.121	0.000	10.000000	0.000000	0.000000	1.000000	10.000000
0.121	0.001	10.000000	0.000000	0.000000	1.000000	10.000000
0.121	0.002	10.000000	0.000000	0.000000	1.000000	10.000000
0.121	0.003	10.000000	0.000000	0.000000	1.000000	10.000000
0.121	0.004	10.000000	0.000000	0.000000	1.000000	10.000000
0.122	0.000	10.000000	0.000000	0.000000	1.000000	10.000000
0.122	0.001	10.000000	0.000000	0.000000	1.000000	10.000000
0.122	0.002	10.000000	0.000000	0.000000	1.000000	10.000000
0.122	0.003	10.000000	0.000000	0.000000	1.000000	10.000000
0.122	0.004	10.000000	0.000000	0.000000	1.000000	10.000000
0.123	0.000	10.000000	0.000000	0.000000	1.000000	10.000000
0.123	0.001	10.000000	0.000000	0.000000	1.000000	10.000000
0.123	0.002	10.000000	0.000000	0.000000	1.000000	10.000000
0.123	0.003	10.000000	0.000000	0.000000	1.000000	10.000000
0.123	0.004	10.000000	0.000000	0.000000	1.000000	10.000000
0.124	0.000	10.000000	0.000000	0.000000	1.000000	10.000000
0.124	0.001	10.000000	0.000000	0.000000	1.000000	10.000000
0.124	0.002	10.000000	0.000000	0.000000	1.000000	10.000000
0.124	0.003	10.000000	0.000000	0.000000	1.000000	10.000000
0.124	0.004	10.000000	0.000000	0.000000	1.000000	10.000000
0.125	0.000	10.000000	0.000000	0.000000	1.000000	10.000000
0.125	0.001	10.000000	0.000000	0.000000	1.000000	10.000000
0.125	0.002	10.000000	0.000000	0.000000	1.000000	10.000000
0.125	0.003	10.000000	0.000000	0.000000	1.000000	10.000000
0.125	0.004	10.000000	0.000000	0.000000	1.000000	10.000000
0.126	0.000	10.000000	0.000000	0.000000	1.000000	10.000000
0.126	0.001	10.000000	0.000000	0.000000	1.000000	10.000000
0.126	0.002	10.000000	0.000000	0.000000	1.000000	10.000000
0.126	0.003	10.000000	0.000000	0.000000	1.000000	10.000000
0.126	0.004	10.000000	0.000000	0.000000	1.000000	10.000000
0.127	0.000	10.000000	0.000000	0.000000	1.000000	10.000000
0.127	0.001	10.000000	0.000000	0.000000	1.000000	10.000000
0.127	0.002	10.000000	0.000000	0.000000	1.000000	10.000000
0.127	0.003	10.000000	0.000000	0.000000	1.000000	10.000000
0.127	0.004	10.000000	0.000000	0.000000	1.000000	10.000000
0.128	0.000	10.000000	0.000000	0.000000	1.000000	10.000000
0.128	0.001	10.000000	0.000000	0.000000	1.000000	10.000000
0.128	0.002	10.000000	0.000000	0.000000	1.000000	10.000000
0.128	0.003	10.000000	0.000000	0.000000	1.000000	10.000000
0.128	0.004	10.000000	0.000000	0.000000	1.000000	10.000000
0.128	0.000	10.000000	0.000000	0.000000	1.000000	10.000000
0.128	0.001	10.000000	0.000000	0.000000	1.000000	10.000000
0.128	0.002	10.000000	0.000000	0.000000	1.000000	10.000000
0.128	0.003	10.000000	0.000000	0.000000	1.000000	10.000000
0.128	0.004	10.000000	0.000000	0.000000	1.000000	10.000000
0.130	0.000	10.000000	0.000000	0.000000	1.000000	10.000000
0.130	0.001	10.000000	0.000000	0.000000	1.000000	10.000000
0.130	0.002	10.000000	0.000000	0.000000	1.000000	10.000000
0.130	0.003	10.000000	0.000000	0.000000	1.000000	10.000000
0.130	0.004	10.000000	0.000000	0.000000	1.000000	10.000000
0.131	0.000	10.000000	0.000000	0.000000	1.000000	10.000000
0.131	0.001	10.000000	0.000000	0.000000	1.000000	10.000000
0.131	0.002	10.000000	0.000000	0.000000	1.000000	10.000000
0.131	0.003	10.000000	0.000000	0.000000	1.000000	10.000000
0.131	0.004	10.000000	0.000000	0.000000	1.000000	10.000000
0.132	0.000	10.000000	0.000000	0.000000	1.000000	10.000000
0.132	0.001	10.000000	0.000000	0.000000	1.000000	10.000000
0.132	0.002	10.000000	0.000000	0.000000	1.000000	10.000000
0.132	0.003	10.000000	0.000000	0.000000	1.000000	10.000000
0.132	0.004	10.000000	0.000000	0.000000	1.000000	10.000000
0.133	0.000	10.000000	0.000000	0.000000	1.000000	10.000000
0.133	0.001	10.000000	0.000000	0.000000	1.000000	10.000000
0.133	0.002	10.000000	0.000000	0.000000	1.000000	10.000000
0.133	0.003	10.000000	0.000000	0.000000	1.000000	10.000000
0.133	0.004	10.000000	0.000000	0.000000	1.000000	10.000000
0.134	0.000	10.000000	0.000000	0.000000	1.000000	10.000000
0.134	0.001	10.000000	0.000000	0.000000	1.000000	10.000000
0.134	0.002	10.000000	0.000000	0.000000	1.000000	10.000000
0.134	0.003	10.000000	0.000000	0.000000	1.000000	10.000000
0.134	0.004	10.000000	0.000000	0.000000	1.000000	10.000000
0.135	0.000	10.000000	0.000000	0.000000	1.000000	10.000000
0.135	0.001	10.000000	0.000000	0.000000	1.000000	10.000000
0.135	0.002	10.000000	0.000000	0.000000	1.000000	10.000000
0.135	0.003	10.000000	0.000000	0.000000	1.000000	10.000000
0.135	0.004	10.000000	0.000000	0.000000	1.000000	10.000000
0.136	0.000	10.000000	0.000000	0.000000	1.000000	10.000000
0.136	0.001	10.000000	0.000000	0.000000	1.000000	10.000000
0.136	0.002	10.000000	0.000000	0.000000	1.000000	10.000000
0.136	0.003	10.000000	0.000000	0.000000	1.000000	10.000000
0.136	0.004	10.000000	0.000000	0.000000	1.000000	10.000000
0.137	0.000	10.000000	0.000000	0.000000	1.000000	10.000000
0.137	0.001	10.000000	0.000000	0.000000	1.000000	10.000000
0.137	0.002	10.000000	0.000000	0.000000	1.000000	10.000000
0.137	0.003	10.000000	0.000000	0.000000	1.000000	10.000000
0.137	0.004	10.000000	0.000000	0.000000	1.000000	10.000000
0.138	0.000	10.000000	0.000000	0.000000	1.000000	10.000000
0.138	0.001	10.000000	0.000000	0.000000	1.000000	10.000000
0.138	0.002	10.000000	0.000000	0.000000	1.000000	10.000000
0.138	0.003	10.000000	0.000000	0.000000	1.000000	10.000000
0.138	0.004	10.000000	0.000000	0.000000	1.000000	10.000000
0.139	0.000	10.000000	0.000000	0.000000	1.000000	10.000000
0.139	0.001	10.000000	0.000000	0.000000	1.000000	10.000000
0.139	0.002	10.000000	0.000000	0.000000	1.000000	10.000000
0.139	0.003	10.000000	0.000000	0.000000	1.000000	10.000000
0.139	0.004	10.000000	0.000000	0.000000	1.000000	10.000000
0.140	0.000	10.000000	0.000000	0.000000	1.000000	10.000000
0.140	0.001	10.000000	0.000000	0.000000	1.000000	10.000000
0.140	0.002	10.000000	0.000000	0.000000	1.000000	10.000000
0.140	0.003	10.000000	0.000000	0.000000	1.000000	10.000000
0.140	0.004	10.000000	0.000000	0.000000	1.000000	10.000000
0.141	0.000	10.000000	0.000000	0.000000	1.000000	10.000000
0.141	0.001	10.000000	0.000000	0.000000	1.000000	10.000000
0.141	0.002	10.000000	0.000000	0.000000	1.000000	10.000000
0.141	0.003	10.000000	0.000000	0.000000	1.000000	10.000000
0.141	0.004	10.000000	0.000000	0.000000	1.000000	10.000000
0.142	0.000	10.000000	0.000000	0.000000	1.000000	10.000000
0.142	0.001	10.000000	0.000000	0.000000	1.000000	10.000000
0.142	0.002	10.000000	0.000000	0.000000	1.000000	10.000000
0.142	0.003	10.000000	0.000000	0.000000	1.000000	10.000000
0.142	0.004	10.000000	0.000000	0.000000	1.000000	10.000000
0.143	0.000	10.000000	0.000000	0.000000	1.000000	10.000000
0.143	0.001	10.000000	0.000000	0.000000	1.000000	10.000000
0.143	0.002	10.000000	0.000000	0.000000	1.000000	10.000000
0.143	0.003	10.000000	0.000000	0.000000	1.000000	10.000000
0.143	0.004	10.000000	0.000000	0.000000	1.000000	10.000000
0.144	0.000	10.000000	0.000000	0.000000	1.000000	10.000000
0.144	0.001	10.000000	0.000000	0.000000	1.000000	10.000000
0.144	0.002	10.000000	0.000000	0.000000	1.000000	10.000000
0.144	0.003	10.000000	0.000000	0.000000	1.000000	10.000000
0.144	0.004	10.000000	0.000000	0.000000	1.000000	10.000000
0.145	0.000	10.000000	0.000000	0.000000	1.000000	10.000000
0.145	0.001	10.000000	0.000000	0.000000	1.000000	10.000000
0.145	0.002	10.000000	0.000000	0.000000	1.000000	10.000000
0.145	0.003	10.000000	0.000000	0.000000	1.000000	10.000000
0.145	0.004	10.000000	0.000000	0.000000	1.000000	10.000000
0.146	0.000	10.000000	0.000000	0.000000	1.000000	10.000000
0.146	0.001	10.000000	0.000000	0.000000	1.000000	10.000000
0.146	0.002	10.000000	0.000000	0.000000	1.000000	10.000000
0.146	0.003	10.000000	0.000000	0.000000	1.000000	10.000000
0.146	0.004	10.000000	0.000000	0.000000	1.000000	10.000000
0.147	0.000	10.000000	0.000000	0.000000	1.000000	10.000000
0.147	0.001	10.000000	0.000000	0.000000	1.000000	10.000000
0.147	0.002	10.000000	0.000000	0.000000	1.000000	10.000000
0.147	0.003	10.000000	0.000000	0.000000	1.000000	10.000000
0.147	0.004	10.000000	0.000000	0.000000	1.000000	10.000000
0.148	0.000	10.000000	0.000000	0.000000	1.000000	10.000000
0.148	0.001	10.000000	0.000000	0.000000	1.000000	10.000000
0.148	0.002	10.000000	0.000000	0.000000	1.000000	10.000000
0.148	0.003	10.000000	0.000000	0.000000	1.000000	10.000000
0.148	0.004	10.000000	0.000000	0.000000	1.000000	10.000000
0.149	0.000	10.000000	0.000000	0.000000	1.000000	10.000000
0.149	0.001	10.000000	0.000000	0.000000	1.000000	10.000000
0.149	0.002	10.000000	0.000000	0.000000	1.000000	10.000000
0.149	0.003	10.000000	0.000000	0.000000	1.000000	10.000000
0.149	0.004	10.000000	0.000000	0.000000	1.000000	10.000000
0.150	0.000	10.000000	0.000000	0.000000	1.000000	10.000000
0.150	0.001	10.000000	0.000000	0.000000	1.000000	10.000000
0.150	0.002	10.000000	0.000000	0.000000	1.000000	10.000000
0.150	0.003	10.000000	0.000000	0.000000	1.000000	10.000000
0.150	0.004	10.000000	0.000000	0.000000	1.000000	10.000000
0.151	0.000	10.000000	0.000000	0.000000	1.000000	10.000000
0.151	0.001	10.000000	0.000000	0.000000	1.000000	10.000000
0.151	0.002	10.000000	0.000000	0.000000	1.000000	10.000000
0.151	0.003	10.000000	0.000000	0.000000	1.000000	10.000000
0.151	0.004	10.000000	0.000000	0.000000	1.000000	10.000000
0.152	0.000	10.000000	0.000000	0.000000	1.000000	10.000000
0.152	0.001	10.000000	0.000000	0.000000	1.000000	10.000000
0.152	0.002	10.000000	0.000000	0.000000	1.000000	10.000000
0.152	0.003	10.000000	0.000000	0.000000	1.000000	10.000000
0.152	0.004	10.000000	0.000000	0.000000	1.000000	10.000000
0.153	0.000	10.000000	0.000000	0.000000	1.000000	10.000000
0.153	0.001	10.000000	0.000000	0.000000	1.000000	10.000000
0.153	0.002	10.000000	0.000000	0.000000	1.000000	10.000000
0.153	0.003	10.000000	0.000000	0.000000	1.000000	10.000000
0.153	0.004	10.000000	0.000000	0.000000	1.000000	10.000000
0.154	0.000	10.000000	0.000000	0.000000	1.000000	10.000000
0.154	0.001	10.000000	0.000000	0.000000	1.000000	10.000000
0.154	0.002	10.000000	0.000000	0.000000	1.000000	10.000000
0.154	0.003	10.000000	0.000000	0.000000	1.000000	10.000000
0.154	0.004	10.000000	0.000000	0.000000	1.000000	10.000000
0.155	0.000	10.000000	0.000000	0.000000	1.000000	10.000000
0.155	0.001	10.000000	0.000000	0.000000	1.000000	10.000000
0.155	0.002	10.000000	0.000000	0.000000	1.000000	10.000000
0.155	0.003	10.000000	0.000000	0.000000	1.000000	10.000000
0.155	0.004	10.000000	0.000000	0.000000	1.000000	10.000000
0.156	0.000	10.000000	0.000000	0.000000	1.000000	10.000000
0.156	0.001	10.000000	0.000000	0.000000	1.000000	10.000000
0.156	0.002	10.000000	0.000000	0.000000	1.000000	10.000000
0.156	0.003	10.000000	0.000000	0.000000	1.000000	10.000000
0.156	0.004	10.000000	0.000000	0.000000	1.000000	10.000000
0.157	0.000	10.000000	0.000000	0.000000	1.000000	10.000000
0.157	0.001	10.000000	0.000000	0.000000	1.000000	10.000000
0.157	0.002	10.000000	0.000000	0.000000	1.000000	10.000000
0.157	0.003	10.000000	0.000000	0.000000	1.000000	10.000000
0.157	0.004	10.000000	0.000000	0.000000	1.000000	10.000000
0.158	0.000	10.000000	0.000000	0.000000	1.000000	10.000000
0.158	0.001	10.000000	0.000000	0.000000	1.000000	10.000000
0.158	0.002	10.000000	0.000000	0.000000	1.000000	10.000000
0.158	0.003	10.000000	0.000000	0.000000	1.000000	10.000000
0.158	0.004	10.000000	0.000000	0.000000	1.000000	10.000000
0.159	0.000	10.000000	0.000000	0.000000	1.000000	10.000000
0.159	0.001	10.000000	0.000000	0.000000	1.000000	10.000000
0.159	0.002	10.000000	0.000000	0.000000	1.000000	10.000000
0.159	0.003	10.000000	0.000000	0.000000	1.000000	10.000000
0.159	0.004	10.000000	0.000000	0.000000	1.000000	10.000000
0.160	0.000	10.000000	0.000000	0.000000	1.000000	10.000000
0.160	0.001	10.000000	0.000000	0.000000	1.000000	10.000000
0.160	0.002	10.000000	0.000000	0.000000	1.000000	10.000000
0.160	0.003	10.000000	0.000000	0.000000	1.000000	10.000000
0.160	0.004	10.000000	0.000000	0.000000	1.000000	10.000000
0.161	0.000	10.000000	0.000000	0.000000	1.000000	10.000000
0.161	0.001	10.000000	0.000000	0.000000	1.000000	10.000000
0.161	0.002	10.000000	0.000000	0.000000	1.000000	10.000000
0.161	0.003	10.000000	0.000000	0.000000	1.000000	10.000000
0.161	0.004	10.000000	0.000000	0.000000	1.000000	10.000000
0.162	0.000	10.000000	0.000000	0.000000	1.000000	10.000000
0.162	0.001	10.000000	0.000000	0.000000	1.000000	10.000000
0.162	0.002	10.000000	0.000000	0.000000	1.000000	10.000000
0.162	0.003	10.000000	0.000000	0.000000	1.000000	10.000000
0.162	0.004	10.000000	0.000000	0.000000	1.000000	10.000000
0.163	0.000	10.000000	0.000000	0.000000	1.000000	10.000000
0.163	0.001	10.000000	0.000000	0.000000	1.000000	10.000000
0.163	0.002	10.000000	0.000000	0.000000	1.000000	10.000000
0.163	0.003	10.000000	0.000000	0.000000	1.000000	10.000000
0.163	0.004	10.000000	0.000000	0.000000	1.000000	10.000000
0.164	0.000	10.000000	0.000000	0.000000	1.000000	10.000000
0.164	0.001	10.000000	0.000000	0.000000	1.000000	10.000000
0.164	0.002	10.000000	0.000000	0.000000	1.000000	10.000000
0.164	0.003	10.000000	0.000000	0.000000	1.000000	10.000000
0.164	0.004	10.000000	0.000000	0.000000	1.000000	10.000000
0.165	0.000	10.000000	0.000000	0.000000	1.000000	10.000000
0.165	0.001	10.000000	0.000000	0.000000	1.000000	10.000000
0.165	0.002	10.000000	0.000000	0.000000	1.000000	10.000000
0.165	0.003	10.000000	0.000000	0.000000	1.000000	10.000000
0.165	0.004	10.000000	0.000000	0.000000	1.000000	10.000000
0.166	0.000	10.000000	0.000000	0.000000	1.000000	10.000000
0.166	0.001	10.000000	0.000000	0.000000	1.000000	10.000000
0.166	0.002	10.000000	0.000000	0.000000	1.000000	10.000000
0.166	0.003	10.000000	0.000000	0.000000	1.000000	10.000000
0.166	0.004	10.000000	0.000000	0.000000	1.000000	10.000000
0.167	0.000	10.000000	0.000000	0.000000	1.000000	10.000000
0.167	0.001	10.000000	0.000000	0.000000	1.000000	10.000000
0.167	0.002	10.000000	0.000000	0.000000	1.000000	10.000000
0.167	0.003	10.000000	0.000000	0.000000	1.000000	10.000000
0.167	0.004	10.000000	0.000000	0.000000	1.000000	10.000000
0.168	0.000	10.000000	0.000000	0.000000	1.000000	10.000000
0.168	0.001	10.000000	0.000000	0.000000	1.000000	10.000000
0.168	0.002	10.000000	0.000000	0.000000	1.000000	10.000000
0.168	0.003	10.000000	0.000000	0.000000	1.000000	10.000000
0.168	0.004	10.000000	0.000000	0.000000	1.000000	10.000000
0.169	0.000	10.000000	0.000000	0.000000	1.000000	10.000000
0.169	0.001	10.000000	0.000000	0.000000	1.000000	10.000000
0.169	0.002	10.000000	0.000000	0.000000	1.000000	10.000000
0.169	0.003	10.000000	0.000000	0.000000	1.000000	10.000000
0.169	0.004	10.000000	0.000000	0.000000	1.000000	10.000000
0.170	0.000	10.000000	0.000000	0.000000	1.000000	10.000000
0.170	0.001	10.000000	0.000000	0.000000	1.000000	10.000000
0.170	0.002	10.000000	0.000000	0.000000	1.000000	10.000000
0.170	0.003	10.000000	0.000000	0.000000	1.000000	10.000000
0.170	0.004	10.000000	0.000000	0.000000	1.000000	10.000000
0.171	0.000	10.000000	0.000000	0.000000	1.000000	10.000000
0.171	0.001	10.000000	0.000000	0.000000	1.000000	10.000000
0.171	0.002	10.000000	0.000000	0.000000	1.000000	10.000000
0.171	0.003	10.000000	0.000000	0.000000	1.000000	10.000000
0.171	0.004	10.000000	0.000000	0.000000	1.000000	10.000000
0.172	0.000	10.000000	0.000000	0.000000	1.000000	10.000000
0.172	0.001	10.000000	0.000000	0.000000	1.000000	10.000000
0.172	0.002	10.000000	0.000000	0.000000	1.000000	10.000000
0.172	0.003	10.000000	0.000000	0.000000	1.000000	10.000000
0.172	0.004	10.000000	0.000000	0.000000	1.000000	10.000000
0.173	0.000	10.000000	0.000000	0.000000	1.000000	10.000000
0.173	0.001	10.000000	0.000000	0.000000	1.000000	10.000000
0.173	0.002	10.000000	0.000000	0.000000	1.000000	10.000000
0.173	0.003	10.000000	0.000000	0.000000	1.000000	10.000000
0.173	0.004	10.000000	0.000000	0.000000	1.000000	10.000000
0.174	0.000	10.000000	0.000000	0.000000	1.000000	10.000000
0.174	0.001	10.000000	0.000000	0.000000	1.000000	10.000000
0.174	0.002	10.000000	0.000000	0.000000	1.000000	10.000000
0.174	0.003	10.000000	0.000000	0.000000	1.000000	10.000000
0.174	0.004	10.000000	0.000000	0.000000	1.000000	10.000000
0.175	0.000	10.000000	0.000000	0.000000	1.000000	10.000000
0.175	0.001	10.000000	0.000000	0.000000	1.000000	10.000000
0.175	0.002	10.000000	0.000000	0.000000	1.000000	10.000000
0.175	0.003	10.000000	0.000000	0.000000	1.000000	10.000000
0.175	0.004	10.000000	0.000000	0.000000	1.000000	10.000000
0.176	0.000	10.000000	0.000000	0.000000	1.000000	10.000000
0.176	0.001	10.000000	0.000000	0.000000	1.000000	10.000000
0.176	0.002	10.000000	0.000000	0.000000	1.000000	10.000000
0.176	0.003	10.000000	0.000000	0.000000	1.000000	10.000000
0.176	0.004	10.000000	0.000000	0.000000	1.000000	10.000000
0.177	0.000	10.000000	0.000000	0.000000	1.000000	10.000000
0.177	0.001	10.000000	0.000000	0.000000	1.000000	10.000000
0.177	0.002	10.000000	0.000000	0.000000	1.000000	10.000000
0.177	0.003	10.000000	0.000000	0.000000	1.000000	10.000000
0.177	0.004	10.000000	0.000000	0.000000	1.000000	10.000000
0.178	0.000	10.000000	0.000000	0.000000	1.000000	10.000000
0.178	0.001	10.000000	0.000000	0.000000	1.000000	10.000000
0.178	0.002	10.000000	0.000000	0.000000	1.000000	10.000000
0.178	0.003	10.000000	0.000000	0.000000	1.000000	10.000000
0.178	0.004	10.000000	0.000000	0.000000	1.000000	10.000000
0.179	0.000	10.000000	0.000000	0.000000	1.000000	10.000000
0.179	0.001	10.000000	0.000000	0.000000	1.000000	10.000000
0.179	0.002	10.000000	0.000000	0.000000	1.000000	10.000000
0.179	0.003	10.000000	0.000000	0.000000	1.000000	10.000000
0.179	0.004	10.000000	0.000000	0.000000	1.000000	10.000000
0.180	0.000	10.000000	0.000000	0.000000	1.000000	10.000000
0.180	0.001	10.000000	0.000000	0.000000	1.000000	10.000000
0.180	0.002	10.000000	0.000000	0.000000	1.000000	10.000000
0.180	0.003	10.000000	0.000000	0.000000	1.000000	10.000000
0.180	0.004	10.000000	0.000000	0.000000	1.000000	10.000000
0.181	0.000	10.000000	0.000000	0.000000	1.000000	10.000000
0.181	0.001	10.000000	0.000000	0.000000	1.000000	10.000000
0.181	0.002	10.000000	0.000000	0.000000	1.000000	10.000000
0.181	0.003	10.000000	0.000000	0.000000	1.000000	10.000000
0.181	0.004	10.000000	0.000000	0.000000	1.000000	10.000000
0.182	0.000	10.000000	0.000000	0.000000	1.000000	10.000000
0.182	0.001	10.000000	0.000000	0.000000	1.000000	10.000000
0.182	0.002	10.000000	0.000000	0.000000	1.000000	10.000000
0.182	0.003	10.000000	0.000000	0.000000	1.000000	10.000000
0.182	0.004	10.000000	0.000000	0.000000	1.000000	10.000000
0.183	0.000	10.000000	0.000000	0.000000	1.000000	10.000000
0.183	0.001	10.000000	0.000000	0.000000	1.000000	10.000000
0.183	0.002	10.000000	0.000000	0.000000	1.000000	10.000000
0.183	0.003	10.000000	0.000000	0.000000	1.000000	10.000000
0.183	0.004	10.000000	0.000000	0.000000	1.000000	10.000000
0.184	0.000	10.000000	0.000000	0.000000	1.000000	10.000000
0.184	0.001	10.000000	0.000000	0.000000	1.000000	10.000000
0.184	0.002	10.000000	0.000000	0.000000	1.000000	10.000000
0.184	0.003	10.000000	0.000000	0.000000	1.000000	10.000000
0.184	0.004	10.000000	0.000000	0.000000	1.000000	10.000000
0.185	0.000	10.000000	0.000000	0.000000	1.000000	10.000000
0.185	0.001	10.000000	0.000000	0.000000	1.000000	10.000000
0.185	0.002	10.000000	0.000000	0.000000	1.000000	10.000000
0.185	0.003	10.000000	0.000000	0.000000	1.000000	10.000000
0.185	0.004	10.000000	0.000000	0.000000	1.000000	10.000000
0.186	0.000	10.000000	0.000000	0.000000	1.000000	10.000000
0.186	0.001	10.000000	0.000000	0.000000	1.000000	10.000000
0.186	0.002	10.000000	0.000000	0.000000	1.000000	10.000000
0.186	0.003	10.000000	0.000000	0.000000	1.000000	10.000000
0.186	0.004	10.000000	0.000000	0.000000	1.000000	10.000000
0.187	0.000	10.000000	0.000000	0.000000	1.000000	10.000000
0.187	0.001	10.000000	0.000000	0.000000	1.000000	10.000000
0.187	0.002	10.000000	0.000000	0.000000	1.000000	10.000000
0.187	0.003	10.000000	0.000000	0.000000	1.000000	10.000000
0.187	0.004	10.000000	0.000000	0.000000	1.000000	10.000000
0.188	0.000	10.000000	0.000000	0.000000	1.000000	10.000000
0.188	0.001	10.000000	0.000000	0.000000	1.000000	10.000000
0.188	0.002	10.000000	0.000000	0.000000	1.000000	10.000000
0.188	0.003	10.000000	0.000000	0.000000	1.000000	10.000000
0.188	0.004	10.000000	0.000000	0.000000	1.000000	10.000000
0.189	0.000	10.000000	0.000000	0.000000	1.000000	10.000000
0.189	0.001	10.000000	0.000000	0.000000	1.000000	10.000000
0.189	0.002	10.000000	0.000000	0.000000	1.000000	10.000000
0.189	0.003	10.000000	0.000000	0.000000	1.000000	10.000000
0.189	0.004	10.000000	0.000000	0.000000	1.000000	10.000000
0.190	0.000	10.000000	0.000000	0.000000	1.000000	10.000000
0.190	0.001	10.000000	0.000000	0.000000	1.000000	10.000000
0.190	0.002	10.000000	0.000000	0.000000	1.000000	10.000000
0.190	0.003	10.000000	0.000000	0.000000	1.000000	10.000000
0.190	0.004	10.000000	0.000000	0.000000	1.000000	10.000000
0.191	0.000	10.000000	0.000000	0.000000	1.000000	10.000000
0.191	0.001	10.000000	0.000000	0.000000	1.000000	10.000000
0.191	0.002	10.000000	0.000000	0.000000	1.000000	10.000000
0.191	0.003	10.000000	0.000000	0.000000	1.000000	10.000000
0.191	0.004	10.000000	0.000000	0.000000	1.000000	10.000000
0.192	0.000	10.000000	0.000000	0.000000	1.000000	10.000000
0.192	0.001	10.000000	0.000000	0.000000	1.000000	10.000000
0.192	0.002	10.000000	0.000000	0.000000	1.000000	10.000000
0.192	0.003	10.000000	0.000000	0.000000	1.000000	10.000000
0.192	0.004	10.000000	0.000000	0.000000	1.000000	10.000000
0.193	0.000	10.000000	0.000000	0.000000	1.000000	10.000000
0.193	0.001	10.000000	0.000000	0.000000	1.000000	10.000000
0.193	0.002	10.000000	0.000000	0.000000	1.000000	10.000000
0.193	0.003	10.000000	0.000000	0.000000	1.000000	10.000000
0.193	0.004	10.000000	0.000000	0.000000	1.000000	10.000000
0.194	0.000	10.000000	0.000000	0.000000	1.000000	10.000000
0.194	0.001	10.000000	0.000000	0.000000	1.000000	10.000000
0.194	0.002	10.000000	0.000000	0.000000	1.000000	10.000000
0.194	0.003	10.000000	0.000000	0.000000	1.000000	10.000000
0.194	0.004	10.000000	0.000000	0.000000	1.000000	10.000000
0.195	0.000	10.000000	0.000000	0.000000	1.000000	10.000000
0.195	0.001	10.000000	0.000000	0.000000	1.000000	10.000000
0.195	0.002	10.000000	0.000000	0.000000	1.000000	10.000000
0.195	0.003	10.000000	0.000000	0.000000	1.000000	10.000000
0.195	0.004	10.000000	0.000000	0.000000	1.000000	10.000000
0.196	0.000	10.000000	0.000000	0.000000	1.000000	10.000000
0.196	0.001	10.000000	0.000000	0.000000	1.000000	10.000000
0.196	0.002	10.000000	0.000000	0.000000	1.000000	10.000000
0.196	0.003	10.000000	0.000000	0.000000	1.000000	10.000000
0.196	0.004	10.000000	0.000000	0.000000	1.000000	10.000000
0.197	0.000	10.000000	0.000000	0.000000	1.000000	10.000000
0.197	0.001	10.000000	0.000000	0.000000	1.000000	10.000000
0.197	0.002	10.000000	0.000000	0.000000	1.000000	10.000000
0.197	0.003	10.000000	0.000000	0.000000	1.000000	10.000000
0.197	0.004	10.000000	0.000000	0.000000	1.000000	10.000000
0.198	0.000	10.000000	0.000000	0.000000	1.000000	10.000000
0.198	0.001	10.000000	0.000000	0.000000	1.000000	10.000000
0.198	0.002	10.000000	0.000000	0.000000	1.000000	10.000000
0.198	0.003	10.000000	0.000000	0.000000	1.000000	10.000000
0.198	0.004	10.000000	0.000000	0.000000	1.000000	10.000000
0.199	0.000	10.000000	0.000000	0.000000	1.000000	10.000000
0.199	0.001	10.000000	0.000000	0.000000	1.000000	10.000000
0.199	0.002	10.000000	0.000000	0.000000	1.000000	10.000000
0.199	0.003	10.000000	0.000000	0.000000	1.000000	10.000000
0.199	0.004	10.000000	0.000000	0.000000	1.000000	10.000000
0.200	0.000	10.000000	0.000000	0.000000	1.000000	10.000000
0.200	0.001	10.000000	0.000000	0.000000	1.000000	10.000000
0.200	0.002	10.000000	0.000000	0.000000	1.000000	10.000000
0.200	0.003	10.000000	0.000000	0.000000	1.000000	10.000000
0.200	0.004	10.000000	0.000000	0.000000	1.000000	10.000000
0.201	0.000	10.000000	0.000000	0.000000	1.000000	10.000000
0.201	0.001	10.000000	0.000000	0.000000	1.000000	10.000000
0.201	0.002	10.000000	0.000000	0.000000	1.000000	10.000000
0.201	0.003	10.000000	0.000000	0.000000	1.000000	10.000000
0.201	0.004	10.000000	0.000000	0.000000	1.000000	10.000000
0.202	0.000	10.000000	0.000000	0.000000	1.000000	10.000000
0.202	0.001	10.000000	0.000000	0.000000	1.000000	10.000000
0.202	0.002	10.000000	0.000000	0.000000	1.000000	10.000000
0.202	0.003	10.000000	0.000000	0.000000	1.000000	10.000000
0.202	0.004	10.000000	0.000000	0.000000	1.000000	10.000000
0.203	0.000	10.000000	0.000000	0.000000	1.000000	10.000000
0.203	0.001	10.000000	0.000000	0.000000	1.000000	10.000000
0.203	0.002	10.000000	0.000000	0.000000	1.000000	10.000000
0.203	0.003	10.000000	0.000000	0.000000	1.000000	10.000000
0.203	0.004	10.000000	0.000000	0.000000	1.000000	10.000000
0.204	0.000	10.000000	0.000000	0.000000	1.000000	10.000000
0.204	0.001	10.000000	0.000000	0.000000	1.000000	10.000000
0.204	0.002	10.000000	0.000000	0.000000	1.000000	10.000000
0.204	0.003	10.000000	0.000000	0.000000	1.000000	10.000000
0.204	0.004	10.000000	0.000000	0.000000	1.000000	10.000000
0.205	0.000	10.000000	0.000000	0.000000	1.000000	10.000000
0.205	0.001	10.000000	0.000000	0.000000	1.000000	10.000000
0.205	0.002	10.000000	0.000000	0.000000	1.000000	10.000000
0.205	0.003	10.000000	0.000000	0.000000	1.000000	10.000000
0.205	0.004	10.000000	0.000000	0.000000	1.000000	10.000000
0.206	0.000	10.000000	0.000000	0.000000	1.000000	10.000000
0.206	0.001	10.000000	0.000000	0.000000	1.000000	10.000000
0.206	0.002	10.000000	0.000000	0.000000	1.000000	10.000000
0.206	0.003	10.000000	0.000000	0.000000	1.000000	10.000000
0.206	0.004	10.000000	0.000000	0.000000	1.000000	10.000000
0.207	0.000	10.000000	0.000000	0.000000	1.000000	10.000000
0.207	0.001	10.000000	0.000000	0.000000	1.000000	10.000000
0.207	0.002	10.000000	0.000000	0.000000	1.000000	10.000000
0.207	0.003	10.000000	0.000000	0.000000	1.000000	10.000000
0.207	0.004	10.000000	0.000000	0.000000	1.000000	10.000000
0.208	0.000	10.000000	0.000000	0.000000	1.000000	10.000000
0.208	0.001	10.000000	0.000000	0.000000	1.000000	10.000000
0.208	0.002	10.000000	0.000000	0.000000	1.000000	10.000000
0.208	0.003	10.000000	0.000000	0.000000	1.000000	10.000000
0.208	0.004	10.000000	0.000000	0.000000	1.000000	10.000000
0.209	0.000	10.000000	0.000000	0.000000	1.000000	10.000000
0.209	0.001	10.000000	0.000000	0.000000	1.000000	10.000000
0.209	0.002	10.000000	0.000000	0.000000	1.000000	10.000000
0.209	0.003	10.000000	0.000000	0.000000	1.000000	10.000000
0.209	0.004	10.000000	0.000000	0.000000	1.000000	10.000000
0.210	0.000	10.000000	0.000000	0.000000	1.000000	10.000000
0.210	0.001	10.000000	0.000000	0.000000	1.000000	10.000000
0.210	0.002	10.000000	0.000000	0.000000	1.000000	10.000000
0.210	0.003	10.000000	0.000000	0.000000	1.000000	10.000000
0.210	0.004	10.000000	0.000000	0.000000	1.000000	10.000000
0.211	0.000	10.000000	0.000000	0.000000	1.000000	10.000000
0.211	0.001	10.000000	0.000000	0.000000	1.000000	10.000000
0.211	0.002	10.000000	0.000000	0.000000	1.000000	10.000000
0.211	0.003	10.000000	0.000000	0.000000	1.000000	10.000000
0.211	0.004	10.000000	0.000000	0.000000	1.000000	10.000000
0.212	0.000	10.000000	0.000000	0.000000	1.000000	10.000000
0.212	0.001	10.000000	0.000000	0.000000	1.000000	10.000000
0.212	0.002	10.000000	0.000000	0.000000	1.000000	10.000000
0.212	0.003	10.000000	0.000000	0.000000	1.000000	10.000000
0.212	0.004	10.000000	0.000000	0.000000	1.000000	10.000000
0.213	0.000	10.000000	0.000000	0.000000	1.000000	10.000000
0.213	0.001	10.000000	0.000000	0.000000	1.000000	10.000000
0.213	0.002	10.000000	0.000000	0.000000	1.000000	10.000000
0.213	0.003	10.000000	0.000000	0.000000	1.000000	10.000000
0.213	0.004	10.000000	0.000000	0.000000	1.000000	10.000000
0.214	0.000	10.000000	0.000000	0.000000	1.000000	10.000000
0.214	0.001	10.000000	0.000000	0.000000	1.000000	10.000000
0.214	0.002	10.000000	0.000000	0.000000	1.000000	10.000000
0.214	0.003	10.000000	0.000000	0.000000	1.000000	10.000000
0.214	0.004	10.000000	0.000000	0.000000	1.000000	10.000000
0.215	0.000	10.000000	0.000000	0.000000	1.000000	10.000000
0.215	0.001	10.000000	0.000000	0.000000	1.000000	10.000000
0.215	0.002	10.000000	0.000000	0.000000	1.000000	10.000000
0.215	0.003	10.000000	0.000000	0.000000	1.000000	10.000000
0.215	0.004	10.000000	0.000000	0.000000	1.000000	10.000000
0.216	0.000	10.000000	0.000000	0.000000	1.000000	10.000000
0.216	0.001	10.000000	0.000000	0.000000	1.000000	10.000000
0.216	0.002	10.000000	0.000000	0.000000	1.000000	10.000000
0.216	0.003	10.000000	0.000000	0.000000	1.000000	10.000000
0.216	0.004	10.000000	0.000000	0.000000	1.000000	10.000000
0.217	0.000	10.000000	0.000000	0.000000	1.000000	10.000000
0.217	0.001	10.000000	0.000000	0.000000	1.000000	10.000000
0.217	0.002	10.000000	0.000000	0.000000	1.000000	10.000000
0.217	0.003	10.000000	0.000000	0.000000	1.000000	10.000000
0.217	0.004	10.000000	0.000000	0.000000	1.000000	10.000000
0.218	0.000	10.000000	0.000000	0.000000	1.000000	10.000000
0.218	0.001	10.000000	0.000000	0.000000	1.000000	10.000000
0.218	0.002	10.000000	0.000000	0.000000	1.000000	10.000000
0.218	0.003	10.000000	0.000000	0.000000	1.000000	10.000000
0.218	0.004	10.000000	0.000000	0.000000	1.000000	10.000000
0.219	0.000	10.000000	0.000000	0.000000	1.000000	10.000000
0.219	0.001	10.000000	0.000000	0.000000	1.000000	10.000000
0.219	0.002	10.000000	0.000000	0.000000	1.000000	10.000000
0.219	0.003	10.000000	0.000000	0.000000	1.000000	10.000000
0.219	0.004	10.000000	0.000000	0.000000	1.000000	10.000000
0.220	0.000	10.000000	0.000000	0.000000	1.000000	10.000000
0.220	0.001	10.000000	0.000000	0.000000	1.000000	10.000000
0.220	0.002	10.000000	0.000000	0.000000	1.000000	10.000000
0.220	0.003	10.000000	0.000000	0.000000	1.000000	10.000000
0.220	0.004	10.000000	0.000000	0.000000	1.000000	10.000000
0.221	0.000	10.000000	0.000000	0.000000	1.000000	10.000000
0.221	0.001	10.000000	0.000000	0.000000	1.000000	10.000000
0.221	0.002	10.000000	0.000000	0.000000	1.000000	10.000000
0.221	0.003	10.000000	0.000000	0.000000	1.000000	10.000000
0.221	0.004	10.000000	0.000000	0.000000	1.000000	10.000000
0.222	0.000	10.000000	0.000000	0.000000	1.000000	10.000000
0.222	0.001	10.000000	0.000000	0.000000	1.000000	10.000000
0.222	0.002	10.000000	0.000000	0.000000	1.000000	10.000000
0.222	0.003	10.000000	0.000000	0.000000	1.000000	10.000000
0.222	0.004	10.000000	0.000000	0.000000	1.000000	10.000000
0.223	0.000	10.000000	0.000000	0.000000	1.000000	10.000000
0.223	0.001	10.000000	0.000000	0.000000	1.000000	10.000000
0.223	0.002	10.000000	0.000000	0.000000	1.000000	10.000000
0.223	0.003	10.000000	0.000000	0.000000	1.000000	10.000000
0.223	0.004	10.000000	0.000000	0.000000	1.000000	10.000000
0.224	0.000	10.000000	0.000000	0.000000	1.000000	10.000000
0.224	0.001	10.000000	0.000000	0.000000	1.000000	10.000000
0.224	0.002	10.000000	0.000000	0.000000	1.000000	10.000000
0.224	0.003	10.000000	0.000000	0.000000	1.000000	10.000000
0.224	0.004	10.000000	0.000000	0.000000	1.000000	10.000000
0.225	0.000	10.000000	0.000000	0.000000	1.000000	10.000000
0.225	0.001	10.000000	0.000000	0.000000	1.000000	10.000000
0.225	0.002	10.000000	0.000000	0.000000	1.000000	10.000000
0.225	0.003	10.000000	0.000000	0.000000	1.000000	10.000000
0.225	0.004	10.000000	0.000000	0.000000	1.000000	10.000000
0.226	0.000	10.000000	0.000000	0.000000	1.000000	10.000000
0.226	0.001	10.000000	0.000000	0.000000	1.000000	10.000000
0.226	0.002	10.000000	0.000000	0.000000	1.000000	10.000000
0.226	0.003	10.000000	0.000000	0.000000	1.000000	10.000000
0.226	0.004	10.000000	0.000000	0.000000	1.000000	10.000000
0.227	0.000	10.000000	0.000000	0.000000	1.000000	10.000000
0.227	0.001	10.000000	0.000000	0.000000	1.000000	10.000000
0.227	0.002	10.000000	0.000000	0.000000	1.000000	10.000000
0.227	0.003	10.000000	0.000000	0.000000	1.000000	10.000000
0.227	0.004	10.000000	0.000000	0.000000	1.000000	10.000000
0.228	0.000	10.000000	0.000000	0.000000	1.000000	10.000000
0.228	0.001	10.000000	0.000000	0.000000	1.000000	10.000000
0.228	0.002	10.000000	0.000000	0.000000	1.000000	10.000000
0.228	0.003	10.000000	0.000000	0.000000	1.000000	10.000000
0.228	0.004	10.000000	0.000000	0.000000	1.000000	10.000000
0.229	0.000	10.000000	0.000000	0.000000	1.000000	10.000000
0.229	0.001	10.000000	0.000000	0.000000	1.000000	10.000000
0.229	0.002	10.000000	0.000000	0.000000	1.000000	10.000000
0.229	0.003	10.000000	0.000000	0.000000	1.000000	10.000000
0.229	0.004	10.000000	0.000000	0.000000	1.000000	10.000000
0.230	0.000	10.000000	0.000000	0.000000	1.000000	10.000000
0.230	0.001	10.000000	0.000000	0.000000	1.000000	10.000000
0.230	0.002	10.000000	0.000000	0.000000	1.000000	10.000000
0.230	0.003	10.000000	0.000000	0.000000	1.000000	10.000000
0.230	0.004	10.000000	0.000000	0.000000	1.000000	10.000000
0.231	0.000	10.000000	0.000000	0.000000	1.000000	10.000000
0.231	0.001	10.000000	0.000000	0.000000	1.000000	10.000000
0.231	0.002	10.000000	0.000000	0.000000	1.000000	10.000000
0.231	0.003	10.000000	0.000000	0.000000	1.000000	10.000000
0.231	0.004	10.000000	0.000000	0.000000	1.000000	10.000000
0.232	0.000	10.000000	0.000000	0.000000	1.000000	10.000000
0.232	0.001	10.000000	0.000000	0.000000	1.000000	10.000000
0.232	0.002	10.000000	0.000000	0.000000	1.000000	10.000000
0.232	0.003	10.000000	0.000000	0.000000	1.000000	10.000000
0.232	0.004	10.000000	0.000000	0.000000	1.000000	10.000000
0.233	0.000	10.000000	0.000000	0.000000	1.000000	10.000000
0.233	0.001	10.000000	0.000000	0.000000	1.000000	10.000000
0.233	0.002	10.000000	0.000000	0.000000	1.000000	10.000000
0.233	0.003	10.000000	0.000000	0.000000	1.000000	10.000000
0.233	0.004	10.000000	0.000000	0.000000	1.000000	10.000000
0.234	0.000	10.000000	0.000000	0.000000	1.000000	10.000000
0.234	0.001	10.000000	0.000000	0.000000	1.000000	10.000000
0.234	0.002	10.000000	0.000000	0.000000	1.000000	10.000000
0.234	0.003	10.000000	0.000000	0.000000	1.000000	10.000000
0.234	0.004	10.000000	0.000000	0.000000	1.000000	10.000000
0.235	0.000	10.000000	0.000000	0.000000	1.000000	10.000000
0.235	0.001	10.000000	0.000000	0.000000	1.000000	10.000000
0.235	0.002	10.000000	0.000000	0.000000	1.000000	10.000000
0.235	0.003	10.000000	0.000000	0.000000	1.000000	10.000000
0.235	0.004	10.000000	0.000000	0.000000	1.000000	10.000000
0.236	0.000	10.000000	0.000000	0.000000	1.000000	10.000000
0.236	0.001	10.000000	0.000000	0.000000	1.000000	10.000000
0.236	0.002	10.000000	0.000000	0.000000	1.000000	10.000000
0.236	0.003	10.000000	0.000000	0.000000	1.000000	10.000000
0.236	0.004	10.000000	0.000000	0.000000	1.000000	10.000000
0.237	0.000	10.000000	0.000000	0.000000	1.000000	10.000000
0.237	0.001	10.000000	0.000000	0.000000	1.000000	10.000000
0.237	0.002	10.000000	0.000000	0.000000	1.000000	10.000000
0.237	0.003	10.000000	0.000000	0.000000	1.000000	10.000000
0.237	0.004	10.000000	0.000000	0.000000	1.000000	10.000000
0.238	0.000	10.000000	0.000000	0.000000	1.000000	10.000000
0.238	0.001	10.000000	0.000000	0.000000	1.000000	10.000000
0.238	0.002	10.000000	0.000000	0.000000	1.000000	10.000000
0.238	0.003	10.000000	0.000000	0.000000	1.000000	10.000000
0.238	0.004	10.000000	0.000000	0.000000	1.000000	10.000000
0.239	0.000	10.000000	0.000000	0.000000	1.000000	10.000000
0.239	0.001	10.000000	0.000000	0.000000	1.000000	10.000000
0.239	0.002	10.000000	0.000000	0.000000	1.000000	10.000000
0.239	0.003	10.000000	0.000000	0.000000	1.000000	10.000000
0.239	0.004	10.000000	0.000000	0.000000	1.000000	10.000000
0.240	0.000	10.000000	0.000000	0.000000	1.000000	10.000000
0.240	0.001	10.000000	0.000000	0.000000	1.000000	10.000000
0.240	0.002	10.000000	0.000000	0.000000	1.000000	10.000000
0.240	0.003	10.000000	0.000000	0.000000	1.000000	10.000000
0.240	0.004	10.000000	0.000000	0.000000	1.000000	10.000000
0.241	0.000	10.000000	0.000000	0.000000	1.000000	10.000000
0.241	0.001	10.000000	0.000000	0.000000	1.000000	10.000000
0.241	0.002	10.000000	0.000000	0.000000	1.000000	10.000000
0.241	0.003	10.000000	0.000000	0.000000	1.000000	10.000000
0.241	0.004	10.000000	0.000000	0.000000	1.000000	10.000000
0.242	0.000	10.000000	0.000000	0.000000	1.000000	10.000000
0.242	0.001	10.000000	0.000000	0.000000	1.000000	10.000000
0.242	0.002	10.000000	0.000000	0.000000	1.000000	10.000000
0.242	0.003	10.000000	0.000000	0.000000	1.000000	10.000000
0.242	0.004	10.000000	0.000000	0.000000	1.000000	10.000000
0.243	0.000	10.000000	0.000000	0.000000	1.000000	10.000000
0.243	0.001	10.000000	0.000000	0.000000	1.000000	10.000000
0.243	0.002	10.000000	0.000000	0.000000	1.000000	10.000000
0.243	0.003	10.000000	0.000000	0.000000	1.000000	10.000000
0.243	0.004	10.000000	0.000000	0.000000	1.000000	10.000000
0.244	0.000	10.000000	0.000000	0.000000	1.000000	10.000000
0.244	0.001	10.000000	0.000000	0.000000	1.000000	10.000000
0.244	0.002	10.000000	0.000000	0.000000	1.000000	10.000000
0.244	0.003	10.000000	0.000000	0.000000	1.000000	10.000000
0.244	0.004	10.000000	0.000000	0.000000	1.000000	10.000000
0.245	0.000	10.000000	0.000000	0.000000	1.000000	10.000000
0.245	0.001	10.000000	0.000000	0.000000	1.000000	10.000000
0.245	0.002	10.000000	0.000000	0.000000	1.000000	10.000000
0.245	0.003	10.000000	0.000000	0.000000	1.000000	10.000000
0.245	0.004	10.000000	0.000000	0.000000	1.000000	10.000000
0.246	0.000	10.000000	0.000000	0.000000	1.000000	10.000000
0.246	0.001	10.000000	0.000000	0.000000	1.000000	10.000000
0.246	0.002	10.000000	0.000000	0.000000	1.000000	10.000000
0.246	0.003	10.000000	0.000000	0.000000	1.000000	10.000000
0.246	0.004	10.000000	0.000000	0.000000	1.000000	10.000000
0.247	0.000	10.000000	0.000000	0.000000	1.000000	10.000000
0.247	0.001	10.000000	0.000000	0.000000	1.000000	10.000000
0.247	0.002	10.000000	0.000000	0.000000	1.000000	10.000000
0.247	0.003	10.000000	0.000000	0.000000	1.000000	10.000000
0.247	0.004	10.000000	0.000000	0.000000	1.000000	10.000000
0.248	0.000	10.000000	0.000000	0.000000	1.000000	10.000000
0.248	0.001	10.000000	0.000000	0.000000	1.000000	10.000000
0.248	0.002	10.000000	0.000000	0.000000	1.000000	10.000000
0.248	0.003	10.000000	0.000000	0.000000	1.000000	10.000000
0.248	0.004	10.000000	0.000000	0.000000	1.000000	10.000000
0.249	0.000	9.999999	0.000000	0.000000	1.000000	9.999998
0.249	0.001	9.999999	0.000000	0.000000	1.000000	9.999998
0.249	0.002	9.999999	0.000000	0.000000	1.000000	9.999998
0.249	0.003	9.999999	0.000000	0.000000	1.000000	9.999998
0.249	0.004	9.999999	0.000000	0.000000	1.000000	9.999998
0.250	0.000	9.999996	0.000000	0.000000	1.000000	9.999994
0.250	0.001	9.999996	0.000000	0.000000	1.000000	9.999994
0.250	0.002	9.999996	0.000000	0.000000	1.000000	9.999994
0.250	0.003	9.999996	0.000000	0.000000	1.000000	9.999994
0.250	0.004	9.999996	0.000000	0.000000	1.000000	9.999994
0.251	0.000	9.999992	0.000001	0.000000	1.000000	9.999990
0.251	0.001	9.999992	0.000001	0.000000	1.000000	9.999990
0.251	0.002	9.999992	0.000001	0.000000	1.000000	9.999990
0.251	0.003	9.999992	0.000001	0.000000	1.000000	9.999990
0.251	0.004	9.999992	0.000001	0.000000	1.000000	9.999990
0.252	0.000	9.999985	0.000002	0.000000	1.000000	9.999980
0.252	0.001	9.999985	0.000002	0.000000	1.000000	9.999980
0.252	0.002	9.999985	0.000002	0.000000	1.000000	9.999980
0.252	0.003	9.999985	0.000002	0.000000	1.000000	9.999980
0.252	0.004	9.999985	0.000002	0.000000	1.000000	9.999980
0.252	0.000	9.999974	0.000003	0.000000	0.999999	9.999965
0.252	0.001	9.999974	0.000003	0.000000	0.999999	9.999965
0.252	0.002	9.999974	0.000003	0.000000	0.999999	9.999965
0.252	0.003	9.999974	0.000003	0.000000	0.999999	9.999965
0.252	0.004	9.999974	0.000003	0.000000	0.999999	9.999965
0.254	0.000	9.999955	0.000005	0.000000	0.999998	9.999938
0.254	0.001	9.999955	0.000005	0.000000	0.999998	9.999938
0.254	0.002	9.999955	0.000005	0.000000	0.999998	9.999938
0.254	0.003	9.999955	0.000005	0.000000	0.999998	9.999938
0.254	0.004	9.999955	0.000005	0.000000	0.999998	9.999938
0.255	0.000	9.999924	0.000009	0.000000	0.999997	9.999892
0.255	0.001	9.999924	0.000009	0.000000	0.999997	9.999892
0.255	0.002	9.999924	0.000009	0.000000	0.999997	9.999892
0.255	0.003	9.999924	0.000009	0.000000	0.999997	9.999892
0.255	0.004	9.999924	0.000009	0.000000	0.999997	9.999892
0.256	0.000	9.999865	0.000016	0.000000	0.999994	9.999808
0.256	0.001	9.999865	0.000016	0.000000	0.999994	9.999808
0.256	0.002	9.999865	0.000016	0.000000	0.999994	9.999808
0.256	0.003	9.999865	0.000016	0.000000	0.999994	9.999808
0.256	0.004	9.999865	0.000016	0.000000	0.999994	9.999808
0.257	0.000	9.999754	0.000029	0.000000	0.999990	9.999654
0.257	0.001	9.999754	0.000029	0.000000	0.999990	9.999654
0.257	0.002	9.999754	0.000029	0.000000	0.999990	9.999654
0.257	0.003	9.999754	0.000029	0.000000	0.999990	9.999654
0.257	0.004	9.999754	0.000029	0.000000	0.999990	9.999654
0.258	0.000	9.999559	0.000052	0.000000	0.999982	9.999383
0.258	0.001	9.999559	0.000052	0.000000	0.999982	9.999383
0.258	0.002	9.999559	0.000052	0.000000	0.999982	9.999383
0.258	0.003	9.999559	0.000052	0.000000	0.999982	9.999383
0.258	0.004	9.999559	0.000052	0.000000	0.999982	9.999383
0.259	0.000	9.999218	0.000092	0.000000	0.999969	9.998905
0.259	0.001	9.999218	0.000092	0.000000	0.999969	9.998905
0.259	0.002	9.999218	0.000092	0.000000	0.999969	9.998905
0.259	0.003	9.999218	0.000092	0.000000	0.999969	9.998905
0.259	0.004	9.999218	0.000092	0.000000	0.999969	9.998905
0.260	0.000	9.998638	0.000161	0.000000	0.999945	9.998092
0.260	0.001	9.998638	0.000161	0.000000	0.999945	9.998092
0.260	0.002	9.998638	0.000161	0.000000	0.999945	9.998092
0.260	0.003	9.998638	0.000161	0.000000	0.999945	9.998092
0.260	0.004	9.998638	0.000161	0.000000	0.999945	9.998092
0.261	0.000	9.997670	0.000276	0.000000	0.999907	9.996737
0.261	0.001	9.997670	0.000276	0.000000	0.999907	9.996737
0.261	0.002	9.997670	0.000276	0.000000	0.999907	9.996737
0.261	0.003	9.997670	0.000276	0.000000	0.999907	9.996737
0.261	0.004	9.997670	0.000276	0.000000	0.999907	9.996737
0.262	0.000	9.996097	0.000462	0.000000	0.999844	9.994534
0.262	0.001	9.996097	0.000462	0.000000	0.999844	9.994534
0.262	0.002	9.996097	0.000462	0.000000	0.999844	9.994534
0.262	0.003	9.996097	0.000462	0.000000	0.999844	9.994534
0.262	0.004	9.996097	0.000462	0.000000	0.999844	9.994534
0.263	0.000	9.993598	0.000758	0.000000	0.999744	9.991037
0.263	0.001	9.993598	0.000758	0.000000	0.999744	9.991037
0.263	0.002	9.993598	0.000758	0.000000	0.999744	9.991037
0.263	0.003	9.993598	0.000758	0.000000	0.999744	9.991037
0.263	0.004	9.993598	0.000758	0.000000	0.999744	9.991037
0.264	0.000	9.989718	0.001217	0.000000	0.999588	9.985607
0.264	0.001	9.989718	0.001217	0.000000	0.999588	9.985607
0.264	0.002	9.989718	0.001217	0.000000	0.999588	9.985607
0.264	0.003	9.989718	0.001217	0.000000	0.999588	9.985607
0.264	0.004	9.989718	0.001217	0.000000	0.999588	9.985607
0.265	0.000	9.983852	0.001912	0.000000	0.999354	9.977402
0.265	0.001	9.983852	0.001912	0.000000	0.999354	9.977402
0.265	0.002	9.983852	0.001912	0.000000	0.999354	9.977402
0.265	0.003	9.983852	0.001912	0.000000	0.999354	9.977402
0.265	0.004	9.983852	0.001912	0.000000	0.999354	9.977402
0.266	0.000	9.975230	0.002934	0.000000	0.999009	9.965343
0.266	0.001	9.975230	0.002934	0.000000	0.999009	9.965343
0.266	0.002	9.975230	0.002934	0.000000	0.999009	9.965343
0.266	0.003	9.975230	0.002934	0.000000	0.999009	9.965343
0.266	0.004	9.975230	0.002934	0.000000	0.999009	9.965343
0.267	0.000	9.962939	0.004392	0.000000	0.998516	9.948157
0.267	0.001	9.962939	0.004392	0.000000	0.998516	9.948157
0.267	0.002	9.962939	0.004392	0.000000	0.998516	9.948157
0.267	0.003	9.962939	0.004392	0.000000	0.998516	9.948157
0.267	0.004	9.962939	0.004392	0.000000	0.998516	9.948157
0.268	0.000	9.945962	0.006408	0.000000	0.997835	9.924433
0.268	0.001	9.945962	0.006408	0.000000	0.997835	9.924433
0.268	0.002	9.945962	0.006408	0.000000	0.997835	9.924433
0.268	0.003	9.945962	0.006408	0.000000	0.997835	9.924433
0.268	0.004	9.945962	0.006408	0.000000	0.997835	9.924433
0.269	0.000	9.923206	0.009115	0.000000	0.996921	9.892657
0.269	0.001	9.923206	0.009115	0.000000	0.996921	9.892657
0.269	0.002	9.923206	0.009115	0.000000	0.996921	9.892657
0.269	0.003	9.923206	0.009115	0.000000	0.996921	9.892657
0.269	0.004	9.923206	0.009115	0.000000	0.996921	9.892657
0.270	0.000	9.893510	0.012656	0.000000	0.995727	9.851233
0.270	0.001	9.893510	0.012656	0.000000	0.995727	9.851233
0.270	0.002	9.893510	0.012656	0.000000	0.995727	9.851233
0.270	0.003	9.893510	0.012656	0.000000	0.995727	9.851233
0.270	0.004	9.893510	0.012656	0.000000	0.995727	9.851233
0.271	0.000	9.855448	0.017207	0.000000	0.994192	9.798211
0.271	0.001	9.855448	0.017207	0.000000	0.994192	9.798211
0.271	0.002	9.855448	0.017207	0.000000	0.994192	9.798211
0.271	0.003	9.855448	0.017207	0.000000	0.994192	9.798211
0.271	0.004	9.855448	0.017207	0.000000	0.994192	9.798211
0.272	0.000	9.806574	0.023073	0.000000	0.992216	9.730244
0.272	0.001	9.806574	0.023073	0.000000	0.992216	9.730244
0.272	0.002	9.806574	0.023073	0.000000	0.992216	9.730244
0.272	0.003	9.806574	0.023073	0.000000	0.992216	9.730244
0.272	0.004	9.806574	0.023073	0.000000	0.992216	9.730244
0.273	0.000	9.742328	0.030824	0.000000	0.989605	9.641059
0.273	0.001	9.742328	0.030824	0.000000	0.989605	9.641059
0.273	0.002	9.742328	0.030824	0.000000	0.989605	9.641059
0.273	0.003	9.742328	0.030824	0.000000	0.989605	9.641059
0.273	0.004	9.742328	0.030824	0.000000	0.989605	9.641059
0.274	0.000	9.677424	0.038684	0.000000	0.986955	9.551184
0.274	0.001	9.677424	0.038684	0.000000	0.986955	9.551184
0.274	0.002	9.677424	0.038684	0.000000	0.986955	9.551184
0.274	0.003	9.677424	0.038684	0.000000	0.986955	9.551184
0.274	0.004	9.677424	0.038684	0.000000	0.986955	9.551184
0.275	0.000	9.623006	0.045301	0.000000	0.984729	9.476053
0.275	0.001	9.623006	0.045301	0.000000	0.984729	9.476053
0.275	0.002	9.623006	0.045301	0.000000	0.984729	9.476053
0.275	0.003	9.623006	0.045301	0.000000	0.984729	9.476053
0.275	0.004	9.623006	0.045301	0.000000	0.984729	9.476053
0.275	0.000	9.574987	0.051200	0.000000	0.982759	9.409902
0.275	0.001	9.574987	0.051200	0.000000	0.982759	9.409902
0.275	0.002	9.574987	0.051200	0.000000	0.982759	9.409902
0.275	0.003	9.574987	0.051200	0.000000	0.982759	9.409902
0.275	0.004	9.574987	0.051200	0.000000	0.982759	9.409902
0.277	0.000	9.530555	0.056601	0.000000	0.980930	9.348808
0.277	0.001	9.530555	0.056601	0.000000	0.980930	9.348808
0.277	0.002	9.530555	0.056601	0.000000	0.980930	9.348808
0.277	0.003	9.530555	0.056601	0.000000	0.980930	9.348808
0.277	0.004	9.530555	0.056601	0.000000	0.980930	9.348808
0.278	0.000	9.489347	0.061777	0.000000	0.979230	9.292250
0.278	0.001	9.489347	0.061777	0.000000	0.979230	9.292250
0.278	0.002	9.489347	0.061777	0.000000	0.979230	9.292250
0.278	0.003	9.489347	0.061777	0.000000	0.979230	9.292250
0.278	0.004	9.489347	0.061777	0.000000	0.979230	9.292250
0.279	0.000	9.448988	0.066630	0.000000	0.977560	9.236949
0.279	0.001	9.448988	0.066630	0.000000	0.977560	9.236949
0.279	0.002	9.448988	0.066630	0.000000	0.977560	9.236949
0.279	0.003	9.448988	0.066630	0.000000	0.977560	9.236949
0.279	0.004	9.448988	0.066630	0.000000	0.977560	9.236949
0.280	0.000	9.411072	0.071479	0.000000	0.975986	9.185079
0.280	0.001	9.411072	0.071479	0.000000	0.975986	9.185079
0.280	0.002	9.411072	0.071479	0.000000	0.975986	9.185079
0.280	0.003	9.411072	0.071479	0.000000	0.975986	9.185079
0.280	0.004	9.411072	0.071479	0.000000	0.975986	9.185079
0.281	0.000	9.373190	0.076103	0.000000	0.974411	9.133338
0.281	0.001	9.373190	0.076103	0.000000	0.974411	9.133338
0.281	0.002	9.373190	0.076103	0.000000	0.974411	9.133338
0.281	0.003	9.373190	0.076103	0.000000	0.974411	9.133338
0.281	0.004	9.373190	0.076103	0.000000	0.974411	9.133338
0.282	0.000	9.336437	0.080686	0.000000	0.972879	9.083224
0.282	0.001	9.336437	0.080686	0.000000	0.972879	9.083224
0.282	0.002	9.336437	0.080686	0.000000	0.972879	9.083224
0.282	0.003	9.336437	0.080686	0.000000	0.972879	9.083224
0.282	0.004	9.336437	0.080686	0.000000	0.972879	9.083224
0.282	0.000	9.300660	0.085247	0.000000	0.971384	9.034516
0.282	0.001	9.300660	0.085247	0.000000	0.971384	9.034516
0.282	0.002	9.300660	0.085247	0.000000	0.971384	9.034516
0.282	0.003	9.300660	0.085247	0.000000	0.971384	9.034516
0.282	0.004	9.300660	0.085247	0.000000	0.971384	9.034516
0.284	0.000	9.264789	0.089689	0.000000	0.969882	8.985753
0.284	0.001	9.264789	0.089689	0.000000	0.969882	8.985753
0.284	0.002	9.264789	0.089689	0.000000	0.969882	8.985753
0.284	0.003	9.264789	0.089689	0.000000	0.969882	8.985753
0.284	0.004	9.264789	0.089689	0.000000	0.969882	8.985753
0.285	0.000	9.229505	0.094114	0.000000	0.968402	8.937874
0.285	0.001	9.229505	0.094114	0.000000	0.968402	8.937874
0.285	0.002	9.229505	0.094114	0.000000	0.968402	8.937874
0.285	0.003	9.229505	0.094114	0.000000	0.968402	8.937874
0.285	0.004	9.229505	0.094114	0.000000	0.968402	8.937874
0.286	0.000	9.194985	0.098549	0.000000	0.966950	8.891088
0.286	0.001	9.194985	0.098549	0.000000	0.966950	8.891088
0.286	0.002	9.194985	0.098549	0.000000	0.966950	8.891088
0.286	0.003	9.194985	0.098549	0.000000	0.966950	8.891088
0.286	0.004	9.194985	0.098549	0.000000	0.966950	8.891088
0.287	0.000	9.160378	0.102914	0.000000	0.965490	8.844254
0.287	0.001	9.160378	0.102914	0.000000	0.965490	8.844254
0.287	0.002	9.160378	0.102914	0.000000	0.965490	8.844254
0.287	0.003	9.160378	0.102914	0.000000	0.965490	8.844254
0.287	0.004	9.160378	0.102914	0.000000	0.965490	8.844254
0.288	0.000	9.125986	0.107238	0.000000	0.964039	8.797805
0.288	0.001	9.125986	0.107238	0.000000	0.964039	8.797805
0.288	0.002	9.125986	0.107238	0.000000	0.964039	8.797805
0.288	0.003	9.125986	0.107238	0.000000	0.964039	8.797805
0.288	0.004	9.125986	0.107238	0.000000	0.964039	8.797805
0.289	0.000	9.092153	0.111592	0.000000	0.962605	8.752152
0.289	0.001	9.092153	0.111592	0.000000	0.962605	8.752152
0.289	0.002	9.092153	0.111592	0.000000	0.962605	8.752152
0.289	0.003	9.092153	0.111592	0.000000	0.962605	8.752152
0.289	0.004	9.092153	0.111592	0.000000	0.962605	8.752152
0.290	0.000	9.058541	0.115920	0.000000	0.961178	8.706875
0.290	0.001	9.058541	0.115920	0.000000	0.961178	8.706875
0.290	0.002	9.058541	0.115920	0.000000	0.961178	8.706875
0.290	0.003	9.058541	0.115920	0.000000	0.961178	8.706875
0.290	0.004	9.058541	0.115920	0.000000	0.961178	8.706875
0.291	0.000	9.024866	0.120198	0.000000	0.959747	8.661592
0.291	0.001	9.024866	0.120198	0.000000	0.959747	8.661592
0.291	0.002	9.024866	0.120198	0.000000	0.959747	8.661592
0.291	0.003	9.024866	0.120198	0.000000	0.959747	8.661592
0.291	0.004	9.024866	0.120198	0.000000	0.959747	8.661592
0.292	0.000	8.991461	0.124477	0.000000	0.958324	8.616731
0.292	0.001	8.991461	0.124477	0.000000	0.958324	8.616731
0.292	0.002	8.991461	0.124477	0.000000	0.958324	8.616731
0.292	0.003	8.991461	0.124477	0.000000	0.958324	8.616731
0.292	0.004	8.991461	0.124477	0.000000	0.958324	8.616731
0.293	0.000	8.958541	0.128778	0.000000	0.956915	8.572566
0.293	0.001	8.958541	0.128778	0.000000	0.956915	8.572566
0.293	0.002	8.958541	0.128778	0.000000	0.956915	8.572566
0.293	0.003	8.958541	0.128778	0.000000	0.956915	8.572566
0.293	0.004	8.958541	0.128778	0.000000	0.956915	8.572566
0.294	0.000	8.925591	0.133044	0.000000	0.955503	8.528429
0.294	0.001	8.925591	0.133044	0.000000	0.955503	8.528429
0.294	0.002	8.925591	0.133044	0.000000	0.955503	8.528429
0.294	0.003	8.925591	0.133044	0.000000	0.955503	8.528429
0.294	0.004	8.925591	0.133044	0.000000	0.955503	8.528429
0.295	0.000	8.892672	0.137277	0.000000	0.954091	8.484421
0.295	0.001	8.892672	0.137277	0.000000	0.954091	8.484421
0.295	0.002	8.892672	0.137277	0.000000	0.954091	8.484421
0.295	0.003	8.892672	0.137277	0.000000	0.954091	8.484421
0.295	0.004	8.892672	0.137277	0.000000	0.954091	8.484421
0.296	0.000	8.860027	0.141529	0.000000	0.952687	8.440830
0.296	0.001	8.860027	0.141529	0.000000	0.952687	8.440830
0.296	0.002	8.860027	0.141529	0.000000	0.952687	8.440830
0.296	0.003	8.860027	0.141529	0.000000	0.952687	8.440830
0.296	0.004	8.860027	0.141529	0.000000	0.952687	8.440830
0.297	0.000	8.827710	0.145787	0.000000	0.951293	8.397738
0.297	0.001	8.827710	0.145787	0.000000	0.951293	8.397738
0.297	0.002	8.827710	0.145787	0.000000	0.951293	8.397738
0.297	0.003	8.827710	0.145787	0.000000	0.951293	8.397738
0.297	0.004	8.827710	0.145787	0.000000	0.951293	8.397738
0.298	0.000	8.795316	0.150012	0.000000	0.949893	8.354613
0.298	0.001	8.795316	0.150012	0.000000	0.949893	8.354613
0.298	0.002	8.795316	0.150012	0.000000	0.949893	8.354613
0.298	0.003	8.795316	0.150012	0.000000	0.949893	8.354613
0.298	0.004	8.795316	0.150012	0.000000	0.949893	8.354613
0.299	0.000	8.763060	0.154230	0.000000	0.948498	8.311745
0.299	0.001	8.763060	0.154230	0.000000	0.948498	8.311745
0.299	0.002	8.763060	0.154230	0.000000	0.948498	8.311745
0.299	0.003	8.763060	0.154230	0.000000	0.948498	8.311745
0.299	0.004	8.763060	0.154230	0.000000	0.948498	8.311745
0.300	0.000	8.731089	0.158463	0.000000	0.947111	8.269311
0.300	0.001	8.731089	0.158463	0.000000	0.947111	8.269311
0.300	0.002	8.731089	0.158463	0.000000	0.947111	8.269311
0.300	0.003	8.731089	0.158463	0.000000	0.947111	8.269311
0.300	0.004	8.731089	0.158463	0.000000	0.947111	8.269311
0.301	0.000	8.699188	0.162681	0.000000	0.945724	8.227035
0.301	0.001	8.699188	0.162681	0.000000	0.945724	8.227035
0.301	0.002	8.699188	0.162681	0.000000	0.945724	8.227035
0.301	0.003	8.699188	0.162681	0.000000	0.945724	8.227035
0.301	0.004	8.699188	0.162681	0.000000	0.945724	8.227035
0.302	0.000	8.667344	0.166882	0.000000	0.944338	8.184898
0.302	0.001	8.667344	0.166882	0.000000	0.944338	8.184898
0.302	0.002	8.667344	0.166882	0.000000	0.944338	8.184898
0.302	0.003	8.667344	0.166882	0.000000	0.944338	8.184898
0.302	0.004	8.667344	0.166882	0.000000	0.944338	8.184898
0.303	0.000	8.635676	0.171090	0.000000	0.942955	8.143051
0.303	0.001	8.635676	0.171090	0.000000	0.942955	8.143051
0.303	0.002	8.635676	0.171090	0.000000	0.942955	8.143051
0.303	0.003	8.635676	0.171090	0.000000	0.942955	8.143051
0.303	0.004	8.635676	0.171090	0.000000	0.942955	8.143051
0.304	0.000	8.604249	0.175307	0.000000	0.941579	8.101576
0.304	0.001	8.604249	0.175307	0.000000	0.941579	8.101576
0.304	0.002	8.604249	0.175307	0.000000	0.941579	8.101576
0.304	0.003	8.604249	0.175307	0.000000	0.941579	8.101576
0.304	0.004	8.604249	0.175307	0.000000	0.941579	8.101576
0.305	0.000	8.572815	0.179502	0.000000	0.940199	8.060152
0.305	0.001	8.572815	0.179502	0.000000	0.940199	8.060152
0.305	0.002	8.572815	0.179502	0.000000	0.940199	8.060152
0.305	0.003	8.572815	0.179502	0.000000	0.940199	8.060152
0.305	0.004	8.572815	0.179502	0.000000	0.940199	8.060152
0.306	0.000	8.541450	0.183683	0.000000	0.938820	8.018885
0.306	0.001	8.541450	0.183683	0.000000	0.938820	8.018885
0.306	0.002	8.541450	0.183683	0.000000	0.938820	8.018885
0.306	0.003	8.541450	0.183683	0.000000	0.938820	8.018885
0.306	0.004	8.541450	0.183683	0.000000	0.938820	8.018885
0.307	0.000	8.510254	0.187875	0.000000	0.937445	7.977896
0.307	0.001	8.510254	0.187875	0.000000	0.937445	7.977896
0.307	0.002	8.510254	0.187875	0.000000	0.937445	7.977896
0.307	0.003	8.510254	0.187875	0.000000	0.937445	7.977896
0.307	0.004	8.510254	0.187875	0.000000	0.937445	7.977896
0.308	0.000	8.479345	0.192082	0.000000	0.936078	7.937333
0.308	0.001	8.479345	0.192082	0.000000	0.936078	7.937333
0.308	0.002	8.479345	0.192082	0.000000	0.936078	7.937333
0.308	0.003	8.479345	0.192082	0.000000	0.936078	7.937333
0.308	0.004	8.479345	0.192082	0.000000	0.936078	7.937333
0.309	0.000	8.448410	0.196267	0.000000	0.934708	7.896800
0.309	0.001	8.448410	0.196267	0.000000	0.934708	7.896800
0.309	0.002	8.448410	0.196267	0.000000	0.934708	7.896800
0.309	0.003	8.448410	0.196267	0.000000	0.934708	7.896800
0.309	0.004	8.448410	0.196267	0.000000	0.934708	7.896800
0.310	0.000	8.417483	0.200435	0.000000	0.933339	7.856363
0.310	0.001	8.417483	0.200435	0.000000	0.933339	7.856363
0.310	0.002	8.417483	0.200435	0.000000	0.933339	7.856363
0.310	0.003	8.417483	0.200435	0.000000	0.933339	7.856363
0.310	0.004	8.417483	0.200435	0.000000	0.933339	7.856363
0.311	0.000	8.386703	0.204610	0.000000	0.931971	7.816164
0.311	0.001	8.386703	0.204610	0.000000	0.931971	7.816164
0.311	0.002	8.386703	0.204610	0.000000	0.931971	7.816164
0.311	0.003	8.386703	0.204610	0.000000	0.931971	7.816164
0.311	0.004	8.386703	0.204610	0.000000	0.931971	7.816164
0.312	0.000	8.356169	0.208798	0.000000	0.930611	7.776344
0.312	0.001	8.356169	0.208798	0.000000	0.930611	7.776344
0.312	0.002	8.356169	0.208798	0.000000	0.930611	7.776344
0.312	0.003	8.356169	0.208798	0.000000	0.930611	7.776344
0.312	0.004	8.356169	0.208798	0.000000	0.930611	7.776344
0.312	0.000	8.325660	0.212974	0.000000	0.929249	7.736613
0.312	0.001	8.325660	0.212974	0.000000	0.929249	7.736613
0.312	0.002	8.325660	0.212974	0.000000	0.929249	7.736613
0.312	0.003	8.325660	0.212974	0.000000	0.929249	7.736613
0.312	0.004	8.325660	0.212974	0.000000	0.929249	7.736613
0.314	0.000	8.295236	0.217141	0.000000	0.927888	7.697046
0.314	0.001	8.295236	0.217141	0.000000	0.927888	7.697046
0.314	0.002	8.295236	0.217141	0.000000	0.927888	7.697046
0.314	0.003	8.295236	0.217141	0.000000	0.927888	7.697046
0.314	0.004	8.295236	0.217141	0.000000	0.927888	7.697046
0.315	0.000	8.264967	0.221315	0.000000	0.926530	7.657737
0.315	0.001	8.264967	0.221315	0.000000	0.926530	7.657737
0.315	0.002	8.264967	0.221315	0.000000	0.926530	7.657737
0.315	0.003	8.264967	0.221315	0.000000	0.926530	7.657737
0.315	0.004	8.264967	0.221315	0.000000	0.926530	7.657737
0.316	0.000	8.234804	0.225485	0.000000	0.925174	7.618625
0.316	0.001	8.234804	0.225485	0.000000	0.925174	7.618625
0.316	0.002	8.234804	0.225485	0.000000	0.925174	7.618625
0.316	0.003	8.234804	0.225485	0.000000	0.925174	7.618625
0.316	0.004	8.234804	0.225485	0.000000	0.925174	7.618625
0.317	0.000	8.204677	0.229646	0.000000	0.923817	7.579617
0.317	0.001	8.204677	0.229646	0.000000	0.923817	7.579617
0.317	0.002	8.204677	0.229646	0.000000	0.923817	7.579617
0.317	0.003	8.204677	0.229646	0.000000	0.923817	7.579617
0.317	0.004	8.204677	0.229646	0.000000	0.923817	7.579617
0.318	0.000	8.174654	0.233804	0.000000	0.922462	7.540804
0.318	0.001	8.174654	0.233804	0.000000	0.922462	7.540804
0.318	0.002	8.174654	0.233804	0.000000	0.922462	7.540804
0.318	0.003	8.174654	0.233804	0.000000	0.922462	7.540804
0.318	0.004	8.174654	0.233804	0.000000	0.922462	7.540804
0.319	0.000	8.144807	0.237974	0.000000	0.921112	7.502279
0.319	0.001	8.144807	0.237974	0.000000	0.921112	7.502279
0.319	0.002	8.144807	0.237974	0.000000	0.921112	7.502279
0.319	0.003	8.144807	0.237974	0.000000	0.921112	7.502279
0.319	0.004	8.144807	0.237974	0.000000	0.921112	7.502279
0.320	0.000	8.115062	0.242140	0.000000	0.919764	7.463945
0.320	0.001	8.115062	0.242140	0.000000	0.919764	7.463945
0.320	0.002	8.115062	0.242140	0.000000	0.919764	7.463945
0.320	0.003	8.115062	0.242140	0.000000	0.919764	7.463945
0.320	0.004	8.115062	0.242140	0.000000	0.919764	7.463945
0.321	0.000	8.085332	0.246294	0.000000	0.918414	7.425684
0.321	0.001	8.085332	0.246294	0.000000	0.918414	7.425684
0.321	0.002	8.085332	0.246294	0.000000	0.918414	7.425684
0.321	0.003	8.085332	0.246294	0.000000	0.918414	7.425684
0.321	0.004	8.085332	0.246294	0.000000	0.918414	7.425684
0.322	0.000	8.055701	0.250444	0.000000	0.917066	7.387606
0.322	0.001	8.055701	0.250444	0.000000	0.917066	7.387606
0.322	0.002	8.055701	0.250444	0.000000	0.917066	7.387606
0.322	0.003	8.055701	0.250444	0.000000	0.917066	7.387606
0.322	0.004	8.055701	0.250444	0.000000	0.917066	7.387606
0.323	0.000	8.026232	0.254605	0.000000	0.915721	7.349787
0.323	0.001	8.026232	0.254605	0.000000	0.915721	7.349787
0.323	0.002	8.026232	0.254605	0.000000	0.915721	7.349787
0.323	0.003	8.026232	0.254605	0.000000	0.915721	7.349787
0.323	0.004	8.026232	0.254605	0.000000	0.915721	7.349787
0.324	0.000	7.996886	0.258765	0.000000	0.914378	7.312180
0.324	0.001	7.996886	0.258765	0.000000	0.914378	7.312180
0.324	0.002	7.996886	0.258765	0.000000	0.914378	7.312180
0.324	0.003	7.996886	0.258765	0.000000	0.914378	7.312180
0.324	0.004	7.996886	0.258765	0.000000	0.914378	7.312180
0.325	0.000	7.967563	0.262915	0.000000	0.913034	7.274657
0.325	0.001	7.967563	0.262915	0.000000	0.913034	7.274657
0.325	0.002	7.967563	0.262915	0.000000	0.913034	7.274657
0.325	0.003	7.967563	0.262915	0.000000	0.913034	7.274657
0.325	0.004	7.967563	0.262915	0.000000	0.913034	7.274657
0.326	0.000	7.938330	0.267062	0.000000	0.911691	7.237303
0.326	0.001	7.938330	0.267062	0.000000	0.911691	7.237303
0.326	0.002	7.938330	0.267062	0.000000	0.911691	7.237303
0.326	0.003	7.938330	0.267062	0.000000	0.911691	7.237303
0.326	0.004	7.938330	0.267062	0.000000	0.911691	7.237303
0.327	0.000	7.909225	0.271213	0.000000	0.910351	7.200169
0.327	0.001	7.909225	0.271213	0.000000	0.910351	7.200169
0.327	0.002	7.909225	0.271213	0.000000	0.910351	7.200169
0.327	0.003	7.909225	0.271213	0.000000	0.910351	7.200169
0.327	0.004	7.909225	0.271213	0.000000	0.910351	7.200169
0.328	0.000	7.880213	0.275363	0.000000	0.909012	7.163208
0.328	0.001	7.880213	0.275363	0.000000	0.909012	7.163208
0.328	0.002	7.880213	0.275363	0.000000	0.909012	7.163208
0.328	0.003	7.880213	0.275363	0.000000	0.909012	7.163208
0.328	0.004	7.880213	0.275363	0.000000	0.909012	7.163208
0.329	0.000	7.851284	0.279509	0.000000	0.907674	7.126409
0.329	0.001	7.851284	0.279509	0.000000	0.907674	7.126409
0.329	0.002	7.851284	0.279509	0.000000	0.907674	7.126409
0.329	0.003	7.851284	0.279509	0.000000	0.907674	7.126409
0.329	0.004	7.851284	0.279509	0.000000	0.907674	7.126409
0.330	0.000	7.822472	0.283660	0.000000	0.906339	7.089815
0.330	0.001	7.822472	0.283660	0.000000	0.906339	7.089815
0.330	0.002	7.822472	0.283660	0.000000	0.906339	7.089815
0.330	0.003	7.822472	0.283660	0.000000	0.906339	7.089815
0.330	0.004	7.822472	0.283660	0.000000	0.906339	7.089815
0.331	0.000	7.793768	0.287811	0.000000	0.905007	7.053414
0.331	0.001	7.793768	0.287811	0.000000	0.905007	7.053414
0.331	0.002	7.793768	0.287811	0.000000	0.905007	7.053414
0.331	0.003	7.793768	0.287811	0.000000	0.905007	7.053414
0.331	0.004	7.793768	0.287811	0.000000	0.905007	7.053414
0.332	0.000	7.765105	0.291953	0.000000	0.903673	7.017116
0.332	0.001	7.765105	0.291953	0.000000	0.903673	7.017116
0.332	0.002	7.765105	0.291953	0.000000	0.903673	7.017116
0.332	0.003	7.765105	0.291953	0.000000	0.903673	7.017116
0.332	0.004	7.765105	0.291953	0.000000	0.903673	7.017116
0.333	0.000	7.736503	0.296089	0.000000	0.902339	6.980950
0.333	0.001	7.736503	0.296089	0.000000	0.902339	6.980950
0.333	0.002	7.736503	0.296089	0.000000	0.902339	6.980950
0.333	0.003	7.736503	0.296089	0.000000	0.902339	6.980950
0.333	0.004	7.736503	0.296089	0.000000	0.902339	6.980950
0.334	0.000	7.708006	0.300227	0.000000	0.901007	6.944969
0.334	0.001	7.708006	0.300227	0.000000	0.901007	6.944969
0.334	0.002	7.708006	0.300227	0.000000	0.901007	6.944969
0.334	0.003	7.708006	0.300227	0.000000	0.901007	6.944969
0.334	0.004	7.708006	0.300227	0.000000	0.901007	6.944969
0.335	0.000	7.679700	0.304380	0.000000	0.899681	6.909279
0.335	0.001	7.679700	0.304380	0.000000	0.899681	6.909279
0.335	0.002	7.679700	0.304380	0.000000	0.899681	6.909279
0.335	0.003	7.679700	0.304380	0.000000	0.899681	6.909279
0.335	0.004	7.679700	0.304380	0.000000	0.899681	6.909279
0.336	0.000	7.651463	0.308528	0.000000	0.898355	6.873730
0.336	0.001	7.651463	0.308528	0.000000	0.898355	6.873730
0.336	0.002	7.651463	0.308528	0.000000	0.898355	6.873730
0.336	0.003	7.651463	0.308528	0.000000	0.898355	6.873730
0.336	0.004	7.651463	0.308528	0.000000	0.898355	6.873730
0.337	0.000	7.623240	0.312664	0.000000	0.897026	6.838248
0.337	0.001	7.623240	0.312664	0.000000	0.897026	6.838248
0.337	0.002	7.623240	0.312664	0.000000	0.897026	6.838248
0.337	0.003	7.623240	0.312664	0.000000	0.897026	6.838248
0.337	0.004	7.623240	0.312664	0.000000	0.897026	6.838248
0.338	0.000	7.595095	0.316796	0.000000	0.895698	6.802914
0.338	0.001	7.595095	0.316796	0.000000	0.895698	6.802914
0.338	0.002	7.595095	0.316796	0.000000	0.895698	6.802914
0.338	0.003	7.595095	0.316796	0.000000	0.895698	6.802914
0.338	0.004	7.595095	0.316796	0.000000	0.895698	6.802914
0.339	0.000	7.567063	0.320933	0.000000	0.894373	6.767777
0.339	0.001	7.567063	0.320933	0.000000	0.894373	6.767777
0.339	0.002	7.567063	0.320933	0.000000	0.894373	6.767777
0.339	0.003	7.567063	0.320933	0.000000	0.894373	6.767777
0.339	0.004	7.567063	0.320933	0.000000	0.894373	6.767777
0.340	0.000	7.539153	0.325074	0.000000	0.893050	6.732843
0.340	0.001	7.539153	0.325074	0.000000	0.893050	6.732843
0.340	0.002	7.539153	0.325074	0.000000	0.893050	6.732843
0.340	0.003	7.539153	0.325074	0.000000	0.893050	6.732843
0.340	0.004	7.539153	0.325074	0.000000	0.893050	6.732843
0.341	0.000	7.511308	0.329210	0.000000	0.891728	6.698046
0.341	0.001	7.511308	0.329210	0.000000	0.891728	6.698046
0.341	0.002	7.511308	0.329210	0.000000	0.891728	6.698046
0.341	0.003	7.511308	0.329210	0.000000	0.891728	6.698046
0.341	0.004	7.511308	0.329210	0.000000	0.891728	6.698046
0.342	0.000	7.483554	0.333346	0.000000	0.890408	6.663413
0.342	0.001	7.483554	0.333346	0.000000	0.890408	6.663413
0.342	0.002	7.483554	0.333346	0.000000	0.890408	6.663413
0.342	0.003	7.483554	0.333346	0.000000	0.890408	6.663413
0.342	0.004	7.483554	0.333346	0.000000	0.890408	6.663413
0.343	0.000	7.455889	0.337482	0.000000	0.889088	6.628944
0.343	0.001	7.455889	0.337482	0.000000	0.889088	6.628944
0.343	0.002	7.455889	0.337482	0.000000	0.889088	6.628944
0.343	0.003	7.455889	0.337482	0.000000	0.889088	6.628944
0.343	0.004	7.455889	0.337482	0.000000	0.889088	6.628944
0.344	0.000	7.428291	0.341615	0.000000	0.887770	6.594613
0.344	0.001	7.428291	0.341615	0.000000	0.887770	6.594613
0.344	0.002	7.428291	0.341615	0.000000	0.887770	6.594613
0.344	0.003	7.428291	0.341615	0.000000	0.887770	6.594613
0.344	0.004	7.428291	0.341615	0.000000	0.887770	6.594613
0.345	0.000	7.400778	0.345745	0.000000	0.886453	6.560441
0.345	0.001	7.400778	0.345745	0.000000	0.886453	6.560441
0.345	0.002	7.400778	0.345745	0.000000	0.886453	6.560441
0.345	0.003	7.400778	0.345745	0.000000	0.886453	6.560441
0.345	0.004	7.400778	0.345745	0.000000	0.886453	6.560441
0.346	0.000	7.373375	0.349883	0.000000	0.885138	6.526456
0.346	0.001	7.373375	0.349883	0.000000	0.885138	6.526456
0.346	0.002	7.373375	0.349883	0.000000	0.885138	6.526456
0.346	0.003	7.373375	0.349883	0.000000	0.885138	6.526456
0.346	0.004	7.373375	0.349883	0.000000	0.885138	6.526456
0.347	0.000	7.346117	0.354027	0.000000	0.883828	6.492701
0.347	0.001	7.346117	0.354027	0.000000	0.883828	6.492701
0.347	0.002	7.346117	0.354027	0.000000	0.883828	6.492701
0.347	0.003	7.346117	0.354027	0.000000	0.883828	6.492701
0.347	0.004	7.346117	0.354027	0.000000	0.883828	6.492701
0.348	0.000	7.318881	0.358159	0.000000	0.882515	6.459022
0.348	0.001	7.318881	0.358159	0.000000	0.882515	6.459022
0.348	0.002	7.318881	0.358159	0.000000	0.882515	6.459022
0.348	0.003	7.318881	0.358159	0.000000	0.882515	6.459022
0.348	0.004	7.318881	0.358159	0.000000	0.882515	6.459022
0.349	0.000	7.291668	0.362282	0.000000	0.881200	6.425418
0.349	0.001	7.291668	0.362282	0.000000	0.881200	6.425418
0.349	0.002	7.291668	0.362282	0.000000	0.881200	6.425418
0.349	0.003	7.291668	0.362282	0.000000	0.881200	6.425418
0.349	0.004	7.291668	0.362282	0.000000	0.881200	6.425418
0.350	0.000	7.264540	0.366400	0.000000	0.879886	6.391966
0.350	0.001	7.264540	0.366400	0.000000	0.879886	6.391966
0.350	0.002	7.264540	0.366400	0.000000	0.879886	6.391966
0.350	0.003	7.264540	0.366400	0.000000	0.879886	6.391966
0.350	0.004	7.264540	0.366400	0.000000	0.879886	6.391966
0.351	0.000	7.237546	0.370532	0.000000	0.878575	6.358726
0.351	0.001	7.237546	0.370532	0.000000	0.878575	6.358726
0.351	0.002	7.237546	0.370532	0.000000	0.878575	6.358726
0.351	0.003	7.237546	0.370532	0.000000	0.878575	6.358726
0.351	0.004	7.237546	0.370532	0.000000	0.878575	6.358726
0.352	0.000	7.210783	0.374682	0.000000	0.877271	6.325809
0.352	0.001	7.210783	0.374682	0.000000	0.877271	6.325809
0.352	0.002	7.210783	0.374682	0.000000	0.877271	6.325809
0.352	0.003	7.210783	0.374682	0.000000	0.877271	6.325809
0.352	0.004	7.210783	0.374682	0.000000	0.877271	6.325809
0.353	0.000	7.184013	0.378816	0.000000	0.875963	6.292928
0.353	0.001	7.184013	0.378816	0.000000	0.875963	6.292928
0.353	0.002	7.184013	0.378816	0.000000	0.875963	6.292928
0.353	0.003	7.184013	0.378816	0.000000	0.875963	6.292928
0.353	0.004	7.184013	0.378816	0.000000	0.875963	6.292928
0.354	0.000	7.157208	0.382936	0.000000	0.874654	6.260081
0.354	0.001	7.157208	0.382936	0.000000	0.874654	6.260081
0.354	0.002	7.157208	0.382936	0.000000	0.874654	6.260081
0.354	0.003	7.157208	0.382936	0.000000	0.874654	6.260081
0.354	0.004	7.157208	0.382936	0.000000	0.874654	6.260081
0.355	0.000	7.130479	0.387050	0.000000	0.873345	6.227365
0.355	0.001	7.130479	0.387050	0.000000	0.873345	6.227365
0.355	0.002	7.130479	0.387050	0.000000	0.873345	6.227365
0.355	0.003	7.130479	0.387050	0.000000	0.873345	6.227365
0.355	0.004	7.130479	0.387050	0.000000	0.873345	6.227365
0.356	0.000	7.103872	0.391174	0.000000	0.872038	6.194849
0.356	0.001	7.103872	0.391174	0.000000	0.872038	6.194849
0.356	0.002	7.103872	0.391174	0.000000	0.872038	6.194849
0.356	0.003	7.103872	0.391174	0.000000	0.872038	6.194849
0.356	0.004	7.103872	0.391174	0.000000	0.872038	6.194849
0.357	0.000	7.077466	0.395315	0.000000	0.870739	6.162627
0.357	0.001	7.077466	0.395315	0.000000	0.870739	6.162627
0.357	0.002	7.077466	0.395315	0.000000	0.870739	6.162627
0.357	0.003	7.077466	0.395315	0.000000	0.870739	6.162627
0.357	0.004	7.077466	0.395315	0.000000	0.870739	6.162627
0.358	0.000	7.051095	0.399448	0.000000	0.869439	6.130498
0.358	0.001	7.051095	0.399448	0.000000	0.869439	6.130498
0.358	0.002	7.051095	0.399448	0.000000	0.869439	6.130498
0.358	0.003	7.051095	0.399448	0.000000	0.869439	6.130498
0.358	0.004	7.051095	0.399448	0.000000	0.869439	6.130498
0.359	0.000	7.024743	0.403570	0.000000	0.868137	6.098443
0.359	0.001	7.024743	0.403570	0.000000	0.868137	6.098443
0.359	0.002	7.024743	0.403570	0.000000	0.868137	6.098443
0.359	0.003	7.024743	0.403570	0.000000	0.868137	6.098443
0.359	0.004	7.024743	0.403570	0.000000	0.868137	6.098443
0.360	0.000	6.998456	0.407690	0.000000	0.866837	6.066518
0.360	0.001	6.998456	0.407690	0.000000	0.866837	6.066518
0.360	0.002	6.998456	0.407690	0.000000	0.866837	6.066518
0.360	0.003	6.998456	0.407690	0.000000	0.866837	6.066518
0.360	0.004	6.998456	0.407690	0.000000	0.866837	6.066518
0.361	0.000	6.972262	0.411811	0.000000	0.865537	6.034752
0.361	0.001	6.972262	0.411811	0.000000	0.865537	6.034752
0.361	0.002	6.972262	0.411811	0.000000	0.865537	6.034752
0.361	0.003	6.972262	0.411811	0.000000	0.865537	6.034752
0.361	0.004	6.972262	0.411811	0.000000	0.865537	6.034752
0.362	0.000	6.946196	0.415940	0.000000	0.864241	6.003189
0.362	0.001	6.946196	0.415940	0.000000	0.864241	6.003189
0.362	0.002	6.946196	0.415940	0.000000	0.864241	6.003189
0.362	0.003	6.946196	0.415940	0.000000	0.864241	6.003189
0.362	0.004	6.946196	0.415940	0.000000	0.864241	6.003189
0.363	0.000	6.920249	0.420075	0.000000	0.862948	5.971818
0.363	0.001	6.920249	0.420075	0.000000	0.862948	5.971818
0.363	0.002	6.920249	0.420075	0.000000	0.862948	5.971818
0.363	0.003	6.920249	0.420075	0.000000	0.862948	5.971818
0.363	0.004	6.920249	0.420075	0.000000	0.862948	5.971818
0.364	0.000	6.894341	0.424202	0.000000	0.861654	5.940533
0.364	0.001	6.894341	0.424202	0.000000	0.861654	5.940533
0.364	0.002	6.894341	0.424202	0.000000	0.861654	5.940533
0.364	0.003	6.894341	0.424202	0.000000	0.861654	5.940533
0.364	0.004	6.894341	0.424202	0.000000	0.861654	5.940533
0.365	0.000	6.868463	0.428319	0.000000	0.860357	5.909330
0.365	0.001	6.868463	0.428319	0.000000	0.860357	5.909330
0.365	0.002	6.868463	0.428319	0.000000	0.860357	5.909330
0.365	0.003	6.868463	0.428319	0.000000	0.860357	5.909330
0.365	0.004	6.868463	0.428319	0.000000	0.860357	5.909330
0.366	0.000	6.842634	0.432429	0.000000	0.859059	5.878228
0.366	0.001	6.842634	0.432429	0.000000	0.859059	5.878228
0.366	0.002	6.842634	0.432429	0.000000	0.859059	5.878228
0.366	0.003	6.842634	0.432429	0.000000	0.859059	5.878228
0.366	0.004	6.842634	0.432429	0.000000	0.859059	5.878228
0.367	0.000	6.816902	0.436539	0.000000	0.857763	5.847288
0.367	0.001	6.816902	0.436539	0.000000	0.857763	5.847288
0.367	0.002	6.816902	0.436539	0.000000	0.857763	5.847288
0.367	0.003	6.816902	0.436539	0.000000	0.857763	5.847288
0.367	0.004	6.816902	0.436539	0.000000	0.857763	5.847288
0.368	0.000	6.791354	0.440673	0.000000	0.856473	5.816614
0.368	0.001	6.791354	0.440673	0.000000	0.856473	5.816614
0.368	0.002	6.791354	0.440673	0.000000	0.856473	5.816614
0.368	0.003	6.791354	0.440673	0.000000	0.856473	5.816614
0.368	0.004	6.791354	0.440673	0.000000	0.856473	5.816614
0.369	0.000	6.766068	0.444830	0.000000	0.855193	5.786293
0.369	0.001	6.766068	0.444830	0.000000	0.855193	5.786293
0.369	0.002	6.766068	0.444830	0.000000	0.855193	5.786293
0.369	0.003	6.766068	0.444830	0.000000	0.855193	5.786293
0.369	0.004	6.766068	0.444830	0.000000	0.855193	5.786293
0.370	0.000	6.740742	0.448969	0.000000	0.853907	5.755965
0.370	0.001	6.740742	0.448969	0.000000	0.853907	5.755965
0.370	0.002	6.740742	0.448969	0.000000	0.853907	5.755965
0.370	0.003	6.740742	0.448969	0.000000	0.853907	5.755965
0.370	0.004	6.740742	0.448969	0.000000	0.853907	5.755965
0.371	0.000	6.715268	0.453074	0.000000	0.852614	5.725530
0.371	0.001	6.715268	0.453074	0.000000	0.852614	5.725530
0.371	0.002	6.715268	0.453074	0.000000	0.852614	5.725530
0.371	0.003	6.715268	0.453074	0.000000	0.852614	5.725530
0.371	0.004	6.715268	0.453074	0.000000	0.852614	5.725530
0.372	0.000	6.689775	0.457163	0.000000	0.851319	5.695132
0.372	0.001	6.689775	0.457163	0.000000	0.851319	5.695132
0.372	0.002	6.689775	0.457163	0.000000	0.851319	5.695132
0.372	0.003	6.689775	0.457163	0.000000	0.851319	5.695132
0.372	0.004	6.689775	0.457163	0.000000	0.851319	5.695132
0.373	0.000	6.664395	0.461250	0.000000	0.850025	5.664899
0.373	0.001	6.664395	0.461250	0.000000	0.850025	5.664899
0.373	0.002	6.664395	0.461250	0.000000	0.850025	5.664899
0.373	0.003	6.664395	0.461250	0.000000	0.850025	5.664899
0.373	0.004	6.664395	0.461250	0.000000	0.850025	5.664899
0.374	0.000	6.639237	0.465370	0.000000	0.848738	5.634974
0.374	0.001	6.639237	0.465370	0.000000	0.848738	5.634974
0.374	0.002	6.639237	0.465370	0.000000	0.848738	5.634974
0.374	0.003	6.639237	0.465370	0.000000	0.848738	5.634974
0.374	0.004	6.639237	0.465370	0.000000	0.848738	5.634974
0.375	0.000	6.614536	0.469548	0.000000	0.847472	5.605634
0.375	0.001	6.614536	0.469548	0.000000	0.847472	5.605634
0.375	0.002	6.614536	0.469548	0.000000	0.847472	5.605634
0.375	0.003	6.614536	0.469548	0.000000	0.847472	5.605634
0.375	0.004	6.614536	0.469548	0.000000	0.847472	5.605634
0.376	0.000	6.589885	0.473717	0.000000	0.846204	5.576388
0.376	0.001	6.589885	0.473717	0.000000	0.846204	5.576388
0.376	0.002	6.589885	0.473717	0.000000	0.846204	5.576388
0.376	0.003	6.589885	0.473717	0.000000	0.846204	5.576388
0.376	0.004	6.589885	0.473717	0.000000	0.846204	5.576388
0.377	0.000	6.564851	0.477821	0.000000	0.844917	5.546756
0.377	0.001	6.564851	0.477821	0.000000	0.844917	5.546756
0.377	0.002	6.564851	0.477821	0.000000	0.844917	5.546756
0.377	0.003	6.564851	0.477821	0.000000	0.844917	5.546756
0.377	0.004	6.564851	0.477821	0.000000	0.844917	5.546756
0.378	0.000	6.539673	0.481879	0.000000	0.843623	5.517016
0.378	0.001	6.539673	0.481879	0.000000	0.843623	5.517016
0.378	0.002	6.539673	0.481879	0.000000	0.843623	5.517016
0.378	0.003	6.539673	0.481879	0.000000	0.843623	5.517016
0.378	0.004	6.539673	0.481879	0.000000	0.843623	5.517016
0.379	0.000	6.514731	0.485969	0.000000	0.842334	5.487582
0.379	0.001	6.514731	0.485969	0.000000	0.842334	5.487582
0.379	0.002	6.514731	0.485969	0.000000	0.842334	5.487582
0.379	0.003	6.514731	0.485969	0.000000	0.842334	5.487582
0.379	0.004	6.514731	0.485969	0.000000	0.842334	5.487582
0.380	0.000	6.490241	0.490121	0.000000	0.841066	5.458719
0.380	0.001	6.490241	0.490121	0.000000	0.841066	5.458719
0.380	0.002	6.490241	0.490121	0.000000	0.841066	5.458719
0.380	0.003	6.490241	0.490121	0.000000	0.841066	5.458719
0.380	0.004	6.490241	0.490121	0.000000	0.841066	5.458719
0.381	0.000	6.465842	0.494271	0.000000	0.839797	5.429996
0.381	0.001	6.465842	0.494271	0.000000	0.839797	5.429996
0.381	0.002	6.465842	0.494271	0.000000	0.839797	5.429996
0.381	0.003	6.465842	0.494271	0.000000	0.839797	5.429996
0.381	0.004	6.465842	0.494271	0.000000	0.839797	5.429996
0.382	0.000	6.441271	0.498382	0.000000	0.838519	5.401129
0.382	0.001	6.441271	0.498382	0.000000	0.838519	5.401129
0.382	0.002	6.441271	0.498382	0.000000	0.838519	5.401129
0.382	0.003	6.441271	0.498382	0.000000	0.838519	5.401129
0.382	0.004	6.441271	0.498382	0.000000	0.838519	5.401129
0.383	0.000	6.416700	0.502477	0.000000	0.837239	5.372313
0.383	0.001	6.416700	0.502477	0.000000	0.837239	5.372313
0.383	0.002	6.416700	0.502477	0.000000	0.837239	5.372313
0.383	0.003	6.416700	0.502477	0.000000	0.837239	5.372313
0.383	0.004	6.416700	0.502477	0.000000	0.837239	5.372313
0.384	0.000	6.392270	0.506583	0.000000	0.835961	5.343690
0.384	0.001	6.392270	0.506583	0.000000	0.835961	5.343690
0.384	0.002	6.392270	0.506583	0.000000	0.835961	5.343690
0.384	0.003	6.392270	0.506583	0.000000	0.835961	5.343690
0.384	0.004	6.392270	0.506583	0.000000	0.835961	5.343690
0.385	0.000	6.368105	0.510724	0.000000	0.834693	5.315416
0.385	0.001	6.368105	0.510724	0.000000	0.834693	5.315416
0.385	0.002	6.368105	0.510724	0.000000	0.834693	5.315416
0.385	0.003	6.368105	0.510724	0.000000	0.834693	5.315416
0.385	0.004	6.368105	0.510724	0.000000	0.834693	5.315416
0.386	0.000	6.344073	0.514869	0.000000	0.833428	5.287331
0.386	0.001	6.344073	0.514869	0.000000	0.833428	5.287331
0.386	0.002	6.344073	0.514869	0.000000	0.833428	5.287331
0.386	0.003	6.344073	0.514869	0.000000	0.833428	5.287331
0.386	0.004	6.344073	0.514869	0.000000	0.833428	5.287331
0.387	0.000	6.319952	0.518989	0.000000	0.832157	5.259191
0.387	0.001	6.319952	0.518989	0.000000	0.832157	5.259191
0.387	0.002	6.319952	0.518989	0.000000	0.832157	5.259191
0.387	0.003	6.319952	0.518989	0.000000	0.832157	5.259191
0.387	0.004	6.319952	0.518989	0.000000	0.832157	5.259191
0.388	0.000	6.295754	0.523084	0.000000	0.830882	5.231026
0.388	0.001	6.295754	0.523084	0.000000	0.830882	5.231026
0.388	0.002	6.295754	0.523084	0.000000	0.830882	5.231026
0.388	0.003	6.295754	0.523084	0.000000	0.830882	5.231026
0.388	0.004	6.295754	0.523084	0.000000	0.830882	5.231026
0.389	0.000	6.271588	0.527169	0.000000	0.829604	5.202936
0.389	0.001	6.271588	0.527169	0.000000	0.829604	5.202936
0.389	0.002	6.271588	0.527169	0.000000	0.829604	5.202936
0.389	0.003	6.271588	0.527169	0.000000	0.829604	5.202936
0.389	0.004	6.271588	0.527169	0.000000	0.829604	5.202936
0.390	0.000	6.247521	0.531254	0.000000	0.828328	5.174998
0.390	0.001	6.247521	0.531254	0.000000	0.828328	5.174998
0.390	0.002	6.247521	0.531254	0.000000	0.828328	5.174998
0.390	0.003	6.247521	0.531254	0.000000	0.828328	5.174998
0.390	0.004	6.247521	0.531254	0.000000	0.828328	5.174998
0.391	0.000	6.223694	0.535375	0.000000	0.827061	5.147377
0.391	0.001	6.223694	0.535375	0.000000	0.827061	5.147377
0.391	0.002	6.223694	0.535375	0.000000	0.827061	5.147377
0.391	0.003	6.223694	0.535375	0.000000	0.827061	5.147377
0.391	0.004	6.223694	0.535375	0.000000	0.827061	5.147377
0.392	0.000	6.200304	0.539557	0.000000	0.825815	5.120301
0.392	0.001	6.200304	0.539557	0.000000	0.825815	5.120301
0.392	0.002	6.200304	0.539557	0.000000	0.825815	5.120301
0.392	0.003	6.200304	0.539557	0.000000	0.825815	5.120301
0.392	0.004	6.200304	0.539557	0.000000	0.825815	5.120301
0.393	0.000	6.177000	0.543734	0.000000	0.824568	5.093355
0.393	0.001	6.177000	0.543734	0.000000	0.824568	5.093355
0.393	0.002	6.177000	0.543734	0.000000	0.824568	5.093355
0.393	0.003	6.177000	0.543734	0.000000	0.824568	5.093355
0.393	0.004	6.177000	0.543734	0.000000	0.824568	5.093355
0.394	0.000	6.153390	0.547854	0.000000	0.823304	5.066110
0.394	0.001	6.153390	0.547854	0.000000	0.823304	5.066110
0.394	0.002	6.153390	0.547854	0.000000	0.823304	5.066110
0.394	0.003	6.153390	0.547854	0.000000	0.823304	5.066110
0.394	0.004	6.153390	0.547854	0.000000	0.823304	5.066110
0.395	0.000	6.129443	0.551901	0.000000	0.822021	5.038529
0.395	0.001	6.129443	0.551901	0.000000	0.822021	5.038529
0.395	0.002	6.129443	0.551901	0.000000	0.822021	5.038529
0.395	0.003	6.129443	0.551901	0.000000	0.822021	5.038529
0.395	0.004	6.129443	0.551901	0.000000	0.822021	5.038529
0.396	0.000	6.105521	0.555933	0.000000	0.820737	5.011028
0.396	0.001	6.105521	0.555933	0.000000	0.820737	5.011028
0.396	0.002	6.105521	0.555933	0.000000	0.820737	5.011028
0.396	0.003	6.105521	0.555933	0.000000	0.820737	5.011028
0.396	0.004	6.105521	0.555933	0.000000	0.820737	5.011028
0.397	0.000	6.081870	0.559999	0.000000	0.819464	4.983871
0.397	0.001	6.081870	0.559999	0.000000	0.819464	4.983871
0.397	0.002	6.081870	0.559999	0.000000	0.819464	4.983871
0.397	0.003	6.081870	0.559999	0.000000	0.819464	4.983871
0.397	0.004	6.081870	0.559999	0.000000	0.819464	4.983871
0.398	0.000	6.058865	0.564181	0.000000	0.818222	4.957496
0.398	0.001	6.058865	0.564181	0.000000	0.818222	4.957496
0.398	0.002	6.058865	0.564181	0.000000	0.818222	4.957496
0.398	0.003	6.058865	0.564181	0.000000	0.818222	4.957496
0.398	0.004	6.058865	0.564181	0.000000	0.818222	4.957496
0.399	0.000	6.036404	0.568424	0.000000	0.817006	4.931779
0.399	0.001	6.036404	0.568424	0.000000	0.817006	4.931779
0.399	0.002	6.036404	0.568424	0.000000	0.817006	4.931779
0.399	0.003	6.036404	0.568424	0.000000	0.817006	4.931779
0.399	0.004	6.036404	0.568424	0.000000	0.817006	4.931779
0.400	0.000	6.013506	0.572595	0.000000	0.815765	4.905606
0.400	0.001	6.013506	0.572595	0.000000	0.815765	4.905606
0.400	0.002	6.013506	0.572595	0.000000	0.815765	4.905606
0.400	0.003	6.013506	0.572595	0.000000	0.815765	4.905606
0.400	0.004	6.013506	0.572595	0.000000	0.815765	4.905606
0.401	0.000	5.989857	0.576616	0.000000	0.814482	4.878632
0.401	0.001	5.989857	0.576616	0.000000	0.814482	4.878632
0.401	0.002	5.989857	0.576616	0.000000	0.814482	4.878632
0.401	0.003	5.989857	0.576616	0.000000	0.814482	4.878632
0.401	0.004	5.989857	0.576616	0.000000	0.814482	4.878632
0.402	0.000	5.966197	0.580614	0.000000	0.813195	4.851685
0.402	0.001	5.966197	0.580614	0.000000	0.813195	4.851685
0.402	0.002	5.966197	0.580614	0.000000	0.813195	4.851685
0.402	0.003	5.966197	0.580614	0.000000	0.813195	4.851685
0.402	0.004	5.966197	0.580614	0.000000	0.813195	4.851685
0.403	0.000	5.943231	0.584739	0.000000	0.811940	4.825548
0.403	0.001	5.943231	0.584739	0.000000	0.811940	4.825548
0.403	0.002	5.943231	0.584739	0.000000	0.811940	4.825548
0.403	0.003	5.943231	0.584739	0.000000	0.811940	4.825548
0.403	0.004	5.943231	0.584739	0.000000	0.811940	4.825548
0.404	0.000	5.920875	0.588939	0.000000	0.810713	4.800132
0.404	0.001	5.920875	0.588939	0.000000	0.810713	4.800132
0.404	0.002	5.920875	0.588939	0.000000	0.810713	4.800132
0.404	0.003	5.920875	0.588939	0.000000	0.810713	4.800132
0.404	0.004	5.920875	0.588939	0.000000	0.810713	4.800132
0.405	0.000	5.898191	0.593082	0.000000	0.809466	4.774385
0.405	0.001	5.898191	0.593082	0.000000	0.809466	4.774385
0.405	0.002	5.898191	0.593082	0.000000	0.809466	4.774385
0.405	0.003	5.898191	0.593082	0.000000	0.809466	4.774385
0.405	0.004	5.898191	0.593082	0.000000	0.809466	4.774385
0.406	0.000	5.875067	0.597123	0.000000	0.808194	4.748197
0.406	0.001	5.875067	0.597123	0.000000	0.808194	4.748197
0.406	0.002	5.875067	0.597123	0.000000	0.808194	4.748197
0.406	0.003	5.875067	0.597123	0.000000	0.808194	4.748197
0.406	0.004	5.875067	0.597123	0.000000	0.808194	4.748197
0.407	0.000	5.852087	0.601179	0.000000	0.806928	4.722215
0.407	0.001	5.852087	0.601179	0.000000	0.806928	4.722215
0.407	0.002	5.852087	0.601179	0.000000	0.806928	4.722215
0.407	0.003	5.852087	0.601179	0.000000	0.806928	4.722215
0.407	0.004	5.852087	0.601179	0.000000	0.806928	4.722215
0.408	0.000	5.829710	0.605341	0.000000	0.805691	4.696943
0.408	0.001	5.829710	0.605341	0.000000	0.805691	4.696943
0.408	0.002	5.829710	0.605341	0.000000	0.805691	4.696943
0.408	0.003	5.829710	0.605341	0.000000	0.805691	4.696943
0.408	0.004	5.829710	0.605341	0.000000	0.805691	4.696943
0.409	0.000	5.807746	0.609549	0.000000	0.804472	4.672167
0.409	0.001	5.807746	0.609549	0.000000	0.804472	4.672167
0.409	0.002	5.807746	0.609549	0.000000	0.804472	4.672167
0.409	0.003	5.807746	0.609549	0.000000	0.804472	4.672167
0.409	0.004	5.807746	0.609549	0.000000	0.804472	4.672167
0.410	0.000	5.785503	0.613704	0.000000	0.803235	4.647118
0.410	0.001	5.785503	0.613704	0.000000	0.803235	4.647118
0.410	0.002	5.785503	0.613704	0.000000	0.803235	4.647118
0.410	0.003	5.785503	0.613704	0.000000	0.803235	4.647118
0.410	0.004	5.785503	0.613704	0.000000	0.803235	4.647118
0.411	0.000	5.762750	0.617755	0.000000	0.801969	4.621546
0.411	0.001	5.762750	0.617755	0.000000	0.801969	4.621546
0.411	0.002	5.762750	0.617755	0.000000	0.801969	4.621546
0.411	0.003	5.762750	0.617755	0.000000	0.801969	4.621546
0.411	0.004	5.762750	0.617755	0.000000	0.801969	4.621546
0.412	0.000	5.739871	0.621762	0.000000	0.800695	4.595887
0.412	0.001	5.739871	0.621762	0.000000	0.800695	4.595887
0.412	0.002	5.739871	0.621762	0.000000	0.800695	4.595887
0.412	0.003	5.739871	0.621762	0.000000	0.800695	4.595887
0.412	0.004	5.739871	0.621762	0.000000	0.800695	4.595887
0.413	0.000	5.717252	0.625800	0.000000	0.799431	4.570548
0.413	0.001	5.717252	0.625800	0.000000	0.799431	4.570548
0.413	0.002	5.717252	0.625800	0.000000	0.799431	4.570548
0.413	0.003	5.717252	0.625800	0.000000	0.799431	4.570548
0.413	0.004	5.717252	0.625800	0.000000	0.799431	4.570548
0.414	0.000	5.695196	0.629943	0.000000	0.798194	4.545874
0.414	0.001	5.695196	0.629943	0.000000	0.798194	4.545874
0.414	0.002	5.695196	0.629943	0.000000	0.798194	4.545874
0.414	0.003	5.695196	0.629943	0.000000	0.798194	4.545874
0.414	0.004	5.695196	0.629943	0.000000	0.798194	4.545874
0.415	0.000	5.673807	0.634186	0.000000	0.796992	4.521977
0.415	0.001	5.673807	0.634186	0.000000	0.796992	4.521977
0.415	0.002	5.673807	0.634186	0.000000	0.796992	4.521977
0.415	0.003	5.673807	0.634186	0.000000	0.796992	4.521977
0.415	0.004	5.673807	0.634186	0.000000	0.796992	4.521977
0.416	0.000	5.652421	0.638414	0.000000	0.795786	4.498115
0.416	0.001	5.652421	0.638414	0.000000	0.795786	4.498115
0.416	0.002	5.652421	0.638414	0.000000	0.795786	4.498115
0.416	0.003	5.652421	0.638414	0.000000	0.795786	4.498115
0.416	0.004	5.652421	0.638414	0.000000	0.795786	4.498115
0.417	0.000	5.630446	0.642533	0.000000	0.794546	4.473650
0.417	0.001	5.630446	0.642533	0.000000	0.794546	4.473650
0.417	0.002	5.630446	0.642533	0.000000	0.794546	4.473650
0.417	0.003	5.630446	0.642533	0.000000	0.794546	4.473650
0.417	0.004	5.630446	0.642533	0.000000	0.794546	4.473650
0.418	0.000	5.607826	0.646515	0.000000	0.793269	4.448516
0.418	0.001	5.607826	0.646515	0.000000	0.793269	4.448516
0.418	0.002	5.607826	0.646515	0.000000	0.793269	4.448516
0.418	0.003	5.607826	0.646515	0.000000	0.793269	4.448516
0.418	0.004	5.607826	0.646515	0.000000	0.793269	4.448516
0.419	0.000	5.585153	0.650463	0.000000	0.791987	4.423370
0.419	0.001	5.585153	0.650463	0.000000	0.791987	4.423370
0.419	0.002	5.585153	0.650463	0.000000	0.791987	4.423370
0.419	0.003	5.585153	0.650463	0.000000	0.791987	4.423370
0.419	0.004	5.585153	0.650463	0.000000	0.791987	4.423370
0.420	0.000	5.562906	0.654477	0.000000	0.790724	4.398724
0.420	0.001	5.562906	0.654477	0.000000	0.790724	4.398724
0.420	0.002	5.562906	0.654477	0.000000	0.790724	4.398724
0.420	0.003	5.562906	0.654477	0.000000	0.790724	4.398724
0.420	0.004	5.562906	0.654477	0.000000	0.790724	4.398724
0.421	0.000	5.541584	0.658672	0.000000	0.789510	4.375137
0.421	0.001	5.541584	0.658672	0.000000	0.789510	4.375137
0.421	0.002	5.541584	0.658672	0.000000	0.789510	4.375137
0.421	0.003	5.541584	0.658672	0.000000	0.789510	4.375137
0.421	0.004	5.541584	0.658672	0.000000	0.789510	4.375137
0.422	0.000	5.521283	0.663026	0.000000	0.788351	4.352708
0.422	0.001	5.521283	0.663026	0.000000	0.788351	4.352708
0.422	0.002	5.521283	0.663026	0.000000	0.788351	4.352708
0.422	0.003	5.521283	0.663026	0.000000	0.788351	4.352708
0.422	0.004	5.521283	0.663026	0.000000	0.788351	4.352708
0.423	0.000	5.500887	0.667346	0.000000	0.787183	4.330202
0.423	0.001	5.500887	0.667346	0.000000	0.787183	4.330202
0.423	0.002	5.500887	0.667346	0.000000	0.787183	4.330202
0.423	0.003	5.500887	0.667346	0.000000	0.787183	4.330202
0.423	0.004	5.500887	0.667346	0.000000	0.787183	4.330202
0.424	0.000	5.479218	0.671441	0.000000	0.785940	4.306335
0.424	0.001	5.479218	0.671441	0.000000	0.785940	4.306335
0.424	0.002	5.479218	0.671441	0.000000	0.785940	4.306335
0.424	0.003	5.479218	0.671441	0.000000	0.785940	4.306335
0.424	0.004	5.479218	0.671441	0.000000	0.785940	4.306335
0.425	0.000	5.456193	0.675245	0.000000	0.784617	4.281024
0.425	0.001	5.456193	0.675245	0.000000	0.784617	4.281024
0.425	0.002	5.456193	0.675245	0.000000	0.784617	4.281024
0.425	0.003	5.456193	0.675245	0.000000	0.784617	4.281024
0.425	0.004	5.456193	0.675245	0.000000	0.784617	4.281024
0.426	0.000	5.433128	0.679008	0.000000	0.783290	4.255715
0.426	0.001	5.433128	0.679008	0.000000	0.783290	4.255715
0.426	0.002	5.433128	0.679008	0.000000	0.783290	4.255715
0.426	0.003	5.433128	0.679008	0.000000	0.783290	4.255715
0.426	0.004	5.433128	0.679008	0.000000	0.783290	4.255715
0.427	0.000	5.411345	0.683023	0.000000	0.782032	4.231843
0.427	0.001	5.411345	0.683023	0.000000	0.782032	4.231843
0.427	0.002	5.411345	0.683023	0.000000	0.782032	4.231843
0.427	0.003	5.411345	0.683023	0.000000	0.782032	4.231843
0.427	0.004	5.411345	0.683023	0.000000	0.782032	4.231843
0.428	0.000	5.391733	0.687463	0.000000	0.780895	4.210380
0.428	0.001	5.391733	0.687463	0.000000	0.780895	4.210380
0.428	0.002	5.391733	0.687463	0.000000	0.780895	4.210380
0.428	0.003	5.391733	0.687463	0.000000	0.780895	4.210380
0.428	0.004	5.391733	0.687463	0.000000	0.780895	4.210380
0.429	0.000	5.373355	0.692084	0.000000	0.779828	4.190291
0.429	0.001	5.373355	0.692084	0.000000	0.779828	4.190291
0.429	0.002	5.373355	0.692084	0.000000	0.779828	4.190291
0.429	0.003	5.373355	0.692084	0.000000	0.779828	4.190291
0.429	0.004	5.373355	0.692084	0.000000	0.779828	4.190291
0.430	0.000	5.353723	0.696469	0.000000	0.778684	4.168860
0.430	0.001	5.353723	0.696469	0.000000	0.778684	4.168860
0.430	0.002	5.353723	0.696469	0.000000	0.778684	4.168860
0.430	0.003	5.353723	0.696469	0.000000	0.778684	4.168860
0.430	0.004	5.353723	0.696469	0.000000	0.778684	4.168860
0.431	0.000	5.330939	0.700271	0.000000	0.777356	4.144037
0.431	0.001	5.330939	0.700271	0.000000	0.777356	4.144037
0.431	0.002	5.330939	0.700271	0.000000	0.777356	4.144037
0.431	0.003	5.330939	0.700271	0.000000	0.777356	4.144037
0.431	0.004	5.330939	0.700271	0.000000	0.777356	4.144037
0.432	0.000	5.306227	0.703611	0.000000	0.775913	4.117170
0.432	0.001	5.306227	0.703611	0.000000	0.775913	4.117170
0.432	0.002	5.306227	0.703611	0.000000	0.775913	4.117170
0.432	0.003	5.306227	0.703611	0.000000	0.775913	4.117170
0.432	0.004	5.306227	0.703611	0.000000	0.775913	4.117170
0.433	0.000	5.282636	0.707161	0.000000	0.774530	4.091562
0.433	0.001	5.282636	0.707161	0.000000	0.774530	4.091562
0.433	0.002	5.282636	0.707161	0.000000	0.774530	4.091562
0.433	0.003	5.282636	0.707161	0.000000	0.774530	4.091562
0.433	0.004	5.282636	0.707161	0.000000	0.774530	4.091562
0.434	0.000	5.262953	0.711532	0.000000	0.773373	4.070224
0.434	0.001	5.262953	0.711532	0.000000	0.773373	4.070224
0.434	0.002	5.262953	0.711532	0.000000	0.773373	4.070224
0.434	0.003	5.262953	0.711532	0.000000	0.773373	4.070224
0.434	0.004	5.262953	0.711532	0.000000	0.773373	4.070224
0.435	0.000	5.247427	0.716645	0.000000	0.772457	4.053410
0.435	0.001	5.247427	0.716645	0.000000	0.772457	4.053410
0.435	0.002	5.247427	0.716645	0.000000	0.772457	4.053410
0.435	0.003	5.247427	0.716645	0.000000	0.772457	4.053410
0.435	0.004	5.247427	0.716645	0.000000	0.772457	4.053410
0.436	0.000	5.231564	0.721672	0.000000	0.771519	4.036250
0.436	0.001	5.231564	0.721672	0.000000	0.771519	4.036250
0.436	0.002	5.231564	0.721672	0.000000	0.771519	4.036250
0.436	0.003	5.231564	0.721672	0.000000	0.771519	4.036250
0.436	0.004	5.231564	0.721672	0.000000	0.771519	4.036250
0.437	0.000	5.210293	0.725715	0.000000	0.770261	4.013284
0.437	0.001	5.210293	0.725715	0.000000	0.770261	4.013284
0.437	0.002	5.210293	0.725715	0.000000	0.770261	4.013284
0.437	0.003	5.210293	0.725715	0.000000	0.770261	4.013284
0.437	0.004	5.210293	0.725715	0.000000	0.770261	4.013284
0.438	0.000	5.183588	0.728578	0.000000	0.768679	3.984514
0.438	0.001	5.183588	0.728578	0.000000	0.768679	3.984514
0.438	0.002	5.183588	0.728578	0.000000	0.768679	3.984514
0.438	0.003	5.183588	0.728578	0.000000	0.768679	3.984514
0.438	0.004	5.183588	0.728578	0.000000	0.768679	3.984514
0.439	0.000	5.156943	0.731404	0.000000	0.767098	3.955879
0.439	0.001	5.156943	0.731404	0.000000	0.767098	3.955879
0.439	0.002	5.156943	0.731404	0.000000	0.767098	3.955879
0.439	0.003	5.156943	0.731404	0.000000	0.767098	3.955879
0.439	0.004	5.156943	0.731404	0.000000	0.767098	3.955879
0.440	0.000	5.135681	0.735386	0.000000	0.765830	3.933059
0.440	0.001	5.135681	0.735386	0.000000	0.765830	3.933059
0.440	0.002	5.135681	0.735386	0.000000	0.765830	3.933059
0.440	0.003	5.135681	0.735386	0.000000	0.765830	3.933059
0.440	0.004	5.135681	0.735386	0.000000	0.765830	3.933059
0.441	0.000	5.121119	0.740670	0.000000	0.764960	3.917452
0.441	0.001	5.121119	0.740670	0.000000	0.764960	3.917452
0.441	0.002	5.121119	0.740670	0.000000	0.764960	3.917452
0.441	0.003	5.121119	0.740670	0.000000	0.764960	3.917452
0.441	0.004	5.121119	0.740670	0.000000	0.764960	3.917452
0.442	0.000	5.107979	0.746175	0.000000	0.764173	3.903380
0.442	0.001	5.107979	0.746175	0.000000	0.764173	3.903380
0.442	0.002	5.107979	0.746175	0.000000	0.764173	3.903380
0.442	0.003	5.107979	0.746175	0.000000	0.764173	3.903380
0.442	0.004	5.107979	0.746175	0.000000	0.764173	3.903380
0.443	0.000	5.090020	0.750777	0.000000	0.763096	3.884173
0.443	0.001	5.090020	0.750777	0.000000	0.763096	3.884173
0.443	0.002	5.090020	0.750777	0.000000	0.763096	3.884173
0.443	0.003	5.090020	0.750777	0.000000	0.763096	3.884173
0.443	0.004	5.090020	0.750777	0.000000	0.763096	3.884173
0.444	0.000	5.065611	0.754072	0.000000	0.761629	3.858115
0.444	0.001	5.065611	0.754072	0.000000	0.761629	3.858115
0.444	0.002	5.065611	0.754072	0.000000	0.761629	3.858115
0.444	0.003	5.065611	0.754072	0.000000	0.761629	3.858115
0.444	0.004	5.065611	0.754072	0.000000	0.761629	3.858115
0.445	0.000	5.039093	0.756830	0.000000	0.760031	3.829869
0.445	0.001	5.039093	0.756830	0.000000	0.760031	3.829869
0.445	0.002	5.039093	0.756830	0.000000	0.760031	3.829869
0.445	0.003	5.039093	0.756830	0.000000	0.760031	3.829869
0.445	0.004	5.039093	0.756830	0.000000	0.760031	3.829869
0.446	0.000	5.015079	0.760106	0.000000	0.758581	3.804341
0.446	0.001	5.015079	0.760106	0.000000	0.758581	3.804341
0.446	0.002	5.015079	0.760106	0.000000	0.758581	3.804341
0.446	0.003	5.015079	0.760106	0.000000	0.758581	3.804341
0.446	0.004	5.015079	0.760106	0.000000	0.758581	3.804341
0.447	0.000	4.995861	0.764397	0.000000	0.757415	3.783939
0.447	0.001	4.995861	0.764397	0.000000	0.757415	3.783939
0.447	0.002	4.995861	0.764397	0.000000	0.757415	3.783939
0.447	0.003	4.995861	0.764397	0.000000	0.757415	3.783939
0.447	0.004	4.995861	0.764397	0.000000	0.757415	3.783939
0.448	0.000	4.981104	0.769564	0.000000	0.756518	3.768292
0.448	0.001	4.981104	0.769564	0.000000	0.756518	3.768292
0.448	0.002	4.981104	0.769564	0.000000	0.756518	3.768292
0.448	0.003	4.981104	0.769564	0.000000	0.756518	3.768292
0.448	0.004	4.981104	0.769564	0.000000	0.756518	3.768292
0.449	0.000	4.967227	0.774862	0.000000	0.755672	3.753592
0.449	0.001	4.967227	0.774862	0.000000	0.755672	3.753592
0.449	0.002	4.967227	0.774862	0.000000	0.755672	3.753592
0.449	0.003	4.967227	0.774862	0.000000	0.755672	3.753592
0.449	0.004	4.967227	0.774862	0.000000	0.755672	3.753592
0.450	0.000	4.949720	0.779458	0.000000	0.754603	3.735075
0.450	0.001	4.949720	0.779458	0.000000	0.754603	3.735075
0.450	0.002	4.949720	0.779458	0.000000	0.754603	3.735075
0.450	0.003	4.949720	0.779458	0.000000	0.754603	3.735075
0.450	0.004	4.949720	0.779458	0.000000	0.754603	3.735075
0.451	0.000	4.926201	0.782819	0.000000	0.753166	3.710246
0.451	0.001	4.926201	0.782819	0.000000	0.753166	3.710246
0.451	0.002	4.926201	0.782819	0.000000	0.753166	3.710246
0.451	0.003	4.926201	0.782819	0.000000	0.753166	3.710246
0.451	0.004	4.926201	0.782819	0.000000	0.753166	3.710246
0.452	0.000	4.900055	0.785516	0.000000	0.751565	3.682709
0.452	0.001	4.900055	0.785516	0.000000	0.751565	3.682709
0.452	0.002	4.900055	0.785516	0.000000	0.751565	3.682709
0.452	0.003	4.900055	0.785516	0.000000	0.751565	3.682709
0.452	0.004	4.900055	0.785516	0.000000	0.751565	3.682709
0.453	0.000	4.876860	0.788869	0.000000	0.750140	3.658330
0.453	0.001	4.876860	0.788869	0.000000	0.750140	3.658330
0.453	0.002	4.876860	0.788869	0.000000	0.750140	3.658330
0.453	0.003	4.876860	0.788869	0.000000	0.750140	3.658330
0.453	0.004	4.876860	0.788869	0.000000	0.750140	3.658330
0.454	0.000	4.860100	0.793592	0.000000	0.749107	3.640734
0.454	0.001	4.860100	0.793592	0.000000	0.749107	3.640734
0.454	0.002	4.860100	0.793592	0.000000	0.749107	3.640734
0.454	0.003	4.860100	0.793592	0.000000	0.749107	3.640734
0.454	0.004	4.860100	0.793592	0.000000	0.749107	3.640734
0.455	0.000	4.846965	0.798993	0.000000	0.748295	3.626959
0.455	0.001	4.846965	0.798993	0.000000	0.748295	3.626959
0.455	0.002	4.846965	0.798993	0.000000	0.748295	3.626959
0.455	0.003	4.846965	0.798993	0.000000	0.748295	3.626959
0.455	0.004	4.846965	0.798993	0.000000	0.748295	3.626959
0.456	0.000	4.830664	0.803772	0.000000	0.747285	3.609884
0.456	0.001	4.830664	0.803772	0.000000	0.747285	3.609884
0.456	0.002	4.830664	0.803772	0.000000	0.747285	3.609884
0.456	0.003	4.830664	0.803772	0.000000	0.747285	3.609884
0.456	0.004	4.830664	0.803772	0.000000	0.747285	3.609884
0.457	0.000	4.807697	0.807132	0.000000	0.745860	3.585870
0.457	0.001	4.807697	0.807132	0.000000	0.745860	3.585870
0.457	0.002	4.807697	0.807132	0.000000	0.745860	3.585870
0.457	0.003	4.807697	0.807132	0.000000	0.745860	3.585870
0.457	0.004	4.807697	0.807132	0.000000	0.745860	3.585870
0.458	0.000	4.782152	0.809792	0.000000	0.744275	3.559237
0.458	0.001	4.782152	0.809792	0.000000	0.744275	3.559237
0.458	0.002	4.782152	0.809792	0.000000	0.744275	3.559237
0.458	0.003	4.782152	0.809792	0.000000	0.744275	3.559237
0.458	0.004	4.782152	0.809792	0.000000	0.744275	3.559237
0.459	0.000	4.760414	0.813261	0.000000	0.742918	3.536598
0.459	0.001	4.760414	0.813261	0.000000	0.742918	3.536598
0.459	0.002	4.760414	0.813261	0.000000	0.742918	3.536598
0.459	0.003	4.760414	0.813261	0.000000	0.742918	3.536598
0.459	0.004	4.760414	0.813261	0.000000	0.742918	3.536598
0.460	0.000	4.746139	0.818347	0.000000	0.742024	3.521750
0.460	0.001	4.746139	0.818347	0.000000	0.742024	3.521750
0.460	0.002	4.746139	0.818347	0.000000	0.742024	3.521750
0.460	0.003	4.746139	0.818347	0.000000	0.742024	3.521750
0.460	0.004	4.746139	0.818347	0.000000	0.742024	3.521750
0.461	0.000	4.736803	0.824398	0.000000	0.741438	3.512046
0.461	0.001	4.736803	0.824398	0.000000	0.741438	3.512046
0.461	0.002	4.736803	0.824398	0.000000	0.741438	3.512046
0.461	0.003	4.736803	0.824398	0.000000	0.741438	3.512046
0.461	0.004	4.736803	0.824398	0.000000	0.741438	3.512046
0.462	0.000	4.724705	0.829873	0.000000	0.740677	3.499481
0.462	0.001	4.724705	0.829873	0.000000	0.740677	3.499481
0.462	0.002	4.724705	0.829873	0.000000	0.740677	3.499481
0.462	0.003	4.724705	0.829873	0.000000	0.740677	3.499481
0.462	0.004	4.724705	0.829873	0.000000	0.740677	3.499481
0.463	0.000	4.701880	0.833139	0.000000	0.739239	3.475811
0.463	0.001	4.701880	0.833139	0.000000	0.739239	3.475811
0.463	0.002	4.701880	0.833139	0.000000	0.739239	3.475811
0.463	0.003	4.701880	0.833139	0.000000	0.739239	3.475811
0.463	0.004	4.701880	0.833139	0.000000	0.739239	3.475811
0.464	0.000	4.667456	0.833711	0.000000	0.737064	3.440215
0.464	0.001	4.667456	0.833711	0.000000	0.737064	3.440215
0.464	0.002	4.667456	0.833711	0.000000	0.737064	3.440215
0.464	0.003	4.667456	0.833711	0.000000	0.737064	3.440215
0.464	0.004	4.667456	0.833711	0.000000	0.737064	3.440215
0.465	0.000	4.633046	0.834243	0.000000	0.734889	3.404772
0.465	0.001	4.633046	0.834243	0.000000	0.734889	3.404772
0.465	0.002	4.633046	0.834243	0.000000	0.734889	3.404772
0.465	0.003	4.633046	0.834243	0.000000	0.734889	3.404772
0.465	0.004	4.633046	0.834243	0.000000	0.734889	3.404772
0.466	0.000	4.615672	0.838708	0.000000	0.733782	3.386898
0.466	0.001	4.615672	0.838708	0.000000	0.733782	3.386898
0.466	0.002	4.615672	0.838708	0.000000	0.733782	3.386898
0.466	0.003	4.615672	0.838708	0.000000	0.733782	3.386898
0.466	0.004	4.615672	0.838708	0.000000	0.733782	3.386898
0.467	0.000	4.618161	0.847382	0.000000	0.733941	3.389459
0.467	0.001	4.618161	0.847382	0.000000	0.733941	3.389459
0.467	0.002	4.618161	0.847382	0.000000	0.733941	3.389459
0.467	0.003	4.618161	0.847382	0.000000	0.733941	3.389459
0.467	0.004	4.618161	0.847382	0.000000	0.733941	3.389459
0.468	0.000	4.624482	0.856731	0.000000	0.734342	3.395949
0.468	0.001	4.624482	0.856731	0.000000	0.734342	3.395949
0.468	0.002	4.624482	0.856731	0.000000	0.734342	3.395949
0.468	0.003	4.624482	0.856731	0.000000	0.734342	3.395949
0.468	0.004	4.624482	0.856731	0.000000	0.734342	3.395949
0.469	0.000	4.609968	0.861870	0.000000	0.733416	3.381024
0.469	0.001	4.609968	0.861870	0.000000	0.733416	3.381024
0.469	0.002	4.609968	0.861870	0.000000	0.733416	3.381024
0.469	0.003	4.609968	0.861870	0.000000	0.733416	3.381024
0.469	0.004	4.609968	0.861870	0.000000	0.733416	3.381024
0.470	0.000	4.569757	0.861097	0.000000	0.730843	3.339775
0.470	0.001	4.569757	0.861097	0.000000	0.730843	3.339775
0.470	0.002	4.569757	0.861097	0.000000	0.730843	3.339775
0.470	0.003	4.569757	0.861097	0.000000	0.730843	3.339775
0.470	0.004	4.569757	0.861097	0.000000	0.730843	3.339775
0.471	0.000	4.521080	0.858216	0.000000	0.727726	3.290107
0.471	0.001	4.521080	0.858216	0.000000	0.727726	3.290107
0.471	0.002	4.521080	0.858216	0.000000	0.727726	3.290107
0.471	0.003	4.521080	0.858216	0.000000	0.727726	3.290107
0.471	0.004	4.521080	0.858216	0.000000	0.727726	3.290107
0.472	0.000	4.494452	0.860437	0.000000	0.726006	3.263001
0.472	0.001	4.494452	0.860437	0.000000	0.726006	3.263001
0.472	0.002	4.494452	0.860437	0.000000	0.726006	3.263001
0.472	0.003	4.494452	0.860437	0.000000	0.726006	3.263001
0.472	0.004	4.494452	0.860437	0.000000	0.726006	3.263001
0.473	0.000	4.494150	0.868498	0.000000	0.725987	3.262694
0.473	0.001	4.494150	0.868498	0.000000	0.725987	3.262694
0.473	0.002	4.494150	0.868498	0.000000	0.725987	3.262694
0.473	0.003	4.494150	0.868498	0.000000	0.725987	3.262694
0.473	0.004	4.494150	0.868498	0.000000	0.725987	3.262694
0.474	0.000	4.510476	0.880095	0.000000	0.727041	3.279301
0.474	0.001	4.510476	0.880095	0.000000	0.727041	3.279301
0.474	0.002	4.510476	0.880095	0.000000	0.727041	3.279301
0.474	0.003	4.510476	0.880095	0.000000	0.727041	3.279301
0.474	0.004	4.510476	0.880095	0.000000	0.727041	3.279301
0.475	0.000	4.504355	0.886912	0.000000	0.726644	3.273061
0.475	0.001	4.504355	0.886912	0.000000	0.726644	3.273061
0.475	0.002	4.504355	0.886912	0.000000	0.726644	3.273061
0.475	0.003	4.504355	0.886912	0.000000	0.726644	3.273061
0.475	0.004	4.504355	0.886912	0.000000	0.726644	3.273061
0.476	0.000	4.470816	0.887587	0.000000	0.724472	3.238980
0.476	0.001	4.470816	0.887587	0.000000	0.724472	3.238980
0.476	0.002	4.470816	0.887587	0.000000	0.724472	3.238980
0.476	0.003	4.470816	0.887587	0.000000	0.724472	3.238980
0.476	0.004	4.470816	0.887587	0.000000	0.724472	3.238980
0.477	0.000	4.418303	0.883648	0.000000	0.721055	3.185841
0.477	0.001	4.418303	0.883648	0.000000	0.721055	3.185841
0.477	0.002	4.418303	0.883648	0.000000	0.721055	3.185841
0.477	0.003	4.418303	0.883648	0.000000	0.721055	3.185841
0.477	0.004	4.418303	0.883648	0.000000	0.721055	3.185841
0.478	0.000	4.386296	0.884495	0.000000	0.718963	3.153584
0.478	0.001	4.386296	0.884495	0.000000	0.718963	3.153584
0.478	0.002	4.386296	0.884495	0.000000	0.718963	3.153584
0.478	0.003	4.386296	0.884495	0.000000	0.718963	3.153584
0.478	0.004	4.386296	0.884495	0.000000	0.718963	3.153584
0.479	0.000	4.381853	0.891620	0.000000	0.718671	3.149110
0.479	0.001	4.381853	0.891620	0.000000	0.718671	3.149110
0.479	0.002	4.381853	0.891620	0.000000	0.718671	3.149110
0.479	0.003	4.381853	0.891620	0.000000	0.718671	3.149110
0.479	0.004	4.381853	0.891620	0.000000	0.718671	3.149110
0.480	0.000	4.398829	0.903445	0.000000	0.719783	3.166203
0.480	0.001	4.398829	0.903445	0.000000	0.719783	3.166203
0.480	0.002	4.398829	0.903445	0.000000	0.719783	3.166203
0.480	0.003	4.398829	0.903445	0.000000	0.719783	3.166203
0.480	0.004	4.398829	0.903445	0.000000	0.719783	3.166203
0.481	0.000	4.398211	0.911412	0.000000	0.719738	3.165562
0.481	0.001	4.398211	0.911412	0.000000	0.719738	3.165562
0.481	0.002	4.398211	0.911412	0.000000	0.719738	3.165562
0.481	0.003	4.398211	0.911412	0.000000	0.719738	3.165562
0.481	0.004	4.398211	0.911412	0.000000	0.719738	3.165562
0.482	0.000	4.368864	0.912826	0.000000	0.717810	3.136015
0.482	0.001	4.368864	0.912826	0.000000	0.717810	3.136015
0.482	0.002	4.368864	0.912826	0.000000	0.717810	3.136015
0.482	0.003	4.368864	0.912826	0.000000	0.717810	3.136015
0.482	0.004	4.368864	0.912826	0.000000	0.717810	3.136015
0.483	0.000	4.317110	0.908838	0.000000	0.714397	3.084131
0.483	0.001	4.317110	0.908838	0.000000	0.714397	3.084131
0.483	0.002	4.317110	0.908838	0.000000	0.714397	3.084131
0.483	0.003	4.317110	0.908838	0.000000	0.714397	3.084131
0.483	0.004	4.317110	0.908838	0.000000	0.714397	3.084131
0.484	0.000	4.280401	0.908311	0.000000	0.711961	3.047477
0.484	0.001	4.280401	0.908311	0.000000	0.711961	3.047477
0.484	0.002	4.280401	0.908311	0.000000	0.711961	3.047477
0.484	0.003	4.280401	0.908311	0.000000	0.711961	3.047477
0.484	0.004	4.280401	0.908311	0.000000	0.711961	3.047477
0.485	0.000	4.272141	0.914463	0.000000	0.711410	3.039241
0.485	0.001	4.272141	0.914463	0.000000	0.711410	3.039241
0.485	0.002	4.272141	0.914463	0.000000	0.711410	3.039241
0.485	0.003	4.272141	0.914463	0.000000	0.711410	3.039241
0.485	0.004	4.272141	0.914463	0.000000	0.711410	3.039241
0.486	0.000	4.287791	0.926039	0.000000	0.712451	3.054842
0.486	0.001	4.287791	0.926039	0.000000	0.712451	3.054842
0.486	0.002	4.287791	0.926039	0.000000	0.712451	3.054842
0.486	0.003	4.287791	0.926039	0.000000	0.712451	3.054842
0.486	0.004	4.287791	0.926039	0.000000	0.712451	3.054842
0.487	0.000	4.293415	0.935334	0.000000	0.712821	3.060435
0.487	0.001	4.293415	0.935334	0.000000	0.712821	3.060435
0.487	0.002	4.293415	0.935334	0.000000	0.712821	3.060435
0.487	0.003	4.293415	0.935334	0.000000	0.712821	3.060435
0.487	0.004	4.293415	0.935334	0.000000	0.712821	3.060435
0.488	0.000	4.269612	0.937833	0.000000	0.711232	3.036683
0.488	0.001	4.269612	0.937833	0.000000	0.711232	3.036683
0.488	0.002	4.269612	0.937833	0.000000	0.711232	3.036683
0.488	0.003	4.269612	0.937833	0.000000	0.711232	3.036683
0.488	0.004	4.269612	0.937833	0.000000	0.711232	3.036683
0.489	0.000	4.221997	0.934556	0.000000	0.708050	2.989384
0.489	0.001	4.221997	0.934556	0.000000	0.708050	2.989384
0.489	0.002	4.221997	0.934556	0.000000	0.708050	2.989384
0.489	0.003	4.221997	0.934556	0.000000	0.708050	2.989384
0.489	0.004	4.221997	0.934556	0.000000	0.708050	2.989384
0.490	0.000	4.182700	0.933120	0.000000	0.705408	2.950511
0.490	0.001	4.182700	0.933120	0.000000	0.705408	2.950511
0.490	0.002	4.182700	0.933120	0.000000	0.705408	2.950511
0.490	0.003	4.182700	0.933120	0.000000	0.705408	2.950511
0.490	0.004	4.182700	0.933120	0.000000	0.705408	2.950511
0.491	0.000	4.172096	0.938490	0.000000	0.704692	2.940043
0.491	0.001	4.172096	0.938490	0.000000	0.704692	2.940043
0.491	0.002	4.172096	0.938490	0.000000	0.704692	2.940043
0.491	0.003	4.172096	0.938490	0.000000	0.704692	2.940043
0.491	0.004	4.172096	0.938490	0.000000	0.704692	2.940043
0.492	0.000	4.184639	0.949176	0.000000	0.705541	2.952435
0.492	0.001	4.184639	0.949176	0.000000	0.705541	2.952435
0.492	0.002	4.184639	0.949176	0.000000	0.705541	2.952435
0.492	0.003	4.184639	0.949176	0.000000	0.705541	2.952435
0.492	0.004	4.184639	0.949176	0.000000	0.705541	2.952435
0.493	0.000	4.188275	0.957715	0.000000	0.705783	2.956016
0.493	0.001	4.188275	0.957715	0.000000	0.705783	2.956016
0.493	0.002	4.188275	0.957715	0.000000	0.705783	2.956016
0.493	0.003	4.188275	0.957715	0.000000	0.705783	2.956016
0.493	0.004	4.188275	0.957715	0.000000	0.705783	2.956016
0.494	0.000	4.163959	0.959482	0.000000	0.704140	2.932011
0.494	0.001	4.163959	0.959482	0.000000	0.704140	2.932011
0.494	0.002	4.163959	0.959482	0.000000	0.704140	2.932011
0.494	0.003	4.163959	0.959482	0.000000	0.704140	2.932011
0.494	0.004	4.163959	0.959482	0.000000	0.704140	2.932011
0.495	0.000	4.119560	0.956142	0.000000	0.701127	2.888335
0.495	0.001	4.119560	0.956142	0.000000	0.701127	2.888335
0.495	0.002	4.119560	0.956142	0.000000	0.701127	2.888335
0.495	0.003	4.119560	0.956142	0.000000	0.701127	2.888335
0.495	0.004	4.119560	0.956142	0.000000	0.701127	2.888335
0.496	0.000	4.091157	0.956390	0.000000	0.699190	2.860497
0.496	0.001	4.091157	0.956390	0.000000	0.699190	2.860497
0.496	0.002	4.091157	0.956390	0.000000	0.699190	2.860497
0.496	0.003	4.091157	0.956390	0.000000	0.699190	2.860497
0.496	0.004	4.091157	0.956390	0.000000	0.699190	2.860497
0.497	0.000	4.089197	0.962674	0.000000	0.699057	2.858581
0.497	0.001	4.089197	0.962674	0.000000	0.699057	2.858581
0.497	0.002	4.089197	0.962674	0.000000	0.699057	2.858581
0.497	0.003	4.089197	0.962674	0.000000	0.699057	2.858581
0.497	0.004	4.089197	0.962674	0.000000	0.699057	2.858581
0.498	0.000	4.107094	0.973254	0.000000	0.700279	2.876113
0.498	0.001	4.107094	0.973254	0.000000	0.700279	2.876113
0.498	0.002	4.107094	0.973254	0.000000	0.700279	2.876113
0.498	0.003	4.107094	0.973254	0.000000	0.700279	2.876113
0.498	0.004	4.107094	0.973254	0.000000	0.700279	2.876113
0.499	0.000	4.103716	0.977921	0.000000	0.700047	2.872796
0.499	0.001	4.103716	0.977921	0.000000	0.700047	2.872796
0.499	0.002	4.103716	0.977921	0.000000	0.700047	2.872796
0.499	0.003	4.103716	0.977921	0.000000	0.700047	2.872796
0.499	0.004	4.103716	0.977921	0.000000	0.700047	2.872796
0.500	0.000	4.079656	0.976191	0.000000	0.698403	2.849242
0.500	0.001	4.079656	0.976191	0.000000	0.698403	2.849242
0.500	0.002	4.079656	0.976191	0.000000	0.698403	2.849242
0.500	0.003	4.079656	0.976191	0.000000	0.698403	2.849242
0.500	0.004	4.079656	0.976191	0.000000	0.698403	2.849242
0.501	0.000	4.045468	0.970003	0.000000	0.696057	2.815875
0.501	0.001	4.045468	0.970003	0.000000	0.696057	2.815875
0.501	0.002	4.045468	0.970003	0.000000	0.696057	2.815875
0.501	0.003	4.045468	0.970003	0.000000	0.696057	2.815875
0.501	0.004	4.045468	0.970003	0.000000	0.696057	2.815875
0.502	0.000	4.041400	0.969224	0.000000	0.695776	2.811911
0.502	0.001	4.041400	0.969224	0.000000	0.695776	2.811911
0.502	0.002	4.041400	0.969224	0.000000	0.695776	2.811911
0.502	0.003	4.041400	0.969224	0.000000	0.695776	2.811911
0.502	0.004	4.041400	0.969224	0.000000	0.695776	2.811911
0.502	0.000	4.052866	0.971493	0.000000	0.696567	2.823093
0.502	0.001	4.052866	0.971493	0.000000	0.696567	2.823093
0.502	0.002	4.052866	0.971493	0.000000	0.696567	2.823093
0.502	0.003	4.052866	0.971493	0.000000	0.696567	2.823093
0.502	0.004	4.052866	0.971493	0.000000	0.696567	2.823093
0.504	0.000	4.082428	0.978151	0.000000	0.698591	2.851947
0.504	0.001	4.082428	0.978151	0.000000	0.698591	2.851947
0.504	0.002	4.082428	0.978151	0.000000	0.698591	2.851947
0.504	0.003	4.082428	0.978151	0.000000	0.698591	2.851947
0.504	0.004	4.082428	0.978151	0.000000	0.698591	2.851947
0.505	0.000	4.087990	0.979059	0.000000	0.698970	2.857384
0.505	0.001	4.087990	0.979059	0.000000	0.698970	2.857384
0.505	0.002	4.087990	0.979059	0.000000	0.698970	2.857384
0.505	0.003	4.087990	0.979059	0.000000	0.698970	2.857384
0.505	0.004	4.087990	0.979059	0.000000	0.698970	2.857384
0.506	0.000	4.083354	0.977669	0.000000	0.698653	2.852849
0.506	0.001	4.083354	0.977669	0.000000	0.698653	2.852849
0.506	0.002	4.083354	0.977669	0.000000	0.698653	2.852849
0.506	0.003	4.083354	0.977669	0.000000	0.698653	2.852849
0.506	0.004	4.083354	0.977669	0.000000	0.698653	2.852849
0.507	0.000	4.061305	0.972004	0.000000	0.697138	2.831291
0.507	0.001	4.061305	0.972004	0.000000	0.697138	2.831291
0.507	0.002	4.061305	0.972004	0.000000	0.697138	2.831291
0.507	0.003	4.061305	0.972004	0.000000	0.697138	2.831291
0.507	0.004	4.061305	0.972004	0.000000	0.697138	2.831291
0.508	0.000	4.054747	0.969881	0.000000	0.696684	2.824878
0.508	0.001	4.054747	0.969881	0.000000	0.696684	2.824878
0.508	0.002	4.054747	0.969881	0.000000	0.696684	2.824878
0.508	0.003	4.054747	0.969881	0.000000	0.696684	2.824878
0.508	0.004	4.054747	0.969881	0.000000	0.696684	2.824878
0.509	0.000	4.058046	0.970035	0.000000	0.696910	2.828093
0.509	0.001	4.058046	0.970035	0.000000	0.696910	2.828093
0.509	0.002	4.058046	0.970035	0.000000	0.696910	2.828093
0.509	0.003	4.058046	0.970035	0.000000	0.696910	2.828093
0.509	0.004	4.058046	0.970035	0.000000	0.696910	2.828093
0.510	0.000	4.074141	0.973337	0.000000	0.698013	2.843804
0.510	0.001	4.074141	0.973337	0.000000	0.698013	2.843804
0.510	0.002	4.074141	0.973337	0.000000	0.698013	2.843804
0.510	0.003	4.074141	0.973337	0.000000	0.698013	2.843804
0.510	0.004	4.074141	0.973337	0.000000	0.698013	2.843804
0.511	0.000	4.084232	0.975309	0.000000	0.698703	2.853663
0.511	0.001	4.084232	0.975309	0.000000	0.698703	2.853663
0.511	0.002	4.084232	0.975309	0.000000	0.698703	2.853663
0.511	0.003	4.084232	0.975309	0.000000	0.698703	2.853663
0.511	0.004	4.084232	0.975309	0.000000	0.698703	2.853663
0.512	0.000	4.084611	0.975022	0.000000	0.698729	2.854035
0.512	0.001	4.084611	0.975022	0.000000	0.698729	2.854035
0.512	0.002	4.084611	0.975022	0.000000	0.698729	2.854035
0.512	0.003	4.084611	0.975022	0.000000	0.698729	2.854035
0.512	0.004	4.084611	0.975022	0.000000	0.698729	2.854035
0.513	0.000	4.077156	0.972859	0.000000	0.698219	2.846747
0.513	0.001	4.077156	0.972859	0.000000	0.698219	2.846747
0.513	0.002	4.077156	0.972859	0.000000	0.698219	2.846747
0.513	0.003	4.077156	0.972859	0.000000	0.698219	2.846747
0.513	0.004	4.077156	0.972859	0.000000	0.698219	2.846747
0.514	0.000	4.070762	0.970954	0.000000	0.697781	2.840499
0.514	0.001	4.070762	0.970954	0.000000	0.697781	2.840499
0.514	0.002	4.070762	0.970954	0.000000	0.697781	2.840499
0.514	0.003	4.070762	0.970954	0.000000	0.697781	2.840499
0.514	0.004	4.070762	0.970954	0.000000	0.697781	2.840499
0.515	0.000	4.071300	0.970754	0.000000	0.697818	2.841027
0.515	0.001	4.071300	0.970754	0.000000	0.697818	2.841027
0.515	0.002	4.071300	0.970754	0.000000	0.697818	2.841027
0.515	0.003	4.071300	0.970754	0.000000	0.697818	2.841027
0.515	0.004	4.071300	0.970754	0.000000	0.697818	2.841027
0.516	0.000	4.076218	0.971662	0.000000	0.698156	2.845838
0.516	0.001	4.076218	0.971662	0.000000	0.698156	2.845838
0.516	0.002	4.076218	0.971662	0.000000	0.698156	2.845838
0.516	0.003	4.076218	0.971662	0.000000	0.698156	2.845838
0.516	0.004	4.076218	0.971662	0.000000	0.698156	2.845838
0.516	0.000	4.080837	0.972526	0.000000	0.698473	2.850355
0.516	0.001	4.080837	0.972526	0.000000	0.698473	2.850355
0.516	0.002	4.080837	0.972526	0.000000	0.698473	2.850355
0.516	0.003	4.080837	0.972526	0.000000	0.698473	2.850355
0.516	0.004	4.080837	0.972526	0.000000	0.698473	2.850355
0.518	0.000	4.081403	0.972387	0.000000	0.698512	2.850911
0.518	0.001	4.081403	0.972387	0.000000	0.698512	2.850911
0.518	0.002	4.081403	0.972387	0.000000	0.698512	2.850911
0.518	0.003	4.081403	0.972387	0.000000	0.698512	2.850911
0.518	0.004	4.081403	0.972387	0.000000	0.698512	2.850911
0.519	0.000	4.079203	0.971537	0.000000	0.698363	2.848764
0.519	0.001	4.079203	0.971537	0.000000	0.698363	2.848764
0.519	0.002	4.079203	0.971537	0.000000	0.698363	2.848764
0.519	0.003	4.079203	0.971537	0.000000	0.698363	2.848764
0.519	0.004	4.079203	0.971537	0.000000	0.698363	2.848764
0.520	0.000	4.077742	0.970855	0.000000	0.698263	2.847337
0.520	0.001	4.077742	0.970855	0.000000	0.698263	2.847337
0.520	0.002	4.077742	0.970855	0.000000	0.698263	2.847337
0.520	0.003	4.077742	0.970855	0.000000	0.698263	2.847337
0.520	0.004	4.077742	0.970855	0.000000	0.698263	2.847337
0.521	0.000	4.078636	0.970808	0.000000	0.698325	2.848215
0.521	0.001	4.078636	0.970808	0.000000	0.698325	2.848215
0.521	0.002	4.078636	0.970808	0.000000	0.698325	2.848215
0.521	0.003	4.078636	0.970808	0.000000	0.698325	2.848215
0.521	0.004	4.078636	0.970808	0.000000	0.698325	2.848215
0.522	0.000	4.081533	0.971326	0.000000	0.698524	2.851049
0.522	0.001	4.081533	0.971326	0.000000	0.698524	2.851049
0.522	0.002	4.081533	0.971326	0.000000	0.698524	2.851049
0.522	0.003	4.081533	0.971326	0.000000	0.698524	2.851049
0.522	0.004	4.081533	0.971326	0.000000	0.698524	2.851049
0.523	0.000	4.082816	0.971480	0.000000	0.698612	2.852304
0.523	0.001	4.082816	0.971480	0.000000	0.698612	2.852304
0.523	0.002	4.082816	0.971480	0.000000	0.698612	2.852304
0.523	0.003	4.082816	0.971480	0.000000	0.698612	2.852304
0.523	0.004	4.082816	0.971480	0.000000	0.698612	2.852304
0.524	0.000	4.082587	0.971255	0.000000	0.698596	2.852079
0.524	0.001	4.082587	0.971255	0.000000	0.698596	2.852079
0.524	0.002	4.082587	0.971255	0.000000	0.698596	2.852079
0.524	0.003	4.082587	0.971255	0.000000	0.698596	2.852079
0.524	0.004	4.082587	0.971255	0.000000	0.698596	2.852079
0.525	0.000	4.080657	0.970638	0.000000	0.698463	2.850187
0.525	0.001	4.080657	0.970638	0.000000	0.698463	2.850187
0.525	0.002	4.080657	0.970638	0.000000	0.698463	2.850187
0.525	0.003	4.080657	0.970638	0.000000	0.698463	2.850187
0.525	0.004	4.080657	0.970638	0.000000	0.698463	2.850187
0.525	0.000	4.080281	0.970521	0.000000	0.698436	2.849813
0.525	0.001	4.080281	0.970521	0.000000	0.698436	2.849813
0.525	0.002	4.080281	0.970521	0.000000	0.698436	2.849813
0.525	0.003	4.080281	0.970521	0.000000	0.698436	2.849813
0.525	0.004	4.080281	0.970521	0.000000	0.698436	2.849813
0.527	0.000	4.080400	0.970738	0.000000	0.698441	2.849920
0.527	0.001	4.080400	0.970738	0.000000	0.698441	2.849920
0.527	0.002	4.080400	0.970738	0.000000	0.698441	2.849920
0.527	0.003	4.080400	0.970738	0.000000	0.698441	2.849920
0.527	0.004	4.080400	0.970738	0.000000	0.698441	2.849920
0.528	0.000	4.081264	0.971312	0.000000	0.698498	2.850756
0.528	0.001	4.081264	0.971312	0.000000	0.698498	2.850756
0.528	0.002	4.081264	0.971312	0.000000	0.698498	2.850756
0.528	0.003	4.081264	0.971312	0.000000	0.698498	2.850756
0.528	0.004	4.081264	0.971312	0.000000	0.698498	2.850756
0.529	0.000	4.081029	0.971668	0.000000	0.698480	2.850516
0.529	0.001	4.081029	0.971668	0.000000	0.698480	2.850516
0.529	0.002	4.081029	0.971668	0.000000	0.698480	2.850516
0.529	0.003	4.081029	0.971668	0.000000	0.698480	2.850516
0.529	0.004	4.081029	0.971668	0.000000	0.698480	2.850516
0.530	0.000	4.079474	0.971635	0.000000	0.698369	2.848979
0.530	0.001	4.079474	0.971635	0.000000	0.698369	2.848979
0.530	0.002	4.079474	0.971635	0.000000	0.698369	2.848979
0.530	0.003	4.079474	0.971635	0.000000	0.698369	2.848979
0.530	0.004	4.079474	0.971635	0.000000	0.698369	2.848979
0.531	0.000	4.077810	0.971470	0.000000	0.698253	2.847343
0.531	0.001	4.077810	0.971470	0.000000	0.698253	2.847343
0.531	0.002	4.077810	0.971470	0.000000	0.698253	2.847343
0.531	0.003	4.077810	0.971470	0.000000	0.698253	2.847343
0.531	0.004	4.077810	0.971470	0.000000	0.698253	2.847343
0.532	0.000	4.077560	0.971553	0.000000	0.698235	2.847094
0.532	0.001	4.077560	0.971553	0.000000	0.698235	2.847094
0.532	0.002	4.077560	0.971553	0.000000	0.698235	2.847094
0.532	0.003	4.077560	0.971553	0.000000	0.698235	2.847094
0.532	0.004	4.077560	0.971553	0.000000	0.698235	2.847094
0.533	0.000	4.078534	0.971875	0.000000	0.698298	2.848033
0.533	0.001	4.078534	0.971875	0.000000	0.698298	2.848033
0.533	0.002	4.078534	0.971875	0.000000	0.698298	2.848033
0.533	0.003	4.078534	0.971875	0.000000	0.698298	2.848033
0.533	0.004	4.078534	0.971875	0.000000	0.698298	2.848033
0.534	0.000	4.078928	0.972041	0.000000	0.698323	2.848411
0.534	0.001	4.078928	0.972041	0.000000	0.698323	2.848411
0.534	0.002	4.078928	0.972041	0.000000	0.698323	2.848411
0.534	0.003	4.078928	0.972041	0.000000	0.698323	2.848411
0.534	0.004	4.078928	0.972041	0.000000	0.698323	2.848411
0.535	0.000	4.078441	0.971990	0.000000	0.698287	2.847923
0.535	0.001	4.078441	0.971990	0.000000	0.698287	2.847923
0.535	0.002	4.078441	0.971990	0.000000	0.698287	2.847923
0.535	0.003	4.078441	0.971990	0.000000	0.698287	2.847923
0.535	0.004	4.078441	0.971990	0.000000	0.698287	2.847923
0.536	0.000	4.076408	0.971559	0.000000	0.698146	2.845927
0.536	0.001	4.076408	0.971559	0.000000	0.698146	2.845927
0.536	0.002	4.076408	0.971559	0.000000	0.698146	2.845927
0.536	0.003	4.076408	0.971559	0.000000	0.698146	2.845927
0.536	0.004	4.076408	0.971559	0.000000	0.698146	2.845927
0.537	0.000	4.075443	0.971374	0.000000	0.698077	2.844975
0.537	0.001	4.075443	0.971374	0.000000	0.698077	2.844975
0.537	0.002	4.075443	0.971374	0.000000	0.698077	2.844975
0.537	0.003	4.075443	0.971374	0.000000	0.698077	2.844975
0.537	0.004	4.075443	0.971374	0.000000	0.698077	2.844975
0.538	0.000	4.075622	0.971449	0.000000	0.698088	2.845143
0.538	0.001	4.075622	0.971449	0.000000	0.698088	2.845143
0.538	0.002	4.075622	0.971449	0.000000	0.698088	2.845143
0.538	0.003	4.075622	0.971449	0.000000	0.698088	2.845143
0.538	0.004	4.075622	0.971449	0.000000	0.698088	2.845143
0.539	0.000	4.077715	0.971980	0.000000	0.698229	2.847179
0.539	0.001	4.077715	0.971980	0.000000	0.698229	2.847179
0.539	0.002	4.077715	0.971980	0.000000	0.698229	2.847179
0.539	0.003	4.077715	0.971980	0.000000	0.698229	2.847179
0.539	0.004	4.077715	0.971980	0.000000	0.698229	2.847179
0.539	0.000	4.079698	0.972484	0.000000	0.698363	2.849111
0.539	0.001	4.079698	0.972484	0.000000	0.698363	2.849111
0.539	0.002	4.079698	0.972484	0.000000	0.698363	2.849111
0.539	0.003	4.079698	0.972484	0.000000	0.698363	2.849111
0.539	0.004	4.079698	0.972484	0.000000	0.698363	2.849111
0.541	0.000	4.079787	0.972519	0.000000	0.698368	2.849194
0.541	0.001	4.079787	0.972519	0.000000	0.698368	2.849194
0.541	0.002	4.079787	0.972519	0.000000	0.698368	2.849194
0.541	0.003	4.079787	0.972519	0.000000	0.698368	2.849194
0.541	0.004	4.079787	0.972519	0.000000	0.698368	2.849194
0.542	0.000	4.078814	0.972263	0.000000	0.698300	2.848234
0.542	0.001	4.078814	0.972263	0.000000	0.698300	2.848234
0.542	0.002	4.078814	0.972263	0.000000	0.698300	2.848234
0.542	0.003	4.078814	0.972263	0.000000	0.698300	2.848234
0.542	0.004	4.078814	0.972263	0.000000	0.698300	2.848234
0.543	0.000	4.076047	0.971526	0.000000	0.698110	2.845528
0.543	0.001	4.076047	0.971526	0.000000	0.698110	2.845528
0.543	0.002	4.076047	0.971526	0.000000	0.698110	2.845528
0.543	0.003	4.076047	0.971526	0.000000	0.698110	2.845528
0.543	0.004	4.076047	0.971526	0.000000	0.698110	2.845528
0.544	0.000	4.075628	0.971317	0.000000	0.698080	2.845115
0.544	0.001	4.075628	0.971317	0.000000	0.698080	2.845115
0.544	0.002	4.075628	0.971317	0.000000	0.698080	2.845115
0.544	0.003	4.075628	0.971317	0.000000	0.698080	2.845115
0.544	0.004	4.075628	0.971317	0.000000	0.698080	2.845115
0.545	0.000	4.076163	0.971321	0.000000	0.698116	2.845634
0.545	0.001	4.076163	0.971321	0.000000	0.698116	2.845634
0.545	0.002	4.076163	0.971321	0.000000	0.698116	2.845634
0.545	0.003	4.076163	0.971321	0.000000	0.698116	2.845634
0.545	0.004	4.076163	0.971321	0.000000	0.698116	2.845634
0.546	0.000	4.078376	0.971730	0.000000	0.698267	2.847794
0.546	0.001	4.078376	0.971730	0.000000	0.698267	2.847794
0.546	0.002	4.078376	0.971730	0.000000	0.698267	2.847794
0.546	0.003	4.078376	0.971730	0.000000	0.698267	2.847794
0.546	0.004	4.078376	0.971730	0.000000	0.698267	2.847794
0.547	0.000	4.080237	0.972065	0.000000	0.698392	2.849607
0.547	0.001	4.080237	0.972065	0.000000	0.698392	2.849607
0.547	0.002	4.080237	0.972065	0.000000	0.698392	2.849607
0.547	0.003	4.080237	0.972065	0.000000	0.698392	2.849607
0.547	0.004	4.080237	0.972065	0.000000	0.698392	2.849607
0.548	0.000	4.080547	0.972048	0.000000	0.698411	2.849900
0.548	0.001	4.080547	0.972048	0.000000	0.698411	2.849900
0.548	0.002	4.080547	0.972048	0.000000	0.698411	2.849900
0.548	0.003	4.080547	0.972048	0.000000	0.698411	2.849900
0.548	0.004	4.080547	0.972048	0.000000	0.698411	2.849900
0.549	0.000	4.080039	0.971855	0.000000	0.698373	2.849391
0.549	0.001	4.080039	0.971855	0.000000	0.698373	2.849391
0.549	0.002	4.080039	0.971855	0.000000	0.698373	2.849391
0.549	0.003	4.080039	0.971855	0.000000	0.698373	2.849391
0.549	0.004	4.080039	0.971855	0.000000	0.698373	2.849391
0.550	0.000	4.078475	0.971423	0.000000	0.698261	2.847842
0.550	0.001	4.078475	0.971423	0.000000	0.698261	2.847842
0.550	0.002	4.078475	0.971423	0.000000	0.698261	2.847842
0.550	0.003	4.078475	0.971423	0.000000	0.698261	2.847842
0.550	0.004	4.078475	0.971423	0.000000	0.698261	2.847842
0.551	0.000	4.078229	0.971316	0.000000	0.698241	2.847588
0.551	0.001	4.078229	0.971316	0.000000	0.698241	2.847588
0.551	0.002	4.078229	0.971316	0.000000	0.698241	2.847588
0.551	0.003	4.078229	0.971316	0.000000	0.698241	2.847588
0.551	0.004	4.078229	0.971316	0.000000	0.698241	2.847588
0.552	0.000	4.078448	0.971325	0.000000	0.698253	2.847788
0.552	0.001	4.078448	0.971325	0.000000	0.698253	2.847788
0.552	0.002	4.078448	0.971325	0.000000	0.698253	2.847788
0.552	0.003	4.078448	0.971325	0.000000	0.698253	2.847788
0.552	0.004	4.078448	0.971325	0.000000	0.698253	2.847788
0.553	0.000	4.079460	0.971541	0.000000	0.698317	2.848754
0.553	0.001	4.079460	0.971541	0.000000	0.698317	2.848754
0.553	0.002	4.079460	0.971541	0.000000	0.698317	2.848754
0.553	0.003	4.079460	0.971541	0.000000	0.698317	2.848754
0.553	0.004	4.079460	0.971541	0.000000	0.698317	2.848754
0.553	0.000	4.080311	0.971738	0.000000	0.698371	2.849572
0.553	0.001	4.080311	0.971738	0.000000	0.698371	2.849572
0.553	0.002	4.080311	0.971738	0.000000	0.698371	2.849572
0.553	0.003	4.080311	0.971738	0.000000	0.698371	2.849572
0.553	0.004	4.080311	0.971738	0.000000	0.698371	2.849572
0.555	0.000	4.080392	0.971769	0.000000	0.698375	2.849643
0.555	0.001	4.080392	0.971769	0.000000	0.698375	2.849643
0.555	0.002	4.080392	0.971769	0.000000	0.698375	2.849643
0.555	0.003	4.080392	0.971769	0.000000	0.698375	2.849643
0.555	0.004	4.080392	0.971769	0.000000	0.698375	2.849643
0.556	0.000	4.080285	0.971761	0.000000	0.698363	2.849522
0.556	0.001	4.080285	0.971761	0.000000	0.698363	2.849522
0.556	0.002	4.080285	0.971761	0.000000	0.698363	2.849522
0.556	0.003	4.080285	0.971761	0.000000	0.698363	2.849522
0.556	0.004	4.080285	0.971761	0.000000	0.698363	2.849522
0.557	0.000	4.079725	0.971652	0.000000	0.698321	2.848959
0.557	0.001	4.079725	0.971652	0.000000	0.698321	2.848959
0.557	0.002	4.079725	0.971652	0.000000	0.698321	2.848959
0.557	0.003	4.079725	0.971652	0.000000	0.698321	2.848959
0.557	0.004	4.079725	0.971652	0.000000	0.698321	2.848959
0.558	0.000	4.078784	0.971457	0.000000	0.698256	2.848037
0.558	0.001	4.078784	0.971457	0.000000	0.698256	2.848037
0.558	0.002	4.078784	0.971457	0.000000	0.698256	2.848037
0.558	0.003	4.078784	0.971457	0.000000	0.698256	2.848037
0.558	0.004	4.078784	0.971457	0.000000	0.698256	2.848037
0.559	0.000	4.078439	0.971406	0.000000	0.698233	2.847699
0.559	0.001	4.078439	0.971406	0.000000	0.698233	2.847699
0.559	0.002	4.078439	0.971406	0.000000	0.698233	2.847699
0.559	0.003	4.078439	0.971406	0.000000	0.698233	2.847699
0.559	0.004	4.078439	0.971406	0.000000	0.698233	2.847699
0.560	0.000	4.078290	0.971404	0.000000	0.698223	2.847555
0.560	0.001	4.078290	0.971404	0.000000	0.698223	2.847555
0.560	0.002	4.078290	0.971404	0.000000	0.698223	2.847555
0.560	0.003	4.078290	0.971404	0.000000	0.698223	2.847555
0.560	0.004	4.078290	0.971404	0.000000	0.698223	2.847555
0.561	0.000	4.078252	0.971432	0.000000	0.698221	2.847521
0.561	0.001	4.078252	0.971432	0.000000	0.698221	2.847521
0.561	0.002	4.078252	0.971432	0.000000	0.698221	2.847521
0.561	0.003	4.078252	0.971432	0.000000	0.698221	2.847521
0.561	0.004	4.078252	0.971432	0.000000	0.698221	2.847521
0.562	0.000	4.078389	0.971497	0.000000	0.698232	2.847662
0.562	0.001	4.078389	0.971497	0.000000	0.698232	2.847662
0.562	0.002	4.078389	0.971497	0.000000	0.698232	2.847662
0.562	0.003	4.078389	0.971497	0.000000	0.698232	2.847662
0.562	0.004	4.078389	0.971497	0.000000	0.698232	2.847662
0.562	0.000	4.078998	0.971673	0.000000	0.698275	2.848263
0.562	0.001	4.078998	0.971673	0.000000	0.698275	2.848263
0.562	0.002	4.078998	0.971673	0.000000	0.698275	2.848263
0.562	0.003	4.078998	0.971673	0.000000	0.698275	2.848263
0.562	0.004	4.078998	0.971673	0.000000	0.698275	2.848263
0.564	0.000	4.079358	0.971779	0.000000	0.698300	2.848617
0.564	0.001	4.079358	0.971779	0.000000	0.698300	2.848617
0.564	0.002	4.079358	0.971779	0.000000	0.698300	2.848617
0.564	0.003	4.079358	0.971779	0.000000	0.698300	2.848617
0.564	0.004	4.079358	0.971779	0.000000	0.698300	2.848617
0.565	0.000	4.079347	0.971792	0.000000	0.698300	2.848607
0.565	0.001	4.079347	0.971792	0.000000	0.698300	2.848607
0.565	0.002	4.079347	0.971792	0.000000	0.698300	2.848607
0.565	0.003	4.079347	0.971792	0.000000	0.698300	2.848607
0.565	0.004	4.079347	0.971792	0.000000	0.698300	2.848607
0.566	0.000	4.079145	0.971754	0.000000	0.698286	2.848409
0.566	0.001	4.079145	0.971754	0.000000	0.698286	2.848409
0.566	0.002	4.079145	0.971754	0.000000	0.698286	2.848409
0.566	0.003	4.079145	0.971754	0.000000	0.698286	2.848409
0.566	0.004	4.079145	0.971754	0.000000	0.698286	2.848409
0.567	0.000	4.078486	0.971604	0.000000	0.698240	2.847760
0.567	0.001	4.078486	0.971604	0.000000	0.698240	2.847760
0.567	0.002	4.078486	0.971604	0.000000	0.698240	2.847760
0.567	0.003	4.078486	0.971604	0.000000	0.698240	2.847760
0.567	0.004	4.078486	0.971604	0.000000	0.698240	2.847760
0.568	0.000	4.078224	0.971550	0.000000	0.698220	2.847498
0.568	0.001	4.078224	0.971550	0.000000	0.698220	2.847498
0.568	0.002	4.078224	0.971550	0.000000	0.698220	2.847498
0.568	0.003	4.078224	0.971550	0.000000	0.698220	2.847498
0.568	0.004	4.078224	0.971550	0.000000	0.698220	2.847498
0.569	0.000	4.078237	0.971556	0.000000	0.698220	2.847505
0.569	0.001	4.078237	0.971556	0.000000	0.698220	2.847505
0.569	0.002	4.078237	0.971556	0.000000	0.698220	2.847505
0.569	0.003	4.078237	0.971556	0.000000	0.698220	2.847505
0.569	0.004	4.078237	0.971556	0.000000	0.698220	2.847505
0.570	0.000	4.078544	0.971628	0.000000	0.698238	2.847795
0.570	0.001	4.078544	0.971628	0.000000	0.698238	2.847795
0.570	0.002	4.078544	0.971628	0.000000	0.698238	2.847795
0.570	0.003	4.078544	0.971628	0.000000	0.698238	2.847795
0.570	0.004	4.078544	0.971628	0.000000	0.698238	2.847795
0.571	0.000	4.079112	0.971757	0.000000	0.698273	2.848336
0.571	0.001	4.079112	0.971757	0.000000	0.698273	2.848336
0.571	0.002	4.079112	0.971757	0.000000	0.698273	2.848336
0.571	0.003	4.079112	0.971757	0.000000	0.698273	2.848336
0.571	0.004	4.079112	0.971757	0.000000	0.698273	2.848336
0.572	0.000	4.079244	0.971774	0.000000	0.698279	2.848452
0.572	0.001	4.079244	0.971774	0.000000	0.698279	2.848452
0.572	0.002	4.079244	0.971774	0.000000	0.698279	2.848452
0.572	0.003	4.079244	0.971774	0.000000	0.698279	2.848452
0.572	0.004	4.079244	0.971774	0.000000	0.698279	2.848452
0.573	0.000	4.079236	0.971758	0.000000	0.698276	2.848434
0.573	0.001	4.079236	0.971758	0.000000	0.698276	2.848434
0.573	0.002	4.079236	0.971758	0.000000	0.698276	2.848434
0.573	0.003	4.079236	0.971758	0.000000	0.698276	2.848434
0.573	0.004	4.079236	0.971758	0.000000	0.698276	2.848434
0.574	0.000	4.078995	0.971684	0.000000	0.698255	2.848181
0.574	0.001	4.078995	0.971684	0.000000	0.698255	2.848181
0.574	0.002	4.078995	0.971684	0.000000	0.698255	2.848181
0.574	0.003	4.078995	0.971684	0.000000	0.698255	2.848181
0.574	0.004	4.078995	0.971684	0.000000	0.698255	2.848181
0.575	0.000	4.078852	0.971635	0.000000	0.698243	2.848029
0.575	0.001	4.078852	0.971635	0.000000	0.698243	2.848029
0.575	0.002	4.078852	0.971635	0.000000	0.698243	2.848029
0.575	0.003	4.078852	0.971635	0.000000	0.698243	2.848029
0.575	0.004	4.078852	0.971635	0.000000	0.698243	2.848029
0.576	0.000	4.078892	0.971633	0.000000	0.698242	2.848053
0.576	0.001	4.078892	0.971633	0.000000	0.698242	2.848053
0.576	0.002	4.078892	0.971633	0.000000	0.698242	2.848053
0.576	0.003	4.078892	0.971633	0.000000	0.698242	2.848053
0.576	0.004	4.078892	0.971633	0.000000	0.698242	2.848053
0.576	0.000	4.079102	0.971670	0.000000	0.698251	2.848235
0.576	0.001	4.079102	0.971670	0.000000	0.698251	2.848235
0.576	0.002	4.079102	0.971670	0.000000	0.698251	2.848235
0.576	0.003	4.079102	0.971670	0.000000	0.698251	2.848235
0.576	0.004	4.079102	0.971670	0.000000	0.698251	2.848235
0.578	0.000	4.079564	0.971770	0.000000	0.698279	2.848673
0.578	0.001	4.079564	0.971770	0.000000	0.698279	2.848673
0.578	0.002	4.079564	0.971770	0.000000	0.698279	2.848673
0.578	0.003	4.079564	0.971770	0.000000	0.698279	2.848673
0.578	0.004	4.079564	0.971770	0.000000	0.698279	2.848673
0.579	0.000	4.079680	0.971790	0.000000	0.698284	2.848776
0.579	0.001	4.079680	0.971790	0.000000	0.698284	2.848776
0.579	0.002	4.079680	0.971790	0.000000	0.698284	2.848776
0.579	0.003	4.079680	0.971790	0.000000	0.698284	2.848776
0.579	0.004	4.079680	0.971790	0.000000	0.698284	2.848776
0.580	0.000	4.079676	0.971784	0.000000	0.698281	2.848760
0.580	0.001	4.079676	0.971784	0.000000	0.698281	2.848760
0.580	0.002	4.079676	0.971784	0.000000	0.698281	2.848760
0.580	0.003	4.079676	0.971784	0.000000	0.698281	2.848760
0.580	0.004	4.079676	0.971784	0.000000	0.698281	2.848760
0.581	0.000	4.079454	0.971727	0.000000	0.698261	2.848525
0.581	0.001	4.079454	0.971727	0.000000	0.698261	2.848525
0.581	0.002	4.079454	0.971727	0.000000	0.698261	2.848525
0.581	0.003	4.079454	0.971727	0.000000	0.698261	2.848525
0.581	0.004	4.079454	0.971727	0.000000	0.698261	2.848525
0.582	0.000	4.078739	0.971554	0.000000	0.698210	2.847814
0.582	0.001	4.078739	0.971554	0.000000	0.698210	2.847814
0.582	0.002	4.078739	0.971554	0.000000	0.698210	2.847814
0.582	0.003	4.078739	0.971554	0.000000	0.698210	2.847814
0.582	0.004	4.078739	0.971554	0.000000	0.698210	2.847814
0.583	0.000	4.078439	0.971479	0.000000	0.698187	2.847512
0.583	0.001	4.078439	0.971479	0.000000	0.698187	2.847512
0.583	0.002	4.078439	0.971479	0.000000	0.698187	2.847512
0.583	0.003	4.078439	0.971479	0.000000	0.698187	2.847512
0.583	0.004	4.078439	0.971479	0.000000	0.698187	2.847512
0.584	0.000	4.078420	0.971473	0.000000	0.698184	2.847488
0.584	0.001	4.078420	0.971473	0.000000	0.698184	2.847488
0.584	0.002	4.078420	0.971473	0.000000	0.698184	2.847488
0.584	0.003	4.078420	0.971473	0.000000	0.698184	2.847488
0.584	0.004	4.078420	0.971473	0.000000	0.698184	2.847488
0.585	0.000	4.078477	0.971486	0.000000	0.698185	2.847532
0.585	0.001	4.078477	0.971486	0.000000	0.698185	2.847532
0.585	0.002	4.078477	0.971486	0.000000	0.698185	2.847532
0.585	0.003	4.078477	0.971486	0.000000	0.698185	2.847532
0.585	0.004	4.078477	0.971486	0.000000	0.698185	2.847532
0.586	0.000	4.078805	0.971569	0.000000	0.698204	2.847839
0.586	0.001	4.078805	0.971569	0.000000	0.698204	2.847839
0.586	0.002	4.078805	0.971569	0.000000	0.698204	2.847839
0.586	0.003	4.078805	0.971569	0.000000	0.698204	2.847839
0.586	0.004	4.078805	0.971569	0.000000	0.698204	2.847839
0.587	0.000	4.079214	0.971672	0.000000	0.698230	2.848229
0.587	0.001	4.079214	0.971672	0.000000	0.698230	2.848229
0.587	0.002	4.079214	0.971672	0.000000	0.698230	2.848229
0.587	0.003	4.079214	0.971672	0.000000	0.698230	2.848229
0.587	0.004	4.079214	0.971672	0.000000	0.698230	2.848229
0.588	0.000	4.079284	0.971695	0.000000	0.698232	2.848288
0.588	0.001	4.079284	0.971695	0.000000	0.698232	2.848288
0.588	0.002	4.079284	0.971695	0.000000	0.698232	2.848288
0.588	0.003	4.079284	0.971695	0.000000	0.698232	2.848288
0.588	0.004	4.079284	0.971695	0.000000	0.698232	2.848288
0.589	0.000	4.079273	0.971696	0.000000	0.698228	2.848263
0.589	0.001	4.079273	0.971696	0.000000	0.698228	2.848263
0.589	0.002	4.079273	0.971696	0.000000	0.698228	2.848263
0.589	0.003	4.079273	0.971696	0.000000	0.698228	2.848263
0.589	0.004	4.079273	0.971696	0.000000	0.698228	2.848263
0.590	0.000	4.079155	0.971668	0.000000	0.698214	2.848125
0.590	0.001	4.079155	0.971668	0.000000	0.698214	2.848125
0.590	0.002	4.079155	0.971668	0.000000	0.698214	2.848125
0.590	0.003	4.079155	0.971668	0.000000	0.698214	2.848125
0.590	0.004	4.079155	0.971668	0.000000	0.698214	2.848125
0.591	0.000	4.078963	0.971624	0.000000	0.698197	2.847919
0.591	0.001	4.078963	0.971624	0.000000	0.698197	2.847919
0.591	0.002	4.078963	0.971624	0.000000	0.698197	2.847919
0.591	0.003	4.078963	0.971624	0.000000	0.698197	2.847919
0.591	0.004	4.078963	0.971624	0.000000	0.698197	2.847919
0.592	0.000	4.078929	0.971619	0.000000	0.698191	2.847873
0.592	0.001	4.078929	0.971619	0.000000	0.698191	2.847873
0.592	0.002	4.078929	0.971619	0.000000	0.698191	2.847873
0.592	0.003	4.078929	0.971619	0.000000	0.698191	2.847873
0.592	0.004	4.078929	0.971619	0.000000	0.698191	2.847873
0.593	0.000	4.078959	0.971627	0.000000	0.698189	2.847885
0.593	0.001	4.078959	0.971627	0.000000	0.698189	2.847885
0.593	0.002	4.078959	0.971627	0.000000	0.698189	2.847885
0.593	0.003	4.078959	0.971627	0.000000	0.698189	2.847885
0.593	0.004	4.078959	0.971627	0.000000	0.698189	2.847885
0.594	0.000	4.079113	0.971663	0.000000	0.698194	2.848012
0.594	0.001	4.079113	0.971663	0.000000	0.698194	2.848012
0.594	0.002	4.079113	0.971663	0.000000	0.698194	2.848012
0.594	0.003	4.079113	0.971663	0.000000	0.698194	2.848012
0.594	0.004	4.079113	0.971663	0.000000	0.698194	2.848012
0.595	0.000	4.079273	0.971696	0.000000	0.698200	2.848147
0.595	0.001	4.079273	0.971696	0.000000	0.698200	2.848147
0.595	0.002	4.079273	0.971696	0.000000	0.698200	2.848147
0.595	0.003	4.079273	0.971696	0.000000	0.698200	2.848147
0.595	0.004	4.079273	0.971696	0.000000	0.698200	2.848147
0.596	0.000	4.079310	0.971700	0.000000	0.698198	2.848166
0.596	0.001	4.079310	0.971700	0.000000	0.698198	2.848166
0.596	0.002	4.079310	0.971700	0.000000	0.698198	2.848166
0.596	0.003	4.079310	0.971700	0.000000	0.698198	2.848166
0.596	0.004	4.079310	0.971700	0.000000	0.698198	2.848166
0.597	0.000	4.079319	0.971697	0.000000	0.698195	2.848161
0.597	0.001	4.079319	0.971697	0.000000	0.698195	2.848161
0.597	0.002	4.079319	0.971697	0.000000	0.698195	2.848161
0.597	0.003	4.079319	0.971697	0.000000	0.698195	2.848161
0.597	0.004	4.079319	0.971697	0.000000	0.698195	2.848161
0.598	0.000	4.079312	0.971688	0.000000	0.698191	2.848138
0.598	0.001	4.079312	0.971688	0.000000	0.698191	2.848138
0.598	0.002	4.079312	0.971688	0.000000	0.698191	2.848138
0.598	0.003	4.079312	0.971688	0.000000	0.698191	2.848138
0.598	0.004	4.079312	0.971688	0.000000	0.698191	2.848138
0.599	0.000	4.079332	0.971687	0.000000	0.698188	2.848142
0.599	0.001	4.079332	0.971687	0.000000	0.698188	2.848142
0.599	0.002	4.079332	0.971687	0.000000	0.698188	2.848142
0.599	0.003	4.079332	0.971687	0.000000	0.698188	2.848142
0.599	0.004	4.079332	0.971687	0.000000	0.698188	2.848142
0.600	0.000	4.079390	0.971694	0.000000	0.698187	2.848175
0.600	0.001	4.079390	0.971694	0.000000	0.698187	2.848175
0.600	0.002	4.079390	0.971694	0.000000	0.698187	2.848175
0.600	0.003	4.079390	0.971694	0.000000	0.698187	2.848175
0.600	0.004	4.079390	0.971694	0.000000	0.698187	2.848175
0.601	0.000	4.079513	0.971717	0.000000	0.698191	2.848280
0.601	0.001	4.079513	0.971717	0.000000	0.698191	2.848280
0.601	0.002	4.079513	0.971717	0.000000	0.698191	2.848280
0.601	0.003	4.079513	0.971717	0.000000	0.698191	2.848280
0.601	0.004	4.079513	0.971717	0.000000	0.698191	2.848280
0.602	0.000	4.079564	0.971722	0.000000	0.698192	2.848318
0.602	0.001	4.079564	0.971722	0.000000	0.698192	2.848318
0.602	0.002	4.079564	0.971722	0.000000	0.698192	2.848318
0.602	0.003	4.079564	0.971722	0.000000	0.698192	2.848318
0.602	0.004	4.079564	0.971722	0.000000	0.698192	2.848318
0.603	0.000	4.079584	0.971716	0.000000	0.698190	2.848326
0.603	0.001	4.079584	0.971716	0.000000	0.698190	2.848326
0.603	0.002	4.079584	0.971716	0.000000	0.698190	2.848326
0.603	0.003	4.079584	0.971716	0.000000	0.698190	2.848326
0.603	0.004	4.079584	0.971716	0.000000	0.698190	2.848326
0.604	0.000	4.079538	0.971691	0.000000	0.698182	2.848261
0.604	0.001	4.079538	0.971691	0.000000	0.698182	2.848261
0.604	0.002	4.079538	0.971691	0.000000	0.698182	2.848261
0.604	0.003	4.079538	0.971691	0.000000	0.698182	2.848261
0.604	0.004	4.079538	0.971691	0.000000	0.698182	2.848261
0.605	0.000	4.079299	0.971621	0.000000	0.698162	2.848011
0.605	0.001	4.079299	0.971621	0.000000	0.698162	2.848011
0.605	0.002	4.079299	0.971621	0.000000	0.698162	2.848011
0.605	0.003	4.079299	0.971621	0.000000	0.698162	2.848011
0.605	0.004	4.079299	0.971621	0.000000	0.698162	2.848011
0.606	0.000	4.079187	0.971584	0.000000	0.698151	2.847888
0.606	0.001	4.079187	0.971584	0.000000	0.698151	2.847888
0.606	0.002	4.079187	0.971584	0.000000	0.698151	2.847888
0.606	0.003	4.079187	0.971584	0.000000	0.698151	2.847888
0.606	0.004	4.079187	0.971584	0.000000	0.698151	2.847888
0.607	0.000	4.079194	0.971578	0.000000	0.698148	2.847882
0.607	0.001	4.079194	0.971578	0.000000	0.698148	2.847882
0.607	0.002	4.079194	0.971578	0.000000	0.698148	2.847882
0.607	0.003	4.079194	0.971578	0.000000	0.698148	2.847882
0.607	0.004	4.079194	0.971578	0.000000	0.698148	2.847882
0.608	0.000	4.079244	0.971584	0.000000	0.698146	2.847908
0.608	0.001	4.079244	0.971584	0.000000	0.698146	2.847908
0.608	0.002	4.079244	0.971584	0.000000	0.698146	2.847908
0.608	0.003	4.079244	0.971584	0.000000	0.698146	2.847908
0.608	0.004	4.079244	0.971584	0.000000	0.698146	2.847908
0.609	0.000	4.079407	0.971618	0.000000	0.698153	2.848051
0.609	0.001	4.079407	0.971618	0.000000	0.698153	2.848051
0.609	0.002	4.079407	0.971618	0.000000	0.698153	2.848051
0.609	0.003	4.079407	0.971618	0.000000	0.698153	2.848051
0.609	0.004	4.079407	0.971618	0.000000	0.698153	2.848051
0.610	0.000	4.079571	0.971655	0.000000	0.698161	2.848199
0.610	0.001	4.079571	0.971655	0.000000	0.698161	2.848199
0.610	0.002	4.079571	0.971655	0.000000	0.698161	2.848199
0.610	0.003	4.079571	0.971655	0.000000	0.698161	2.848199
0.610	0.004	4.079571	0.971655	0.000000	0.698161	2.848199
0.611	0.000	4.079614	0.971661	0.000000	0.698160	2.848224
0.611	0.001	4.079614	0.971661	0.000000	0.698160	2.848224
0.611	0.002	4.079614	0.971661	0.000000	0.698160	2.848224
0.611	0.003	4.079614	0.971661	0.000000	0.698160	2.848224
0.611	0.004	4.079614	0.971661	0.000000	0.698160	2.848224
0.612	0.000	4.079616	0.971660	0.000000	0.698157	2.848213
0.612	0.001	4.079616	0.971660	0.000000	0.698157	2.848213
0.612	0.002	4.079616	0.971660	0.000000	0.698157	2.848213
0.612	0.003	4.079616	0.971660	0.000000	0.698157	2.848213
0.612	0.004	4.079616	0.971660	0.000000	0.698157	2.848213
0.613	0.000	4.079564	0.971646	0.000000	0.698147	2.848137
0.613	0.001	4.079564	0.971646	0.000000	0.698147	2.848137
0.613	0.002	4.079564	0.971646	0.000000	0.698147	2.848137
0.613	0.003	4.079564	0.971646	0.000000	0.698147	2.848137
0.613	0.004	4.079564	0.971646	0.000000	0.698147	2.848137
0.614	0.000	4.079449	0.971616	0.000000	0.698135	2.848006
0.614	0.001	4.079449	0.971616	0.000000	0.698135	2.848006
0.614	0.002	4.079449	0.971616	0.000000	0.698135	2.848006
0.614	0.003	4.079449	0.971616	0.000000	0.698135	2.848006
0.614	0.004	4.079449	0.971616	0.000000	0.698135	2.848006
0.615	0.000	4.079429	0.971611	0.000000	0.698129	2.847969
0.615	0.001	4.079429	0.971611	0.000000	0.698129	2.847969
0.615	0.002	4.079429	0.971611	0.000000	0.698129	2.847969
0.615	0.003	4.079429	0.971611	0.000000	0.698129	2.847969
0.615	0.004	4.079429	0.971611	0.000000	0.698129	2.847969
0.616	0.000	4.079439	0.971612	0.000000	0.698126	2.847963
0.616	0.001	4.079439	0.971612	0.000000	0.698126	2.847963
0.616	0.002	4.079439	0.971612	0.000000	0.698126	2.847963
0.616	0.003	4.079439	0.971612	0.000000	0.698126	2.847963
0.616	0.004	4.079439	0.971612	0.000000	0.698126	2.847963
0.617	0.000	4.079482	0.971621	0.000000	0.698123	2.847980
0.617	0.001	4.079482	0.971621	0.000000	0.698123	2.847980
0.617	0.002	4.079482	0.971621	0.000000	0.698123	2.847980
0.617	0.003	4.079482	0.971621	0.000000	0.698123	2.847980
0.617	0.004	4.079482	0.971621	0.000000	0.698123	2.847980
0.618	0.000	4.079568	0.971642	0.000000	0.698124	2.848043
0.618	0.001	4.079568	0.971642	0.000000	0.698124	2.848043
0.618	0.002	4.079568	0.971642	0.000000	0.698124	2.848043
0.618	0.003	4.079568	0.971642	0.000000	0.698124	2.848043
0.618	0.004	4.079568	0.971642	0.000000	0.698124	2.848043
0.619	0.000	4.079611	0.971649	0.000000	0.698121	2.848064
0.619	0.001	4.079611	0.971649	0.000000	0.698121	2.848064
0.619	0.002	4.079611	0.971649	0.000000	0.698121	2.848064
0.619	0.003	4.079611	0.971649	0.000000	0.698121	2.848064
0.619	0.004	4.079611	0.971649	0.000000	0.698121	2.848064
0.620	0.000	4.079626	0.971652	0.000000	0.698118	2.848059
0.620	0.001	4.079626	0.971652	0.000000	0.698118	2.848059
0.620	0.002	4.079626	0.971652	0.000000	0.698118	2.848059
0.620	0.003	4.079626	0.971652	0.000000	0.698118	2.848059
0.620	0.004	4.079626	0.971652	0.000000	0.698118	2.848059
0.621	0.000	4.079637	0.971651	0.000000	0.698112	2.848045
0.621	0.001	4.079637	0.971651	0.000000	0.698112	2.848045
0.621	0.002	4.079637	0.971651	0.000000	0.698112	2.848045
0.621	0.003	4.079637	0.971651	0.000000	0.698112	2.848045
0.621	0.004	4.079637	0.971651	0.000000	0.698112	2.848045
0.622	0.000	4.079656	0.971651	0.000000	0.698108	2.848041
0.622	0.001	4.079656	0.971651	0.000000	0.698108	2.848041
0.622	0.002	4.079656	0.971651	0.000000	0.698108	2.848041
0.622	0.003	4.079656	0.971651	0.000000	0.698108	2.848041
0.622	0.004	4.079656	0.971651	0.000000	0.698108	2.848041
0.623	0.000	4.079692	0.971654	0.000000	0.698103	2.848044
0.623	0.001	4.079692	0.971654	0.000000	0.698103	2.848044
0.623	0.002	4.079692	0.971654	0.000000	0.698103	2.848044
0.623	0.003	4.079692	0.971654	0.000000	0.698103	2.848044
0.623	0.004	4.079692	0.971654	0.000000	0.698103	2.848044
0.624	0.000	4.079752	0.971663	0.000000	0.698100	2.848074
0.624	0.001	4.079752	0.971663	0.000000	0.698100	2.848074
0.624	0.002	4.079752	0.971663	0.000000	0.698100	2.848074
0.624	0.003	4.079752	0.971663	0.000000	0.698100	2.848074
0.624	0.004	4.079752	0.971663	0.000000	0.698100	2.848074
0.625	0.000	4.079789	0.971670	0.000000	0.698098	2.848091
0.625	0.001	4.079789	0.971670	0.000000	0.698098	2.848091
0.625	0.002	4.079789	0.971670	0.000000	0.698098	2.848091
0.625	0.003	4.079789	0.971670	0.000000	0.698098	2.848091
0.625	0.004	4.079789	0.971670	0.000000	0.698098	2.848091
0.626	0.000	4.079823	0.971669	0.000000	0.698093	2.848097
0.626	0.001	4.079823	0.971669	0.000000	0.698093	2.848097
0.626	0.002	4.079823	0.971669	0.000000	0.698093	2.848097
0.626	0.003	4.079823	0.971669	0.000000	0.698093	2.848097
0.626	0.004	4.079823	0.971669	0.000000	0.698093	2.848097
0.627	0.000	4.079830	0.971667	0.000000	0.698089	2.848085
0.627	0.001	4.079830	0.971667	0.000000	0.698089	2.848085
0.627	0.002	4.079830	0.971667	0.000000	0.698089	2.848085
0.627	0.003	4.079830	0.971667	0.000000	0.698089	2.848085
0.627	0.004	4.079830	0.971667	0.000000	0.698089	2.848085
0.628	0.000	4.079832	0.971659	0.000000	0.698083	2.848062
0.628	0.001	4.079832	0.971659	0.000000	0.698083	2.848062
0.628	0.002	4.079832	0.971659	0.000000	0.698083	2.848062
0.628	0.003	4.079832	0.971659	0.000000	0.698083	2.848062
0.628	0.004	4.079832	0.971659	0.000000	0.698083	2.848062
0.629	0.000	4.079845	0.971656	0.000000	0.698079	2.848053
0.629	0.001	4.079845	0.971656	0.000000	0.698079	2.848053
0.629	0.002	4.079845	0.971656	0.000000	0.698079	2.848053
0.629	0.003	4.079845	0.971656	0.000000	0.698079	2.848053
0.629	0.004	4.079845	0.971656	0.000000	0.698079	2.848053
0.630	0.000	4.079886	0.971656	0.000000	0.698073	2.848059
0.630	0.001	4.079886	0.971656	0.000000	0.698073	2.848059
0.630	0.002	4.079886	0.971656	0.000000	0.698073	2.848059
0.630	0.003	4.079886	0.971656	0.000000	0.698073	2.848059
0.630	0.004	4.079886	0.971656	0.000000	0.698073	2.848059
0.631	0.000	4.079936	0.971659	0.000000	0.698068	2.848075
0.631	0.001	4.079936	0.971659	0.000000	0.698068	2.848075
0.631	0.002	4.079936	0.971659	0.000000	0.698068	2.848075
0.631	0.003	4.079936	0.971659	0.000000	0.698068	2.848075
0.631	0.004	4.079936	0.971659	0.000000	0.698068	2.848075
0.632	0.000	4.080016	0.971667	0.000000	0.698067	2.848125
0.632	0.001	4.080016	0.971667	0.000000	0.698067	2.848125
0.632	0.002	4.080016	0.971667	0.000000	0.698067	2.848125
0.632	0.003	4.080016	0.971667	0.000000	0.698067	2.848125
0.632	0.004	4.080016	0.971667	0.000000	0.698067	2.848125
0.633	0.000	4.080066	0.971671	0.000000	0.698064	2.848146
0.633	0.001	4.080066	0.971671	0.000000	0.698064	2.848146
0.633	0.002	4.080066	0.971671	0.000000	0.698064	2.848146
0.633	0.003	4.080066	0.971671	0.000000	0.698064	2.848146
0.633	0.004	4.080066	0.971671	0.000000	0.698064	2.848146
0.634	0.000	4.080108	0.971671	0.000000	0.698059	2.848157
0.634	0.001	4.080108	0.971671	0.000000	0.698059	2.848157
0.634	0.002	4.080108	0.971671	0.000000	0.698059	2.848157
0.634	0.003	4.080108	0.971671	0.000000	0.698059	2.848157
0.634	0.004	4.080108	0.971671	0.000000	0.698059	2.848157
0.635	0.000	4.080136	0.971669	0.000000	0.698054	2.848157
0.635	0.001	4.080136	0.971669	0.000000	0.698054	2.848157
0.635	0.002	4.080136	0.971669	0.000000	0.698054	2.848157
0.635	0.003	4.080136	0.971669	0.000000	0.698054	2.848157
0.635	0.004	4.080136	0.971669	0.000000	0.698054	2.848157
0.636	0.000	4.080160	0.971664	0.000000	0.698049	2.848150
0.636	0.001	4.080160	0.971664	0.000000	0.698049	2.848150
0.636	0.002	4.080160	0.971664	0.000000	0.698049	2.848150
0.636	0.003	4.080160	0.971664	0.000000	0.698049	2.848150
0.636	0.004	4.080160	0.971664	0.000000	0.698049	2.848150
0.637	0.000	4.080175	0.971656	0.000000	0.698041	2.848130
0.637	0.001	4.080175	0.971656	0.000000	0.698041	2.848130
0.637	0.002	4.080175	0.971656	0.000000	0.698041	2.848130
0.637	0.003	4.080175	0.971656	0.000000	0.698041	2.848130
0.637	0.004	4.080175	0.971656	0.000000	0.698041	2.848130
0.638	0.000	4.080202	0.971650	0.000000	0.698035	2.848126
0.638	0.001	4.080202	0.971650	0.000000	0.698035	2.848126
0.638	0.002	4.080202	0.971650	0.000000	0.698035	2.848126
0.638	0.003	4.080202	0.971650	0.000000	0.698035	2.848126
0.638	0.004	4.080202	0.971650	0.000000	0.698035	2.848126
0.639	0.000	4.080241	0.971647	0.000000	0.698029	2.848127
0.639	0.001	4.080241	0.971647	0.000000	0.698029	2.848127
0.639	0.002	4.080241	0.971647	0.000000	0.698029	2.848127
0.639	0.003	4.080241	0.971647	0.000000	0.698029	2.848127
0.639	0.004	4.080241	0.971647	0.000000	0.698029	2.848127
0.640	0.000	4.080284	0.971644	0.000000	0.698024	2.848135
0.640	0.001	4.080284	0.971644	0.000000	0.698024	2.848135
0.640	0.002	4.080284	0.971644	0.000000	0.698024	2.848135
0.640	0.003	4.080284	0.971644	0.000000	0.698024	2.848135
0.640	0.004	4.080284	0.971644	0.000000	0.698024	2.848135
0.641	0.000	4.080331	0.971645	0.000000	0.698020	2.848151
0.641	0.001	4.080331	0.971645	0.000000	0.698020	2.848151
0.641	0.002	4.080331	0.971645	0.000000	0.698020	2.848151
0.641	0.003	4.080331	0.971645	0.000000	0.698020	2.848151
0.641	0.004	4.080331	0.971645	0.000000	0.698020	2.848151
0.642	0.000	4.080389	0.971650	0.000000	0.698015	2.848174
0.642	0.001	4.080389	0.971650	0.000000	0.698015	2.848174
0.642	0.002	4.080389	0.971650	0.000000	0.698015	2.848174
0.642	0.003	4.080389	0.971650	0.000000	0.698015	2.848174
0.642	0.004	4.080389	0.971650	0.000000	0.698015	2.848174
0.643	0.000	4.080475	0.971658	0.000000	0.698012	2.848222
0.643	0.001	4.080475	0.971658	0.000000	0.698012	2.848222
0.643	0.002	4.080475	0.971658	0.000000	0.698012	2.848222
0.643	0.003	4.080475	0.971658	0.000000	0.698012	2.848222
0.643	0.004	4.080475	0.971658	0.000000	0.698012	2.848222
0.644	0.000	4.080547	0.971660	0.000000	0.698007	2.848252
0.644	0.001	4.080547	0.971660	0.000000	0.698007	2.848252
0.644	0.002	4.080547	0.971660	0.000000	0.698007	2.848252
0.644	0.003	4.080547	0.971660	0.000000	0.698007	2.848252
0.644	0.004	4.080547	0.971660	0.000000	0.698007	2.848252
0.645	0.000	4.080609	0.971659	0.000000	0.698001	2.848269
0.645	0.001	4.080609	0.971659	0.000000	0.698001	2.848269
0.645	0.002	4.080609	0.971659	0.000000	0.698001	2.848269
0.645	0.003	4.080609	0.971659	0.000000	0.698001	2.848269
0.645	0.004	4.080609	0.971659	0.000000	0.698001	2.848269
0.646	0.000	4.080638	0.971656	0.000000	0.697995	2.848264
0.646	0.001	4.080638	0.971656	0.000000	0.697995	2.848264
0.646	0.002	4.080638	0.971656	0.000000	0.697995	2.848264
0.646	0.003	4.080638	0.971656	0.000000	0.697995	2.848264
0.646	0.004	4.080638	0.971656	0.000000	0.697995	2.848264
0.647	0.000	4.080650	0.971647	0.000000	0.697985	2.848234
0.647	0.001	4.080650	0.971647	0.000000	0.697985	2.848234
0.647	0.002	4.080650	0.971647	0.000000	0.697985	2.848234
0.647	0.003	4.080650	0.971647	0.000000	0.697985	2.848234
0.647	0.004	4.080650	0.971647	0.000000	0.697985	2.848234
0.648	0.000	4.080634	0.971627	0.000000	0.697970	2.848160
0.648	0.001	4.080634	0.971627	0.000000	0.697970	2.848160
0.648	0.002	4.080634	0.971627	0.000000	0.697970	2.848160
0.648	0.003	4.080634	0.971627	0.000000	0.697970	2.848160
0.648	0.004	4.080634	0.971627	0.000000	0.697970	2.848160
0.649	0.000	4.080644	0.971617	0.000000	0.697961	2.848132
0.649	0.001	4.080644	0.971617	0.000000	0.697961	2.848132
0.649	0.002	4.080644	0.971617	0.000000	0.697961	2.848132
0.649	0.003	4.080644	0.971617	0.000000	0.697961	2.848132
0.649	0.004	4.080644	0.971617	0.000000	0.697961	2.848132
0.650	0.000	4.080702	0.971616	0.000000	0.697951	2.848129
0.650	0.001	4.080702	0.971616	0.000000	0.697951	2.848129
0.650	0.002	4.080702	0.971616	0.000000	0.697951	2.848129
0.650	0.003	4.080702	0.971616	0.000000	0.697951	2.848129
0.650	0.004	4.080702	0.971616	0.000000	0.697951	2.848129
0.651	0.000	4.080767	0.971617	0.000000	0.697940	2.848130
0.651	0.001	4.080767	0.971617	0.000000	0.697940	2.848130
0.651	0.002	4.080767	0.971617	0.000000	0.697940	2.848130
0.651	0.003	4.080767	0.971617	0.000000	0.697940	2.848130
0.651	0.004	4.080767	0.971617	0.000000	0.697940	2.848130
0.652	0.000	4.080837	0.971623	0.000000	0.697932	2.848148
0.652	0.001	4.080837	0.971623	0.000000	0.697932	2.848148
0.652	0.002	4.080837	0.971623	0.000000	0.697932	2.848148
0.652	0.003	4.080837	0.971623	0.000000	0.697932	2.848148
0.652	0.004	4.080837	0.971623	0.000000	0.697932	2.848148
0.653	0.000	4.080940	0.971637	0.000000	0.697926	2.848195
0.653	0.001	4.080940	0.971637	0.000000	0.697926	2.848195
0.653	0.002	4.080940	0.971637	0.000000	0.697926	2.848195
0.653	0.003	4.080940	0.971637	0.000000	0.697926	2.848195
0.653	0.004	4.080940	0.971637	0.000000	0.697926	2.848195
0.654	0.000	4.080996	0.971645	0.000000	0.697918	2.848202
0.654	0.001	4.080996	0.971645	0.000000	0.697918	2.848202
0.654	0.002	4.080996	0.971645	0.000000	0.697918	2.848202
0.654	0.003	4.080996	0.971645	0.000000	0.697918	2.848202
0.654	0.004	4.080996	0.971645	0.000000	0.697918	2.848202
0.655	0.000	4.081021	0.971654	0.000000	0.697912	2.848192
0.655	0.001	4.081021	0.971654	0.000000	0.697912	2.848192
0.655	0.002	4.081021	0.971654	0.000000	0.697912	2.848192
0.655	0.003	4.081021	0.971654	0.000000	0.697912	2.848192
0.655	0.004	4.081021	0.971654	0.000000	0.697912	2.848192
0.656	0.000	4.081049	0.971658	0.000000	0.697901	2.848170
0.656	0.001	4.081049	0.971658	0.000000	0.697901	2.848170
0.656	0.002	4.081049	0.971658	0.000000	0.697901	2.848170
0.656	0.003	4.081049	0.971658	0.000000	0.697901	2.848170
0.656	0.004	4.081049	0.971658	0.000000	0.697901	2.848170
0.657	0.000	4.081074	0.971657	0.000000	0.697888	2.848132
0.657	0.001	4.081074	0.971657	0.000000	0.697888	2.848132
0.657	0.002	4.081074	0.971657	0.000000	0.697888	2.848132
0.657	0.003	4.081074	0.971657	0.000000	0.697888	2.848132
0.657	0.004	4.081074	0.971657	0.000000	0.697888	2.848132
0.658	0.000	4.081075	0.971650	0.000000	0.697873	2.848073
0.658	0.001	4.081075	0.971650	0.000000	0.697873	2.848073
0.658	0.002	4.081075	0.971650	0.000000	0.697873	2.848073
0.658	0.003	4.081075	0.971650	0.000000	0.697873	2.848073
0.658	0.004	4.081075	0.971650	0.000000	0.697873	2.848073
0.659	0.000	4.081063	0.971643	0.000000	0.697862	2.848020
0.659	0.001	4.081063	0.971643	0.000000	0.697862	2.848020
0.659	0.002	4.081063	0.971643	0.000000	0.697862	2.848020
0.659	0.003	4.081063	0.971643	0.000000	0.697862	2.848020
0.659	0.004	4.081063	0.971643	0.000000	0.697862	2.848020
0.660	0.000	4.081065	0.971642	0.000000	0.697854	2.847988
0.660	0.001	4.081065	0.971642	0.000000	0.697854	2.847988
0.660	0.002	4.081065	0.971642	0.000000	0.697854	2.847988
0.660	0.003	4.081065	0.971642	0.000000	0.697854	2.847988
0.660	0.004	4.081065	0.971642	0.000000	0.697854	2.847988
0.661	0.000	4.081086	0.971645	0.000000	0.697847	2.847976
0.661	0.001	4.081086	0.971645	0.000000	0.697847	2.847976
0.661	0.002	4.081086	0.971645	0.000000	0.697847	2.847976
0.661	0.003	4.081086	0.971645	0.000000	0.697847	2.847976
0.661	0.004	4.081086	0.971645	0.000000	0.697847	2.847976
0.662	0.000	4.081144	0.971651	0.000000	0.697838	2.847978
0.662	0.001	4.081144	0.971651	0.000000	0.697838	2.847978
0.662	0.002	4.081144	0.971651	0.000000	0.697838	2.847978
0.662	0.003	4.081144	0.971651	0.000000	0.697838	2.847978
0.662	0.004	4.081144	0.971651	0.000000	0.697838	2.847978
0.663	0.000	4.081241	0.971657	0.000000	0.697829	2.848008
0.663	0.001	4.081241	0.971657	0.000000	0.697829	2.848008
0.663	0.002	4.081241	0.971657	0.000000	0.697829	2.848008
0.663	0.003	4.081241	0.971657	0.000000	0.697829	2.848008
0.663	0.004	4.081241	0.971657	0.000000	0.697829	2.848008
0.664	0.000	4.081362	0.971669	0.000000	0.697821	2.848059
0.664	0.001	4.081362	0.971669	0.000000	0.697821	2.848059
0.664	0.002	4.081362	0.971669	0.000000	0.697821	2.848059
0.664	0.003	4.081362	0.971669	0.000000	0.697821	2.848059
0.664	0.004	4.081362	0.971669	0.000000	0.697821	2.848059
0.665	0.000	4.081451	0.971673	0.000000	0.697811	2.848080
0.665	0.001	4.081451	0.971673	0.000000	0.697811	2.848080
0.665	0.002	4.081451	0.971673	0.000000	0.697811	2.848080
0.665	0.003	4.081451	0.971673	0.000000	0.697811	2.848080
0.665	0.004	4.081451	0.971673	0.000000	0.697811	2.848080
0.666	0.000	4.081533	0.971673	0.000000	0.697800	2.848094
0.666	0.001	4.081533	0.971673	0.000000	0.697800	2.848094
0.666	0.002	4.081533	0.971673	0.000000	0.697800	2.848094
0.666	0.003	4.081533	0.971673	0.000000	0.697800	2.848094
0.666	0.004	4.081533	0.971673	0.000000	0.697800	2.848094
0.667	0.000	4.081590	0.971670	0.000000	0.697790	2.848093
0.667	0.001	4.081590	0.971670	0.000000	0.697790	2.848093
0.667	0.002	4.081590	0.971670	0.000000	0.697790	2.848093
0.667	0.003	4.081590	0.971670	0.000000	0.697790	2.848093
0.667	0.004	4.081590	0.971670	0.000000	0.697790	2.848093
0.668	0.000	4.081626	0.971664	0.000000	0.697779	2.848074
0.668	0.001	4.081626	0.971664	0.000000	0.697779	2.848074
0.668	0.002	4.081626	0.971664	0.000000	0.697779	2.848074
0.668	0.003	4.081626	0.971664	0.000000	0.697779	2.848074
0.668	0.004	4.081626	0.971664	0.000000	0.697779	2.848074
0.669	0.000	4.081647	0.971653	0.000000	0.697771	2.848055
0.669	0.001	4.081647	0.971653	0.000000	0.697771	2.848055
0.669	0.002	4.081647	0.971653	0.000000	0.697771	2.848055
0.669	0.003	4.081647	0.971653	0.000000	0.697771	2.848055
0.669	0.004	4.081647	0.971653	0.000000	0.697771	2.848055
0.670	0.000	4.081671	0.971648	0.000000	0.697767	2.848056
0.670	0.001	4.081671	0.971648	0.000000	0.697767	2.848056
0.670	0.002	4.081671	0.971648	0.000000	0.697767	2.848056
0.670	0.003	4.081671	0.971648	0.000000	0.697767	2.848056
0.670	0.004	4.081671	0.971648	0.000000	0.697767	2.848056
0.671	0.000	4.081699	0.971642	0.000000	0.697767	2.848075
0.671	0.001	4.081699	0.971642	0.000000	0.697767	2.848075
0.671	0.002	4.081699	0.971642	0.000000	0.697767	2.848075
0.671	0.003	4.081699	0.971642	0.000000	0.697767	2.848075
0.671	0.004	4.081699	0.971642	0.000000	0.697767	2.848075
0.672	0.000	4.081723	0.971642	0.000000	0.697772	2.848111
0.672	0.001	4.081723	0.971642	0.000000	0.697772	2.848111
0.672	0.002	4.081723	0.971642	0.000000	0.697772	2.848111
0.672	0.003	4.081723	0.971642	0.000000	0.697772	2.848111
0.672	0.004	4.081723	0.971642	0.000000	0.697772	2.848111
0.673	0.000	4.081744	0.971647	0.000000	0.697782	2.848169
0.673	0.001	4.081744	0.971647	0.000000	0.697782	2.848169
0.673	0.002	4.081744	0.971647	0.000000	0.697782	2.848169
0.673	0.003	4.081744	0.971647	0.000000	0.697782	2.848169
0.673	0.004	4.081744	0.971647	0.000000	0.697782	2.848169
0.674	0.000	4.081744	0.971653	0.000000	0.697790	2.848200
0.674	0.001	4.081744	0.971653	0.000000	0.697790	2.848200
0.674	0.002	4.081744	0.971653	0.000000	0.697790	2.848200
0.674	0.003	4.081744	0.971653	0.000000	0.697790	2.848200
0.674	0.004	4.081744	0.971653	0.000000	0.697790	2.848200
0.675	0.000	4.081694	0.971654	0.000000	0.697799	2.848201
0.675	0.001	4.081694	0.971654	0.000000	0.697799	2.848201
0.675	0.002	4.081694	0.971654	0.000000	0.697799	2.848201
0.675	0.003	4.081694	0.971654	0.000000	0.697799	2.848201
0.675	0.004	4.081694	0.971654	0.000000	0.697799	2.848201
0.676	0.000	4.081564	0.971652	0.000000	0.697818	2.848190
0.676	0.001	4.081564	0.971652	0.000000	0.697818	2.848190
0.676	0.002	4.081564	0.971652	0.000000	0.697818	2.848190
0.676	0.003	4.081564	0.971652	0.000000	0.697818	2.848190
0.676	0.004	4.081564	0.971652	0.000000	0.697818	2.848190
0.677	0.000	4.081321	0.971643	0.000000	0.697848	2.848143
0.677	0.001	4.081321	0.971643	0.000000	0.697848	2.848143
0.677	0.002	4.081321	0.971643	0.000000	0.697848	2.848143
0.677	0.003	4.081321	0.971643	0.000000	0.697848	2.848143
0.677	0.004	4.081321	0.971643	0.000000	0.697848	2.848143
0.678	0.000	4.080925	0.971627	0.000000	0.697897	2.848065
0.678	0.001	4.080925	0.971627	0.000000	0.697897	2.848065
0.678	0.002	4.080925	0.971627	0.000000	0.697897	2.848065
0.678	0.003	4.080925	0.971627	0.000000	0.697897	2.848065
0.678	0.004	4.080925	0.971627	0.000000	0.697897	2.848065
0.679	0.000	4.080410	0.971623	0.000000	0.697978	2.848038
0.679	0.001	4.080410	0.971623	0.000000	0.697978	2.848038
0.679	0.002	4.080410	0.971623	0.000000	0.697978	2.848038
0.679	0.003	4.080410	0.971623	0.000000	0.697978	2.848038
0.679	0.004	4.080410	0.971623	0.000000	0.697978	2.848038
0.680	0.000	4.079665	0.971623	0.000000	0.698104	2.848029
0.680	0.001	4.079665	0.971623	0.000000	0.698104	2.848029
0.680	0.002	4.079665	0.971623	0.000000	0.698104	2.848029
0.680	0.003	4.079665	0.971623	0.000000	0.698104	2.848029
0.680	0.004	4.079665	0.971623	0.000000	0.698104	2.848029
0.681	0.000	4.078475	0.971627	0.000000	0.698307	2.848030
0.681	0.001	4.078475	0.971627	0.000000	0.698307	2.848030
0.681	0.002	4.078475	0.971627	0.000000	0.698307	2.848030
0.681	0.003	4.078475	0.971627	0.000000	0.698307	2.848030
0.681	0.004	4.078475	0.971627	0.000000	0.698307	2.848030
0.682	0.000	4.076576	0.971636	0.000000	0.698639	2.848057
0.682	0.001	4.076576	0.971636	0.000000	0.698639	2.848057
0.682	0.002	4.076576	0.971636	0.000000	0.698639	2.848057
0.682	0.003	4.076576	0.971636	0.000000	0.698639	2.848057
0.682	0.004	4.076576	0.971636	0.000000	0.698639	2.848057
0.683	0.000	4.073537	0.971653	0.000000	0.699174	2.848113
0.683	0.001	4.073537	0.971653	0.000000	0.699174	2.848113
0.683	0.002	4.073537	0.971653	0.000000	0.699174	2.848113
0.683	0.003	4.073537	0.971653	0.000000	0.699174	2.848113
0.683	0.004	4.073537	0.971653	0.000000	0.699174	2.848113
0.684	0.000	4.068569	0.971658	0.000000	0.700032	2.848128
0.684	0.001	4.068569	0.971658	0.000000	0.700032	2.848128
0.684	0.002	4.068569	0.971658	0.000000	0.700032	2.848128
0.684	0.003	4.068569	0.971658	0.000000	0.700032	2.848128
0.684	0.004	4.068569	0.971658	0.000000	0.700032	2.848128
0.685	0.000	4.060559	0.971660	0.000000	0.701413	2.848127
0.685	0.001	4.060559	0.971660	0.000000	0.701413	2.848127
0.685	0.002	4.060559	0.971660	0.000000	0.701413	2.848127
0.685	0.003	4.060559	0.971660	0.000000	0.701413	2.848127
0.685	0.004	4.060559	0.971660	0.000000	0.701413	2.848127
0.686	0.000	4.047808	0.971658	0.000000	0.703620	2.848119
0.686	0.001	4.047808	0.971658	0.000000	0.703620	2.848119
0.686	0.002	4.047808	0.971658	0.000000	0.703620	2.848119
0.686	0.003	4.047808	0.971658	0.000000	0.703620	2.848119
0.686	0.004	4.047808	0.971658	0.000000	0.703620	2.848119
0.687	0.000	4.027575	0.971648	0.000000	0.707146	2.848085
0.687	0.001	4.027575	0.971648	0.000000	0.707146	2.848085
0.687	0.002	4.027575	0.971648	0.000000	0.707146	2.848085
0.687	0.003	4.027575	0.971648	0.000000	0.707146	2.848085
0.687	0.004	4.027575	0.971648	0.000000	0.707146	2.848085
0.688	0.000	3.995707	0.971639	0.000000	0.712778	2.848051
0.688	0.001	3.995707	0.971639	0.000000	0.712778	2.848051
0.688	0.002	3.995707	0.971639	0.000000	0.712778	2.848051
0.688	0.003	3.995707	0.971639	0.000000	0.712778	2.848051
0.688	0.004	3.995707	0.971639	0.000000	0.712778	2.848051
0.689	0.000	3.946053	0.971637	0.000000	0.721746	2.848046
0.689	0.001	3.946053	0.971637	0.000000	0.721746	2.848046
0.689	0.002	3.946053	0.971637	0.000000	0.721746	2.848046
0.689	0.003	3.946053	0.971637	0.000000	0.721746	2.848046
0.689	0.004	3.946053	0.971637	0.000000	0.721746	2.848046
0.690	0.000	3.869503	0.971637	0.000000	0.736024	2.848049
0.690	0.001	3.869503	0.971637	0.000000	0.736024	2.848049
0.690	0.002	3.869503	0.971637	0.000000	0.736024	2.848049
0.690	0.003	3.869503	0.971637	0.000000	0.736024	2.848049
0.690	0.004	3.869503	0.971637	0.000000	0.736024	2.848049
0.691	0.000	3.753112	0.971640	0.000000	0.758854	2.848062
0.691	0.001	3.753112	0.971640	0.000000	0.758854	2.848062
0.691	0.002	3.753112	0.971640	0.000000	0.758854	2.848062
0.691	0.003	3.753112	0.971640	0.000000	0.758854	2.848062
0.691	0.004	3.753112	0.971640	0.000000	0.758854	2.848062
0.692	0.000	3.579218	0.971650	0.000000	0.795731	2.848097
0.692	0.001	3.579218	0.971650	0.000000	0.795731	2.848097
0.692	0.002	3.579218	0.971650	0.000000	0.795731	2.848097
0.692	0.003	3.579218	0.971650	0.000000	0.795731	2.848097
0.692	0.004	3.579218	0.971650	0.000000	0.795731	2.848097
0.693	0.000	3.324708	0.971654	0.000000	0.856649	2.848108
0.693	0.001	3.324708	0.971654	0.000000	0.856649	2.848108
0.693	0.002	3.324708	0.971654	0.000000	0.856649	2.848108
0.693	0.003	3.324708	0.971654	0.000000	0.856649	2.848108
0.693	0.004	3.324708	0.971654	0.000000	0.856649	2.848108
0.694	0.000	2.968794	0.971655	0.000000	0.959349	2.848108
0.694	0.001	2.968794	0.971655	0.000000	0.959349	2.848108
0.694	0.002	2.968794	0.971655	0.000000	0.959349	2.848108
0.694	0.003	2.968794	0.971655	0.000000	0.959349	2.848108
0.694	0.004	2.968794	0.971655	0.000000	0.959349	2.848108
0.695	0.000	2.610624	0.971654	0.000000	1.090968	2.848107
0.695	0.001	2.610624	0.971654	0.000000	1.090968	2.848107
0.695	0.002	2.610624	0.971654	0.000000	1.090968	2.848107
0.695	0.003	2.610624	0.971654	0.000000	1.090968	2.848107
0.695	0.004	2.610624	0.971654	0.000000	1.090968	2.848107
0.696	0.000	2.387310	0.971651	0.000000	1.193018	2.848102
0.696	0.001	2.387310	0.971651	0.000000	1.193018	2.848102
0.696	0.002	2.387310	0.971651	0.000000	1.193018	2.848102
0.696	0.003	2.387310	0.971651	0.000000	1.193018	2.848102
0.696	0.004	2.387310	0.971651	0.000000	1.193018	2.848102
0.697	0.000	2.250511	0.971640	0.000000	1.265523	2.848074
0.697	0.001	2.250511	0.971640	0.000000	1.265523	2.848074
0.697	0.002	2.250511	0.971640	0.000000	1.265523	2.848074
0.697	0.003	2.250511	0.971640	0.000000	1.265523	2.848074
0.697	0.004	2.250511	0.971640	0.000000	1.265523	2.848074
0.698	0.000	2.166528	0.971629	0.000000	1.314566	2.848045
0.698	0.001	2.166528	0.971629	0.000000	1.314566	2.848045
0.698	0.002	2.166528	0.971629	0.000000	1.314566	2.848045
0.698	0.003	2.166528	0.971629	0.000000	1.314566	2.848045
0.698	0.004	2.166528	0.971629	0.000000	1.314566	2.848045
0.699	0.000	2.115258	0.971627	0.000000	1.346427	2.848041
0.699	0.001	2.115258	0.971627	0.000000	1.346427	2.848041
0.699	0.002	2.115258	0.971627	0.000000	1.346427	2.848041
0.699	0.003	2.115258	0.971627	0.000000	1.346427	2.848041
0.699	0.004	2.115258	0.971627	0.000000	1.346427	2.848041
0.700	0.000	2.084339	0.971625	0.000000	1.366400	2.848040
0.700	0.001	2.084339	0.971625	0.000000	1.366400	2.848040
0.700	0.002	2.084339	0.971625	0.000000	1.366400	2.848040
0.700	0.003	2.084339	0.971625	0.000000	1.366400	2.848040
0.700	0.004	2.084339	0.971625	0.000000	1.366400	2.848040
0.701	0.000	2.066031	0.971624	0.000000	1.378509	2.848042
0.701	0.001	2.066031	0.971624	0.000000	1.378509	2.848042
0.701	0.002	2.066031	0.971624	0.000000	1.378509	2.848042
0.701	0.003	2.066031	0.971624	0.000000	1.378509	2.848042
0.701	0.004	2.066031	0.971624	0.000000	1.378509	2.848042
0.702	0.000	2.055453	0.971625	0.000000	1.385607	2.848050
0.702	0.001	2.055453	0.971625	0.000000	1.385607	2.848050
0.702	0.002	2.055453	0.971625	0.000000	1.385607	2.848050
0.702	0.003	2.055453	0.971625	0.000000	1.385607	2.848050
0.702	0.004	2.055453	0.971625	0.000000	1.385607	2.848050
0.703	0.000	2.049546	0.971629	0.000000	1.389610	2.848070
0.703	0.001	2.049546	0.971629	0.000000	1.389610	2.848070
0.703	0.002	2.049546	0.971629	0.000000	1.389610	2.848070
0.703	0.003	2.049546	0.971629	0.000000	1.389610	2.848070
0.703	0.004	2.049546	0.971629	0.000000	1.389610	2.848070
0.704	0.000	2.046402	0.971643	0.000000	1.391770	2.848121
0.704	0.001	2.046402	0.971643	0.000000	1.391770	2.848121
0.704	0.002	2.046402	0.971643	0.000000	1.391770	2.848121
0.704	0.003	2.046402	0.971643	0.000000	1.391770	2.848121
0.704	0.004	2.046402	0.971643	0.000000	1.391770	2.848121
0.705	0.000	2.044827	0.971646	0.000000	1.392852	2.848141
0.705	0.001	2.044827	0.971646	0.000000	1.392852	2.848141
0.705	0.002	2.044827	0.971646	0.000000	1.392852	2.848141
0.705	0.003	2.044827	0.971646	0.000000	1.392852	2.848141
0.705	0.004	2.044827	0.971646	0.000000	1.392852	2.848141
0.706	0.000	2.044114	0.971646	0.000000	1.393344	2.848155
0.706	0.001	2.044114	0.971646	0.000000	1.393344	2.848155
0.706	0.002	2.044114	0.971646	0.000000	1.393344	2.848155
0.706	0.003	2.044114	0.971646	0.000000	1.393344	2.848155
0.706	0.004	2.044114	0.971646	0.000000	1.393344	2.848155
0.707	0.000	2.043844	0.971644	0.000000	1.393534	2.848165
0.707	0.001	2.043844	0.971644	0.000000	1.393534	2.848165
0.707	0.002	2.043844	0.971644	0.000000	1.393534	2.848165
0.707	0.003	2.043844	0.971644	0.000000	1.393534	2.848165
0.707	0.004	2.043844	0.971644	0.000000	1.393534	2.848165
0.708	0.000	2.043775	0.971639	0.000000	1.393582	2.848168
0.708	0.001	2.043775	0.971639	0.000000	1.393582	2.848168
0.708	0.002	2.043775	0.971639	0.000000	1.393582	2.848168
0.708	0.003	2.043775	0.971639	0.000000	1.393582	2.848168
0.708	0.004	2.043775	0.971639	0.000000	1.393582	2.848168
0.709	0.000	2.043779	0.971632	0.000000	1.393578	2.848166
0.709	0.001	2.043779	0.971632	0.000000	1.393578	2.848166
0.709	0.002	2.043779	0.971632	0.000000	1.393578	2.848166
0.709	0.003	2.043779	0.971632	0.000000	1.393578	2.848166
0.709	0.004	2.043779	0.971632	0.000000	1.393578	2.848166
0.710	0.000	2.043823	0.971620	0.000000	1.393538	2.848144
0.710	0.001	2.043823	0.971620	0.000000	1.393538	2.848144
0.710	0.002	2.043823	0.971620	0.000000	1.393538	2.848144
0.710	0.003	2.043823	0.971620	0.000000	1.393538	2.848144
0.710	0.004	2.043823	0.971620	0.000000	1.393538	2.848144
0.711	0.000	2.043956	0.971610	0.000000	1.393440	2.848129
0.711	0.001	2.043956	0.971610	0.000000	1.393440	2.848129
0.711	0.002	2.043956	0.971610	0.000000	1.393440	2.848129
0.711	0.003	2.043956	0.971610	0.000000	1.393440	2.848129
0.711	0.004	2.043956	0.971610	0.000000	1.393440	2.848129
0.712	0.000	2.044183	0.971604	0.000000	1.393283	2.848125
0.712	0.001	2.044183	0.971604	0.000000	1.393283	2.848125
0.712	0.002	2.044183	0.971604	0.000000	1.393283	2.848125
0.712	0.003	2.044183	0.971604	0.000000	1.393283	2.848125
0.712	0.004	2.044183	0.971604	0.000000	1.393283	2.848125
0.713	0.000	2.044331	0.971602	0.000000	1.393184	2.848129
0.713	0.001	2.044331	0.971602	0.000000	1.393184	2.848129
0.713	0.002	2.044331	0.971602	0.000000	1.393184	2.848129
0.713	0.003	2.044331	0.971602	0.000000	1.393184	2.848129
0.713	0.004	2.044331	0.971602	0.000000	1.393184	2.848129
0.714	0.000	2.044374	0.971604	0.000000	1.393158	2.848136
0.714	0.001	2.044374	0.971604	0.000000	1.393158	2.848136
0.714	0.002	2.044374	0.971604	0.000000	1.393158	2.848136
0.714	0.003	2.044374	0.971604	0.000000	1.393158	2.848136
0.714	0.004	2.044374	0.971604	0.000000	1.393158	2.848136
0.715	0.000	2.044374	0.971610	0.000000	1.393165	2.848149
0.715	0.001	2.044374	0.971610	0.000000	1.393165	2.848149
0.715	0.002	2.044374	0.971610	0.000000	1.393165	2.848149
0.715	0.003	2.044374	0.971610	0.000000	1.393165	2.848149
0.715	0.004	2.044374	0.971610	0.000000	1.393165	2.848149
0.716	0.000	2.044362	0.971624	0.000000	1.393186	2.848178
0.716	0.001	2.044362	0.971624	0.000000	1.393186	2.848178
0.716	0.002	2.044362	0.971624	0.000000	1.393186	2.848178
0.716	0.003	2.044362	0.971624	0.000000	1.393186	2.848178
0.716	0.004	2.044362	0.971624	0.000000	1.393186	2.848178
0.717	0.000	2.044311	0.971635	0.000000	1.393229	2.848193
0.717	0.001	2.044311	0.971635	0.000000	1.393229	2.848193
0.717	0.002	2.044311	0.971635	0.000000	1.393229	2.848193
0.717	0.003	2.044311	0.971635	0.000000	1.393229	2.848193
0.717	0.004	2.044311	0.971635	0.000000	1.393229	2.848193
0.718	0.000	2.044178	0.971643	0.000000	1.393320	2.848193
0.718	0.001	2.044178	0.971643	0.000000	1.393320	2.848193
0.718	0.002	2.044178	0.971643	0.000000	1.393320	2.848193
0.718	0.003	2.044178	0.971643	0.000000	1.393320	2.848193
0.718	0.004	2.044178	0.971643	0.000000	1.393320	2.848193
0.719	0.000	2.043994	0.971648	0.000000	1.393442	2.848186
0.719	0.001	2.043994	0.971648	0.000000	1.393442	2.848186
0.719	0.002	2.043994	0.971648	0.000000	1.393442	2.848186
0.719	0.003	2.043994	0.971648	0.000000	1.393442	2.848186
0.719	0.004	2.043994	0.971648	0.000000	1.393442	2.848186
0.720	0.000	2.043886	0.971649	0.000000	1.393506	2.848168
0.720	0.001	2.043886	0.971649	0.000000	1.393506	2.848168
0.720	0.002	2.043886	0.971649	0.000000	1.393506	2.848168
0.720	0.003	2.043886	0.971649	0.000000	1.393506	2.848168
0.720	0.004	2.043886	0.971649	0.000000	1.393506	2.848168
0.721	0.000	2.043841	0.971647	0.000000	1.393523	2.848140
0.721	0.001	2.043841	0.971647	0.000000	1.393523	2.848140
0.721	0.002	2.043841	0.971647	0.000000	1.393523	2.848140
0.721	0.003	2.043841	0.971647	0.000000	1.393523	2.848140
0.721	0.004	2.043841	0.971647	0.000000	1.393523	2.848140
0.722	0.000	2.043818	0.971632	0.000000	1.393510	2.848082
0.722	0.001	2.043818	0.971632	0.000000	1.393510	2.848082
0.722	0.002	2.043818	0.971632	0.000000	1.393510	2.848082
0.722	0.003	2.043818	0.971632	0.000000	1.393510	2.848082
0.722	0.004	2.043818	0.971632	0.000000	1.393510	2.848082
0.723	0.000	2.043812	0.971618	0.000000	1.393487	2.848026
0.723	0.001	2.043812	0.971618	0.000000	1.393487	2.848026
0.723	0.002	2.043812	0.971618	0.000000	1.393487	2.848026
0.723	0.003	2.043812	0.971618	0.000000	1.393487	2.848026
0.723	0.004	2.043812	0.971618	0.000000	1.393487	2.848026
0.724	0.000	2.043837	0.971615	0.000000	1.393458	2.848001
0.724	0.001	2.043837	0.971615	0.000000	1.393458	2.848001
0.724	0.002	2.043837	0.971615	0.000000	1.393458	2.848001
0.724	0.003	2.043837	0.971615	0.000000	1.393458	2.848001
0.724	0.004	2.043837	0.971615	0.000000	1.393458	2.848001
0.725	0.000	2.043918	0.971614	0.000000	1.393394	2.847982
0.725	0.001	2.043918	0.971614	0.000000	1.393394	2.847982
0.725	0.002	2.043918	0.971614	0.000000	1.393394	2.847982
0.725	0.003	2.043918	0.971614	0.000000	1.393394	2.847982
0.725	0.004	2.043918	0.971614	0.000000	1.393394	2.847982
0.726	0.000	2.044075	0.971618	0.000000	1.393283	2.847975
0.726	0.001	2.044075	0.971618	0.000000	1.393283	2.847975
0.726	0.002	2.044075	0.971618	0.000000	1.393283	2.847975
0.726	0.003	2.044075	0.971618	0.000000	1.393283	2.847975
0.726	0.004	2.044075	0.971618	0.000000	1.393283	2.847975
0.727	0.000	2.044287	0.971624	0.000000	1.393140	2.847978
0.727	0.001	2.044287	0.971624	0.000000	1.393140	2.847978
0.727	0.002	2.044287	0.971624	0.000000	1.393140	2.847978
0.727	0.003	2.044287	0.971624	0.000000	1.393140	2.847978
0.727	0.004	2.044287	0.971624	0.000000	1.393140	2.847978
0.728	0.000	2.044425	0.971636	0.000000	1.393055	2.847997
0.728	0.001	2.044425	0.971636	0.000000	1.393055	2.847997
0.728	0.002	2.044425	0.971636	0.000000	1.393055	2.847997
0.728	0.003	2.044425	0.971636	0.000000	1.393055	2.847997
0.728	0.004	2.044425	0.971636	0.000000	1.393055	2.847997
0.729	0.000	2.044510	0.971660	0.000000	1.393028	2.848059
0.729	0.001	2.044510	0.971660	0.000000	1.393028	2.848059
0.729	0.002	2.044510	0.971660	0.000000	1.393028	2.848059
0.729	0.003	2.044510	0.971660	0.000000	1.393028	2.848059
0.729	0.004	2.044510	0.971660	0.000000	1.393028	2.848059
0.730	0.000	2.044550	0.971671	0.000000	1.393014	2.848087
0.730	0.001	2.044550	0.971671	0.000000	1.393014	2.848087
0.730	0.002	2.044550	0.971671	0.000000	1.393014	2.848087
0.730	0.003	2.044550	0.971671	0.000000	1.393014	2.848087
0.730	0.004	2.044550	0.971671	0.000000	1.393014	2.848087
0.731	0.000	2.044563	0.971673	0.000000	1.393009	2.848094
0.731	0.001	2.044563	0.971673	0.000000	1.393009	2.848094
0.731	0.002	2.044563	0.971673	0.000000	1.393009	2.848094
0.731	0.003	2.044563	0.971673	0.000000	1.393009	2.848094
0.731	0.004	2.044563	0.971673	0.000000	1.393009	2.848094
0.732	0.000	2.044563	0.971672	0.000000	1.393009	2.848095
0.732	0.001	2.044563	0.971672	0.000000	1.393009	2.848095
0.732	0.002	2.044563	0.971672	0.000000	1.393009	2.848095
0.732	0.003	2.044563	0.971672	0.000000	1.393009	2.848095
0.732	0.004	2.044563	0.971672	0.000000	1.393009	2.848095
0.733	0.000	2.044549	0.971670	0.000000	1.393017	2.848092
0.733	0.001	2.044549	0.971670	0.000000	1.393017	2.848092
0.733	0.002	2.044549	0.971670	0.000000	1.393017	2.848092
0.733	0.003	2.044549	0.971670	0.000000	1.393017	2.848092
0.733	0.004	2.044549	0.971670	0.000000	1.393017	2.848092
0.734	0.000	2.044493	0.971657	0.000000	1.393037	2.848054
0.734	0.001	2.044493	0.971657	0.000000	1.393037	2.848054
0.734	0.002	2.044493	0.971657	0.000000	1.393037	2.848054
0.734	0.003	2.044493	0.971657	0.000000	1.393037	2.848054
0.734	0.004	2.044493	0.971657	0.000000	1.393037	2.848054
0.735	0.000	2.044405	0.971645	0.000000	1.393079	2.848017
0.735	0.001	2.044405	0.971645	0.000000	1.393079	2.848017
0.735	0.002	2.044405	0.971645	0.000000	1.393079	2.848017
0.735	0.003	2.044405	0.971645	0.000000	1.393079	2.848017
0.735	0.004	2.044405	0.971645	0.000000	1.393079	2.848017
0.736	0.000	2.044327	0.971643	0.000000	1.393129	2.848011
0.736	0.001	2.044327	0.971643	0.000000	1.393129	2.848011
0.736	0.002	2.044327	0.971643	0.000000	1.393129	2.848011
0.736	0.003	2.044327	0.971643	0.000000	1.393129	2.848011
0.736	0.004	2.044327	0.971643	0.000000	1.393129	2.848011
0.737	0.000	2.044270	0.971643	0.000000	1.393168	2.848011
0.737	0.001	2.044270	0.971643	0.000000	1.393168	2.848011
0.737	0.002	2.044270	0.971643	0.000000	1.393168	2.848011
0.737	0.003	2.044270	0.971643	0.000000	1.393168	2.848011
0.737	0.004	2.044270	0.971643	0.000000	1.393168	2.848011
0.738	0.000	2.044245	0.971642	0.000000	1.393191	2.848023
0.738	0.001	2.044245	0.971642	0.000000	1.393191	2.848023
0.738	0.002	2.044245	0.971642	0.000000	1.393191	2.848023
0.738	0.003	2.044245	0.971642	0.000000	1.393191	2.848023
0.738	0.004	2.044245	0.971642	0.000000	1.393191	2.848023
0.739	0.000	2.044245	0.971654	0.000000	1.393214	2.848071
0.739	0.001	2.044245	0.971654	0.000000	1.393214	2.848071
0.739	0.002	2.044245	0.971654	0.000000	1.393214	2.848071
0.739	0.003	2.044245	0.971654	0.000000	1.393214	2.848071
0.739	0.004	2.044245	0.971654	0.000000	1.393214	2.848071
0.740	0.000	2.044262	0.971666	0.000000	1.393228	2.848123
0.740	0.001	2.044262	0.971666	0.000000	1.393228	2.848123
0.740	0.002	2.044262	0.971666	0.000000	1.393228	2.848123
0.740	0.003	2.044262	0.971666	0.000000	1.393228	2.848123
0.740	0.004	2.044262	0.971666	0.000000	1.393228	2.848123
0.741	0.000	2.044274	0.971667	0.000000	1.393232	2.848146
0.741	0.001	2.044274	0.971667	0.000000	1.393232	2.848146
0.741	0.002	2.044274	0.971667	0.000000	1.393232	2.848146
0.741	0.003	2.044274	0.971667	0.000000	1.393232	2.848146
0.741	0.004	2.044274	0.971667	0.000000	1.393232	2.848146
0.742	0.000	2.044288	0.971664	0.000000	1.393229	2.848162
0.742	0.001	2.044288	0.971664	0.000000	1.393229	2.848162
0.742	0.002	2.044288	0.971664	0.000000	1.393229	2.848162
0.742	0.003	2.044288	0.971664	0.000000	1.393229	2.848162
0.742	0.004	2.044288	0.971664	0.000000	1.393229	2.848162
0.743	0.000	2.044293	0.971657	0.000000	1.393225	2.848159
0.743	0.001	2.044293	0.971657	0.000000	1.393225	2.848159
0.743	0.002	2.044293	0.971657	0.000000	1.393225	2.848159
0.743	0.003	2.044293	0.971657	0.000000	1.393225	2.848159
0.743	0.004	2.044293	0.971657	0.000000	1.393225	2.848159
0.744	0.000	2.044290	0.971644	0.000000	1.393213	2.848131
0.744	0.001	2.044290	0.971644	0.000000	1.393213	2.848131
0.744	0.002	2.044290	0.971644	0.000000	1.393213	2.848131
0.744	0.003	2.044290	0.971644	0.000000	1.393213	2.848131
0.744	0.004	2.044290	0.971644	0.000000	1.393213	2.848131
0.745	0.000	2.044271	0.971619	0.000000	1.393193	2.848064
0.745	0.001	2.044271	0.971619	0.000000	1.393193	2.848064
0.745	0.002	2.044271	0.971619	0.000000	1.393193	2.848064
0.745	0.003	2.044271	0.971619	0.000000	1.393193	2.848064
0.745	0.004	2.044271	0.971619	0.000000	1.393193	2.848064
0.746	0.000	2.044275	0.971613	0.000000	1.393181	2.848046
0.746	0.001	2.044275	0.971613	0.000000	1.393181	2.848046
0.746	0.002	2.044275	0.971613	0.000000	1.393181	2.848046
0.746	0.003	2.044275	0.971613	0.000000	1.393181	2.848046
0.746	0.004	2.044275	0.971613	0.000000	1.393181	2.848046
0.747	0.000	2.044292	0.971612	0.000000	1.393167	2.848040
0.747	0.001	2.044292	0.971612	0.000000	1.393167	2.848040
0.747	0.002	2.044292	0.971612	0.000000	1.393167	2.848040
0.747	0.003	2.044292	0.971612	0.000000	1.393167	2.848040
0.747	0.004	2.044292	0.971612	0.000000	1.393167	2.848040
0.748	0.000	2.044305	0.971615	0.000000	1.393158	2.848040
0.748	0.001	2.044305	0.971615	0.000000	1.393158	2.848040
0.748	0.002	2.044305	0.971615	0.000000	1.393158	2.848040
0.748	0.003	2.044305	0.971615	0.000000	1.393158	2.848040
0.748	0.004	2.044305	0.971615	0.000000	1.393158	2.848040
0.749	0.000	2.044322	0.971623	0.000000	1.393156	2.848059
0.749	0.001	2.044322	0.971623	0.000000	1.393156	2.848059
0.749	0.002	2.044322	0.971623	0.000000	1.393156	2.848059
0.749	0.003	2.044322	0.971623	0.000000	1.393156	2.848059
0.749	0.004	2.044322	0.971623	0.000000	1.393156	2.848059
0.750	0.000	2.044355	0.971644	0.000000	1.393161	2.848116
0.750	0.001	2.044355	0.971644	0.000000	1.393161	2.848116
0.750	0.002	2.044355	0.971644	0.000000	1.393161	2.848116
0.750	0.003	2.044355	0.971644	0.000000	1.393161	2.848116
0.750	0.004	2.044355	0.971644	0.000000	1.393161	2.848116
0.751	0.000	2.044366	0.971650	0.000000	1.393160	2.848129
0.751	0.001	2.044366	0.971650	0.000000	1.393160	2.848129
0.751	0.002	2.044366	0.971650	0.000000	1.393160	2.848129
0.751	0.003	2.044366	0.971650	0.000000	1.393160	2.848129
0.751	0.004	2.044366	0.971650	0.000000	1.393160	2.848129
0.752	0.000	2.044367	0.971653	0.000000	1.393159	2.848129
0.752	0.001	2.044367	0.971653	0.000000	1.393159	2.848129
0.752	0.002	2.044367	0.971653	0.000000	1.393159	2.848129
0.752	0.003	2.044367	0.971653	0.000000	1.393159	2.848129
0.752	0.004	2.044367	0.971653	0.000000	1.393159	2.848129
0.753	0.000	2.044365	0.971652	0.000000	1.393157	2.848122
0.753	0.001	2.044365	0.971652	0.000000	1.393157	2.848122
0.753	0.002	2.044365	0.971652	0.000000	1.393157	2.848122
0.753	0.003	2.044365	0.971652	0.000000	1.393157	2.848122
0.753	0.004	2.044365	0.971652	0.000000	1.393157	2.848122
0.754	0.000	2.044349	0.971642	0.000000	1.393153	2.848092
0.754	0.001	2.044349	0.971642	0.000000	1.393153	2.848092
0.754	0.002	2.044349	0.971642	0.000000	1.393153	2.848092
0.754	0.003	2.044349	0.971642	0.000000	1.393153	2.848092
0.754	0.004	2.044349	0.971642	0.000000	1.393153	2.848092
0.755	0.000	2.044319	0.971626	0.000000	1.393147	2.848037
0.755	0.001	2.044319	0.971626	0.000000	1.393147	2.848037
0.755	0.002	2.044319	0.971626	0.000000	1.393147	2.848037
0.755	0.003	2.044319	0.971626	0.000000	1.393147	2.848037
0.755	0.004	2.044319	0.971626	0.000000	1.393147	2.848037
0.756	0.000	2.044308	0.971622	0.000000	1.393147	2.848021
0.756	0.001	2.044308	0.971622	0.000000	1.393147	2.848021
0.756	0.002	2.044308	0.971622	0.000000	1.393147	2.848021
0.756	0.003	2.044308	0.971622	0.000000	1.393147	2.848021
0.756	0.004	2.044308	0.971622	0.000000	1.393147	2.848021
0.757	0.000	2.044303	0.971623	0.000000	1.393149	2.848017
0.757	0.001	2.044303	0.971623	0.000000	1.393149	2.848017
0.757	0.002	2.044303	0.971623	0.000000	1.393149	2.848017
0.757	0.003	2.044303	0.971623	0.000000	1.393149	2.848017
0.757	0.004	2.044303	0.971623	0.000000	1.393149	2.848017
0.758	0.000	2.044300	0.971625	0.000000	1.393151	2.848020
0.758	0.001	2.044300	0.971625	0.000000	1.393151	2.848020
0.758	0.002	2.044300	0.971625	0.000000	1.393151	2.848020
0.758	0.003	2.044300	0.971625	0.000000	1.393151	2.848020
0.758	0.004	2.044300	0.971625	0.000000	1.393151	2.848020
0.759	0.000	2.044306	0.971635	0.000000	1.393160	2.848045
0.759	0.001	2.044306	0.971635	0.000000	1.393160	2.848045
0.759	0.002	2.044306	0.971635	0.000000	1.393160	2.848045
0.759	0.003	2.044306	0.971635	0.000000	1.393160	2.848045
0.759	0.004	2.044306	0.971635	0.000000	1.393160	2.848045
0.760	0.000	2.044334	0.971660	0.000000	1.393176	2.848118
0.760	0.001	2.044334	0.971660	0.000000	1.393176	2.848118
0.760	0.002	2.044334	0.971660	0.000000	1.393176	2.848118
0.760	0.003	2.044334	0.971660	0.000000	1.393176	2.848118
0.760	0.004	2.044334	0.971660	0.000000	1.393176	2.848118
0.761	0.000	2.044337	0.971667	0.000000	1.393185	2.848140
0.761	0.001	2.044337	0.971667	0.000000	1.393185	2.848140
0.761	0.002	2.044337	0.971667	0.000000	1.393185	2.848140
0.761	0.003	2.044337	0.971667	0.000000	1.393185	2.848140
0.761	0.004	2.044337	0.971667	0.000000	1.393185	2.848140
0.762	0.000	2.044326	0.971668	0.000000	1.393194	2.848143
0.762	0.001	2.044326	0.971668	0.000000	1.393194	2.848143
0.762	0.002	2.044326	0.971668	0.000000	1.393194	2.848143
0.762	0.003	2.044326	0.971668	0.000000	1.393194	2.848143
0.762	0.004	2.044326	0.971668	0.000000	1.393194	2.848143
0.763	0.000	2.044311	0.971668	0.000000	1.393205	2.848144
0.763	0.001	2.044311	0.971668	0.000000	1.393205	2.848144
0.763	0.002	2.044311	0.971668	0.000000	1.393205	2.848144
0.763	0.003	2.044311	0.971668	0.000000	1.393205	2.848144
0.763	0.004	2.044311	0.971668	0.000000	1.393205	2.848144
0.764	0.000	2.044295	0.971665	0.000000	1.393214	2.848140
0.764	0.001	2.044295	0.971665	0.000000	1.393214	2.848140
0.764	0.002	2.044295	0.971665	0.000000	1.393214	2.848140
0.764	0.003	2.044295	0.971665	0.000000	1.393214	2.848140
0.764	0.004	2.044295	0.971665	0.000000	1.393214	2.848140
0.765	0.000	2.044265	0.971651	0.000000	1.393216	2.848104
0.765	0.001	2.044265	0.971651	0.000000	1.393216	2.848104
0.765	0.002	2.044265	0.971651	0.000000	1.393216	2.848104
0.765	0.003	2.044265	0.971651	0.000000	1.393216	2.848104
0.765	0.004	2.044265	0.971651	0.000000	1.393216	2.848104
0.766	0.000	2.044209	0.971617	0.000000	1.393208	2.848008
0.766	0.001	2.044209	0.971617	0.000000	1.393208	2.848008
0.766	0.002	2.044209	0.971617	0.000000	1.393208	2.848008
0.766	0.003	2.044209	0.971617	0.000000	1.393208	2.848008
0.766	0.004	2.044209	0.971617	0.000000	1.393208	2.848008
0.767	0.000	2.044191	0.971608	0.000000	1.393208	2.847984
0.767	0.001	2.044191	0.971608	0.000000	1.393208	2.847984
0.767	0.002	2.044191	0.971608	0.000000	1.393208	2.847984
0.767	0.003	2.044191	0.971608	0.000000	1.393208	2.847984
0.767	0.004	2.044191	0.971608	0.000000	1.393208	2.847984
0.768	0.000	2.044188	0.971607	0.000000	1.393209	2.847981
0.768	0.001	2.044188	0.971607	0.000000	1.393209	2.847981
0.768	0.002	2.044188	0.971607	0.000000	1.393209	2.847981
0.768	0.003	2.044188	0.971607	0.000000	1.393209	2.847981
0.768	0.004	2.044188	0.971607	0.000000	1.393209	2.847981
0.769	0.000	2.044188	0.971607	0.000000	1.393208	2.847979
0.769	0.001	2.044188	0.971607	0.000000	1.393208	2.847979
0.769	0.002	2.044188	0.971607	0.000000	1.393208	2.847979
0.769	0.003	2.044188	0.971607	0.000000	1.393208	2.847979
0.769	0.004	2.044188	0.971607	0.000000	1.393208	2.847979
0.770	0.000	2.044197	0.971609	0.000000	1.393205	2.847986
0.770	0.001	2.044197	0.971609	0.000000	1.393205	2.847986
0.770	0.002	2.044197	0.971609	0.000000	1.393205	2.847986
0.770	0.003	2.044197	0.971609	0.000000	1.393205	2.847986
0.770	0.004	2.044197	0.971609	0.000000	1.393205	2.847986
0.771	0.000	2.044230	0.971624	0.000000	1.393204	2.848030
0.771	0.001	2.044230	0.971624	0.000000	1.393204	2.848030
0.771	0.002	2.044230	0.971624	0.000000	1.393204	2.848030
0.771	0.003	2.044230	0.971624	0.000000	1.393204	2.848030
0.771	0.004	2.044230	0.971624	0.000000	1.393204	2.848030
0.772	0.000	2.044271	0.971641	0.000000	1.393200	2.848080
0.772	0.001	2.044271	0.971641	0.000000	1.393200	2.848080
0.772	0.002	2.044271	0.971641	0.000000	1.393200	2.848080
0.772	0.003	2.044271	0.971641	0.000000	1.393200	2.848080
0.772	0.004	2.044271	0.971641	0.000000	1.393200	2.848080
0.773	0.000	2.044293	0.971644	0.000000	1.393191	2.848090
0.773	0.001	2.044293	0.971644	0.000000	1.393191	2.848090
0.773	0.002	2.044293	0.971644	0.000000	1.393191	2.848090
0.773	0.003	2.044293	0.971644	0.000000	1.393191	2.848090
0.773	0.004	2.044293	0.971644	0.000000	1.393191	2.848090
0.774	0.000	2.044310	0.971643	0.000000	1.393180	2.848092
0.774	0.001	2.044310	0.971643	0.000000	1.393180	2.848092
0.774	0.002	2.044310	0.971643	0.000000	1.393180	2.848092
0.774	0.003	2.044310	0.971643	0.000000	1.393180	2.848092
0.774	0.004	2.044310	0.971643	0.000000	1.393180	2.848092
0.775	0.000	2.044322	0.971641	0.000000	1.393169	2.848086
0.775	0.001	2.044322	0.971641	0.000000	1.393169	2.848086
0.775	0.002	2.044322	0.971641	0.000000	1.393169	2.848086
0.775	0.003	2.044322	0.971641	0.000000	1.393169	2.848086
0.775	0.004	2.044322	0.971641	0.000000	1.393169	2.848086
0.776	0.000	2.044325	0.971631	0.000000	1.393154	2.848059
0.776	0.001	2.044325	0.971631	0.000000	1.393154	2.848059
0.776	0.002	2.044325	0.971631	0.000000	1.393154	2.848059
0.776	0.003	2.044325	0.971631	0.000000	1.393154	2.848059
0.776	0.004	2.044325	0.971631	0.000000	1.393154	2.848059
0.777	0.000	2.044331	0.971626	0.000000	1.393144	2.848047
0.777	0.001	2.044331	0.971626	0.000000	1.393144	2.848047
0.777	0.002	2.044331	0.971626	0.000000	1.393144	2.848047
0.777	0.003	2.044331	0.971626	0.000000	1.393144	2.848047
0.777	0.004	2.044331	0.971626	0.000000	1.393144	2.848047
0.778	0.000	2.044340	0.971626	0.000000	1.393137	2.848047
0.778	0.001	2.044340	0.971626	0.000000	1.393137	2.848047
0.778	0.002	2.044340	0.971626	0.000000	1.393137	2.848047
0.778	0.003	2.044340	0.971626	0.000000	1.393137	2.848047
0.778	0.004	2.044340	0.971626	0.000000	1.393137	2.848047
0.779	0.000	2.044346	0.971627	0.000000	1.393136	2.848052
0.779	0.001	2.044346	0.971627	0.000000	1.393136	2.848052
0.779	0.002	2.044346	0.971627	0.000000	1.393136	2.848052
0.779	0.003	2.044346	0.971627	0.000000	1.393136	2.848052
0.779	0.004	2.044346	0.971627	0.000000	1.393136	2.848052
0.780	0.000	2.044362	0.971638	0.000000	1.393143	2.848089
0.780	0.001	2.044362	0.971638	0.000000	1.393143	2.848089
0.780	0.002	2.044362	0.971638	0.000000	1.393143	2.848089
0.780	0.003	2.044362	0.971638	0.000000	1.393143	2.848089
0.780	0.004	2.044362	0.971638	0.000000	1.393143	2.848089
0.781	0.000	2.044382	0.971653	0.000000	1.393153	2.848136
0.781	0.001	2.044382	0.971653	0.000000	1.393153	2.848136
0.781	0.002	2.044382	0.971653	0.000000	1.393153	2.848136
0.781	0.003	2.044382	0.971653	0.000000	1.393153	2.848136
0.781	0.004	2.044382	0.971653	0.000000	1.393153	2.848136
0.782	0.000	2.044383	0.971654	0.000000	1.393159	2.848151
0.782	0.001	2.044383	0.971654	0.000000	1.393159	2.848151
0.782	0.002	2.044383	0.971654	0.000000	1.393159	2.848151
0.782	0.003	2.044383	0.971654	0.000000	1.393159	2.848151
0.782	0.004	2.044383	0.971654	0.000000	1.393159	2.848151
0.783	0.000	2.044380	0.971652	0.000000	1.393166	2.848161
0.783	0.001	2.044380	0.971652	0.000000	1.393166	2.848161
0.783	0.002	2.044380	0.971652	0.000000	1.393166	2.848161
0.783	0.003	2.044380	0.971652	0.000000	1.393166	2.848161
0.783	0.004	2.044380	0.971652	0.000000	1.393166	2.848161
0.784	0.000	2.044367	0.971646	0.000000	1.393174	2.848159
0.784	0.001	2.044367	0.971646	0.000000	1.393174	2.848159
0.784	0.002	2.044367	0.971646	0.000000	1.393174	2.848159
0.784	0.003	2.044367	0.971646	0.000000	1.393174	2.848159
0.784	0.004	2.044367	0.971646	0.000000	1.393174	2.848159
0.785	0.000	2.044341	0.971628	0.000000	1.393175	2.848124
0.785	0.001	2.044341	0.971628	0.000000	1.393175	2.848124
0.785	0.002	2.044341	0.971628	0.000000	1.393175	2.848124
0.785	0.003	2.044341	0.971628	0.000000	1.393175	2.848124
0.785	0.004	2.044341	0.971628	0.000000	1.393175	2.848124
0.786	0.000	2.044318	0.971609	0.000000	1.393172	2.848087
0.786	0.001	2.044318	0.971609	0.000000	1.393172	2.848087
0.786	0.002	2.044318	0.971609	0.000000	1.393172	2.848087
0.786	0.003	2.044318	0.971609	0.000000	1.393172	2.848087
0.786	0.004	2.044318	0.971609	0.000000	1.393172	2.848087
0.787	0.000	2.044314	0.971602	0.000000	1.393172	2.848081
0.787	0.001	2.044314	0.971602	0.000000	1.393172	2.848081
0.787	0.002	2.044314	0.971602	0.000000	1.393172	2.848081
0.787	0.003	2.044314	0.971602	0.000000	1.393172	2.848081
0.787	0.004	2.044314	0.971602	0.000000	1.393172	2.848081
0.788	0.000	2.044317	0.971599	0.000000	1.393172	2.848086
0.788	0.001	2.044317	0.971599	0.000000	1.393172	2.848086
0.788	0.002	2.044317	0.971599	0.000000	1.393172	2.848086
0.788	0.003	2.044317	0.971599	0.000000	1.393172	2.848086
0.788	0.004	2.044317	0.971599	0.000000	1.393172	2.848086
0.789	0.000	2.044332	0.971600	0.000000	1.393170	2.848102
0.789	0.001	2.044332	0.971600	0.000000	1.393170	2.848102
0.789	0.002	2.044332	0.971600	0.000000	1.393170	2.848102
0.789	0.003	2.044332	0.971600	0.000000	1.393170	2.848102
0.789	0.004	2.044332	0.971600	0.000000	1.393170	2.848102
0.790	0.000	2.044353	0.971605	0.000000	1.393165	2.848121
0.790	0.001	2.044353	0.971605	0.000000	1.393165	2.848121
0.790	0.002	2.044353	0.971605	0.000000	1.393165	2.848121
0.790	0.003	2.044353	0.971605	0.000000	1.393165	2.848121
0.790	0.004	2.044353	0.971605	0.000000	1.393165	2.848121
0.791	0.000	2.044362	0.971606	0.000000	1.393160	2.848123
0.791	0.001	2.044362	0.971606	0.000000	1.393160	2.848123
0.791	0.002	2.044362	0.971606	0.000000	1.393160	2.848123
0.791	0.003	2.044362	0.971606	0.000000	1.393160	2.848123
0.791	0.004	2.044362	0.971606	0.000000	1.393160	2.848123
0.792	0.000	2.044365	0.971606	0.000000	1.393153	2.848113
0.792	0.001	2.044365	0.971606	0.000000	1.393153	2.848113
0.792	0.002	2.044365	0.971606	0.000000	1.393153	2.848113
0.792	0.003	2.044365	0.971606	0.000000	1.393153	2.848113
0.792	0.004	2.044365	0.971606	0.000000	1.393153	2.848113
0.793	0.000	2.044360	0.971599	0.000000	1.393139	2.848077
0.793	0.001	2.044360	0.971599	0.000000	1.393139	2.848077
0.793	0.002	2.044360	0.971599	0.000000	1.393139	2.848077
0.793	0.003	2.044360	0.971599	0.000000	1.393139	2.848077
0.793	0.004	2.044360	0.971599	0.000000	1.393139	2.848077
0.794	0.000	2.044350	0.971595	0.000000	1.393129	2.848044
0.794	0.001	2.044350	0.971595	0.000000	1.393129	2.848044
0.794	0.002	2.044350	0.971595	0.000000	1.393129	2.848044
0.794	0.003	2.044350	0.971595	0.000000	1.393129	2.848044
0.794	0.004	2.044350	0.971595	0.000000	1.393129	2.848044
0.795	0.000	2.044342	0.971597	0.000000	1.393125	2.848024
0.795	0.001	2.044342	0.971597	0.000000	1.393125	2.848024
0.795	0.002	2.044342	0.971597	0.000000	1.393125	2.848024
0.795	0.003	2.044342	0.971597	0.000000	1.393125	2.848024
0.795	0.004	2.044342	0.971597	0.000000	1.393125	2.848024
0.796	0.000	2.044338	0.971604	0.000000	1.393125	2.848019
0.796	0.001	2.044338	0.971604	0.000000	1.393125	2.848019
0.796	0.002	2.044338	0.971604	0.000000	1.393125	2.848019
0.796	0.003	2.044338	0.971604	0.000000	1.393125	2.848019
0.796	0.004	2.044338	0.971604	0.000000	1.393125	2.848019
0.797	0.000	2.044345	0.971617	0.000000	1.393130	2.848037
0.797	0.001	2.044345	0.971617	0.000000	1.393130	2.848037
0.797	0.002	2.044345	0.971617	0.000000	1.393130	2.848037
0.797	0.003	2.044345	0.971617	0.000000	1.393130	2.848037
0.797	0.004	2.044345	0.971617	0.000000	1.393130	2.848037
0.798	0.000	2.044377	0.971647	0.000000	1.393145	2.848113
0.798	0.001	2.044377	0.971647	0.000000	1.393145	2.848113
0.798	0.002	2.044377	0.971647	0.000000	1.393145	2.848113
0.798	0.003	2.044377	0.971647	0.000000	1.393145	2.848113
0.798	0.004	2.044377	0.971647	0.000000	1.393145	2.848113
0.799	0.000	2.044383	0.971660	0.000000	1.393153	2.848138
0.799	0.001	2.044383	0.971660	0.000000	1.393153	2.848138
0.799	0.002	2.044383	0.971660	0.000000	1.393153	2.848138
0.799	0.003	2.044383	0.971660	0.000000	1.393153	2.848138
0.799	0.004	2.044383	0.971660	0.000000	1.393153	2.848138
0.800	0.000	2.044372	0.971665	0.000000	1.393161	2.848139
0.800	0.001	2.044372	0.971665	0.000000	1.393161	2.848139
0.800	0.002	2.044372	0.971665	0.000000	1.393161	2.848139
0.800	0.003	2.044372	0.971665	0.000000	1.393161	2.848139
0.800	0.004	2.044372	0.971665	0.000000	1.393161	2.848139
0.801	0.000	2.044349	0.971667	0.000000	1.393170	2.848126
0.801	0.001	2.044349	0.971667	0.000000	1.393170	2.848126
0.801	0.002	2.044349	0.971667	0.000000	1.393170	2.848126
0.801	0.003	2.044349	0.971667	0.000000	1.393170	2.848126
0.801	0.004	2.044349	0.971667	0.000000	1.393170	2.848126
0.802	0.000	2.044324	0.971662	0.000000	1.393172	2.848095
0.802	0.001	2.044324	0.971662	0.000000	1.393172	2.848095
0.802	0.002	2.044324	0.971662	0.000000	1.393172	2.848095
0.802	0.003	2.044324	0.971662	0.000000	1.393172	2.848095
0.802	0.004	2.044324	0.971662	0.000000	1.393172	2.848095
0.803	0.000	2.044288	0.971644	0.000000	1.393164	2.848027
0.803	0.001	2.044288	0.971644	0.000000	1.393164	2.848027
0.803	0.002	2.044288	0.971644	0.000000	1.393164	2.848027
0.803	0.003	2.044288	0.971644	0.000000	1.393164	2.848027
0.803	0.004	2.044288	0.971644	0.000000	1.393164	2.848027
0.804	0.000	2.044274	0.971639	0.000000	1.393160	2.848001
0.804	0.001	2.044274	0.971639	0.000000	1.393160	2.848001
0.804	0.002	2.044274	0.971639	0.000000	1.393160	2.848001
0.804	0.003	2.044274	0.971639	0.000000	1.393160	2.848001
0.804	0.004	2.044274	0.971639	0.000000	1.393160	2.848001
0.805	0.000	2.044273	0.971640	0.000000	1.393158	2.847996
0.805	0.001	2.044273	0.971640	0.000000	1.393158	2.847996
0.805	0.002	2.044273	0.971640	0.000000	1.393158	2.847996
0.805	0.003	2.044273	0.971640	0.000000	1.393158	2.847996
0.805	0.004	2.044273	0.971640	0.000000	1.393158	2.847996
0.806	0.000	2.044286	0.971644	0.000000	1.393155	2.848008
0.806	0.001	2.044286	0.971644	0.000000	1.393155	2.848008
0.806	0.002	2.044286	0.971644	0.000000	1.393155	2.848008
0.806	0.003	2.044286	0.971644	0.000000	1.393155	2.848008
0.806	0.004	2.044286	0.971644	0.000000	1.393155	2.848008
0.807	0.000	2.044305	0.971648	0.000000	1.393151	2.848025
0.807	0.001	2.044305	0.971648	0.000000	1.393151	2.848025
0.807	0.002	2.044305	0.971648	0.000000	1.393151	2.848025
0.807	0.003	2.044305	0.971648	0.000000	1.393151	2.848025
0.807	0.004	2.044305	0.971648	0.000000	1.393151	2.848025
0.808	0.000	2.044313	0.971648	0.000000	1.393146	2.848027
0.808	0.001	2.044313	0.971648	0.000000	1.393146	2.848027
0.808	0.002	2.044313	0.971648	0.000000	1.393146	2.848027
0.808	0.003	2.044313	0.971648	0.000000	1.393146	2.848027
0.808	0.004	2.044313	0.971648	0.000000	1.393146	2.848027
0.809	0.000	2.044315	0.971644	0.000000	1.393140	2.848017
0.809	0.001	2.044315	0.971644	0.000000	1.393140	2.848017
0.809	0.002	2.044315	0.971644	0.000000	1.393140	2.848017
0.809	0.003	2.044315	0.971644	0.000000	1.393140	2.848017
0.809	0.004	2.044315	0.971644	0.000000	1.393140	2.848017
0.810	0.000	2.044295	0.971625	0.000000	1.393126	2.847962
0.810	0.001	2.044295	0.971625	0.000000	1.393126	2.847962
0.810	0.002	2.044295	0.971625	0.000000	1.393126	2.847962
0.810	0.003	2.044295	0.971625	0.000000	1.393126	2.847962
0.810	0.004	2.044295	0.971625	0.000000	1.393126	2.847962
0.811	0.000	2.044285	0.971616	0.000000	1.393119	2.847933
0.811	0.001	2.044285	0.971616	0.000000	1.393119	2.847933
0.811	0.002	2.044285	0.971616	0.000000	1.393119	2.847933
0.811	0.003	2.044285	0.971616	0.000000	1.393119	2.847933
0.811	0.004	2.044285	0.971616	0.000000	1.393119	2.847933
0.812	0.000	2.044286	0.971615	0.000000	1.393116	2.847927
0.812	0.001	2.044286	0.971615	0.000000	1.393116	2.847927
0.812	0.002	2.044286	0.971615	0.000000	1.393116	2.847927
0.812	0.003	2.044286	0.971615	0.000000	1.393116	2.847927
0.812	0.004	2.044286	0.971615	0.000000	1.393116	2.847927
0.813	0.000	2.044287	0.971617	0.000000	1.393115	2.847928
0.813	0.001	2.044287	0.971617	0.000000	1.393115	2.847928
0.813	0.002	2.044287	0.971617	0.000000	1.393115	2.847928
0.813	0.003	2.044287	0.971617	0.000000	1.393115	2.847928
0.813	0.004	2.044287	0.971617	0.000000	1.393115	2.847928
0.814	0.000	2.044299	0.971626	0.000000	1.393122	2.847957
0.814	0.001	2.044299	0.971626	0.000000	1.393122	2.847957
0.814	0.002	2.044299	0.971626	0.000000	1.393122	2.847957
0.814	0.003	2.044299	0.971626	0.000000	1.393122	2.847957
0.814	0.004	2.044299	0.971626	0.000000	1.393122	2.847957
0.815	0.000	2.044353	0.971662	0.000000	1.393141	2.848073
0.815	0.001	2.044353	0.971662	0.000000	1.393141	2.848073
0.815	0.002	2.044353	0.971662	0.000000	1.393141	2.848073
0.815	0.003	2.044353	0.971662	0.000000	1.393141	2.848073
0.815	0.004	2.044353	0.971662	0.000000	1.393141	2.848073
0.816	0.000	2.044377	0.971672	0.000000	1.393151	2.848126
0.816	0.001	2.044377	0.971672	0.000000	1.393151	2.848126
0.816	0.002	2.044377	0.971672	0.000000	1.393151	2.848126
0.816	0.003	2.044377	0.971672	0.000000	1.393151	2.848126
0.816	0.004	2.044377	0.971672	0.000000	1.393151	2.848126
0.817	0.000	2.044391	0.971672	0.000000	1.393157	2.848158
0.817	0.001	2.044391	0.971672	0.000000	1.393157	2.848158
0.817	0.002	2.044391	0.971672	0.000000	1.393157	2.848158
0.817	0.003	2.044391	0.971672	0.000000	1.393157	2.848158
0.817	0.004	2.044391	0.971672	0.000000	1.393157	2.848158
0.818	0.000	2.044401	0.971666	0.000000	1.393159	2.848176
0.818	0.001	2.044401	0.971666	0.000000	1.393159	2.848176
0.818	0.002	2.044401	0.971666	0.000000	1.393159	2.848176
0.818	0.003	2.044401	0.971666	0.000000	1.393159	2.848176
0.818	0.004	2.044401	0.971666	0.000000	1.393159	2.848176
0.819	0.000	2.044400	0.971655	0.000000	1.393157	2.848170
0.819	0.001	2.044400	0.971655	0.000000	1.393157	2.848170
0.819	0.002	2.044400	0.971655	0.000000	1.393157	2.848170
0.819	0.003	2.044400	0.971655	0.000000	1.393157	2.848170
0.819	0.004	2.044400	0.971655	0.000000	1.393157	2.848170
0.820	0.000	2.044377	0.971633	0.000000	1.393145	2.848114
0.820	0.001	2.044377	0.971633	0.000000	1.393145	2.848114
0.820	0.002	2.044377	0.971633	0.000000	1.393145	2.848114
0.820	0.003	2.044377	0.971633	0.000000	1.393145	2.848114
0.820	0.004	2.044377	0.971633	0.000000	1.393145	2.848114
0.821	0.000	2.044351	0.971611	0.000000	1.393131	2.848047
0.821	0.001	2.044351	0.971611	0.000000	1.393131	2.848047
0.821	0.002	2.044351	0.971611	0.000000	1.393131	2.848047
0.821	0.003	2.044351	0.971611	0.000000	1.393131	2.848047
0.821	0.004	2.044351	0.971611	0.000000	1.393131	2.848047
0.822	0.000	2.044348	0.971608	0.000000	1.393123	2.848029
0.822	0.001	2.044348	0.971608	0.000000	1.393123	2.848029
0.822	0.002	2.044348	0.971608	0.000000	1.393123	2.848029
0.822	0.003	2.044348	0.971608	0.000000	1.393123	2.848029
0.822	0.004	2.044348	0.971608	0.000000	1.393123	2.848029
0.823	0.000	2.044352	0.971609	0.000000	1.393119	2.848025
0.823	0.001	2.044352	0.971609	0.000000	1.393119	2.848025
0.823	0.002	2.044352	0.971609	0.000000	1.393119	2.848025
0.823	0.003	2.044352	0.971609	0.000000	1.393119	2.848025
0.823	0.004	2.044352	0.971609	0.000000	1.393119	2.848025
0.824	0.000	2.044362	0.971616	0.000000	1.393118	2.848037
0.824	0.001	2.044362	0.971616	0.000000	1.393118	2.848037
0.824	0.002	2.044362	0.971616	0.000000	1.393118	2.848037
0.824	0.003	2.044362	0.971616	0.000000	1.393118	2.848037
0.824	0.004	2.044362	0.971616	0.000000	1.393118	2.848037
0.825	0.000	2.044370	0.971623	0.000000	1.393120	2.848053
0.825	0.001	2.044370	0.971623	0.000000	1.393120	2.848053
0.825	0.002	2.044370	0.971623	0.000000	1.393120	2.848053
0.825	0.003	2.044370	0.971623	0.000000	1.393120	2.848053
0.825	0.004	2.044370	0.971623	0.000000	1.393120	2.848053
0.826	0.000	2.044367	0.971624	0.000000	1.393121	2.848050
0.826	0.001	2.044367	0.971624	0.000000	1.393121	2.848050
0.826	0.002	2.044367	0.971624	0.000000	1.393121	2.848050
0.826	0.003	2.044367	0.971624	0.000000	1.393121	2.848050
0.826	0.004	2.044367	0.971624	0.000000	1.393121	2.848050
0.827	0.000	2.044355	0.971622	0.000000	1.393123	2.848038
0.827	0.001	2.044355	0.971622	0.000000	1.393123	2.848038
0.827	0.002	2.044355	0.971622	0.000000	1.393123	2.848038
0.827	0.003	2.044355	0.971622	0.000000	1.393123	2.848038
0.827	0.004	2.044355	0.971622	0.000000	1.393123	2.848038
0.828	0.000	2.044322	0.971608	0.000000	1.393124	2.847994
0.828	0.001	2.044322	0.971608	0.000000	1.393124	2.847994
0.828	0.002	2.044322	0.971608	0.000000	1.393124	2.847994
0.828	0.003	2.044322	0.971608	0.000000	1.393124	2.847994
0.828	0.004	2.044322	0.971608	0.000000	1.393124	2.847994
0.829	0.000	2.044302	0.971604	0.000000	1.393129	2.847976
0.829	0.001	2.044302	0.971604	0.000000	1.393129	2.847976
0.829	0.002	2.044302	0.971604	0.000000	1.393129	2.847976
0.829	0.003	2.044302	0.971604	0.000000	1.393129	2.847976
0.829	0.004	2.044302	0.971604	0.000000	1.393129	2.847976
0.830	0.000	2.044291	0.971605	0.000000	1.393135	2.847975
0.830	0.001	2.044291	0.971605	0.000000	1.393135	2.847975
0.830	0.002	2.044291	0.971605	0.000000	1.393135	2.847975
0.830	0.003	2.044291	0.971605	0.000000	1.393135	2.847975
0.830	0.004	2.044291	0.971605	0.000000	1.393135	2.847975
0.831	0.000	2.044287	0.971611	0.000000	1.393143	2.847983
0.831	0.001	2.044287	0.971611	0.000000	1.393143	2.847983
0.831	0.002	2.044287	0.971611	0.000000	1.393143	2.847983
0.831	0.003	2.044287	0.971611	0.000000	1.393143	2.847983
0.831	0.004	2.044287	0.971611	0.000000	1.393143	2.847983
0.832	0.000	2.044312	0.971638	0.000000	1.393161	2.848056
0.832	0.001	2.044312	0.971638	0.000000	1.393161	2.848056
0.832	0.002	2.044312	0.971638	0.000000	1.393161	2.848056
0.832	0.003	2.044312	0.971638	0.000000	1.393161	2.848056
0.832	0.004	2.044312	0.971638	0.000000	1.393161	2.848056
0.833	0.000	2.044340	0.971662	0.000000	1.393174	2.848120
0.833	0.001	2.044340	0.971662	0.000000	1.393174	2.848120
0.833	0.002	2.044340	0.971662	0.000000	1.393174	2.848120
0.833	0.003	2.044340	0.971662	0.000000	1.393174	2.848120
0.833	0.004	2.044340	0.971662	0.000000	1.393174	2.848120
0.834	0.000	2.044342	0.971666	0.000000	1.393177	2.848129
0.834	0.001	2.044342	0.971666	0.000000	1.393177	2.848129
0.834	0.002	2.044342	0.971666	0.000000	1.393177	2.848129
0.834	0.003	2.044342	0.971666	0.000000	1.393177	2.848129
0.834	0.004	2.044342	0.971666	0.000000	1.393177	2.848129
0.835	0.000	2.044340	0.971666	0.000000	1.393177	2.848128
0.835	0.001	2.044340	0.971666	0.000000	1.393177	2.848128
0.835	0.002	2.044340	0.971666	0.000000	1.393177	2.848128
0.835	0.003	2.044340	0.971666	0.000000	1.393177	2.848128
0.835	0.004	2.044340	0.971666	0.000000	1.393177	2.848128
0.836	0.000	2.044338	0.971662	0.000000	1.393173	2.848116
0.836	0.001	2.044338	0.971662	0.000000	1.393173	2.848116
0.836	0.002	2.044338	0.971662	0.000000	1.393173	2.848116
0.836	0.003	2.044338	0.971662	0.000000	1.393173	2.848116
0.836	0.004	2.044338	0.971662	0.000000	1.393173	2.848116
0.837	0.000	2.044308	0.971636	0.000000	1.393157	2.848043
0.837	0.001	2.044308	0.971636	0.000000	1.393157	2.848043
0.837	0.002	2.044308	0.971636	0.000000	1.393157	2.848043
0.837	0.003	2.044308	0.971636	0.000000	1.393157	2.848043
0.837	0.004	2.044308	0.971636	0.000000	1.393157	2.848043
0.838	0.000	2.044287	0.971616	0.000000	1.393145	2.847988
0.838	0.001	2.044287	0.971616	0.000000	1.393145	2.847988
0.838	0.002	2.044287	0.971616	0.000000	1.393145	2.847988
0.838	0.003	2.044287	0.971616	0.000000	1.393145	2.847988
0.838	0.004	2.044287	0.971616	0.000000	1.393145	2.847988
0.839	0.000	2.044290	0.971613	0.000000	1.393140	2.847982
0.839	0.001	2.044290	0.971613	0.000000	1.393140	2.847982
0.839	0.002	2.044290	0.971613	0.000000	1.393140	2.847982
0.839	0.003	2.044290	0.971613	0.000000	1.393140	2.847982
0.839	0.004	2.044290	0.971613	0.000000	1.393140	2.847982
0.840	0.000	2.044302	0.971612	0.000000	1.393134	2.847986
0.840	0.001	2.044302	0.971612	0.000000	1.393134	2.847986
0.840	0.002	2.044302	0.971612	0.000000	1.393134	2.847986
0.840	0.003	2.044302	0.971612	0.000000	1.393134	2.847986
0.840	0.004	2.044302	0.971612	0.000000	1.393134	2.847986
0.841	0.000	2.044314	0.971617	0.000000	1.393134	2.848002
0.841	0.001	2.044314	0.971617	0.000000	1.393134	2.848002
0.841	0.002	2.044314	0.971617	0.000000	1.393134	2.848002
0.841	0.003	2.044314	0.971617	0.000000	1.393134	2.848002
0.841	0.004	2.044314	0.971617	0.000000	1.393134	2.848002
0.842	0.000	2.044329	0.971630	0.000000	1.393143	2.848043
0.842	0.001	2.044329	0.971630	0.000000	1.393143	2.848043
0.842	0.002	2.044329	0.971630	0.000000	1.393143	2.848043
0.842	0.003	2.044329	0.971630	0.000000	1.393143	2.848043
0.842	0.004	2.044329	0.971630	0.000000	1.393143	2.848043
0.843	0.000	2.044330	0.971633	0.000000	1.393147	2.848053
0.843	0.001	2.044330	0.971633	0.000000	1.393147	2.848053
0.843	0.002	2.044330	0.971633	0.000000	1.393147	2.848053
0.843	0.003	2.044330	0.971633	0.000000	1.393147	2.848053
0.843	0.004	2.044330	0.971633	0.000000	1.393147	2.848053
0.844	0.000	2.044322	0.971632	0.000000	1.393152	2.848053
0.844	0.001	2.044322	0.971632	0.000000	1.393152	2.848053
0.844	0.002	2.044322	0.971632	0.000000	1.393152	2.848053
0.844	0.003	2.044322	0.971632	0.000000	1.393152	2.848053
0.844	0.004	2.044322	0.971632	0.000000	1.393152	2.848053
0.845	0.000	2.044304	0.971628	0.000000	1.393159	2.848041
0.845	0.001	2.044304	0.971628	0.000000	1.393159	2.848041
0.845	0.002	2.044304	0.971628	0.000000	1.393159	2.848041
0.845	0.003	2.044304	0.971628	0.000000	1.393159	2.848041
0.845	0.004	2.044304	0.971628	0.000000	1.393159	2.848041
0.846	0.000	2.044288	0.971620	0.000000	1.393160	2.848021
0.846	0.001	2.044288	0.971620	0.000000	1.393160	2.848021
0.846	0.002	2.044288	0.971620	0.000000	1.393160	2.848021
0.846	0.003	2.044288	0.971620	0.000000	1.393160	2.848021
0.846	0.004	2.044288	0.971620	0.000000	1.393160	2.848021
0.847	0.000	2.044286	0.971618	0.000000	1.393161	2.848018
0.847	0.001	2.044286	0.971618	0.000000	1.393161	2.848018
0.847	0.002	2.044286	0.971618	0.000000	1.393161	2.848018
0.847	0.003	2.044286	0.971618	0.000000	1.393161	2.848018
0.847	0.004	2.044286	0.971618	0.000000	1.393161	2.848018
0.848	0.000	2.044290	0.971620	0.000000	1.393159	2.848020
0.848	0.001	2.044290	0.971620	0.000000	1.393159	2.848020
0.848	0.002	2.044290	0.971620	0.000000	1.393159	2.848020
0.848	0.003	2.044290	0.971620	0.000000	1.393159	2.848020
0.848	0.004	2.044290	0.971620	0.000000	1.393159	2.848020
0.849	0.000	2.044315	0.971630	0.000000	1.393155	2.848048
0.849	0.001	2.044315	0.971630	0.000000	1.393155	2.848048
0.849	0.002	2.044315	0.971630	0.000000	1.393155	2.848048
0.849	0.003	2.044315	0.971630	0.000000	1.393155	2.848048
0.849	0.004	2.044315	0.971630	0.000000	1.393155	2.848048
0.850	0.000	2.044361	0.971650	0.000000	1.393151	2.848104
0.850	0.001	2.044361	0.971650	0.000000	1.393151	2.848104
0.850	0.002	2.044361	0.971650	0.000000	1.393151	2.848104
0.850	0.003	2.044361	0.971650	0.000000	1.393151	2.848104
0.850	0.004	2.044361	0.971650	0.000000	1.393151	2.848104
0.851	0.000	2.044386	0.971652	0.000000	1.393141	2.848118
0.851	0.001	2.044386	0.971652	0.000000	1.393141	2.848118
0.851	0.002	2.044386	0.971652	0.000000	1.393141	2.848118
0.851	0.003	2.044386	0.971652	0.000000	1.393141	2.848118
0.851	0.004	2.044386	0.971652	0.000000	1.393141	2.848118
0.852	0.000	2.044402	0.971651	0.000000	1.393133	2.848124
0.852	0.001	2.044402	0.971651	0.000000	1.393133	2.848124
0.852	0.002	2.044402	0.971651	0.000000	1.393133	2.848124
0.852	0.003	2.044402	0.971651	0.000000	1.393133	2.848124
0.852	0.004	2.044402	0.971651	0.000000	1.393133	2.848124
0.853	0.000	2.044405	0.971646	0.000000	1.393126	2.848114
0.853	0.001	2.044405	0.971646	0.000000	1.393126	2.848114
0.853	0.002	2.044405	0.971646	0.000000	1.393126	2.848114
0.853	0.003	2.044405	0.971646	0.000000	1.393126	2.848114
0.853	0.004	2.044405	0.971646	0.000000	1.393126	2.848114
0.854	0.000	2.044379	0.971622	0.000000	1.393110	2.848045
0.854	0.001	2.044379	0.971622	0.000000	1.393110	2.848045
0.854	0.002	2.044379	0.971622	0.000000	1.393110	2.848045
0.854	0.003	2.044379	0.971622	0.000000	1.393110	2.848045
0.854	0.004	2.044379	0.971622	0.000000	1.393110	2.848045
0.855	0.000	2.044338	0.971600	0.000000	1.393107	2.847980
0.855	0.001	2.044338	0.971600	0.000000	1.393107	2.847980
0.855	0.002	2.044338	0.971600	0.000000	1.393107	2.847980
0.855	0.003	2.044338	0.971600	0.000000	1.393107	2.847980
0.855	0.004	2.044338	0.971600	0.000000	1.393107	2.847980
0.856	0.000	2.044323	0.971597	0.000000	1.393113	2.847972
0.856	0.001	2.044323	0.971597	0.000000	1.393113	2.847972
0.856	0.002	2.044323	0.971597	0.000000	1.393113	2.847972
0.856	0.003	2.044323	0.971597	0.000000	1.393113	2.847972
0.856	0.004	2.044323	0.971597	0.000000	1.393113	2.847972
0.857	0.000	2.044315	0.971597	0.000000	1.393119	2.847974
0.857	0.001	2.044315	0.971597	0.000000	1.393119	2.847974
0.857	0.002	2.044315	0.971597	0.000000	1.393119	2.847974
0.857	0.003	2.044315	0.971597	0.000000	1.393119	2.847974
0.857	0.004	2.044315	0.971597	0.000000	1.393119	2.847974
0.858	0.000	2.044313	0.971600	0.000000	1.393129	2.847993
0.858	0.001	2.044313	0.971600	0.000000	1.393129	2.847993
0.858	0.002	2.044313	0.971600	0.000000	1.393129	2.847993
0.858	0.003	2.044313	0.971600	0.000000	1.393129	2.847993
0.858	0.004	2.044313	0.971600	0.000000	1.393129	2.847993
0.859	0.000	2.044339	0.971623	0.000000	1.393152	2.848076
0.859	0.001	2.044339	0.971623	0.000000	1.393152	2.848076
0.859	0.002	2.044339	0.971623	0.000000	1.393152	2.848076
0.859	0.003	2.044339	0.971623	0.000000	1.393152	2.848076
0.859	0.004	2.044339	0.971623	0.000000	1.393152	2.848076
0.860	0.000	2.044358	0.971639	0.000000	1.393172	2.848142
0.860	0.001	2.044358	0.971639	0.000000	1.393172	2.848142
0.860	0.002	2.044358	0.971639	0.000000	1.393172	2.848142
0.860	0.003	2.044358	0.971639	0.000000	1.393172	2.848142
0.860	0.004	2.044358	0.971639	0.000000	1.393172	2.848142
0.861	0.000	2.044359	0.971640	0.000000	1.393184	2.848168
0.861	0.001	2.044359	0.971640	0.000000	1.393184	2.848168
0.861	0.002	2.044359	0.971640	0.000000	1.393184	2.848168
0.861	0.003	2.044359	0.971640	0.000000	1.393184	2.848168
0.861	0.004	2.044359	0.971640	0.000000	1.393184	2.848168
0.862	0.000	2.044358	0.971636	0.000000	1.393189	2.848176
0.862	0.001	2.044358	0.971636	0.000000	1.393189	2.848176
0.862	0.002	2.044358	0.971636	0.000000	1.393189	2.848176
0.862	0.003	2.044358	0.971636	0.000000	1.393189	2.848176
0.862	0.004	2.044358	0.971636	0.000000	1.393189	2.848176
0.863	0.000	2.044348	0.971628	0.000000	1.393190	2.848164
0.863	0.001	2.044348	0.971628	0.000000	1.393190	2.848164
0.863	0.002	2.044348	0.971628	0.000000	1.393190	2.848164
0.863	0.003	2.044348	0.971628	0.000000	1.393190	2.848164
0.863	0.004	2.044348	0.971628	0.000000	1.393190	2.848164
0.864	0.000	2.044315	0.971602	0.000000	1.393182	2.848101
0.864	0.001	2.044315	0.971602	0.000000	1.393182	2.848101
0.864	0.002	2.044315	0.971602	0.000000	1.393182	2.848101
0.864	0.003	2.044315	0.971602	0.000000	1.393182	2.848101
0.864	0.004	2.044315	0.971602	0.000000	1.393182	2.848101
0.865	0.000	2.044291	0.971582	0.000000	1.393175	2.848054
0.865	0.001	2.044291	0.971582	0.000000	1.393175	2.848054
0.865	0.002	2.044291	0.971582	0.000000	1.393175	2.848054
0.865	0.003	2.044291	0.971582	0.000000	1.393175	2.848054
0.865	0.004	2.044291	0.971582	0.000000	1.393175	2.848054
0.866	0.000	2.044290	0.971579	0.000000	1.393173	2.848049
0.866	0.001	2.044290	0.971579	0.000000	1.393173	2.848049
0.866	0.002	2.044290	0.971579	0.000000	1.393173	2.848049
0.866	0.003	2.044290	0.971579	0.000000	1.393173	2.848049
0.866	0.004	2.044290	0.971579	0.000000	1.393173	2.848049
0.867	0.000	2.044300	0.971578	0.000000	1.393169	2.848055
0.867	0.001	2.044300	0.971578	0.000000	1.393169	2.848055
0.867	0.002	2.044300	0.971578	0.000000	1.393169	2.848055
0.867	0.003	2.044300	0.971578	0.000000	1.393169	2.848055
0.867	0.004	2.044300	0.971578	0.000000	1.393169	2.848055
0.868	0.000	2.044326	0.971587	0.000000	1.393161	2.848075
0.868	0.001	2.044326	0.971587	0.000000	1.393161	2.848075
0.868	0.002	2.044326	0.971587	0.000000	1.393161	2.848075
0.868	0.003	2.044326	0.971587	0.000000	1.393161	2.848075
0.868	0.004	2.044326	0.971587	0.000000	1.393161	2.848075
0.869	0.000	2.044357	0.971601	0.000000	1.393153	2.848102
0.869	0.001	2.044357	0.971601	0.000000	1.393153	2.848102
0.869	0.002	2.044357	0.971601	0.000000	1.393153	2.848102
0.869	0.003	2.044357	0.971601	0.000000	1.393153	2.848102
0.869	0.004	2.044357	0.971601	0.000000	1.393153	2.848102
0.870	0.000	2.044375	0.971607	0.000000	1.393138	2.848097
0.870	0.001	2.044375	0.971607	0.000000	1.393138	2.848097
0.870	0.002	2.044375	0.971607	0.000000	1.393138	2.848097
0.870	0.003	2.044375	0.971607	0.000000	1.393138	2.848097
0.870	0.004	2.044375	0.971607	0.000000	1.393138	2.848097
0.871	0.000	2.044362	0.971628	0.000000	1.393119	2.848040
0.871	0.001	2.044362	0.971628	0.000000	1.393119	2.848040
0.871	0.002	2.044362	0.971628	0.000000	1.393119	2.848040
0.871	0.003	2.044362	0.971628	0.000000	1.393119	2.848040
0.871	0.004	2.044362	0.971628	0.000000	1.393119	2.848040
0.872	0.000	2.044427	0.971601	0.000000	1.393120	2.848132
0.872	0.001	2.044427	0.971601	0.000000	1.393120	2.848132
0.872	0.002	2.044427	0.971601	0.000000	1.393120	2.848132
0.872	0.003	2.044427	0.971601	0.000000	1.393120	2.848132
0.872	0.004	2.044427	0.971601	0.000000	1.393120	2.848132
0.873	0.000	2.044302	0.971714	0.000000	1.393076	2.847870
0.873	0.001	2.044302	0.971714	0.000000	1.393076	2.847870
0.873	0.002	2.044302	0.971714	0.000000	1.393076	2.847870
0.873	0.003	2.044302	0.971714	0.000000	1.393076	2.847870
0.873	0.004	2.044302	0.971714	0.000000	1.393076	2.847870
0.874	0.000	2.044741	0.971470	0.000000	1.393204	2.848741
0.874	0.001	2.044741	0.971470	0.000000	1.393204	2.848741
0.874	0.002	2.044741	0.971470	0.000000	1.393204	2.848741
0.874	0.003	2.044741	0.971470	0.000000	1.393204	2.848741
0.874	0.004	2.044741	0.971470	0.000000	1.393204	2.848741
0.875	0.000	2.043825	0.972238	0.000000	1.392987	2.847023
0.875	0.001	2.043825	0.972238	0.000000	1.392987	2.847023
0.875	0.002	2.043825	0.972238	0.000000	1.392987	2.847023
0.875	0.003	2.043825	0.972238	0.000000	1.392987	2.847023
0.875	0.004	2.043825	0.972238	0.000000	1.392987	2.847023
0.876	0.000	2.046275	0.970950	0.000000	1.393719	2.851933
0.876	0.001	2.046275	0.970950	0.000000	1.393719	2.851933
0.876	0.002	2.046275	0.970950	0.000000	1.393719	2.851933
0.876	0.003	2.046275	0.970950	0.000000	1.393719	2.851933
0.876	0.004	2.046275	0.970950	0.000000	1.393719	2.851933
0.877	0.000	2.043164	0.974180	0.000000	1.392927	2.845978
0.877	0.001	2.043164	0.974180	0.000000	1.392927	2.845978
0.877	0.002	2.043164	0.974180	0.000000	1.392927	2.845978
0.877	0.003	2.043164	0.974180	0.000000	1.392927	2.845978
0.877	0.004	2.043164	0.974180	0.000000	1.392927	2.845978
0.878	0.000	2.046325	0.969271	0.000000	1.393959	2.852493
0.878	0.001	2.046325	0.969271	0.000000	1.393959	2.852493
0.878	0.002	2.046325	0.969271	0.000000	1.393959	2.852493
0.878	0.003	2.046325	0.969271	0.000000	1.393959	2.852493
0.878	0.004	2.046325	0.969271	0.000000	1.393959	2.852493
0.879	0.000	2.005322	0.949804	0.000000	1.382265	2.771886
0.879	0.001	2.005322	0.949804	0.000000	1.382265	2.771886
0.879	0.002	2.005322	0.949804	0.000000	1.382265	2.771886
0.879	0.003	2.005322	0.949804	0.000000	1.382265	2.771886
0.879	0.004	2.005322	0.949804	0.000000	1.382265	2.771886
0.880	0.000	1.681248	0.698248	0.000000	1.289169	2.167413
0.880	0.001	1.681248	0.698248	0.000000	1.289169	2.167413
0.880	0.002	1.681248	0.698248	0.000000	1.289169	2.167413
0.880	0.003	1.681248	0.698248	0.000000	1.289169	2.167413
0.880	0.004	1.681248	0.698248	0.000000	1.289169	2.167413
0.881	0.000	1.093475	0.117846	0.000000	1.048961	1.147013
0.881	0.001	1.093475	0.117846	0.000000	1.048961	1.147013
0.881	0.002	1.093475	0.117846	0.000000	1.048961	1.147013
0.881	0.003	1.093475	0.117846	0.000000	1.048961	1.147013
0.881	0.004	1.093475	0.117846	0.000000	1.048961	1.147013
0.882	0.000	1.006527	0.007947	0.000000	1.002883	1.009429
0.882	0.001	1.006527	0.007947	0.000000	1.002883	1.009429
0.882	0.002	1.006527	0.007947	0.000000	1.002883	1.009429
0.882	0.003	1.006527	0.007947	0.000000	1.002883	1.009429
0.882	0.004	1.006527	0.007947	0.000000	1.002883	1.009429
0.883	0.000	1.000394	0.000470	0.000000	1.000162	1.000556
0.883	0.001	1.000394	0.000470	0.000000	1.000162	1.000556
0.883	0.002	1.000394	0.000470	0.000000	1.000162	1.000556
0.883	0.003	1.000394	0.000470	0.000000	1.000162	1.000556
0.883	0.004	1.000394	0.000470	0.000000	1.000162	1.000556
0.884	0.000	1.000023	0.000027	0.000000	1.000009	1.000032
0.884	0.001	1.000023	0.000027	0.000000	1.000009	1.000032
0.884	0.002	1.000023	0.000027	0.000000	1.000009	1.000032
0.884	0.003	1.000023	0.000027	0.000000	1.000009	1.000032
0.884	0.004	1.000023	0.000027	0.000000	1.000009	1.000032
0.885	0.000	1.000001	0.000002	0.000000	1.000001	1.000002
0.885	0.001	1.000001	0.000002	0.000000	1.000001	1.000002
0.885	0.002	1.000001	0.000002	0.000000	1.000001	1.000002
0.885	0.003	1.000001	0.000002	0.000000	1.000001	1.000002
0.885	0.004	1.000001	0.000002	0.000000	1.000001	1.000002
0.886	0.000	1.000000	0.000000	0.000000	1.000000	1.000000
0.886	0.001	1.000000	0.000000	0.000000	1.000000	1.000000
0.886	0.002	1.000000	0.000000	0.000000	1.000000	1.000000
0.886	0.003	1.000000	0.000000	0.000000	1.000000	1.000000
0.886	0.004	1.000000	0.000000	0.000000	1.000000	1.000000
0.887	0.000	1.000000	0.000000	0.000000	1.000000	1.000000
0.887	0.001	1.000000	0.000000	0.000000	1.000000	1.000000
0.887	0.002	1.000000	0.000000	0.000000	1.000000	1.000000
0.887	0.003	1.000000	0.000000	0.000000	1.000000	1.000000
0.887	0.004	1.000000	0.000000	0.000000	1.000000	1.000000
0.888	0.000	1.000000	0.000000	0.000000	1.000000	1.000000
0.888	0.001	1.000000	0.000000	0.000000	1.000000	1.000000
0.888	0.002	1.000000	0.000000	0.000000	1.000000	1.000000
0.888	0.003	1.000000	0.000000	0.000000	1.000000	1.000000
0.888	0.004	1.000000	0.000000	0.000000	1.000000	1.000000
0.889	0.000	1.000000	0.000000	0.000000	1.000000	1.000000
0.889	0.001	1.000000	0.000000	0.000000	1.000000	1.000000
0.889	0.002	1.000000	0.000000	0.000000	1.000000	1.000000
0.889	0.003	1.000000	0.000000	0.000000	1.000000	1.000000
0.889	0.004	1.000000	0.000000	0.000000	1.000000	1.000000
0.890	0.000	1.000000	0.000000	0.000000	1.000000	1.000000
0.890	0.001	1.000000	0.000000	0.000000	1.000000	1.000000
0.890	0.002	1.000000	0.000000	0.000000	1.000000	1.000000
0.890	0.003	1.000000	0.000000	0.000000	1.000000	1.000000
0.890	0.004	1.000000	0.000000	0.000000	1.000000	1.000000
0.891	0.000	1.000000	0.000000	0.000000	1.000000	1.000000
0.891	0.001	1.000000	0.000000	0.000000	1.000000	1.000000
0.891	0.002	1.000000	0.000000	0.000000	1.000000	1.000000
0.891	0.003	1.000000	0.000000	0.000000	1.000000	1.000000
0.891	0.004	1.000000	0.000000	0.000000	1.000000	1.000000
0.892	0.000	1.000000	0.000000	0.000000	1.000000	1.000000
0.892	0.001	1.000000	0.000000	0.000000	1.000000	1.000000
0.892	0.002	1.000000	0.000000	0.000000	1.000000	1.000000
0.892	0.003	1.000000	0.000000	0.000000	1.000000	1.000000
0.892	0.004	1.000000	0.000000	0.000000	1.000000	1.000000
0.893	0.000	1.000000	0.000000	0.000000	1.000000	1.000000
0.893	0.001	1.000000	0.000000	0.000000	1.000000	1.000000
0.893	0.002	1.000000	0.000000	0.000000	1.000000	1.000000
0.893	0.003	1.000000	0.000000	0.000000	1.000000	1.000000
0.893	0.004	1.000000	0.000000	0.000000	1.000000	1.000000
0.894	0.000	1.000000	0.000000	0.000000	1.000000	1.000000
0.894	0.001	1.000000	0.000000	0.000000	1.000000	1.000000
0.894	0.002	1.000000	0.000000	0.000000	1.000000	1.000000
0.894	0.003	1.000000	0.000000	0.000000	1.000000	1.000000
0.894	0.004	1.000000	0.000000	0.000000	1.000000	1.000000
0.895	0.000	1.000000	0.000000	0.000000	1.000000	1.000000
0.895	0.001	1.000000	0.000000	0.000000	1.000000	1.000000
0.895	0.002	1.000000	0.000000	0.000000	1.000000	1.000000
0.895	0.003	1.000000	0.000000	0.000000	1.000000	1.000000
0.895	0.004	1.000000	0.000000	0.000000	1.000000	1.000000
0.896	0.000	1.000000	0.000000	0.000000	1.000000	1.000000
0.896	0.001	1.000000	0.000000	0.000000	1.000000	1.000000
0.896	0.002	1.000000	0.000000	0.000000	1.000000	1.000000
0.896	0.003	1.000000	0.000000	0.000000	1.000000	1.000000
0.896	0.004	1.000000	0.000000	0.000000	1.000000	1.000000
0.897	0.000	1.000000	0.000000	0.000000	1.000000	1.000000
0.897	0.001	1.000000	0.000000	0.000000	1.000000	1.000000
0.897	0.002	1.000000	0.000000	0.000000	1.000000	1.000000
0.897	0.003	1.000000	0.000000	0.000000	1.000000	1.000000
0.897	0.004	1.000000	0.000000	0.000000	1.000000	1.000000
0.898	0.000	1.000000	0.000000	0.000000	1.000000	1.000000
0.898	0.001	1.000000	0.000000	0.000000	1.000000	1.000000
0.898	0.002	1.000000	0.000000	0.000000	1.000000	1.000000
0.898	0.003	1.000000	0.000000	0.000000	1.000000	1.000000
0.898	0.004	1.000000	0.000000	0.000000	1.000000	1.000000
0.899	0.000	1.000000	0.000000	0.000000	1.000000	1.000000
0.899	0.001	1.000000	0.000000	0.000000	1.000000	1.000000
0.899	0.002	1.000000	0.000000	0.000000	1.000000	1.000000
0.899	0.003	1.000000	0.000000	0.000000	1.000000	1.000000
0.899	0.004	1.000000	0.000000	0.000000	1.000000	1.000000
0.900	0.000	1.000000	0.000000	0.000000	1.000000	1.000000
0.900	0.001	1.000000	0.000000	0.000000	1.000000	1.000000
0.900	0.002	1.000000	0.000000	0.000000	1.000000	1.000000
0.900	0.003	1.000000	0.000000	0.000000	1.000000	1.000000
0.900	0.004	1.000000	0.000000	0.000000	1.000000	1.000000
0.901	0.000	1.000000	0.000000	0.000000	1.000000	1.000000
0.901	0.001	1.000000	0.000000	0.000000	1.000000	1.000000
0.901	0.002	1.000000	0.000000	0.000000	1.000000	1.000000
0.901	0.003	1.000000	0.000000	0.000000	1.000000	1.000000
0.901	0.004	1.000000	0.000000	0.000000	1.000000	1.000000
0.902	0.000	1.000000	0.000000	0.000000	1.000000	1.000000
0.902	0.001	1.000000	0.000000	0.000000	1.000000	1.000000
0.902	0.002	1.000000	0.000000	0.000000	1.000000	1.000000
0.902	0.003	1.000000	0.000000	0.000000	1.000000	1.000000
0.902	0.004	1.000000	0.000000	0.000000	1.000000	1.000000
0.903	0.000	1.000000	0.000000	0.000000	1.000000	1.000000
0.903	0.001	1.000000	0.000000	0.000000	1.000000	1.000000
0.903	0.002	1.000000	0.000000	0.000000	1.000000	1.000000
0.903	0.003	1.000000	0.000000	0.000000	1.000000	1.000000
0.903	0.004	1.000000	0.000000	0.000000	1.000000	1.000000
0.904	0.000	1.000000	0.000000	0.000000	1.000000	1.000000
0.904	0.001	1.000000	0.000000	0.000000	1.000000	1.000000
0.904	0.002	1.000000	0.000000	0.000000	1.000000	1.000000
0.904	0.003	1.000000	0.000000	0.000000	1.000000	1.000000
0.904	0.004	1.000000	0.000000	0.000000	1.000000	1.000000
0.905	0.000	1.000000	0.000000	0.000000	1.000000	1.000000
0.905	0.001	1.000000	0.000000	0.000000	1.000000	1.000000
0.905	0.002	1.000000	0.000000	0.000000	1.000000	1.000000
0.905	0.003	1.000000	0.000000	0.000000	1.000000	1.000000
0.905	0.004	1.000000	0.000000	0.000000	1.000000	1.000000
0.906	0.000	1.000000	0.000000	0.000000	1.000000	1.000000
0.906	0.001	1.000000	0.000000	0.000000	1.000000	1.000000
0.906	0.002	1.000000	0.000000	0.000000	1.000000	1.000000
0.906	0.003	1.000000	0.000000	0.000000	1.000000	1.000000
0.906	0.004	1.000000	0.000000	0.000000	1.000000	1.000000
0.907	0.000	1.000000	0.000000	0.000000	1.000000	1.000000
0.907	0.001	1.000000	0.000000	0.000000	1.000000	1.000000
0.907	0.002	1.000000	0.000000	0.000000	1.000000	1.000000
0.907	0.003	1.000000	0.000000	0.000000	1.000000	1.000000
0.907	0.004	1.000000	0.000000	0.000000	1.000000	1.000000
0.908	0.000	1.000000	0.000000	0.000000	1.000000	1.000000
0.908	0.001	1.000000	0.000000	0.000000	1.000000	1.000000
0.908	0.002	1.000000	0.000000	0.000000	1.000000	1.000000
0.908	0.003	1.000000	0.000000	0.000000	1.000000	1.000000
0.908	0.004	1.000000	0.000000	0.000000	1.000000	1.000000
0.909	0.000	1.000000	0.000000	0.000000	1.000000	1.000000
0.909	0.001	1.000000	0.000000	0.000000	1.000000	1.000000
0.909	0.002	1.000000	0.000000	0.000000	1.000000	1.000000
0.909	0.003	1.000000	0.000000	0.000000	1.000000	1.000000
0.909	0.004	1.000000	0.000000	0.000000	1.000000	1.000000
0.910	0.000	1.000000	0.000000	0.000000	1.000000	1.000000
0.910	0.001	1.000000	0.000000	0.000000	1.000000	1.000000
0.910	0.002	1.000000	0.000000	0.000000	1.000000	1.000000
0.910	0.003	1.000000	0.000000	0.000000	1.000000	1.000000
0.910	0.004	1.000000	0.000000	0.000000	1.000000	1.000000
0.911	0.000	1.000000	0.000000	0.000000	1.000000	1.000000
0.911	0.001	1.000000	0.000000	0.000000	1.000000	1.000000
0.911	0.002	1.000000	0.000000	0.000000	1.000000	1.000000
0.911	0.003	1.000000	0.000000	0.000000	1.000000	1.000000
0.911	0.004	1.000000	0.000000	0.000000	1.000000	1.000000
0.912	0.000	1.000000	0.000000	0.000000	1.000000	1.000000
0.912	0.001	1.000000	0.000000	0.000000	1.000000	1.000000
0.912	0.002	1.000000	0.000000	0.000000	1.000000	1.000000
0.912	0.003	1.000000	0.000000	0.000000	1.000000	1.000000
0.912	0.004	1.000000	0.000000	0.000000	1.000000	1.000000
0.913	0.000	1.000000	0.000000	0.000000	1.000000	1.000000
0.913	0.001	1.000000	0.000000	0.000000	1.000000	1.000000
0.913	0.002	1.000000	0.000000	0.000000	1.000000	1.000000
0.913	0.003	1.000000	0.000000	0.000000	1.000000	1.000000
0.913	0.004	1.000000	0.000000	0.000000	1.000000	1.000000
0.914	0.000	1.000000	0.000000	0.000000	1.000000	1.000000
0.914	0.001	1.000000	0.000000	0.000000	1.000000	1.000000
0.914	0.002	1.000000	0.000000	0.000000	1.000000	1.000000
0.914	0.003	1.000000	0.000000	0.000000	1.000000	1.000000
0.914	0.004	1.000000	0.000000	0.000000	1.000000	1.000000
0.915	0.000	1.000000	0.000000	0.000000	1.000000	1.000000
0.915	0.001	1.000000	0.000000	0.000000	1.000000	1.000000
0.915	0.002	1.000000	0.000000	0.000000	1.000000	1.000000
0.915	0.003	1.000000	0.000000	0.000000	1.000000	1.000000
0.915	0.004	1.000000	0.000000	0.000000	1.000000	1.000000
0.916	0.000	1.000000	0.000000	0.000000	1.000000	1.000000
0.916	0.001	1.000000	0.000000	0.000000	1.000000	1.000000
0.916	0.002	1.000000	0.000000	0.000000	1.000000	1.000000
0.916	0.003	1.000000	0.000000	0.000000	1.000000	1.000000
0.916	0.004	1.000000	0.000000	0.000000	1.000000	1.000000
0.917	0.000	1.000000	0.000000	0.000000	1.000000	1.000000
0.917	0.001	1.000000	0.000000	0.000000	1.000000	1.000000
0.917	0.002	1.000000	0.000000	0.000000	1.000000	1.000000
0.917	0.003	1.000000	0.000000	0.000000	1.000000	1.000000
0.917	0.004	1.000000	0.000000	0.000000	1.000000	1.000000
0.918	0.000	1.000000	0.000000	0.000000	1.000000	1.000000
0.918	0.001	1.000000	0.000000	0.000000	1.000000	1.000000
0.918	0.002	1.000000	0.000000	0.000000	1.000000	1.000000
0.918	0.003	1.000000	0.000000	0.000000	1.000000	1.000000
0.918	0.004	1.000000	0.000000	0.000000	1.000000	1.000000
0.919	0.000	1.000000	0.000000	0.000000	1.000000	1.000000
0.919	0.001	1.000000	0.000000	0.000000	1.000000	1.000000
0.919	0.002	1.000000	0.000000	0.000000	1.000000	1.000000
0.919	0.003	1.000000	0.000000	0.000000	1.000000	1.000000
0.919	0.004	1.000000	0.000000	0.000000	1.000000	1.000000
0.920	0.000	1.000000	0.000000	0.000000	1.000000	1.000000
0.920	0.001	1.000000	0.000000	0.000000	1.000000	1.000000
0.920	0.002	1.000000	0.000000	0.000000	1.000000	1.000000
0.920	0.003	1.000000	0.000000	0.000000	1.000000	1.000000
0.920	0.004	1.000000	0.000000	0.000000	1.000000	1.000000
0.921	0.000	1.000000	0.000000	0.000000	1.000000	1.000000
0.921	0.001	1.000000	0.000000	0.000000	1.000000	1.000000
0.921	0.002	1.000000	0.000000	0.000000	1.000000	1.000000
0.921	0.003	1.000000	0.000000	0.000000	1.000000	1.000000
0.921	0.004	1.000000	0.000000	0.000000	1.000000	1.000000
0.922	0.000	1.000000	0.000000	0.000000	1.000000	1.000000
0.922	0.001	1.000000	0.000000	0.000000	1.000000	1.000000
0.922	0.002	1.000000	0.000000	0.000000	1.000000	1.000000
0.922	0.003	1.000000	0.000000	0.000000	1.000000	1.000000
0.922	0.004	1.000000	0.000000	0.000000	1.000000	1.000000
0.923	0.000	1.000000	0.000000	0.000000	1.000000	1.000000
0.923	0.001	1.000000	0.000000	0.000000	1.000000	1.000000
0.923	0.002	1.000000	0.000000	0.000000	1.000000	1.000000
0.923	0.003	1.000000	0.000000	0.000000	1.000000	1.000000
0.923	0.004	1.000000	0.000000	0.000000	1.000000	1.000000
0.924	0.000	1.000000	0.000000	0.000000	1.000000	1.000000
0.924	0.001	1.000000	0.000000	0.000000	1.000000	1.000000
0.924	0.002	1.000000	0.000000	0.000000	1.000000	1.000000
0.924	0.003	1.000000	0.000000	0.000000	1.000000	1.000000
0.924	0.004	1.000000	0.000000	0.000000	1.000000	1.000000
0.925	0.000	1.000000	0.000000	0.000000	1.000000	1.000000
0.925	0.001	1.000000	0.000000	0.000000	1.000000	1.000000
0.925	0.002	1.000000	0.000000	0.000000	1.000000	1.000000
0.925	0.003	1.000000	0.000000	0.000000	1.000000	1.000000
0.925	0.004	1.000000	0.000000	0.000000	1.000000	1.000000
0.926	0.000	1.000000	0.000000	0.000000	1.000000	1.000000
0.926	0.001	1.000000	0.000000	0.000000	1.000000	1.000000
0.926	0.002	1.000000	0.000000	0.000000	1.000000	1.000000
0.926	0.003	1.000000	0.000000	0.000000	1.000000	1.000000
0.926	0.004	1.000000	0.000000	0.000000	1.000000	1.000000
0.927	0.000	1.000000	0.000000	0.000000	1.000000	1.000000
0.927	0.001	1.000000	0.000000	0.000000	1.000000	1.000000
0.927	0.002	1.000000	0.000000	0.000000	1.000000	1.000000
0.927	0.003	1.000000	0.000000	0.000000	1.000000	1.000000
0.927	0.004	1.000000	0.000000	0.000000	1.000000	1.000000
0.928	0.000	1.000000	0.000000	0.000000	1.000000	1.000000
0.928	0.001	1.000000	0.000000	0.000000	1.000000	1.000000
0.928	0.002	1.000000	0.000000	0.000000	1.000000	1.000000
0.928	0.003	1.000000	0.000000	0.000000	1.000000	1.000000
0.928	0.004	1.000000	0.000000	0.000000	1.000000	1.000000
0.929	0.000	1.000000	0.000000	0.000000	1.000000	1.000000
0.929	0.001	1.000000	0.000000	0.000000	1.000000	1.000000
0.929	0.002	1.000000	0.000000	0.000000	1.000000	1.000000
0.929	0.003	1.000000	0.000000	0.000000	1.000000	1.000000
0.929	0.004	1.000000	0.000000	0.000000	1.000000	1.000000
0.930	0.000	1.000000	0.000000	0.000000	1.000000	1.000000
0.930	0.001	1.000000	0.000000	0.000000	1.000000	1.000000
0.930	0.002	1.000000	0.000000	0.000000	1.000000	1.000000
0.930	0.003	1.000000	0.000000	0.000000	1.000000	1.000000
0.930	0.004	1.000000	0.000000	0.000000	1.000000	1.000000
0.931	0.000	1.000000	0.000000	0.000000	1.000000	1.000000
0.931	0.001	1.000000	0.000000	0.000000	1.000000	1.000000
0.931	0.002	1.000000	0.000000	0.000000	1.000000	1.000000
0.931	0.003	1.000000	0.000000	0.000000	1.000000	1.000000
0.931	0.004	1.000000	0.000000	0.000000	1.000000	1.000000
0.932	0.000	1.000000	0.000000	0.000000	1.000000	1.000000
0.932	0.001	1.000000	0.000000	0.000000	1.000000	1.000000
0.932	0.002	1.000000	0.000000	0.000000	1.000000	1.000000
0.932	0.003	1.000000	0.000000	0.000000	1.000000	1.000000
0.932	0.004	1.000000	0.000000	0.000000	1.000000	1.000000
0.933	0.000	1.000000	0.000000	0.000000	1.000000	1.000000
0.933	0.001	1.000000	0.000000	0.000000	1.000000	1.000000
0.933	0.002	1.000000	0.000000	0.000000	1.000000	1.000000
0.933	0.003	1.000000	0.000000	0.000000	1.000000	1.000000
0.933	0.004	1.000000	0.000000	0.000000	1.000000	1.000000
0.934	0.000	1.000000	0.000000	0.000000	1.000000	1.000000
0.934	0.001	1.000000	0.000000	0.000000	1.000000	1.000000
0.934	0.002	1.000000	0.000000	0.000000	1.000000	1.000000
0.934	0.003	1.000000	0.000000	0.000000	1.000000	1.000000
0.934	0.004	1.000000	0.000000	0.000000	1.000000	1.000000
0.935	0.000	1.000000	0.000000	0.000000	1.000000	1.000000
0.935	0.001	1.000000	0.000000	0.000000	1.000000	1.000000
0.935	0.002	1.000000	0.000000	0.000000	1.000000	1.000000
0.935	0.003	1.000000	0.000000	0.000000	1.000000	1.000000
0.935	0.004	1.000000	0.000000	0.000000	1.000000	1.000000
0.936	0.000	1.000000	0.000000	0.000000	1.000000	1.000000
0.936	0.001	1.000000	0.000000	0.000000	1.000000	1.000000
0.936	0.002	1.000000	0.000000	0.000000	1.000000	1.000000
0.936	0.003	1.000000	0.000000	0.000000	1.000000	1.000000
0.936	0.004	1.000000	0.000000	0.000000	1.000000	1.000000
0.937	0.000	1.000000	0.000000	0.000000	1.000000	1.000000
0.937	0.001	1.000000	0.000000	0.000000	1.000000	1.000000
0.937	0.002	1.000000	0.000000	0.000000	1.000000	1.000000
0.937	0.003	1.000000	0.000000	0.000000	1.000000	1.000000
0.937	0.004	1.000000	0.000000	0.000000	1.000000	1.000000
0.938	0.000	1.000000	0.000000	0.000000	1.000000	1.000000
0.938	0.001	1.000000	0.000000	0.000000	1.000000	1.000000
0.938	0.002	1.000000	0.000000	0.000000	1.000000	1.000000
0.938	0.003	1.000000	0.000000	0.000000	1.000000	1.000000
0.938	0.004	1.000000	0.000000	0.000000	1.000000	1.000000
0.939	0.000	1.000000	0.000000	0.000000	1.000000	1.000000
0.939	0.001	1.000000	0.000000	0.000000	1.000000	1.000000
0.939	0.002	1.000000	0.000000	0.000000	1.000000	1.000000
0.939	0.003	1.000000	0.000000	0.000000	1.000000	1.000000
0.939	0.004	1.000000	0.000000	0.000000	1.000000	1.000000
0.940	0.000	1.000000	0.000000	0.000000	1.000000	1.000000
0.940	0.001	1.000000	0.000000	0.000000	1.000000	1.000000
0.940	0.002	1.000000	0.000000	0.000000	1.000000	1.000000
0.940	0.003	1.000000	0.000000	0.000000	1.000000	1.000000
0.940	0.004	1.000000	0.000000	0.000000	1.000000	1.000000
0.941	0.000	1.000000	0.000000	0.000000	1.000000	1.000000
0.941	0.001	1.000000	0.000000	0.000000	1.000000	1.000000
0.941	0.002	1.000000	0.000000	0.000000	1.000000	1.000000
0.941	0.003	1.000000	0.000000	0.000000	1.000000	1.000000
0.941	0.004	1.000000	0.000000	0.000000	1.000000	1.000000
0.942	0.000	1.000000	0.000000	0.000000	1.000000	1.000000
0.942	0.001	1.000000	0.000000	0.000000	1.000000	1.000000
0.942	0.002	1.000000	0.000000	0.000000	1.000000	1.000000
0.942	0.003	1.000000	0.000000	0.000000	1.000000	1.000000
0.942	0.004	1.000000	0.000000	0.000000	1.000000	1.000000
0.943	0.000	1.000000	0.000000	0.000000	1.000000	1.000000
0.943	0.001	1.000000	0.000000	0.000000	1.000000	1.000000
0.943	0.002	1.000000	0.000000	0.000000	1.000000	1.000000
0.943	0.003	1.000000	0.000000	0.000000	1.000000	1.000000
0.943	0.004	1.000000	0.000000	0.000000	1.000000	1.000000
0.944	0.000	1.000000	0.000000	0.000000	1.000000	1.000000
0.944	0.001	1.000000	0.000000	0.000000	1.000000	1.000000
0.944	0.002	1.000000	0.000000	0.000000	1.000000	1.000000
0.944	0.003	1.000000	0.000000	0.000000	1.000000	1.000000
0.944	0.004	1.000000	0.000000	0.000000	1.000000	1.000000
0.945	0.000	1.000000	0.000000	0.000000	1.000000	1.000000
0.945	0.001	1.000000	0.000000	0.000000	1.000000	1.000000
0.945	0.002	1.000000	0.000000	0.000000	1.000000	1.000000
0.945	0.003	1.000000	0.000000	0.000000	1.000000	1.000000
0.945	0.004	1.000000	0.000000	0.000000	1.000000	1.000000
0.946	0.000	1.000000	0.000000	0.000000	1.000000	1.000000
0.946	0.001	1.000000	0.000000	0.000000	1.000000	1.000000
0.946	0.002	1.000000	0.000000	0.000000	1.000000	1.000000
0.946	0.003	1.000000	0.000000	0.000000	1.000000	1.000000
0.946	0.004	1.000000	0.000000	0.000000	1.000000	1.000000
0.947	0.000	1.000000	0.000000	0.000000	1.000000	1.000000
0.947	0.001	1.000000	0.000000	0.000000	1.000000	1.000000
0.947	0.002	1.000000	0.000000	0.000000	1.000000	1.000000
0.947	0.003	1.000000	0.000000	0.000000	1.000000	1.000000
0.947	0.004	1.000000	0.000000	0.000000	1.000000	1.000000
0.948	0.000	1.000000	0.000000	0.000000	1.000000	1.000000
0.948	0.001	1.000000	0.000000	0.000000	1.000000	1.000000
0.948	0.002	1.000000	0.000000	0.000000	1.000000	1.000000
0.948	0.003	1.000000	0.000000	0.000000	1.000000	1.000000
0.948	0.004	1.000000	0.000000	0.000000	1.000000	1.000000
0.949	0.000	1.000000	0.000000	0.000000	1.000000	1.000000
0.949	0.001	1.000000	0.000000	0.000000	1.000000	1.000000
0.949	0.002	1.000000	0.000000	0.000000	1.000000	1.000000
0.949	0.003	1.000000	0.000000	0.000000	1.000000	1.000000
0.949	0.004	1.000000	0.000000	0.000000	1.000000	1.000000
0.950	0.000	1.000000	0.000000	0.000000	1.000000	1.000000
0.950	0.001	1.000000	0.000000	0.000000	1.000000	1.000000
0.950	0.002	1.000000	0.000000	0.000000	1.000000	1.000000
0.950	0.003	1.000000	0.000000	0.000000	1.000000	1.000000
0.950	0.004	1.000000	0.000000	0.000000	1.000000	1.000000
0.951	0.000	1.000000	0.000000	0.000000	1.000000	1.000000
0.951	0.001	1.000000	0.000000	0.000000	1.000000	1.000000
0.951	0.002	1.000000	0.000000	0.000000	1.000000	1.000000
0.951	0.003	1.000000	0.000000	0.000000	1.000000	1.000000
0.951	0.004	1.000000	0.000000	0.000000	1.000000	1.000000
0.952	0.000	1.000000	0.000000	0.000000	1.000000	1.000000
0.952	0.001	1.000000	0.000000	0.000000	1.000000	1.000000
0.952	0.002	1.000000	0.000000	0.000000	1.000000	1.000000
0.952	0.003	1.000000	0.000000	0.000000	1.000000	1.000000
0.952	0.004	1.000000	0.000000	0.000000	1.000000	1.000000
0.953	0.000	1.000000	0.000000	0.000000	1.000000	1.000000
0.953	0.001	1.000000	0.000000	0.000000	1.000000	1.000000
0.953	0.002	1.000000	0.000000	0.000000	1.000000	1.000000
0.953	0.003	1.000000	0.000000	0.000000	1.000000	1.000000
0.953	0.004	1.000000	0.000000	0.000000	1.000000	1.000000
0.954	0.000	1.000000	0.000000	0.000000	1.000000	1.000000
0.954	0.001	1.000000	0.000000	0.000000	1.000000	1.000000
0.954	0.002	1.000000	0.000000	0.000000	1.000000	1.000000
0.954	0.003	1.000000	0.000000	0.000000	1.000000	1.000000
0.954	0.004	1.000000	0.000000	0.000000	1.000000	1.000000
0.955	0.000	1.000000	0.000000	0.000000	1.000000	1.000000
0.955	0.001	1.000000	0.000000	0.000000	1.000000	1.000000
0.955	0.002	1.000000	0.000000	0.000000	1.000000	1.000000
0.955	0.003	1.000000	0.000000	0.000000	1.000000	1.000000
0.955	0.004	1.000000	0.000000	0.000000	1.000000	1.000000
0.956	0.000	1.000000	0.000000	0.000000	1.000000	1.000000
0.956	0.001	1.000000	0.000000	0.000000	1.000000	1.000000
0.956	0.002	1.000000	0.000000	0.000000	1.000000	1.000000
0.956	0.003	1.000000	0.000000	0.000000	1.000000	1.000000
0.956	0.004	1.000000	0.000000	0.000000	1.000000	1.000000
0.957	0.000	1.000000	0.000000	0.000000	1.000000	1.000000
0.957	0.001	1.000000	0.000000	0.000000	1.000000	1.000000
0.957	0.002	1.000000	0.000000	0.000000	1.000000	1.000000
0.957	0.003	1.000000	0.000000	0.000000	1.000000	1.000000
0.957	0.004	1.000000	0.000000	0.000000	1.000000	1.000000
0.958	0.000	1.000000	0.000000	0.000000	1.000000	1.000000
0.958	0.001	1.000000	0.000000	0.000000	1.000000	1.000000
0.958	0.002	1.000000	0.000000	0.000000	1.000000	1.000000
0.958	0.003	1.000000	0.000000	0.000000	1.000000	1.000000
0.958	0.004	1.000000	0.000000	0.000000	1.000000	1.000000
0.959	0.000	1.000000	0.000000	0.000000	1.000000	1.000000
0.959	0.001	1.000000	0.000000	0.000000	1.000000	1.000000
0.959	0.002	1.000000	0.000000	0.000000	1.000000	1.000000
0.959	0.003	1.000000	0.000000	0.000000	1.000000	1.000000
0.959	0.004	1.000000	0.000000	0.000000	1.000000	1.000000
0.960	0.000	1.000000	0.000000	0.000000	1.000000	1.000000
0.960	0.001	1.000000	0.000000	0.000000	1.000000	1.000000
0.960	0.002	1.000000	0.000000	0.000000	1.000000	1.000000
0.960	0.003	1.000000	0.000000	0.000000	1.000000	1.000000
0.960	0.004	1.000000	0.000000	0.000000	1.000000	1.000000
0.961	0.000	1.000000	0.000000	0.000000	1.000000	1.000000
0.961	0.001	1.000000	0.000000	0.000000	1.000000	1.000000
0.961	0.002	1.000000	0.000000	0.000000	1.000000	1.000000
0.961	0.003	1.000000	0.000000	0.000000	1.000000	1.000000
0.961	0.004	1.000000	0.000000	0.000000	1.000000	1.000000
0.962	0.000	1.000000	0.000000	0.000000	1.000000	1.000000
0.962	0.001	1.000000	0.000000	0.000000	1.000000	1.000000
0.962	0.002	1.000000	0.000000	0.000000	1.000000	1.000000
0.962	0.003	1.000000	0.000000	0.000000	1.000000	1.000000
0.962	0.004	1.000000	0.000000	0.000000	1.000000	1.000000
0.963	0.000	1.000000	0.000000	0.000000	1.000000	1.000000
0.963	0.001	1.000000	0.000000	0.000000	1.000000	1.000000
0.963	0.002	1.000000	0.000000	0.000000	1.000000	1.000000
0.963	0.003	1.000000	0.000000	0.000000	1.000000	1.000000
0.963	0.004	1.000000	0.000000	0.000000	1.000000	1.000000
0.964	0.000	1.000000	0.000000	0.000000	1.000000	1.000000
0.964	0.001	1.000000	0.000000	0.000000	1.000000	1.000000
0.964	0.002	1.000000	0.000000	0.000000	1.000000	1.000000
0.964	0.003	1.000000	0.000000	0.000000	1.000000	1.000000
0.964	0.004	1.000000	0.000000	0.000000	1.000000	1.000000
0.965	0.000	1.000000	0.000000	0.000000	1.000000	1.000000
0.965	0.001	1.000000	0.000000	0.000000	1.000000	1.000000
0.965	0.002	1.000000	0.000000	0.000000	1.000000	1.000000
0.965	0.003	1.000000	0.000000	0.000000	1.000000	1.000000
0.965	0.004	1.000000	0.000000	0.000000	1.000000	1.000000
0.966	0.000	1.000000	0.000000	0.000000	1.000000	1.000000
0.966	0.001	1.000000	0.000000	0.000000	1.000000	1.000000
0.966	0.002	1.000000	0.000000	0.000000	1.000000	1.000000
0.966	0.003	1.000000	0.000000	0.000000	1.000000	1.000000
0.966	0.004	1.000000	0.000000	0.000000	1.000000	1.000000
0.967	0.000	1.000000	0.000000	0.000000	1.000000	1.000000
0.967	0.001	1.000000	0.000000	0.000000	1.000000	1.000000
0.967	0.002	1.000000	0.000000	0.000000	1.000000	1.000000
0.967	0.003	1.000000	0.000000	0.000000	1.000000	1.000000
0.967	0.004	1.000000	0.000000	0.000000	1.000000	1.000000
0.968	0.000	1.000000	0.000000	0.000000	1.000000	1.000000
0.968	0.001	1.000000	0.000000	0.000000	1.000000	1.000000
0.968	0.002	1.000000	0.000000	0.000000	1.000000	1.000000
0.968	0.003	1.000000	0.000000	0.000000	1.000000	1.000000
0.968	0.004	1.000000	0.000000	0.000000	1.000000	1.000000
0.969	0.000	1.000000	0.000000	0.000000	1.000000	1.000000
0.969	0.001	1.000000	0.000000	0.000000	1.000000	1.000000
0.969	0.002	1.000000	0.000000	0.000000	1.000000	1.000000
0.969	0.003	1.000000	0.000000	0.000000	1.000000	1.000000
0.969	0.004	1.000000	0.000000	0.000000	1.000000	1.000000
0.970	0.000	1.000000	0.000000	0.000000	1.000000	1.000000
0.970	0.001	1.000000	0.000000	0.000000	1.000000	1.000000
0.970	0.002	1.000000	0.000000	0.000000	1.000000	1.000000
0.970	0.003	1.000000	0.000000	0.000000	1.000000	1.000000
0.970	0.004	1.000000	0.000000	0.000000	1.000000	1.000000
0.971	0.000	1.000000	0.000000	0.000000	1.000000	1.000000
0.971	0.001	1.000000	0.000000	0.000000	1.000000	1.000000
0.971	0.002	1.000000	0.000000	0.000000	1.000000	1.000000
0.971	0.003	1.000000	0.000000	0.000000	1.000000	1.000000
0.971	0.004	1.000000	0.000000	0.000000	1.000000	1.000000
0.972	0.000	1.000000	0.000000	0.000000	1.000000	1.000000
0.972	0.001	1.000000	0.000000	0.000000	1.000000	1.000000
0.972	0.002	1.000000	0.000000	0.000000	1.000000	1.000000
0.972	0.003	1.000000	0.000000	0.000000	1.000000	1.000000
0.972	0.004	1.000000	0.000000	0.000000	1.000000	1.000000
0.973	0.000	1.000000	0.000000	0.000000	1.000000	1.000000
0.973	0.001	1.000000	0.000000	0.000000	1.000000	1.000000
0.973	0.002	1.000000	0.000000	0.000000	1.000000	1.000000
0.973	0.003	1.000000	0.000000	0.000000	1.000000	1.000000
0.973	0.004	1.000000	0.000000	0.000000	1.000000	1.000000
0.974	0.000	1.000000	0.000000	0.000000	1.000000	1.000000
0.974	0.001	1.000000	0.000000	0.000000	1.000000	1.000000
0.974	0.002	1.000000	0.000000	0.000000	1.000000	1.000000
0.974	0.003	1.000000	0.000000	0.000000	1.000000	1.000000
0.974	0.004	1.000000	0.000000	0.000000	1.000000	1.000000
0.975	0.000	1.000000	0.000000	0.000000	1.000000	1.000000
0.975	0.001	1.000000	0.000000	0.000000	1.000000	1.000000
0.975	0.002	1.000000	0.000000	0.000000	1.000000	1.000000
0.975	0.003	1.000000	0.000000	0.000000	1.000000	1.000000
0.975	0.004	1.000000	0.000000	0.000000	1.000000	1.000000
0.976	0.000	1.000000	0.000000	0.000000	1.000000	1.000000
0.976	0.001	1.000000	0.000000	0.000000	1.000000	1.000000
0.976	0.002	1.000000	0.000000	0.000000	1.000000	1.000000
0.976	0.003	1.000000	0.000000	0.000000	1.000000	1.000000
0.976	0.004	1.000000	0.000000	0.000000	1.000000	1.000000
0.977	0.000	1.000000	0.000000	0.000000	1.000000	1.000000
0.977	0.001	1.000000	0.000000	0.000000	1.000000	1.000000
0.977	0.002	1.000000	0.000000	0.000000	1.000000	1.000000
0.977	0.003	1.000000	0.000000	0.000000	1.000000	1.000000
0.977	0.004	1.000000	0.000000	0.000000	1.000000	1.000000
0.978	0.000	1.000000	0.000000	0.000000	1.000000	1.000000
0.978	0.001	1.000000	0.000000	0.000000	1.000000	1.000000
0.978	0.002	1.000000	0.000000	0.000000	1.000000	1.000000
0.978	0.003	1.000000	0.000000	0.000000	1.000000	1.000000
0.978	0.004	1.000000	0.000000	0.000000	1.000000	1.000000
0.979	0.000	1.000000	0.000000	0.000000	1.000000	1.000000
0.979	0.001	1.000000	0.000000	0.000000	1.000000	1.000000
0.979	0.002	1.000000	0.000000	0.000000	1.000000	1.000000
0.979	0.003	1.000000	0.000000	0.000000	1.000000	1.000000
0.979	0.004	1.000000	0.000000	0.000000	1.000000	1.000000
0.980	0.000	1.000000	0.000000	0.000000	1.000000	1.000000
0.980	0.001	1.000000	0.000000	0.000000	1.000000	1.000000
0.980	0.002	1.000000	0.000000	0.000000	1.000000	1.000000
0.980	0.003	1.000000	0.000000	0.000000	1.000000	1.000000
0.980	0.004	1.000000	0.000000	0.000000	1.000000	1.000000
0.981	0.000	1.000000	0.000000	0.000000	1.000000	1.000000
0.981	0.001	1.000000	0.000000	0.000000	1.000000	1.000000
0.981	0.002	1.000000	0.000000	0.000000	1.000000	1.000000
0.981	0.003	1.000000	0.000000	0.000000	1.000000	1.000000
0.981	0.004	1.000000	0.000000	0.000000	1.000000	1.000000
0.982	0.000	1.000000	0.000000	0.000000	1.000000	1.000000
0.982	0.001	1.000000	0.000000	0.000000	1.000000	1.000000
0.982	0.002	1.000000	0.000000	0.000000	1.000000	1.000000
0.982	0.003	1.000000	0.000000	0.000000	1.000000	1.000000
0.982	0.004	1.000000	0.000000	0.000000	1.000000	1.000000
0.983	0.000	1.000000	0.000000	0.000000	1.000000	1.000000
0.983	0.001	1.000000	0.000000	0.000000	1.000000	1.000000
0.983	0.002	1.000000	0.000000	0.000000	1.000000	1.000000
0.983	0.003	1.000000	0.000000	0.000000	1.000000	1.000000
0.983	0.004	1.000000	0.000000	0.000000	1.000000	1.000000
0.984	0.000	1.000000	0.000000	0.000000	1.000000	1.000000
0.984	0.001	1.000000	0.000000	0.000000	1.000000	1.000000
0.984	0.002	1.000000	0.000000	0.000000	1.000000	1.000000
0.984	0.003	1.000000	0.000000	0.000000	1.000000	1.000000
0.984	0.004	1.000000	0.000000	0.000000	1.000000	1.000000
0.985	0.000	1.000000	0.000000	0.000000	1.000000	1.000000
0.985	0.001	1.000000	0.000000	0.000000	1.000000	1.000000
0.985	0.002	1.000000	0.000000	0.000000	1.000000	1.000000
0.985	0.003	1.000000	0.000000	0.000000	1.000000	1.000000
0.985	0.004	1.000000	0.000000	0.000000	1.000000	1.000000
0.986	0.000	1.000000	0.000000	0.000000	1.000000	1.000000
0.986	0.001	1.000000	0.000000	0.000000	1.000000	1.000000
0.986	0.002	1.000000	0.000000	0.000000	1.000000	1.000000
0.986	0.003	1.000000	0.000000	0.000000	1.000000	1.000000
0.986	0.004	1.000000	0.000000	0.000000	1.000000	1.000000
0.987	0.000	1.000000	0.000000	0.000000	1.000000	1.000000
0.987	0.001	1.000000	0.000000	0.000000	1.000000	1.000000
0.987	0.002	1.000000	0.000000	0.000000	1.000000	1.000000
0.987	0.003	1.000000	0.000000	0.000000	1.000000	1.000000
0.987	0.004	1.000000	0.000000	0.000000	1.000000	1.000000
0.988	0.000	1.000000	0.000000	0.000000	1.000000	1.000000
0.988	0.001	1.000000	0.000000	0.000000	1.000000	1.000000
0.988	0.002	1.000000	0.000000	0.000000	1.000000	1.000000
0.988	0.003	1.000000	0.000000	0.000000	1.000000	1.000000
0.988	0.004	1.000000	0.000000	0.000000	1.000000	1.000000
0.989	0.000	1.000000	0.000000	0.000000	1.000000	1.000000
0.989	0.001	1.000000	0.000000	0.000000	1.000000	1.000000
0.989	0.002	1.000000	0.000000	0.000000	1.000000	1.000000
0.989	0.003	1.000000	0.000000	0.000000	1.000000	1.000000
0.989	0.004	1.000000	0.000000	0.000000	1.000000	1.000000
0.990	0.000	1.000000	0.000000	0.000000	1.000000	1.000000
0.990	0.001	1.000000	0.000000	0.000000	1.000000	1.000000
0.990	0.002	1.000000	0.000000	0.000000	1.000000	1.000000
0.990	0.003	1.000000	0.000000	0.000000	1.000000	1.000000
0.990	0.004	1.000000	0.000000	0.000000	1.000000	1.000000
0.991	0.000	1.000000	0.000000	0.000000	1.000000	1.000000
0.991	0.001	1.000000	0.000000	0.000000	1.000000	1.000000
0.991	0.002	1.000000	0.000000	0.000000	1.000000	1.000000
0.991	0.003	1.000000	0.000000	0.000000	1.000000	1.000000
0.991	0.004	1.000000	0.000000	0.000000	1.000000	1.000000
0.992	0.000	1.000000	0.000000	0.000000	1.000000	1.000000
0.992	0.001	1.000000	0.000000	0.000000	1.000000	1.000000
0.992	0.002	1.000000	0.000000	0.000000	1.000000	1.000000
0.992	0.003	1.000000	0.000000	0.000000	1.000000	1.000000
0.992	0.004	1.000000	0.000000	0.000000	1.000000	1.000000
0.993	0.000	1.000000	0.000000	0.000000	1.000000	1.000000
0.993	0.001	1.000000	0.000000	0.000000	1.000000	1.000000
0.993	0.002	1.000000	0.000000	0.000000	1.000000	1.000000
0.993	0.003	1.000000	0.000000	0.000000	1.000000	1.000000
0.993	0.004	1.000000	0.000000	0.000000	1.000000	1.000000
0.994	0.000	1.000000	0.000000	0.000000	1.000000	1.000000
0.994	0.001	1.000000	0.000000	0.000000	1.000000	1.000000
0.994	0.002	1.000000	0.000000	0.000000	1.000000	1.000000
0.994	0.003	1.000000	0.000000	0.000000	1.000000	1.000000
0.994	0.004	1.000000	0.000000	0.000000	1.000000	1.000000
0.995	0.000	1.000000	0.000000	0.000000	1.000000	1.000000
0.995	0.001	1.000000	0.000000	0.000000	1.000000	1.000000
0.995	0.002	1.000000	0.000000	0.000000	1.000000	1.000000
0.995	0.003	1.000000	0.000000	0.000000	1.000000	1.000000
0.995	0.004	1.000000	0.000000	0.000000	1.000000	1.000000
0.996	0.000	1.000000	0.000000	0.000000	1.000000	1.000000
0.996	0.001	1.000000	0.000000	0.000000	1.000000	1.000000
0.996	0.002	1.000000	0.000000	0.000000	1.000000	1.000000
0.996	0.003	1.000000	0.000000	0.000000	1.000000	1.000000
0.996	0.004	1.000000	0.000000	0.000000	1.000000	1.000000
0.997	0.000	1.000000	0.000000	0.000000	1.000000	1.000000
0.997	0.001	1.000000	0.000000	0.000000	1.000000	1.000000
0.997	0.002	1.000000	0.000000	0.000000	1.000000	1.000000
0.997	0.003	1.000000	0.000000	0.000000	1.000000	1.000000
0.997	0.004	1.000000	0.000000	0.000000	1.000000	1.000000
0.998	0.000	1.000000	0.000000	0.000000	1.000000	1.000000
0.998	0.001	1.000000	0.000000	0.000000	1.000000	1.000000
0.998	0.002	1.000000	0.000000	0.000000	1.000000	1.000000
0.998	0.003	1.000000	0.000000	0.000000	1.000000	1.000000
0.998	0.004	1.000000	0.000000	0.000000	1.000000	1.000000
0.999	0.000	1.000000	0.000000	0.000000	1.000000	1.000000
0.999	0.001	1.000000	0.000000	0.000000	1.000000	1.000000
0.999	0.002	1.000000	0.000000	0.000000	1.000000	1.000000
0.999	0.003	1.000000	0.000000	0.000000	1.000000	1.000000
0.999	0.004	1.000000	0.000000	0.000000	1.000000	1.000000
1.000	0.000	1.000000	0.000000	0.000000	1.000000	1.000000
1.000	0.001	1.000000	0.000000	0.000000	1.000000	1.000000
1.000	0.002	1.000000	0.000000	0.000000	1.000000	1.000000
1.000	0.003	1.000000	0.000000	0.000000	1.000000	1.000000
1.000	0.004	1.000000	0.000000	0.000000	1.000000	1.000000
