0.002	0.001	10.000000	0.000000	0.000000	1.000000	10.00
0.002	0.002	10.000000	0.000000	0.000000	1.000000	10.00
0.002	0.003	10.000000	0.000000	0.000000	1.000000	10.00
0.002	0.004	10.000000	0.000000	0.000000	1.000000	10.00
0.002	0.005	10.000000	0.000000	0.000000	1.000000	10.00
0.003	0.001	10.000000	0.000000	0.000000	1.000000	10.00
0.003	0.002	10.000000	0.000000	0.000000	1.000000	10.00
0.003	0.003	10.000000	0.000000	0.000000	1.000000	10.00
0.003	0.004	10.000000	0.000000	0.000000	1.000000	10.00
0.003	0.005	10.000000	0.000000	0.000000	1.000000	10.00
0.004	0.001	10.000000	0.000000	0.000000	1.000000	10.00
0.004	0.002	10.000000	0.000000	0.000000	1.000000	10.00
0.004	0.003	10.000000	0.000000	0.000000	1.000000	10.00
0.004	0.004	10.000000	0.000000	0.000000	1.000000	10.00
0.004	0.005	10.000000	0.000000	0.000000	1.000000	10.00
0.005	0.001	10.000000	0.000000	0.000000	1.000000	10.00
0.005	0.002	10.000000	0.000000	0.000000	1.000000	10.00
0.005	0.003	10.000000	0.000000	0.000000	1.000000	10.00
0.005	0.004	10.000000	0.000000	0.000000	1.000000	10.00
0.005	0.005	10.000000	0.000000	0.000000	1.000000	10.00
0.006	0.001	10.000000	0.000000	0.000000	1.000000	10.00
0.006	0.002	10.000000	0.000000	0.000000	1.000000	10.00
0.006	0.003	10.000000	0.000000	0.000000	1.000000	10.00
0.006	0.004	10.000000	0.000000	0.000000	1.000000	10.00
0.006	0.005	10.000000	0.000000	0.000000	1.000000	10.00
0.007	0.001	10.000000	0.000000	0.000000	1.000000	10.00
0.007	0.002	10.000000	0.000000	0.000000	1.000000	10.00
0.007	0.003	10.000000	0.000000	0.000000	1.000000	10.00
0.007	0.004	10.000000	0.000000	0.000000	1.000000	10.00
0.007	0.005	10.000000	0.000000	0.000000	1.000000	10.00
0.008	0.001	10.000000	0.000000	0.000000	1.000000	10.00
0.008	0.002	10.000000	0.000000	0.000000	1.000000	10.00
0.008	0.003	10.000000	0.000000	0.000000	1.000000	10.00
0.008	0.004	10.000000	0.000000	0.000000	1.000000	10.00
0.008	0.005	10.000000	0.000000	0.000000	1.000000	10.00
0.009	0.001	10.000000	0.000000	0.000000	1.000000	10.00
0.009	0.002	10.000000	0.000000	0.000000	1.000000	10.00
0.009	0.003	10.000000	0.000000	0.000000	1.000000	10.00
0.009	0.004	10.000000	0.000000	0.000000	1.000000	10.00
0.009	0.005	10.000000	0.000000	0.000000	1.000000	10.00
0.010	0.001	10.000000	0.000000	0.000000	1.000000	10.00
0.010	0.002	10.000000	0.000000	0.000000	1.000000	10.00
0.010	0.003	10.000000	0.000000	0.000000	1.000000	10.00
0.010	0.004	10.000000	0.000000	0.000000	1.000000	10.00
0.010	0.005	10.000000	0.000000	0.000000	1.000000	10.00
0.011	0.001	10.000000	0.000000	0.000000	1.000000	10.00
0.011	0.002	10.000000	0.000000	0.000000	1.000000	10.00
0.011	0.003	10.000000	0.000000	0.000000	1.000000	10.00
0.011	0.004	10.000000	0.000000	0.000000	1.000000	10.00
0.011	0.005	10.000000	0.000000	0.000000	1.000000	10.00
0.012	0.001	10.000000	0.000000	0.000000	1.000000	10.00
0.012	0.002	10.000000	0.000000	0.000000	1.000000	10.00
0.012	0.003	10.000000	0.000000	0.000000	1.000000	10.00
0.012	0.004	10.000000	0.000000	0.000000	1.000000	10.00
0.012	0.005	10.000000	0.000000	0.000000	1.000000	10.00
0.013	0.001	10.000000	0.000000	0.000000	1.000000	10.00
0.013	0.002	10.000000	0.000000	0.000000	1.000000	10.00
0.013	0.003	10.000000	0.000000	0.000000	1.000000	10.00
0.013	0.004	10.000000	0.000000	0.000000	1.000000	10.00
0.013	0.005	10.000000	0.000000	0.000000	1.000000	10.00
0.014	0.001	10.000000	0.000000	0.000000	1.000000	10.00
0.014	0.002	10.000000	0.000000	0.000000	1.000000	10.00
0.014	0.003	10.000000	0.000000	0.000000	1.000000	10.00
0.014	0.004	10.000000	0.000000	0.000000	1.000000	10.00
0.014	0.005	10.000000	0.000000	0.000000	1.000000	10.00
0.015	0.001	10.000000	0.000000	0.000000	1.000000	10.00
0.015	0.002	10.000000	0.000000	0.000000	1.000000	10.00
0.015	0.003	10.000000	0.000000	0.000000	1.000000	10.00
0.015	0.004	10.000000	0.000000	0.000000	1.000000	10.00
0.015	0.005	10.000000	0.000000	0.000000	1.000000	10.00
0.016	0.001	10.000000	0.000000	0.000000	1.000000	10.00
0.016	0.002	10.000000	0.000000	0.000000	1.000000	10.00
0.016	0.003	10.000000	0.000000	0.000000	1.000000	10.00
0.016	0.004	10.000000	0.000000	0.000000	1.000000	10.00
0.016	0.005	10.000000	0.000000	0.000000	1.000000	10.00
0.016	0.001	10.000000	0.000000	0.000000	1.000000	10.00
0.016	0.002	10.000000	0.000000	0.000000	1.000000	10.00
0.016	0.003	10.000000	0.000000	0.000000	1.000000	10.00
0.016	0.004	10.000000	0.000000	0.000000	1.000000	10.00
0.016	0.005	10.000000	0.000000	0.000000	1.000000	10.00
0.018	0.001	10.000000	0.000000	0.000000	1.000000	10.00
0.018	0.002	10.000000	0.000000	0.000000	1.000000	10.00
0.018	0.003	10.000000	0.000000	0.000000	1.000000	10.00
0.018	0.004	10.000000	0.000000	0.000000	1.000000	10.00
0.018	0.005	10.000000	0.000000	0.000000	1.000000	10.00
0.019	0.001	10.000000	0.000000	0.000000	1.000000	10.00
0.019	0.002	10.000000	0.000000	0.000000	1.000000	10.00
0.019	0.003	10.000000	0.000000	0.000000	1.000000	10.00
0.019	0.004	10.000000	0.000000	0.000000	1.000000	10.00
0.019	0.005	10.000000	0.000000	0.000000	1.000000	10.00
0.020	0.001	10.000000	0.000000	0.000000	1.000000	10.00
0.020	0.002	10.000000	0.000000	0.000000	1.000000	10.00
0.020	0.003	10.000000	0.000000	0.000000	1.000000	10.00
0.020	0.004	10.000000	0.000000	0.000000	1.000000	10.00
0.020	0.005	10.000000	0.000000	0.000000	1.000000	10.00
0.021	0.001	10.000000	0.000000	0.000000	1.000000	10.00
0.021	0.002	10.000000	0.000000	0.000000	1.000000	10.00
0.021	0.003	10.000000	0.000000	0.000000	1.000000	10.00
0.021	0.004	10.000000	0.000000	0.000000	1.000000	10.00
0.021	0.005	10.000000	0.000000	0.000000	1.000000	10.00
0.022	0.001	10.000000	0.000000	0.000000	1.000000	10.00
0.022	0.002	10.000000	0.000000	0.000000	1.000000	10.00
0.022	0.003	10.000000	0.000000	0.000000	1.000000	10.00
0.022	0.004	10.000000	0.000000	0.000000	1.000000	10.00
0.022	0.005	10.000000	0.000000	0.000000	1.000000	10.00
0.023	0.001	10.000000	0.000000	0.000000	1.000000	10.00
0.023	0.002	10.000000	0.000000	0.000000	1.000000	10.00
0.023	0.003	10.000000	0.000000	0.000000	1.000000	10.00
0.023	0.004	10.000000	0.000000	0.000000	1.000000	10.00
0.023	0.005	10.000000	0.000000	0.000000	1.000000	10.00
0.024	0.001	10.000000	0.000000	0.000000	1.000000	10.00
0.024	0.002	10.000000	0.000000	0.000000	1.000000	10.00
0.024	0.003	10.000000	0.000000	0.000000	1.000000	10.00
0.024	0.004	10.000000	0.000000	0.000000	1.000000	10.00
0.024	0.005	10.000000	0.000000	0.000000	1.000000	10.00
0.025	0.001	10.000000	0.000000	0.000000	1.000000	10.00
0.025	0.002	10.000000	0.000000	0.000000	1.000000	10.00
0.025	0.003	10.000000	0.000000	0.000000	1.000000	10.00
0.025	0.004	10.000000	0.000000	0.000000	1.000000	10.00
0.025	0.005	10.000000	0.000000	0.000000	1.000000	10.00
0.026	0.001	10.000000	0.000000	0.000000	1.000000	10.00
0.026	0.002	10.000000	0.000000	0.000000	1.000000	10.00
0.026	0.003	10.000000	0.000000	0.000000	1.000000	10.00
0.026	0.004	10.000000	0.000000	0.000000	1.000000	10.00
0.026	0.005	10.000000	0.000000	0.000000	1.000000	10.00
0.027	0.001	10.000000	0.000000	0.000000	1.000000	10.00
0.027	0.002	10.000000	0.000000	0.000000	1.000000	10.00
0.027	0.003	10.000000	0.000000	0.000000	1.000000	10.00
0.027	0.004	10.000000	0.000000	0.000000	1.000000	10.00
0.027	0.005	10.000000	0.000000	0.000000	1.000000	10.00
0.028	0.001	10.000000	0.000000	0.000000	1.000000	10.00
0.028	0.002	10.000000	0.000000	0.000000	1.000000	10.00
0.028	0.003	10.000000	0.000000	0.000000	1.000000	10.00
0.028	0.004	10.000000	0.000000	0.000000	1.000000	10.00
0.028	0.005	10.000000	0.000000	0.000000	1.000000	10.00
0.029	0.001	10.000000	0.000000	0.000000	1.000000	10.00
0.029	0.002	10.000000	0.000000	0.000000	1.000000	10.00
0.029	0.003	10.000000	0.000000	0.000000	1.000000	10.00
0.029	0.004	10.000000	0.000000	0.000000	1.000000	10.00
0.029	0.005	10.000000	0.000000	0.000000	1.000000	10.00
0.030	0.001	10.000000	0.000000	0.000000	1.000000	10.00
0.030	0.002	10.000000	0.000000	0.000000	1.000000	10.00
0.030	0.003	10.000000	0.000000	0.000000	1.000000	10.00
0.030	0.004	10.000000	0.000000	0.000000	1.000000	10.00
0.030	0.005	10.000000	0.000000	0.000000	1.000000	10.00
0.031	0.001	10.000000	0.000000	0.000000	1.000000	10.00
0.031	0.002	10.000000	0.000000	0.000000	1.000000	10.00
0.031	0.003	10.000000	0.000000	0.000000	1.000000	10.00
0.031	0.004	10.000000	0.000000	0.000000	1.000000	10.00
0.031	0.005	10.000000	0.000000	0.000000	1.000000	10.00
0.032	0.001	10.000000	0.000000	0.000000	1.000000	10.00
0.032	0.002	10.000000	0.000000	0.000000	1.000000	10.00
0.032	0.003	10.000000	0.000000	0.000000	1.000000	10.00
0.032	0.004	10.000000	0.000000	0.000000	1.000000	10.00
0.032	0.005	10.000000	0.000000	0.000000	1.000000	10.00
0.033	0.001	10.000000	0.000000	0.000000	1.000000	10.00
0.033	0.002	10.000000	0.000000	0.000000	1.000000	10.00
0.033	0.003	10.000000	0.000000	0.000000	1.000000	10.00
0.033	0.004	10.000000	0.000000	0.000000	1.000000	10.00
0.033	0.005	10.000000	0.000000	0.000000	1.000000	10.00
0.034	0.001	10.000000	0.000000	0.000000	1.000000	10.00
0.034	0.002	10.000000	0.000000	0.000000	1.000000	10.00
0.034	0.003	10.000000	0.000000	0.000000	1.000000	10.00
0.034	0.004	10.000000	0.000000	0.000000	1.000000	10.00
0.034	0.005	10.000000	0.000000	0.000000	1.000000	10.00
0.035	0.001	10.000000	0.000000	0.000000	1.000000	10.00
0.035	0.002	10.000000	0.000000	0.000000	1.000000	10.00
0.035	0.003	10.000000	0.000000	0.000000	1.000000	10.00
0.035	0.004	10.000000	0.000000	0.000000	1.000000	10.00
0.035	0.005	10.000000	0.000000	0.000000	1.000000	10.00
0.036	0.001	10.000000	0.000000	0.000000	1.000000	10.00
0.036	0.002	10.000000	0.000000	0.000000	1.000000	10.00
0.036	0.003	10.000000	0.000000	0.000000	1.000000	10.00
0.036	0.004	10.000000	0.000000	0.000000	1.000000	10.00
0.036	0.005	10.000000	0.000000	0.000000	1.000000	10.00
0.037	0.001	10.000000	0.000000	0.000000	1.000000	10.00
0.037	0.002	10.000000	0.000000	0.000000	1.000000	10.00
0.037	0.003	10.000000	0.000000	0.000000	1.000000	10.00
0.037	0.004	10.000000	0.000000	0.000000	1.000000	10.00
0.037	0.005	10.000000	0.000000	0.000000	1.000000	10.00
0.038	0.001	10.000000	0.000000	0.000000	1.000000	10.00
0.038	0.002	10.000000	0.000000	0.000000	1.000000	10.00
0.038	0.003	10.000000	0.000000	0.000000	1.000000	10.00
0.038	0.004	10.000000	0.000000	0.000000	1.000000	10.00
0.038	0.005	10.000000	0.000000	0.000000	1.000000	10.00
0.039	0.001	10.000000	0.000000	0.000000	1.000000	10.00
0.039	0.002	10.000000	0.000000	0.000000	1.000000	10.00
0.039	0.003	10.000000	0.000000	0.000000	1.000000	10.00
0.039	0.004	10.000000	0.000000	0.000000	1.000000	10.00
0.039	0.005	10.000000	0.000000	0.000000	1.000000	10.00
0.040	0.001	10.000000	0.000000	0.000000	1.000000	10.00
0.040	0.002	10.000000	0.000000	0.000000	1.000000	10.00
0.040	0.003	10.000000	0.000000	0.000000	1.000000	10.00
0.040	0.004	10.000000	0.000000	0.000000	1.000000	10.00
0.040	0.005	10.000000	0.000000	0.000000	1.000000	10.00
0.041	0.001	10.000000	0.000000	0.000000	1.000000	10.00
0.041	0.002	10.000000	0.000000	0.000000	1.000000	10.00
0.041	0.003	10.000000	0.000000	0.000000	1.000000	10.00
0.041	0.004	10.000000	0.000000	0.000000	1.000000	10.00
0.041	0.005	10.000000	0.000000	0.000000	1.000000	10.00
0.042	0.001	10.000000	0.000000	0.000000	1.000000	10.00
0.042	0.002	10.000000	0.000000	0.000000	1.000000	10.00
0.042	0.003	10.000000	0.000000	0.000000	1.000000	10.00
0.042	0.004	10.000000	0.000000	0.000000	1.000000	10.00
0.042	0.005	10.000000	0.000000	0.000000	1.000000	10.00
0.043	0.001	10.000000	0.000000	0.000000	1.000000	10.00
0.043	0.002	10.000000	0.000000	0.000000	1.000000	10.00
0.043	0.003	10.000000	0.000000	0.000000	1.000000	10.00
0.043	0.004	10.000000	0.000000	0.000000	1.000000	10.00
0.043	0.005	10.000000	0.000000	0.000000	1.000000	10.00
0.044	0.001	10.000000	0.000000	0.000000	1.000000	10.00
0.044	0.002	10.000000	0.000000	0.000000	1.000000	10.00
0.044	0.003	10.000000	0.000000	0.000000	1.000000	10.00
0.044	0.004	10.000000	0.000000	0.000000	1.000000	10.00
0.044	0.005	10.000000	0.000000	0.000000	1.000000	10.00
0.045	0.001	10.000000	0.000000	0.000000	1.000000	10.00
0.045	0.002	10.000000	0.000000	0.000000	1.000000	10.00
0.045	0.003	10.000000	0.000000	0.000000	1.000000	10.00
0.045	0.004	10.000000	0.000000	0.000000	1.000000	10.00
0.045	0.005	10.000000	0.000000	0.000000	1.000000	10.00
0.046	0.001	10.000000	0.000000	0.000000	1.000000	10.00
0.046	0.002	10.000000	0.000000	0.000000	1.000000	10.00
0.046	0.003	10.000000	0.000000	0.000000	1.000000	10.00
0.046	0.004	10.000000	0.000000	0.000000	1.000000	10.00
0.046	0.005	10.000000	0.000000	0.000000	1.000000	10.00
0.047	0.001	10.000000	0.000000	0.000000	1.000000	10.00
0.047	0.002	10.000000	0.000000	0.000000	1.000000	10.00
0.047	0.003	10.000000	0.000000	0.000000	1.000000	10.00
0.047	0.004	10.000000	0.000000	0.000000	1.000000	10.00
0.047	0.005	10.000000	0.000000	0.000000	1.000000	10.00
0.048	0.001	10.000000	0.000000	0.000000	1.000000	10.00
0.048	0.002	10.000000	0.000000	0.000000	1.000000	10.00
0.048	0.003	10.000000	0.000000	0.000000	1.000000	10.00
0.048	0.004	10.000000	0.000000	0.000000	1.000000	10.00
0.048	0.005	10.000000	0.000000	0.000000	1.000000	10.00
0.049	0.001	10.000000	0.000000	0.000000	1.000000	10.00
0.049	0.002	10.000000	0.000000	0.000000	1.000000	10.00
0.049	0.003	10.000000	0.000000	0.000000	1.000000	10.00
0.049	0.004	10.000000	0.000000	0.000000	1.000000	10.00
0.049	0.005	10.000000	0.000000	0.000000	1.000000	10.00
0.050	0.001	10.000000	0.000000	0.000000	1.000000	10.00
0.050	0.002	10.000000	0.000000	0.000000	1.000000	10.00
0.050	0.003	10.000000	0.000000	0.000000	1.000000	10.00
0.050	0.004	10.000000	0.000000	0.000000	1.000000	10.00
0.050	0.005	10.000000	0.000000	0.000000	1.000000	10.00
0.051	0.001	10.000000	0.000000	0.000000	1.000000	10.00
0.051	0.002	10.000000	0.000000	0.000000	1.000000	10.00
0.051	0.003	10.000000	0.000000	0.000000	1.000000	10.00
0.051	0.004	10.000000	0.000000	0.000000	1.000000	10.00
0.051	0.005	10.000000	0.000000	0.000000	1.000000	10.00
0.052	0.001	10.000000	0.000000	0.000000	1.000000	10.00
0.052	0.002	10.000000	0.000000	0.000000	1.000000	10.00
0.052	0.003	10.000000	0.000000	0.000000	1.000000	10.00
0.052	0.004	10.000000	0.000000	0.000000	1.000000	10.00
0.052	0.005	10.000000	0.000000	0.000000	1.000000	10.00
0.053	0.001	10.000000	0.000000	0.000000	1.000000	10.00
0.053	0.002	10.000000	0.000000	0.000000	1.000000	10.00
0.053	0.003	10.000000	0.000000	0.000000	1.000000	10.00
0.053	0.004	10.000000	0.000000	0.000000	1.000000	10.00
0.053	0.005	10.000000	0.000000	0.000000	1.000000	10.00
0.054	0.001	10.000000	0.000000	0.000000	1.000000	10.00
0.054	0.002	10.000000	0.000000	0.000000	1.000000	10.00
0.054	0.003	10.000000	0.000000	0.000000	1.000000	10.00
0.054	0.004	10.000000	0.000000	0.000000	1.000000	10.00
0.054	0.005	10.000000	0.000000	0.000000	1.000000	10.00
0.055	0.001	10.000000	0.000000	0.000000	1.000000	10.00
0.055	0.002	10.000000	0.000000	0.000000	1.000000	10.00
0.055	0.003	10.000000	0.000000	0.000000	1.000000	10.00
0.055	0.004	10.000000	0.000000	0.000000	1.000000	10.00
0.055	0.005	10.000000	0.000000	0.000000	1.000000	10.00
0.056	0.001	10.000000	0.000000	0.000000	1.000000	10.00
0.056	0.002	10.000000	0.000000	0.000000	1.000000	10.00
0.056	0.003	10.000000	0.000000	0.000000	1.000000	10.00
0.056	0.004	10.000000	0.000000	0.000000	1.000000	10.00
0.056	0.005	10.000000	0.000000	0.000000	1.000000	10.00
0.057	0.001	10.000000	0.000000	0.000000	1.000000	10.00
0.057	0.002	10.000000	0.000000	0.000000	1.000000	10.00
0.057	0.003	10.000000	0.000000	0.000000	1.000000	10.00
0.057	0.004	10.000000	0.000000	0.000000	1.000000	10.00
0.057	0.005	10.000000	0.000000	0.000000	1.000000	10.00
0.058	0.001	10.000000	0.000000	0.000000	1.000000	10.00
0.058	0.002	10.000000	0.000000	0.000000	1.000000	10.00
0.058	0.003	10.000000	0.000000	0.000000	1.000000	10.00
0.058	0.004	10.000000	0.000000	0.000000	1.000000	10.00
0.058	0.005	10.000000	0.000000	0.000000	1.000000	10.00
0.059	0.001	10.000000	0.000000	0.000000	1.000000	10.00
0.059	0.002	10.000000	0.000000	0.000000	1.000000	10.00
0.059	0.003	10.000000	0.000000	0.000000	1.000000	10.00
0.059	0.004	10.000000	0.000000	0.000000	1.000000	10.00
0.059	0.005	10.000000	0.000000	0.000000	1.000000	10.00
0.060	0.001	10.000000	0.000000	0.000000	1.000000	10.00
0.060	0.002	10.000000	0.000000	0.000000	1.000000	10.00
0.060	0.003	10.000000	0.000000	0.000000	1.000000	10.00
0.060	0.004	10.000000	0.000000	0.000000	1.000000	10.00
0.060	0.005	10.000000	0.000000	0.000000	1.000000	10.00
0.061	0.001	10.000000	0.000000	0.000000	1.000000	10.00
0.061	0.002	10.000000	0.000000	0.000000	1.000000	10.00
0.061	0.003	10.000000	0.000000	0.000000	1.000000	10.00
0.061	0.004	10.000000	0.000000	0.000000	1.000000	10.00
0.061	0.005	10.000000	0.000000	0.000000	1.000000	10.00
0.062	0.001	10.000000	0.000000	0.000000	1.000000	10.00
0.062	0.002	10.000000	0.000000	0.000000	1.000000	10.00
0.062	0.003	10.000000	0.000000	0.000000	1.000000	10.00
0.062	0.004	10.000000	0.000000	0.000000	1.000000	10.00
0.062	0.005	10.000000	0.000000	0.000000	1.000000	10.00
0.062	0.001	10.000000	0.000000	0.000000	1.000000	10.00
0.062	0.002	10.000000	0.000000	0.000000	1.000000	10.00
0.062	0.003	10.000000	0.000000	0.000000	1.000000	10.00
0.062	0.004	10.000000	0.000000	0.000000	1.000000	10.00
0.062	0.005	10.000000	0.000000	0.000000	1.000000	10.00
0.064	0.001	10.000000	0.000000	0.000000	1.000000	10.00
0.064	0.002	10.000000	0.000000	0.000000	1.000000	10.00
0.064	0.003	10.000000	0.000000	0.000000	1.000000	10.00
0.064	0.004	10.000000	0.000000	0.000000	1.000000	10.00
0.064	0.005	10.000000	0.000000	0.000000	1.000000	10.00
0.065	0.001	10.000000	0.000000	0.000000	1.000000	10.00
0.065	0.002	10.000000	0.000000	0.000000	1.000000	10.00
0.065	0.003	10.000000	0.000000	0.000000	1.000000	10.00
0.065	0.004	10.000000	0.000000	0.000000	1.000000	10.00
0.065	0.005	10.000000	0.000000	0.000000	1.000000	10.00
0.066	0.001	10.000000	0.000000	0.000000	1.000000	10.00
0.066	0.002	10.000000	0.000000	0.000000	1.000000	10.00
0.066	0.003	10.000000	0.000000	0.000000	1.000000	10.00
0.066	0.004	10.000000	0.000000	0.000000	1.000000	10.00
0.066	0.005	10.000000	0.000000	0.000000	1.000000	10.00
0.067	0.001	10.000000	0.000000	0.000000	1.000000	10.00
0.067	0.002	10.000000	0.000000	0.000000	1.000000	10.00
0.067	0.003	10.000000	0.000000	0.000000	1.000000	10.00
0.067	0.004	10.000000	0.000000	0.000000	1.000000	10.00
0.067	0.005	10.000000	0.000000	0.000000	1.000000	10.00
0.068	0.001	10.000000	0.000000	0.000000	1.000000	10.00
0.068	0.002	10.000000	0.000000	0.000000	1.000000	10.00
0.068	0.003	10.000000	0.000000	0.000000	1.000000	10.00
0.068	0.004	10.000000	0.000000	0.000000	1.000000	10.00
0.068	0.005	10.000000	0.000000	0.000000	1.000000	10.00
0.069	0.001	10.000000	0.000000	0.000000	1.000000	10.00
0.069	0.002	10.000000	0.000000	0.000000	1.000000	10.00
0.069	0.003	10.000000	0.000000	0.000000	1.000000	10.00
0.069	0.004	10.000000	0.000000	0.000000	1.000000	10.00
0.069	0.005	10.000000	0.000000	0.000000	1.000000	10.00
0.070	0.001	10.000000	0.000000	0.000000	1.000000	10.00
0.070	0.002	10.000000	0.000000	0.000000	1.000000	10.00
0.070	0.003	10.000000	0.000000	0.000000	1.000000	10.00
0.070	0.004	10.000000	0.000000	0.000000	1.000000	10.00
0.070	0.005	10.000000	0.000000	0.000000	1.000000	10.00
0.071	0.001	10.000000	0.000000	0.000000	1.000000	10.00
0.071	0.002	10.000000	0.000000	0.000000	1.000000	10.00
0.071	0.003	10.000000	0.000000	0.000000	1.000000	10.00
0.071	0.004	10.000000	0.000000	0.000000	1.000000	10.00
0.071	0.005	10.000000	0.000000	0.000000	1.000000	10.00
0.072	0.001	10.000000	0.000000	0.000000	1.000000	10.00
0.072	0.002	10.000000	0.000000	0.000000	1.000000	10.00
0.072	0.003	10.000000	0.000000	0.000000	1.000000	10.00
0.072	0.004	10.000000	0.000000	0.000000	1.000000	10.00
0.072	0.005	10.000000	0.000000	0.000000	1.000000	10.00
0.073	0.001	10.000000	0.000000	0.000000	1.000000	10.00
0.073	0.002	10.000000	0.000000	0.000000	1.000000	10.00
0.073	0.003	10.000000	0.000000	0.000000	1.000000	10.00
0.073	0.004	10.000000	0.000000	0.000000	1.000000	10.00
0.073	0.005	10.000000	0.000000	0.000000	1.000000	10.00
0.073	0.001	10.000000	0.000000	0.000000	1.000000	10.00
0.073	0.002	10.000000	0.000000	0.000000	1.000000	10.00
0.073	0.003	10.000000	0.000000	0.000000	1.000000	10.00
0.073	0.004	10.000000	0.000000	0.000000	1.000000	10.00
0.073	0.005	10.000000	0.000000	0.000000	1.000000	10.00
0.075	0.001	10.000000	0.000000	0.000000	1.000000	10.00
0.075	0.002	10.000000	0.000000	0.000000	1.000000	10.00
0.075	0.003	10.000000	0.000000	0.000000	1.000000	10.00
0.075	0.004	10.000000	0.000000	0.000000	1.000000	10.00
0.075	0.005	10.000000	0.000000	0.000000	1.000000	10.00
0.076	0.001	10.000000	0.000000	0.000000	1.000000	10.00
0.076	0.002	10.000000	0.000000	0.000000	1.000000	10.00
0.076	0.003	10.000000	0.000000	0.000000	1.000000	10.00
0.076	0.004	10.000000	0.000000	0.000000	1.000000	10.00
0.076	0.005	10.000000	0.000000	0.000000	1.000000	10.00
0.077	0.001	10.000000	0.000000	0.000000	1.000000	10.00
0.077	0.002	10.000000	0.000000	0.000000	1.000000	10.00
0.077	0.003	10.000000	0.000000	0.000000	1.000000	10.00
0.077	0.004	10.000000	0.000000	0.000000	1.000000	10.00
0.077	0.005	10.000000	0.000000	0.000000	1.000000	10.00
0.078	0.001	10.000000	0.000000	0.000000	1.000000	10.00
0.078	0.002	10.000000	0.000000	0.000000	1.000000	10.00
0.078	0.003	10.000000	0.000000	0.000000	1.000000	10.00
0.078	0.004	10.000000	0.000000	0.000000	1.000000	10.00
0.078	0.005	10.000000	0.000000	0.000000	1.000000	10.00
0.079	0.001	10.000000	0.000000	0.000000	1.000000	10.00
0.079	0.002	10.000000	0.000000	0.000000	1.000000	10.00
0.079	0.003	10.000000	0.000000	0.000000	1.000000	10.00
0.079	0.004	10.000000	0.000000	0.000000	1.000000	10.00
0.079	0.005	10.000000	0.000000	0.000000	1.000000	10.00
0.080	0.001	10.000000	0.000000	0.000000	1.000000	10.00
0.080	0.002	10.000000	0.000000	0.000000	1.000000	10.00
0.080	0.003	10.000000	0.000000	0.000000	1.000000	10.00
0.080	0.004	10.000000	0.000000	0.000000	1.000000	10.00
0.080	0.005	10.000000	0.000000	0.000000	1.000000	10.00
0.081	0.001	10.000000	0.000000	0.000000	1.000000	10.00
0.081	0.002	10.000000	0.000000	0.000000	1.000000	10.00
0.081	0.003	10.000000	0.000000	0.000000	1.000000	10.00
0.081	0.004	10.000000	0.000000	0.000000	1.000000	10.00
0.081	0.005	10.000000	0.000000	0.000000	1.000000	10.00
0.082	0.001	10.000000	0.000000	0.000000	1.000000	10.00
0.082	0.002	10.000000	0.000000	0.000000	1.000000	10.00
0.082	0.003	10.000000	0.000000	0.000000	1.000000	10.00
0.082	0.004	10.000000	0.000000	0.000000	1.000000	10.00
0.082	0.005	10.000000	0.000000	0.000000	1.000000	10.00
0.083	0.001	10.000000	0.000000	0.000000	1.000000	10.00
0.083	0.002	10.000000	0.000000	0.000000	1.000000	10.00
0.083	0.003	10.000000	0.000000	0.000000	1.000000	10.00
0.083	0.004	10.000000	0.000000	0.000000	1.000000	10.00
0.083	0.005	10.000000	0.000000	0.000000	1.000000	10.00
0.084	0.001	10.000000	0.000000	0.000000	1.000000	10.00
0.084	0.002	10.000000	0.000000	0.000000	1.000000	10.00
0.084	0.003	10.000000	0.000000	0.000000	1.000000	10.00
0.084	0.004	10.000000	0.000000	0.000000	1.000000	10.00
0.084	0.005	10.000000	0.000000	0.000000	1.000000	10.00
0.085	0.001	10.000000	0.000000	0.000000	1.000000	10.00
0.085	0.002	10.000000	0.000000	0.000000	1.000000	10.00
0.085	0.003	10.000000	0.000000	0.000000	1.000000	10.00
0.085	0.004	10.000000	0.000000	0.000000	1.000000	10.00
0.085	0.005	10.000000	0.000000	0.000000	1.000000	10.00
0.086	0.001	10.000000	0.000000	0.000000	1.000000	10.00
0.086	0.002	10.000000	0.000000	0.000000	1.000000	10.00
0.086	0.003	10.000000	0.000000	0.000000	1.000000	10.00
0.086	0.004	10.000000	0.000000	0.000000	1.000000	10.00
0.086	0.005	10.000000	0.000000	0.000000	1.000000	10.00
0.087	0.001	10.000000	0.000000	0.000000	1.000000	10.00
0.087	0.002	10.000000	0.000000	0.000000	1.000000	10.00
0.087	0.003	10.000000	0.000000	0.000000	1.000000	10.00
0.087	0.004	10.000000	0.000000	0.000000	1.000000	10.00
0.087	0.005	10.000000	0.000000	0.000000	1.000000	10.00
0.088	0.001	10.000000	0.000000	0.000000	1.000000	10.00
0.088	0.002	10.000000	0.000000	0.000000	1.000000	10.00
0.088	0.003	10.000000	0.000000	0.000000	1.000000	10.00
0.088	0.004	10.000000	0.000000	0.000000	1.000000	10.00
0.088	0.005	10.000000	0.000000	0.000000	1.000000	10.00
0.089	0.001	10.000000	0.000000	0.000000	1.000000	10.00
0.089	0.002	10.000000	0.000000	0.000000	1.000000	10.00
0.089	0.003	10.000000	0.000000	0.000000	1.000000	10.00
0.089	0.004	10.000000	0.000000	0.000000	1.000000	10.00
0.089	0.005	10.000000	0.000000	0.000000	1.000000	10.00
0.090	0.001	10.000000	0.000000	0.000000	1.000000	10.00
0.090	0.002	10.000000	0.000000	0.000000	1.000000	10.00
0.090	0.003	10.000000	0.000000	0.000000	1.000000	10.00
0.090	0.004	10.000000	0.000000	0.000000	1.000000	10.00
0.090	0.005	10.000000	0.000000	0.000000	1.000000	10.00
0.091	0.001	10.000000	0.000000	0.000000	1.000000	10.00
0.091	0.002	10.000000	0.000000	0.000000	1.000000	10.00
0.091	0.003	10.000000	0.000000	0.000000	1.000000	10.00
0.091	0.004	10.000000	0.000000	0.000000	1.000000	10.00
0.091	0.005	10.000000	0.000000	0.000000	1.000000	10.00
0.092	0.001	10.000000	0.000000	0.000000	1.000000	10.00
0.092	0.002	10.000000	0.000000	0.000000	1.000000	10.00
0.092	0.003	10.000000	0.000000	0.000000	1.000000	10.00
0.092	0.004	10.000000	0.000000	0.000000	1.000000	10.00
0.092	0.005	10.000000	0.000000	0.000000	1.000000	10.00
0.093	0.001	10.000000	0.000000	0.000000	1.000000	10.00
0.093	0.002	10.000000	0.000000	0.000000	1.000000	10.00
0.093	0.003	10.000000	0.000000	0.000000	1.000000	10.00
0.093	0.004	10.000000	0.000000	0.000000	1.000000	10.00
0.093	0.005	10.000000	0.000000	0.000000	1.000000	10.00
0.094	0.001	10.000000	0.000000	0.000000	1.000000	10.00
0.094	0.002	10.000000	0.000000	0.000000	1.000000	10.00
0.094	0.003	10.000000	0.000000	0.000000	1.000000	10.00
0.094	0.004	10.000000	0.000000	0.000000	1.000000	10.00
0.094	0.005	10.000000	0.000000	0.000000	1.000000	10.00
0.095	0.001	10.000000	0.000000	0.000000	1.000000	10.00
0.095	0.002	10.000000	0.000000	0.000000	1.000000	10.00
0.095	0.003	10.000000	0.000000	0.000000	1.000000	10.00
0.095	0.004	10.000000	0.000000	0.000000	1.000000	10.00
0.095	0.005	10.000000	0.000000	0.000000	1.000000	10.00
0.096	0.001	10.000000	0.000000	0.000000	1.000000	10.00
0.096	0.002	10.000000	0.000000	0.000000	1.000000	10.00
0.096	0.003	10.000000	0.000000	0.000000	1.000000	10.00
0.096	0.004	10.000000	0.000000	0.000000	1.000000	10.00
0.096	0.005	10.000000	0.000000	0.000000	1.000000	10.00
0.097	0.001	10.000000	0.000000	0.000000	1.000000	10.00
0.097	0.002	10.000000	0.000000	0.000000	1.000000	10.00
0.097	0.003	10.000000	0.000000	0.000000	1.000000	10.00
0.097	0.004	10.000000	0.000000	0.000000	1.000000	10.00
0.097	0.005	10.000000	0.000000	0.000000	1.000000	10.00
0.098	0.001	10.000000	0.000000	0.000000	1.000000	10.00
0.098	0.002	10.000000	0.000000	0.000000	1.000000	10.00
0.098	0.003	10.000000	0.000000	0.000000	1.000000	10.00
0.098	0.004	10.000000	0.000000	0.000000	1.000000	10.00
0.098	0.005	10.000000	0.000000	0.000000	1.000000	10.00
0.099	0.001	10.000000	0.000000	0.000000	1.000000	10.00
0.099	0.002	10.000000	0.000000	0.000000	1.000000	10.00
0.099	0.003	10.000000	0.000000	0.000000	1.000000	10.00
0.099	0.004	10.000000	0.000000	0.000000	1.000000	10.00
0.099	0.005	10.000000	0.000000	0.000000	1.000000	10.00
0.100	0.001	10.000000	0.000000	0.000000	1.000000	10.00
0.100	0.002	10.000000	0.000000	0.000000	1.000000	10.00
0.100	0.003	10.000000	0.000000	0.000000	1.000000	10.00
0.100	0.004	10.000000	0.000000	0.000000	1.000000	10.00
0.100	0.005	10.000000	0.000000	0.000000	1.000000	10.00
0.101	0.001	10.000000	0.000000	0.000000	1.000000	10.00
0.101	0.002	10.000000	0.000000	0.000000	1.000000	10.00
0.101	0.003	10.000000	0.000000	0.000000	1.000000	10.00
0.101	0.004	10.000000	0.000000	0.000000	1.000000	10.00
0.101	0.005	10.000000	0.000000	0.000000	1.000000	10.00
0.102	0.001	10.000000	0.000000	0.000000	1.000000	10.00
0.102	0.002	10.000000	0.000000	0.000000	1.000000	10.00
0.102	0.003	10.000000	0.000000	0.000000	1.000000	10.00
0.102	0.004	10.000000	0.000000	0.000000	1.000000	10.00
0.102	0.005	10.000000	0.000000	0.000000	1.000000	10.00
0.103	0.001	10.000000	0.000000	0.000000	1.000000	10.00
0.103	0.002	10.000000	0.000000	0.000000	1.000000	10.00
0.103	0.003	10.000000	0.000000	0.000000	1.000000	10.00
0.103	0.004	10.000000	0.000000	0.000000	1.000000	10.00
0.103	0.005	10.000000	0.000000	0.000000	1.000000	10.00
0.104	0.001	10.000000	0.000000	0.000000	1.000000	10.00
0.104	0.002	10.000000	0.000000	0.000000	1.000000	10.00
0.104	0.003	10.000000	0.000000	0.000000	1.000000	10.00
0.104	0.004	10.000000	0.000000	0.000000	1.000000	10.00
0.104	0.005	10.000000	0.000000	0.000000	1.000000	10.00
0.105	0.001	10.000000	0.000000	0.000000	1.000000	10.00
0.105	0.002	10.000000	0.000000	0.000000	1.000000	10.00
0.105	0.003	10.000000	0.000000	0.000000	1.000000	10.00
0.105	0.004	10.000000	0.000000	0.000000	1.000000	10.00
0.105	0.005	10.000000	0.000000	0.000000	1.000000	10.00
0.106	0.001	10.000000	0.000000	0.000000	1.000000	10.00
0.106	0.002	10.000000	0.000000	0.000000	1.000000	10.00
0.106	0.003	10.000000	0.000000	0.000000	1.000000	10.00
0.106	0.004	10.000000	0.000000	0.000000	1.000000	10.00
0.106	0.005	10.000000	0.000000	0.000000	1.000000	10.00
0.107	0.001	10.000000	0.000000	0.000000	1.000000	10.00
0.107	0.002	10.000000	0.000000	0.000000	1.000000	10.00
0.107	0.003	10.000000	0.000000	0.000000	1.000000	10.00
0.107	0.004	10.000000	0.000000	0.000000	1.000000	10.00
0.107	0.005	10.000000	0.000000	0.000000	1.000000	10.00
0.108	0.001	10.000000	0.000000	0.000000	1.000000	10.00
0.108	0.002	10.000000	0.000000	0.000000	1.000000	10.00
0.108	0.003	10.000000	0.000000	0.000000	1.000000	10.00
0.108	0.004	10.000000	0.000000	0.000000	1.000000	10.00
0.108	0.005	10.000000	0.000000	0.000000	1.000000	10.00
0.109	0.001	10.000000	0.000000	0.000000	1.000000	10.00
0.109	0.002	10.000000	0.000000	0.000000	1.000000	10.00
0.109	0.003	10.000000	0.000000	0.000000	1.000000	10.00
0.109	0.004	10.000000	0.000000	0.000000	1.000000	10.00
0.109	0.005	10.000000	0.000000	0.000000	1.000000	10.00
0.110	0.001	10.000000	0.000000	0.000000	1.000000	10.00
0.110	0.002	10.000000	0.000000	0.000000	1.000000	10.00
0.110	0.003	10.000000	0.000000	0.000000	1.000000	10.00
0.110	0.004	10.000000	0.000000	0.000000	1.000000	10.00
0.110	0.005	10.000000	0.000000	0.000000	1.000000	10.00
0.111	0.001	10.000000	0.000000	0.000000	1.000000	10.00
0.111	0.002	10.000000	0.000000	0.000000	1.000000	10.00
0.111	0.003	10.000000	0.000000	0.000000	1.000000	10.00
0.111	0.004	10.000000	0.000000	0.000000	1.000000	10.00
0.111	0.005	10.000000	0.000000	0.000000	1.000000	10.00
0.112	0.001	10.000000	0.000000	0.000000	1.000000	10.00
0.112	0.002	10.000000	0.000000	0.000000	1.000000	10.00
0.112	0.003	10.000000	0.000000	0.000000	1.000000	10.00
0.112	0.004	10.000000	0.000000	0.000000	1.000000	10.00
0.112	0.005	10.000000	0.000000	0.000000	1.000000	10.00
0.113	0.001	10.000000	0.000000	0.000000	1.000000	10.00
0.113	0.002	10.000000	0.000000	0.000000	1.000000	10.00
0.113	0.003	10.000000	0.000000	0.000000	1.000000	10.00
0.113	0.004	10.000000	0.000000	0.000000	1.000000	10.00
0.113	0.005	10.000000	0.000000	0.000000	1.000000	10.00
0.114	0.001	10.000000	0.000000	0.000000	1.000000	10.00
0.114	0.002	10.000000	0.000000	0.000000	1.000000	10.00
0.114	0.003	10.000000	0.000000	0.000000	1.000000	10.00
0.114	0.004	10.000000	0.000000	0.000000	1.000000	10.00
0.114	0.005	10.000000	0.000000	0.000000	1.000000	10.00
0.115	0.001	10.000000	0.000000	0.000000	1.000000	10.00
0.115	0.002	10.000000	0.000000	0.000000	1.000000	10.00
0.115	0.003	10.000000	0.000000	0.000000	1.000000	10.00
0.115	0.004	10.000000	0.000000	0.000000	1.000000	10.00
0.115	0.005	10.000000	0.000000	0.000000	1.000000	10.00
0.116	0.001	10.000000	0.000000	0.000000	1.000000	10.00
0.116	0.002	10.000000	0.000000	0.000000	1.000000	10.00
0.116	0.003	10.000000	0.000000	0.000000	1.000000	10.00
0.116	0.004	10.000000	0.000000	0.000000	1.000000	10.00
0.116	0.005	10.000000	0.000000	0.000000	1.000000	10.00
0.117	0.001	10.000000	0.000000	0.000000	1.000000	10.00
0.117	0.002	10.000000	0.000000	0.000000	1.000000	10.00
0.117	0.003	10.000000	0.000000	0.000000	1.000000	10.00
0.117	0.004	10.000000	0.000000	0.000000	1.000000	10.00
0.117	0.005	10.000000	0.000000	0.000000	1.000000	10.00
0.118	0.001	10.000000	0.000000	0.000000	1.000000	10.00
0.118	0.002	10.000000	0.000000	0.000000	1.000000	10.00
0.118	0.003	10.000000	0.000000	0.000000	1.000000	10.00
0.118	0.004	10.000000	0.000000	0.000000	1.000000	10.00
0.118	0.005	10.000000	0.000000	0.000000	1.000000	10.00
0.119	0.001	10.000000	0.000000	0.000000	1.000000	10.00
0.119	0.002	10.000000	0.000000	0.000000	1.000000	10.00
0.119	0.003	10.000000	0.000000	0.000000	1.000000	10.00
0.119	0.004	10.000000	0.000000	0.000000	1.000000	10.00
0.119	0.005	10.000000	0.000000	0.000000	1.000000	10.00
0.120	0.001	10.000000	0.000000	0.000000	1.000000	10.00
0.120	0.002	10.000000	0.000000	0.000000	1.000000	10.00
0.120	0.003	10.000000	0.000000	0.000000	1.000000	10.00
0.120	0.004	10.000000	0.000000	0.000000	1.000000	10.00
0.120	0.005	10.000000	0.000000	0.000000	1.000000	10.00
0.121	0.001	10.000000	0.000000	0.000000	1.000000	10.00
0.121	0.002	10.000000	0.000000	0.000000	1.000000	10.00
0.121	0.003	10.000000	0.000000	0.000000	1.000000	10.00
0.121	0.004	10.000000	0.000000	0.000000	1.000000	10.00
0.121	0.005	10.000000	0.000000	0.000000	1.000000	10.00
0.122	0.001	10.000000	0.000000	0.000000	1.000000	10.00
0.122	0.002	10.000000	0.000000	0.000000	1.000000	10.00
0.122	0.003	10.000000	0.000000	0.000000	1.000000	10.00
0.122	0.004	10.000000	0.000000	0.000000	1.000000	10.00
0.122	0.005	10.000000	0.000000	0.000000	1.000000	10.00
0.123	0.001	10.000000	0.000000	0.000000	1.000000	10.00
0.123	0.002	10.000000	0.000000	0.000000	1.000000	10.00
0.123	0.003	10.000000	0.000000	0.000000	1.000000	10.00
0.123	0.004	10.000000	0.000000	0.000000	1.000000	10.00
0.123	0.005	10.000000	0.000000	0.000000	1.000000	10.00
0.124	0.001	10.000000	0.000000	0.000000	1.000000	10.00
0.124	0.002	10.000000	0.000000	0.000000	1.000000	10.00
0.124	0.003	10.000000	0.000000	0.000000	1.000000	10.00
0.124	0.004	10.000000	0.000000	0.000000	1.000000	10.00
0.124	0.005	10.000000	0.000000	0.000000	1.000000	10.00
0.125	0.001	10.000000	0.000000	0.000000	1.000000	10.00
0.125	0.002	10.000000	0.000000	0.000000	1.000000	10.00
0.125	0.003	10.000000	0.000000	0.000000	1.000000	10.00
0.125	0.004	10.000000	0.000000	0.000000	1.000000	10.00
0.125	0.005	10.000000	0.000000	0.000000	1.000000	10.00
0.126	0.001	10.000000	0.000000	0.000000	1.000000	10.00
0.126	0.002	10.000000	0.000000	0.000000	1.000000	10.00
0.126	0.003	10.000000	0.000000	0.000000	1.000000	10.00
0.126	0.004	10.000000	0.000000	0.000000	1.000000	10.00
0.126	0.005	10.000000	0.000000	0.000000	1.000000	10.00
0.127	0.001	10.000000	0.000000	0.000000	1.000000	10.00
0.127	0.002	10.000000	0.000000	0.000000	1.000000	10.00
0.127	0.003	10.000000	0.000000	0.000000	1.000000	10.00
0.127	0.004	10.000000	0.000000	0.000000	1.000000	10.00
0.127	0.005	10.000000	0.000000	0.000000	1.000000	10.00
0.128	0.001	10.000000	0.000000	0.000000	1.000000	10.00
0.128	0.002	10.000000	0.000000	0.000000	1.000000	10.00
0.128	0.003	10.000000	0.000000	0.000000	1.000000	10.00
0.128	0.004	10.000000	0.000000	0.000000	1.000000	10.00
0.128	0.005	10.000000	0.000000	0.000000	1.000000	10.00
0.128	0.001	10.000000	0.000000	0.000000	1.000000	10.00
0.128	0.002	10.000000	0.000000	0.000000	1.000000	10.00
0.128	0.003	10.000000	0.000000	0.000000	1.000000	10.00
0.128	0.004	10.000000	0.000000	0.000000	1.000000	10.00
0.128	0.005	10.000000	0.000000	0.000000	1.000000	10.00
0.130	0.001	10.000000	0.000000	0.000000	1.000000	10.00
0.130	0.002	10.000000	0.000000	0.000000	1.000000	10.00
0.130	0.003	10.000000	0.000000	0.000000	1.000000	10.00
0.130	0.004	10.000000	0.000000	0.000000	1.000000	10.00
0.130	0.005	10.000000	0.000000	0.000000	1.000000	10.00
0.131	0.001	10.000000	0.000000	0.000000	1.000000	10.00
0.131	0.002	10.000000	0.000000	0.000000	1.000000	10.00
0.131	0.003	10.000000	0.000000	0.000000	1.000000	10.00
0.131	0.004	10.000000	0.000000	0.000000	1.000000	10.00
0.131	0.005	10.000000	0.000000	0.000000	1.000000	10.00
0.132	0.001	10.000000	0.000000	0.000000	1.000000	10.00
0.132	0.002	10.000000	0.000000	0.000000	1.000000	10.00
0.132	0.003	10.000000	0.000000	0.000000	1.000000	10.00
0.132	0.004	10.000000	0.000000	0.000000	1.000000	10.00
0.132	0.005	10.000000	0.000000	0.000000	1.000000	10.00
0.133	0.001	10.000000	0.000000	0.000000	1.000000	10.00
0.133	0.002	10.000000	0.000000	0.000000	1.000000	10.00
0.133	0.003	10.000000	0.000000	0.000000	1.000000	10.00
0.133	0.004	10.000000	0.000000	0.000000	1.000000	10.00
0.133	0.005	10.000000	0.000000	0.000000	1.000000	10.00
0.134	0.001	10.000000	0.000000	0.000000	1.000000	10.00
0.134	0.002	10.000000	0.000000	0.000000	1.000000	10.00
0.134	0.003	10.000000	0.000000	0.000000	1.000000	10.00
0.134	0.004	10.000000	0.000000	0.000000	1.000000	10.00
0.134	0.005	10.000000	0.000000	0.000000	1.000000	10.00
0.135	0.001	10.000000	0.000000	0.000000	1.000000	10.00
0.135	0.002	10.000000	0.000000	0.000000	1.000000	10.00
0.135	0.003	10.000000	0.000000	0.000000	1.000000	10.00
0.135	0.004	10.000000	0.000000	0.000000	1.000000	10.00
0.135	0.005	10.000000	0.000000	0.000000	1.000000	10.00
0.136	0.001	10.000000	0.000000	0.000000	1.000000	10.00
0.136	0.002	10.000000	0.000000	0.000000	1.000000	10.00
0.136	0.003	10.000000	0.000000	0.000000	1.000000	10.00
0.136	0.004	10.000000	0.000000	0.000000	1.000000	10.00
0.136	0.005	10.000000	0.000000	0.000000	1.000000	10.00
0.137	0.001	10.000000	0.000000	0.000000	1.000000	10.00
0.137	0.002	10.000000	0.000000	0.000000	1.000000	10.00
0.137	0.003	10.000000	0.000000	0.000000	1.000000	10.00
0.137	0.004	10.000000	0.000000	0.000000	1.000000	10.00
0.137	0.005	10.000000	0.000000	0.000000	1.000000	10.00
0.138	0.001	10.000000	0.000000	0.000000	1.000000	10.00
0.138	0.002	10.000000	0.000000	0.000000	1.000000	10.00
0.138	0.003	10.000000	0.000000	0.000000	1.000000	10.00
0.138	0.004	10.000000	0.000000	0.000000	1.000000	10.00
0.138	0.005	10.000000	0.000000	0.000000	1.000000	10.00
0.139	0.001	10.000000	0.000000	0.000000	1.000000	10.00
0.139	0.002	10.000000	0.000000	0.000000	1.000000	10.00
0.139	0.003	10.000000	0.000000	0.000000	1.000000	10.00
0.139	0.004	10.000000	0.000000	0.000000	1.000000	10.00
0.139	0.005	10.000000	0.000000	0.000000	1.000000	10.00
0.140	0.001	10.000000	0.000000	0.000000	1.000000	10.00
0.140	0.002	10.000000	0.000000	0.000000	1.000000	10.00
0.140	0.003	10.000000	0.000000	0.000000	1.000000	10.00
0.140	0.004	10.000000	0.000000	0.000000	1.000000	10.00
0.140	0.005	10.000000	0.000000	0.000000	1.000000	10.00
0.141	0.001	10.000000	0.000000	0.000000	1.000000	10.00
0.141	0.002	10.000000	0.000000	0.000000	1.000000	10.00
0.141	0.003	10.000000	0.000000	0.000000	1.000000	10.00
0.141	0.004	10.000000	0.000000	0.000000	1.000000	10.00
0.141	0.005	10.000000	0.000000	0.000000	1.000000	10.00
0.142	0.001	10.000000	0.000000	0.000000	1.000000	10.00
0.142	0.002	10.000000	0.000000	0.000000	1.000000	10.00
0.142	0.003	10.000000	0.000000	0.000000	1.000000	10.00
0.142	0.004	10.000000	0.000000	0.000000	1.000000	10.00
0.142	0.005	10.000000	0.000000	0.000000	1.000000	10.00
0.143	0.001	10.000000	0.000000	0.000000	1.000000	10.00
0.143	0.002	10.000000	0.000000	0.000000	1.000000	10.00
0.143	0.003	10.000000	0.000000	0.000000	1.000000	10.00
0.143	0.004	10.000000	0.000000	0.000000	1.000000	10.00
0.143	0.005	10.000000	0.000000	0.000000	1.000000	10.00
0.144	0.001	10.000000	0.000000	0.000000	1.000000	10.00
0.144	0.002	10.000000	0.000000	0.000000	1.000000	10.00
0.144	0.003	10.000000	0.000000	0.000000	1.000000	10.00
0.144	0.004	10.000000	0.000000	0.000000	1.000000	10.00
0.144	0.005	10.000000	0.000000	0.000000	1.000000	10.00
0.145	0.001	10.000000	0.000000	0.000000	1.000000	10.00
0.145	0.002	10.000000	0.000000	0.000000	1.000000	10.00
0.145	0.003	10.000000	0.000000	0.000000	1.000000	10.00
0.145	0.004	10.000000	0.000000	0.000000	1.000000	10.00
0.145	0.005	10.000000	0.000000	0.000000	1.000000	10.00
0.146	0.001	10.000000	0.000000	0.000000	1.000000	10.00
0.146	0.002	10.000000	0.000000	0.000000	1.000000	10.00
0.146	0.003	10.000000	0.000000	0.000000	1.000000	10.00
0.146	0.004	10.000000	0.000000	0.000000	1.000000	10.00
0.146	0.005	10.000000	0.000000	0.000000	1.000000	10.00
0.147	0.001	10.000000	0.000000	0.000000	1.000000	10.00
0.147	0.002	10.000000	0.000000	0.000000	1.000000	10.00
0.147	0.003	10.000000	0.000000	0.000000	1.000000	10.00
0.147	0.004	10.000000	0.000000	0.000000	1.000000	10.00
0.147	0.005	10.000000	0.000000	0.000000	1.000000	10.00
0.148	0.001	10.000000	0.000000	0.000000	1.000000	10.00
0.148	0.002	10.000000	0.000000	0.000000	1.000000	10.00
0.148	0.003	10.000000	0.000000	0.000000	1.000000	10.00
0.148	0.004	10.000000	0.000000	0.000000	1.000000	10.00
0.148	0.005	10.000000	0.000000	0.000000	1.000000	10.00
0.149	0.001	10.000000	0.000000	0.000000	1.000000	10.00
0.149	0.002	10.000000	0.000000	0.000000	1.000000	10.00
0.149	0.003	10.000000	0.000000	0.000000	1.000000	10.00
0.149	0.004	10.000000	0.000000	0.000000	1.000000	10.00
0.149	0.005	10.000000	0.000000	0.000000	1.000000	10.00
0.150	0.001	10.000000	0.000000	0.000000	1.000000	10.00
0.150	0.002	10.000000	0.000000	0.000000	1.000000	10.00
0.150	0.003	10.000000	0.000000	0.000000	1.000000	10.00
0.150	0.004	10.000000	0.000000	0.000000	1.000000	10.00
0.150	0.005	10.000000	0.000000	0.000000	1.000000	10.00
0.151	0.001	10.000000	0.000000	0.000000	1.000000	10.00
0.151	0.002	10.000000	0.000000	0.000000	1.000000	10.00
0.151	0.003	10.000000	0.000000	0.000000	1.000000	10.00
0.151	0.004	10.000000	0.000000	0.000000	1.000000	10.00
0.151	0.005	10.000000	0.000000	0.000000	1.000000	10.00
0.152	0.001	10.000000	0.000000	0.000000	1.000000	10.00
0.152	0.002	10.000000	0.000000	0.000000	1.000000	10.00
0.152	0.003	10.000000	0.000000	0.000000	1.000000	10.00
0.152	0.004	10.000000	0.000000	0.000000	1.000000	10.00
0.152	0.005	10.000000	0.000000	0.000000	1.000000	10.00
0.153	0.001	10.000000	0.000000	0.000000	1.000000	10.00
0.153	0.002	10.000000	0.000000	0.000000	1.000000	10.00
0.153	0.003	10.000000	0.000000	0.000000	1.000000	10.00
0.153	0.004	10.000000	0.000000	0.000000	1.000000	10.00
0.153	0.005	10.000000	0.000000	0.000000	1.000000	10.00
0.154	0.001	10.000000	0.000000	0.000000	1.000000	10.00
0.154	0.002	10.000000	0.000000	0.000000	1.000000	10.00
0.154	0.003	10.000000	0.000000	0.000000	1.000000	10.00
0.154	0.004	10.000000	0.000000	0.000000	1.000000	10.00
0.154	0.005	10.000000	0.000000	0.000000	1.000000	10.00
0.155	0.001	10.000000	0.000000	0.000000	1.000000	10.00
0.155	0.002	10.000000	0.000000	0.000000	1.000000	10.00
0.155	0.003	10.000000	0.000000	0.000000	1.000000	10.00
0.155	0.004	10.000000	0.000000	0.000000	1.000000	10.00
0.155	0.005	10.000000	0.000000	0.000000	1.000000	10.00
0.156	0.001	10.000000	0.000000	0.000000	1.000000	10.00
0.156	0.002	10.000000	0.000000	0.000000	1.000000	10.00
0.156	0.003	10.000000	0.000000	0.000000	1.000000	10.00
0.156	0.004	10.000000	0.000000	0.000000	1.000000	10.00
0.156	0.005	10.000000	0.000000	0.000000	1.000000	10.00
0.157	0.001	10.000000	0.000000	0.000000	1.000000	10.00
0.157	0.002	10.000000	0.000000	0.000000	1.000000	10.00
0.157	0.003	10.000000	0.000000	0.000000	1.000000	10.00
0.157	0.004	10.000000	0.000000	0.000000	1.000000	10.00
0.157	0.005	10.000000	0.000000	0.000000	1.000000	10.00
0.158	0.001	10.000000	0.000000	0.000000	1.000000	10.00
0.158	0.002	10.000000	0.000000	0.000000	1.000000	10.00
0.158	0.003	10.000000	0.000000	0.000000	1.000000	10.00
0.158	0.004	10.000000	0.000000	0.000000	1.000000	10.00
0.158	0.005	10.000000	0.000000	0.000000	1.000000	10.00
0.159	0.001	10.000000	0.000000	0.000000	1.000000	10.00
0.159	0.002	10.000000	0.000000	0.000000	1.000000	10.00
0.159	0.003	10.000000	0.000000	0.000000	1.000000	10.00
0.159	0.004	10.000000	0.000000	0.000000	1.000000	10.00
0.159	0.005	10.000000	0.000000	0.000000	1.000000	10.00
0.160	0.001	10.000000	0.000000	0.000000	1.000000	10.00
0.160	0.002	10.000000	0.000000	0.000000	1.000000	10.00
0.160	0.003	10.000000	0.000000	0.000000	1.000000	10.00
0.160	0.004	10.000000	0.000000	0.000000	1.000000	10.00
0.160	0.005	10.000000	0.000000	0.000000	1.000000	10.00
0.161	0.001	10.000000	0.000000	0.000000	1.000000	10.00
0.161	0.002	10.000000	0.000000	0.000000	1.000000	10.00
0.161	0.003	10.000000	0.000000	0.000000	1.000000	10.00
0.161	0.004	10.000000	0.000000	0.000000	1.000000	10.00
0.161	0.005	10.000000	0.000000	0.000000	1.000000	10.00
0.162	0.001	10.000000	0.000000	0.000000	1.000000	10.00
0.162	0.002	10.000000	0.000000	0.000000	1.000000	10.00
0.162	0.003	10.000000	0.000000	0.000000	1.000000	10.00
0.162	0.004	10.000000	0.000000	0.000000	1.000000	10.00
0.162	0.005	10.000000	0.000000	0.000000	1.000000	10.00
0.163	0.001	10.000000	0.000000	0.000000	1.000000	10.00
0.163	0.002	10.000000	0.000000	0.000000	1.000000	10.00
0.163	0.003	10.000000	0.000000	0.000000	1.000000	10.00
0.163	0.004	10.000000	0.000000	0.000000	1.000000	10.00
0.163	0.005	10.000000	0.000000	0.000000	1.000000	10.00
0.164	0.001	10.000000	0.000000	0.000000	1.000000	10.00
0.164	0.002	10.000000	0.000000	0.000000	1.000000	10.00
0.164	0.003	10.000000	0.000000	0.000000	1.000000	10.00
0.164	0.004	10.000000	0.000000	0.000000	1.000000	10.00
0.164	0.005	10.000000	0.000000	0.000000	1.000000	10.00
0.165	0.001	10.000000	0.000000	0.000000	1.000000	10.00
0.165	0.002	10.000000	0.000000	0.000000	1.000000	10.00
0.165	0.003	10.000000	0.000000	0.000000	1.000000	10.00
0.165	0.004	10.000000	0.000000	0.000000	1.000000	10.00
0.165	0.005	10.000000	0.000000	0.000000	1.000000	10.00
0.166	0.001	10.000000	0.000000	0.000000	1.000000	10.00
0.166	0.002	10.000000	0.000000	0.000000	1.000000	10.00
0.166	0.003	10.000000	0.000000	0.000000	1.000000	10.00
0.166	0.004	10.000000	0.000000	0.000000	1.000000	10.00
0.166	0.005	10.000000	0.000000	0.000000	1.000000	10.00
0.167	0.001	10.000000	0.000000	0.000000	1.000000	10.00
0.167	0.002	10.000000	0.000000	0.000000	1.000000	10.00
0.167	0.003	10.000000	0.000000	0.000000	1.000000	10.00
0.167	0.004	10.000000	0.000000	0.000000	1.000000	10.00
0.167	0.005	10.000000	0.000000	0.000000	1.000000	10.00
0.168	0.001	10.000000	0.000000	0.000000	1.000000	10.00
0.168	0.002	10.000000	0.000000	0.000000	1.000000	10.00
0.168	0.003	10.000000	0.000000	0.000000	1.000000	10.00
0.168	0.004	10.000000	0.000000	0.000000	1.000000	10.00
0.168	0.005	10.000000	0.000000	0.000000	1.000000	10.00
0.169	0.001	10.000000	0.000000	0.000000	1.000000	10.00
0.169	0.002	10.000000	0.000000	0.000000	1.000000	10.00
0.169	0.003	10.000000	0.000000	0.000000	1.000000	10.00
0.169	0.004	10.000000	0.000000	0.000000	1.000000	10.00
0.169	0.005	10.000000	0.000000	0.000000	1.000000	10.00
0.170	0.001	10.000000	0.000000	0.000000	1.000000	10.00
0.170	0.002	10.000000	0.000000	0.000000	1.000000	10.00
0.170	0.003	10.000000	0.000000	0.000000	1.000000	10.00
0.170	0.004	10.000000	0.000000	0.000000	1.000000	10.00
0.170	0.005	10.000000	0.000000	0.000000	1.000000	10.00
0.171	0.001	10.000000	0.000000	0.000000	1.000000	10.00
0.171	0.002	10.000000	0.000000	0.000000	1.000000	10.00
0.171	0.003	10.000000	0.000000	0.000000	1.000000	10.00
0.171	0.004	10.000000	0.000000	0.000000	1.000000	10.00
0.171	0.005	10.000000	0.000000	0.000000	1.000000	10.00
0.172	0.001	10.000000	0.000000	0.000000	1.000000	10.00
0.172	0.002	10.000000	0.000000	0.000000	1.000000	10.00
0.172	0.003	10.000000	0.000000	0.000000	1.000000	10.00
0.172	0.004	10.000000	0.000000	0.000000	1.000000	10.00
0.172	0.005	10.000000	0.000000	0.000000	1.000000	10.00
0.173	0.001	10.000000	0.000000	0.000000	1.000000	10.00
0.173	0.002	10.000000	0.000000	0.000000	1.000000	10.00
0.173	0.003	10.000000	0.000000	0.000000	1.000000	10.00
0.173	0.004	10.000000	0.000000	0.000000	1.000000	10.00
0.173	0.005	10.000000	0.000000	0.000000	1.000000	10.00
0.174	0.001	10.000000	0.000000	0.000000	1.000000	10.00
0.174	0.002	10.000000	0.000000	0.000000	1.000000	10.00
0.174	0.003	10.000000	0.000000	0.000000	1.000000	10.00
0.174	0.004	10.000000	0.000000	0.000000	1.000000	10.00
0.174	0.005	10.000000	0.000000	0.000000	1.000000	10.00
0.175	0.001	10.000000	0.000000	0.000000	1.000000	10.00
0.175	0.002	10.000000	0.000000	0.000000	1.000000	10.00
0.175	0.003	10.000000	0.000000	0.000000	1.000000	10.00
0.175	0.004	10.000000	0.000000	0.000000	1.000000	10.00
0.175	0.005	10.000000	0.000000	0.000000	1.000000	10.00
0.176	0.001	10.000000	0.000000	0.000000	1.000000	10.00
0.176	0.002	10.000000	0.000000	0.000000	1.000000	10.00
0.176	0.003	10.000000	0.000000	0.000000	1.000000	10.00
0.176	0.004	10.000000	0.000000	0.000000	1.000000	10.00
0.176	0.005	10.000000	0.000000	0.000000	1.000000	10.00
0.177	0.001	10.000000	0.000000	0.000000	1.000000	10.00
0.177	0.002	10.000000	0.000000	0.000000	1.000000	10.00
0.177	0.003	10.000000	0.000000	0.000000	1.000000	10.00
0.177	0.004	10.000000	0.000000	0.000000	1.000000	10.00
0.177	0.005	10.000000	0.000000	0.000000	1.000000	10.00
0.178	0.001	10.000000	0.000000	0.000000	1.000000	10.00
0.178	0.002	10.000000	0.000000	0.000000	1.000000	10.00
0.178	0.003	10.000000	0.000000	0.000000	1.000000	10.00
0.178	0.004	10.000000	0.000000	0.000000	1.000000	10.00
0.178	0.005	10.000000	0.000000	0.000000	1.000000	10.00
0.179	0.001	10.000000	0.000000	0.000000	1.000000	10.00
0.179	0.002	10.000000	0.000000	0.000000	1.000000	10.00
0.179	0.003	10.000000	0.000000	0.000000	1.000000	10.00
0.179	0.004	10.000000	0.000000	0.000000	1.000000	10.00
0.179	0.005	10.000000	0.000000	0.000000	1.000000	10.00
0.180	0.001	10.000000	0.000000	0.000000	1.000000	10.00
0.180	0.002	10.000000	0.000000	0.000000	1.000000	10.00
0.180	0.003	10.000000	0.000000	0.000000	1.000000	10.00
0.180	0.004	10.000000	0.000000	0.000000	1.000000	10.00
0.180	0.005	10.000000	0.000000	0.000000	1.000000	10.00
0.181	0.001	10.000000	0.000000	0.000000	1.000000	10.00
0.181	0.002	10.000000	0.000000	0.000000	1.000000	10.00
0.181	0.003	10.000000	0.000000	0.000000	1.000000	10.00
0.181	0.004	10.000000	0.000000	0.000000	1.000000	10.00
0.181	0.005	10.000000	0.000000	0.000000	1.000000	10.00
0.182	0.001	10.000000	0.000000	0.000000	1.000000	10.00
0.182	0.002	10.000000	0.000000	0.000000	1.000000	10.00
0.182	0.003	10.000000	0.000000	0.000000	1.000000	10.00
0.182	0.004	10.000000	0.000000	0.000000	1.000000	10.00
0.182	0.005	10.000000	0.000000	0.000000	1.000000	10.00
0.183	0.001	10.000000	0.000000	0.000000	1.000000	10.00
0.183	0.002	10.000000	0.000000	0.000000	1.000000	10.00
0.183	0.003	10.000000	0.000000	0.000000	1.000000	10.00
0.183	0.004	10.000000	0.000000	0.000000	1.000000	10.00
0.183	0.005	10.000000	0.000000	0.000000	1.000000	10.00
0.184	0.001	10.000000	0.000000	0.000000	1.000000	10.00
0.184	0.002	10.000000	0.000000	0.000000	1.000000	10.00
0.184	0.003	10.000000	0.000000	0.000000	1.000000	10.00
0.184	0.004	10.000000	0.000000	0.000000	1.000000	10.00
0.184	0.005	10.000000	0.000000	0.000000	1.000000	10.00
0.185	0.001	10.000000	0.000000	0.000000	1.000000	10.00
0.185	0.002	10.000000	0.000000	0.000000	1.000000	10.00
0.185	0.003	10.000000	0.000000	0.000000	1.000000	10.00
0.185	0.004	10.000000	0.000000	0.000000	1.000000	10.00
0.185	0.005	10.000000	0.000000	0.000000	1.000000	10.00
0.186	0.001	10.000000	0.000000	0.000000	1.000000	10.00
0.186	0.002	10.000000	0.000000	0.000000	1.000000	10.00
0.186	0.003	10.000000	0.000000	0.000000	1.000000	10.00
0.186	0.004	10.000000	0.000000	0.000000	1.000000	10.00
0.186	0.005	10.000000	0.000000	0.000000	1.000000	10.00
0.187	0.001	10.000000	0.000000	0.000000	1.000000	10.00
0.187	0.002	10.000000	0.000000	0.000000	1.000000	10.00
0.187	0.003	10.000000	0.000000	0.000000	1.000000	10.00
0.187	0.004	10.000000	0.000000	0.000000	1.000000	10.00
0.187	0.005	10.000000	0.000000	0.000000	1.000000	10.00
0.188	0.001	10.000000	0.000000	0.000000	1.000000	10.00
0.188	0.002	10.000000	0.000000	0.000000	1.000000	10.00
0.188	0.003	10.000000	0.000000	0.000000	1.000000	10.00
0.188	0.004	10.000000	0.000000	0.000000	1.000000	10.00
0.188	0.005	10.000000	0.000000	0.000000	1.000000	10.00
0.189	0.001	10.000000	0.000000	0.000000	1.000000	10.00
0.189	0.002	10.000000	0.000000	0.000000	1.000000	10.00
0.189	0.003	10.000000	0.000000	0.000000	1.000000	10.00
0.189	0.004	10.000000	0.000000	0.000000	1.000000	10.00
0.189	0.005	10.000000	0.000000	0.000000	1.000000	10.00
0.190	0.001	10.000000	0.000000	0.000000	1.000000	10.00
0.190	0.002	10.000000	0.000000	0.000000	1.000000	10.00
0.190	0.003	10.000000	0.000000	0.000000	1.000000	10.00
0.190	0.004	10.000000	0.000000	0.000000	1.000000	10.00
0.190	0.005	10.000000	0.000000	0.000000	1.000000	10.00
0.191	0.001	10.000000	0.000000	0.000000	1.000000	10.00
0.191	0.002	10.000000	0.000000	0.000000	1.000000	10.00
0.191	0.003	10.000000	0.000000	0.000000	1.000000	10.00
0.191	0.004	10.000000	0.000000	0.000000	1.000000	10.00
0.191	0.005	10.000000	0.000000	0.000000	1.000000	10.00
0.192	0.001	10.000000	0.000000	0.000000	1.000000	10.00
0.192	0.002	10.000000	0.000000	0.000000	1.000000	10.00
0.192	0.003	10.000000	0.000000	0.000000	1.000000	10.00
0.192	0.004	10.000000	0.000000	0.000000	1.000000	10.00
0.192	0.005	10.000000	0.000000	0.000000	1.000000	10.00
0.193	0.001	10.000000	0.000000	0.000000	1.000000	10.00
0.193	0.002	10.000000	0.000000	0.000000	1.000000	10.00
0.193	0.003	10.000000	0.000000	0.000000	1.000000	10.00
0.193	0.004	10.000000	0.000000	0.000000	1.000000	10.00
0.193	0.005	10.000000	0.000000	0.000000	1.000000	10.00
0.194	0.001	10.000000	0.000000	0.000000	1.000000	10.00
0.194	0.002	10.000000	0.000000	0.000000	1.000000	10.00
0.194	0.003	10.000000	0.000000	0.000000	1.000000	10.00
0.194	0.004	10.000000	0.000000	0.000000	1.000000	10.00
0.194	0.005	10.000000	0.000000	0.000000	1.000000	10.00
0.195	0.001	10.000000	0.000000	0.000000	1.000000	10.00
0.195	0.002	10.000000	0.000000	0.000000	1.000000	10.00
0.195	0.003	10.000000	0.000000	0.000000	1.000000	10.00
0.195	0.004	10.000000	0.000000	0.000000	1.000000	10.00
0.195	0.005	10.000000	0.000000	0.000000	1.000000	10.00
0.196	0.001	10.000000	0.000000	0.000000	1.000000	10.00
0.196	0.002	10.000000	0.000000	0.000000	1.000000	10.00
0.196	0.003	10.000000	0.000000	0.000000	1.000000	10.00
0.196	0.004	10.000000	0.000000	0.000000	1.000000	10.00
0.196	0.005	10.000000	0.000000	0.000000	1.000000	10.00
0.197	0.001	10.000000	0.000000	0.000000	1.000000	10.00
0.197	0.002	10.000000	0.000000	0.000000	1.000000	10.00
0.197	0.003	10.000000	0.000000	0.000000	1.000000	10.00
0.197	0.004	10.000000	0.000000	0.000000	1.000000	10.00
0.197	0.005	10.000000	0.000000	0.000000	1.000000	10.00
0.198	0.001	10.000000	0.000000	0.000000	1.000000	10.00
0.198	0.002	10.000000	0.000000	0.000000	1.000000	10.00
0.198	0.003	10.000000	0.000000	0.000000	1.000000	10.00
0.198	0.004	10.000000	0.000000	0.000000	1.000000	10.00
0.198	0.005	10.000000	0.000000	0.000000	1.000000	10.00
0.199	0.001	10.000000	0.000000	0.000000	1.000000	10.00
0.199	0.002	10.000000	0.000000	0.000000	1.000000	10.00
0.199	0.003	10.000000	0.000000	0.000000	1.000000	10.00
0.199	0.004	10.000000	0.000000	0.000000	1.000000	10.00
0.199	0.005	10.000000	0.000000	0.000000	1.000000	10.00
0.200	0.001	10.000000	0.000000	0.000000	1.000000	10.00
0.200	0.002	10.000000	0.000000	0.000000	1.000000	10.00
0.200	0.003	10.000000	0.000000	0.000000	1.000000	10.00
0.200	0.004	10.000000	0.000000	0.000000	1.000000	10.00
0.200	0.005	10.000000	0.000000	0.000000	1.000000	10.00
0.201	0.001	10.000000	0.000000	0.000000	1.000000	10.00
0.201	0.002	10.000000	0.000000	0.000000	1.000000	10.00
0.201	0.003	10.000000	0.000000	0.000000	1.000000	10.00
0.201	0.004	10.000000	0.000000	0.000000	1.000000	10.00
0.201	0.005	10.000000	0.000000	0.000000	1.000000	10.00
0.202	0.001	10.000000	0.000000	0.000000	1.000000	10.00
0.202	0.002	10.000000	0.000000	0.000000	1.000000	10.00
0.202	0.003	10.000000	0.000000	0.000000	1.000000	10.00
0.202	0.004	10.000000	0.000000	0.000000	1.000000	10.00
0.202	0.005	10.000000	0.000000	0.000000	1.000000	10.00
0.203	0.001	10.000000	0.000000	0.000000	1.000000	10.00
0.203	0.002	10.000000	0.000000	0.000000	1.000000	10.00
0.203	0.003	10.000000	0.000000	0.000000	1.000000	10.00
0.203	0.004	10.000000	0.000000	0.000000	1.000000	10.00
0.203	0.005	10.000000	0.000000	0.000000	1.000000	10.00
0.204	0.001	10.000000	0.000000	0.000000	1.000000	10.00
0.204	0.002	10.000000	0.000000	0.000000	1.000000	10.00
0.204	0.003	10.000000	0.000000	0.000000	1.000000	10.00
0.204	0.004	10.000000	0.000000	0.000000	1.000000	10.00
0.204	0.005	10.000000	0.000000	0.000000	1.000000	10.00
0.205	0.001	10.000000	0.000000	0.000000	1.000000	10.00
0.205	0.002	10.000000	0.000000	0.000000	1.000000	10.00
0.205	0.003	10.000000	0.000000	0.000000	1.000000	10.00
0.205	0.004	10.000000	0.000000	0.000000	1.000000	10.00
0.205	0.005	10.000000	0.000000	0.000000	1.000000	10.00
0.206	0.001	10.000000	0.000000	0.000000	1.000000	10.00
0.206	0.002	10.000000	0.000000	0.000000	1.000000	10.00
0.206	0.003	10.000000	0.000000	0.000000	1.000000	10.00
0.206	0.004	10.000000	0.000000	0.000000	1.000000	10.00
0.206	0.005	10.000000	0.000000	0.000000	1.000000	10.00
0.207	0.001	10.000000	0.000000	0.000000	1.000000	10.00
0.207	0.002	10.000000	0.000000	0.000000	1.000000	10.00
0.207	0.003	10.000000	0.000000	0.000000	1.000000	10.00
0.207	0.004	10.000000	0.000000	0.000000	1.000000	10.00
0.207	0.005	10.000000	0.000000	0.000000	1.000000	10.00
0.208	0.001	10.000000	0.000000	0.000000	1.000000	10.00
0.208	0.002	10.000000	0.000000	0.000000	1.000000	10.00
0.208	0.003	10.000000	0.000000	0.000000	1.000000	10.00
0.208	0.004	10.000000	0.000000	0.000000	1.000000	10.00
0.208	0.005	10.000000	0.000000	0.000000	1.000000	10.00
0.209	0.001	10.000000	0.000000	0.000000	1.000000	10.00
0.209	0.002	10.000000	0.000000	0.000000	1.000000	10.00
0.209	0.003	10.000000	0.000000	0.000000	1.000000	10.00
0.209	0.004	10.000000	0.000000	0.000000	1.000000	10.00
0.209	0.005	10.000000	0.000000	0.000000	1.000000	10.00
0.210	0.001	10.000000	0.000000	0.000000	1.000000	10.00
0.210	0.002	10.000000	0.000000	0.000000	1.000000	10.00
0.210	0.003	10.000000	0.000000	0.000000	1.000000	10.00
0.210	0.004	10.000000	0.000000	0.000000	1.000000	10.00
0.210	0.005	10.000000	0.000000	0.000000	1.000000	10.00
0.211	0.001	10.000000	0.000000	0.000000	1.000000	10.00
0.211	0.002	10.000000	0.000000	0.000000	1.000000	10.00
0.211	0.003	10.000000	0.000000	0.000000	1.000000	10.00
0.211	0.004	10.000000	0.000000	0.000000	1.000000	10.00
0.211	0.005	10.000000	0.000000	0.000000	1.000000	10.00
0.212	0.001	10.000000	0.000000	0.000000	1.000000	10.00
0.212	0.002	10.000000	0.000000	0.000000	1.000000	10.00
0.212	0.003	10.000000	0.000000	0.000000	1.000000	10.00
0.212	0.004	10.000000	0.000000	0.000000	1.000000	10.00
0.212	0.005	10.000000	0.000000	0.000000	1.000000	10.00
0.213	0.001	10.000000	0.000000	0.000000	1.000000	10.00
0.213	0.002	10.000000	0.000000	0.000000	1.000000	10.00
0.213	0.003	10.000000	0.000000	0.000000	1.000000	10.00
0.213	0.004	10.000000	0.000000	0.000000	1.000000	10.00
0.213	0.005	10.000000	0.000000	0.000000	1.000000	10.00
0.214	0.001	10.000000	0.000000	0.000000	1.000000	10.00
0.214	0.002	10.000000	0.000000	0.000000	1.000000	10.00
0.214	0.003	10.000000	0.000000	0.000000	1.000000	10.00
0.214	0.004	10.000000	0.000000	0.000000	1.000000	10.00
0.214	0.005	10.000000	0.000000	0.000000	1.000000	10.00
0.215	0.001	10.000000	0.000000	0.000000	1.000000	10.00
0.215	0.002	10.000000	0.000000	0.000000	1.000000	10.00
0.215	0.003	10.000000	0.000000	0.000000	1.000000	10.00
0.215	0.004	10.000000	0.000000	0.000000	1.000000	10.00
0.215	0.005	10.000000	0.000000	0.000000	1.000000	10.00
0.216	0.001	10.000000	0.000000	0.000000	1.000000	10.00
0.216	0.002	10.000000	0.000000	0.000000	1.000000	10.00
0.216	0.003	10.000000	0.000000	0.000000	1.000000	10.00
0.216	0.004	10.000000	0.000000	0.000000	1.000000	10.00
0.216	0.005	10.000000	0.000000	0.000000	1.000000	10.00
0.217	0.001	10.000000	0.000000	0.000000	1.000000	10.00
0.217	0.002	10.000000	0.000000	0.000000	1.000000	10.00
0.217	0.003	10.000000	0.000000	0.000000	1.000000	10.00
0.217	0.004	10.000000	0.000000	0.000000	1.000000	10.00
0.217	0.005	10.000000	0.000000	0.000000	1.000000	10.00
0.218	0.001	10.000000	0.000000	0.000000	1.000000	10.00
0.218	0.002	10.000000	0.000000	0.000000	1.000000	10.00
0.218	0.003	10.000000	0.000000	0.000000	1.000000	10.00
0.218	0.004	10.000000	0.000000	0.000000	1.000000	10.00
0.218	0.005	10.000000	0.000000	0.000000	1.000000	10.00
0.219	0.001	10.000000	0.000000	0.000000	1.000000	10.00
0.219	0.002	10.000000	0.000000	0.000000	1.000000	10.00
0.219	0.003	10.000000	0.000000	0.000000	1.000000	10.00
0.219	0.004	10.000000	0.000000	0.000000	1.000000	10.00
0.219	0.005	10.000000	0.000000	0.000000	1.000000	10.00
0.220	0.001	10.000000	0.000000	0.000000	1.000000	10.00
0.220	0.002	10.000000	0.000000	0.000000	1.000000	10.00
0.220	0.003	10.000000	0.000000	0.000000	1.000000	10.00
0.220	0.004	10.000000	0.000000	0.000000	1.000000	10.00
0.220	0.005	10.000000	0.000000	0.000000	1.000000	10.00
0.221	0.001	10.000000	0.000000	0.000000	1.000000	10.00
0.221	0.002	10.000000	0.000000	0.000000	1.000000	10.00
0.221	0.003	10.000000	0.000000	0.000000	1.000000	10.00
0.221	0.004	10.000000	0.000000	0.000000	1.000000	10.00
0.221	0.005	10.000000	0.000000	0.000000	1.000000	10.00
0.222	0.001	10.000000	0.000000	0.000000	1.000000	10.00
0.222	0.002	10.000000	0.000000	0.000000	1.000000	10.00
0.222	0.003	10.000000	0.000000	0.000000	1.000000	10.00
0.222	0.004	10.000000	0.000000	0.000000	1.000000	10.00
0.222	0.005	10.000000	0.000000	0.000000	1.000000	10.00
0.223	0.001	10.000000	0.000000	0.000000	1.000000	10.00
0.223	0.002	10.000000	0.000000	0.000000	1.000000	10.00
0.223	0.003	10.000000	0.000000	0.000000	1.000000	10.00
0.223	0.004	10.000000	0.000000	0.000000	1.000000	10.00
0.223	0.005	10.000000	0.000000	0.000000	1.000000	10.00
0.224	0.001	10.000000	0.000000	0.000000	1.000000	10.00
0.224	0.002	10.000000	0.000000	0.000000	1.000000	10.00
0.224	0.003	10.000000	0.000000	0.000000	1.000000	10.00
0.224	0.004	10.000000	0.000000	0.000000	1.000000	10.00
0.224	0.005	10.000000	0.000000	0.000000	1.000000	10.00
0.225	0.001	10.000000	0.000000	0.000000	1.000000	10.00
0.225	0.002	10.000000	0.000000	0.000000	1.000000	10.00
0.225	0.003	10.000000	0.000000	0.000000	1.000000	10.00
0.225	0.004	10.000000	0.000000	0.000000	1.000000	10.00
0.225	0.005	10.000000	0.000000	0.000000	1.000000	10.00
0.226	0.001	10.000000	0.000000	0.000000	1.000000	10.00
0.226	0.002	10.000000	0.000000	0.000000	1.000000	10.00
0.226	0.003	10.000000	0.000000	0.000000	1.000000	10.00
0.226	0.004	10.000000	0.000000	0.000000	1.000000	10.00
0.226	0.005	10.000000	0.000000	0.000000	1.000000	10.00
0.227	0.001	10.000000	0.000000	0.000000	1.000000	10.00
0.227	0.002	10.000000	0.000000	0.000000	1.000000	10.00
0.227	0.003	10.000000	0.000000	0.000000	1.000000	10.00
0.227	0.004	10.000000	0.000000	0.000000	1.000000	10.00
0.227	0.005	10.000000	0.000000	0.000000	1.000000	10.00
0.228	0.001	10.000000	0.000000	0.000000	1.000000	10.00
0.228	0.002	10.000000	0.000000	0.000000	1.000000	10.00
0.228	0.003	10.000000	0.000000	0.000000	1.000000	10.00
0.228	0.004	10.000000	0.000000	0.000000	1.000000	10.00
0.228	0.005	10.000000	0.000000	0.000000	1.000000	10.00
0.229	0.001	10.000000	0.000000	0.000000	1.000000	10.00
0.229	0.002	10.000000	0.000000	0.000000	1.000000	10.00
0.229	0.003	10.000000	0.000000	0.000000	1.000000	10.00
0.229	0.004	10.000000	0.000000	0.000000	1.000000	10.00
0.229	0.005	10.000000	0.000000	0.000000	1.000000	10.00
0.230	0.001	10.000000	0.000000	0.000000	1.000000	10.00
0.230	0.002	10.000000	0.000000	0.000000	1.000000	10.00
0.230	0.003	10.000000	0.000000	0.000000	1.000000	10.00
0.230	0.004	10.000000	0.000000	0.000000	1.000000	10.00
0.230	0.005	10.000000	0.000000	0.000000	1.000000	10.00
0.231	0.001	10.000000	0.000000	0.000000	1.000000	10.00
0.231	0.002	10.000000	0.000000	0.000000	1.000000	10.00
0.231	0.003	10.000000	0.000000	0.000000	1.000000	10.00
0.231	0.004	10.000000	0.000000	0.000000	1.000000	10.00
0.231	0.005	10.000000	0.000000	0.000000	1.000000	10.00
0.232	0.001	10.000000	0.000000	0.000000	1.000000	10.00
0.232	0.002	10.000000	0.000000	0.000000	1.000000	10.00
0.232	0.003	10.000000	0.000000	0.000000	1.000000	10.00
0.232	0.004	10.000000	0.000000	0.000000	1.000000	10.00
0.232	0.005	10.000000	0.000000	0.000000	1.000000	10.00
0.233	0.001	10.000000	0.000000	0.000000	1.000000	10.00
0.233	0.002	10.000000	0.000000	0.000000	1.000000	10.00
0.233	0.003	10.000000	0.000000	0.000000	1.000000	10.00
0.233	0.004	10.000000	0.000000	0.000000	1.000000	10.00
0.233	0.005	10.000000	0.000000	0.000000	1.000000	10.00
0.234	0.001	10.000000	0.000000	0.000000	1.000000	10.00
0.234	0.002	10.000000	0.000000	0.000000	1.000000	10.00
0.234	0.003	10.000000	0.000000	0.000000	1.000000	10.00
0.234	0.004	10.000000	0.000000	0.000000	1.000000	10.00
0.234	0.005	10.000000	0.000000	0.000000	1.000000	10.00
0.235	0.001	10.000000	0.000000	0.000000	1.000000	10.00
0.235	0.002	10.000000	0.000000	0.000000	1.000000	10.00
0.235	0.003	10.000000	0.000000	0.000000	1.000000	10.00
0.235	0.004	10.000000	0.000000	0.000000	1.000000	10.00
0.235	0.005	10.000000	0.000000	0.000000	1.000000	10.00
0.236	0.001	10.000000	0.000000	0.000000	1.000000	10.00
0.236	0.002	10.000000	0.000000	0.000000	1.000000	10.00
0.236	0.003	10.000000	0.000000	0.000000	1.000000	10.00
0.236	0.004	10.000000	0.000000	0.000000	1.000000	10.00
0.236	0.005	10.000000	0.000000	0.000000	1.000000	10.00
0.237	0.001	10.000000	0.000000	0.000000	1.000000	10.00
0.237	0.002	10.000000	0.000000	0.000000	1.000000	10.00
0.237	0.003	10.000000	0.000000	0.000000	1.000000	10.00
0.237	0.004	10.000000	0.000000	0.000000	1.000000	10.00
0.237	0.005	10.000000	0.000000	0.000000	1.000000	10.00
0.238	0.001	10.000000	0.000000	0.000000	1.000000	10.00
0.238	0.002	10.000000	0.000000	0.000000	1.000000	10.00
0.238	0.003	10.000000	0.000000	0.000000	1.000000	10.00
0.238	0.004	10.000000	0.000000	0.000000	1.000000	10.00
0.238	0.005	10.000000	0.000000	0.000000	1.000000	10.00
0.239	0.001	10.000000	0.000000	0.000000	1.000000	10.00
0.239	0.002	10.000000	0.000000	0.000000	1.000000	10.00
0.239	0.003	10.000000	0.000000	0.000000	1.000000	10.00
0.239	0.004	10.000000	0.000000	0.000000	1.000000	10.00
0.239	0.005	10.000000	0.000000	0.000000	1.000000	10.00
0.240	0.001	10.000000	0.000000	0.000000	1.000000	10.00
0.240	0.002	10.000000	0.000000	0.000000	1.000000	10.00
0.240	0.003	10.000000	0.000000	0.000000	1.000000	10.00
0.240	0.004	10.000000	0.000000	0.000000	1.000000	10.00
0.240	0.005	10.000000	0.000000	0.000000	1.000000	10.00
0.241	0.001	10.000000	0.000000	0.000000	1.000000	10.00
0.241	0.002	10.000000	0.000000	0.000000	1.000000	10.00
0.241	0.003	10.000000	0.000000	0.000000	1.000000	10.00
0.241	0.004	10.000000	0.000000	0.000000	1.000000	10.00
0.241	0.005	10.000000	0.000000	0.000000	1.000000	10.00
0.242	0.001	10.000000	0.000000	0.000000	1.000000	10.00
0.242	0.002	10.000000	0.000000	0.000000	1.000000	10.00
0.242	0.003	10.000000	0.000000	0.000000	1.000000	10.00
0.242	0.004	10.000000	0.000000	0.000000	1.000000	10.00
0.242	0.005	10.000000	0.000000	0.000000	1.000000	10.00
0.243	0.001	10.000000	0.000000	0.000000	1.000000	10.00
0.243	0.002	10.000000	0.000000	0.000000	1.000000	10.00
0.243	0.003	10.000000	0.000000	0.000000	1.000000	10.00
0.243	0.004	10.000000	0.000000	0.000000	1.000000	10.00
0.243	0.005	10.000000	0.000000	0.000000	1.000000	10.00
0.244	0.001	10.000000	0.000000	0.000000	1.000000	10.00
0.244	0.002	10.000000	0.000000	0.000000	1.000000	10.00
0.244	0.003	10.000000	0.000000	0.000000	1.000000	10.00
0.244	0.004	10.000000	0.000000	0.000000	1.000000	10.00
0.244	0.005	10.000000	0.000000	0.000000	1.000000	10.00
0.245	0.001	10.000000	0.000000	0.000000	1.000000	10.00
0.245	0.002	10.000000	0.000000	0.000000	1.000000	10.00
0.245	0.003	10.000000	0.000000	0.000000	1.000000	10.00
0.245	0.004	10.000000	0.000000	0.000000	1.000000	10.00
0.245	0.005	10.000000	0.000000	0.000000	1.000000	10.00
0.246	0.001	10.000000	0.000000	0.000000	1.000000	10.00
0.246	0.002	10.000000	0.000000	0.000000	1.000000	10.00
0.246	0.003	10.000000	0.000000	0.000000	1.000000	10.00
0.246	0.004	10.000000	0.000000	0.000000	1.000000	10.00
0.246	0.005	10.000000	0.000000	0.000000	1.000000	10.00
0.247	0.001	10.000000	0.000000	0.000000	1.000000	10.00
0.247	0.002	10.000000	0.000000	0.000000	1.000000	10.00
0.247	0.003	10.000000	0.000000	0.000000	1.000000	10.00
0.247	0.004	10.000000	0.000000	0.000000	1.000000	10.00
0.247	0.005	10.000000	0.000000	0.000000	1.000000	10.00
0.248	0.001	10.000000	0.000000	0.000000	1.000000	10.00
0.248	0.002	10.000000	0.000000	0.000000	1.000000	10.00
0.248	0.003	10.000000	0.000000	0.000000	1.000000	10.00
0.248	0.004	10.000000	0.000000	0.000000	1.000000	10.00
0.248	0.005	10.000000	0.000000	0.000000	1.000000	10.00
0.249	0.001	10.000000	0.000000	0.000000	1.000000	10.00
0.249	0.002	10.000000	0.000000	0.000000	1.000000	10.00
0.249	0.003	10.000000	0.000000	0.000000	1.000000	10.00
0.249	0.004	10.000000	0.000000	0.000000	1.000000	10.00
0.249	0.005	10.000000	0.000000	0.000000	1.000000	10.00
0.250	0.001	10.000000	0.000000	0.000000	1.000000	10.00
0.250	0.002	10.000000	0.000000	0.000000	1.000000	10.00
0.250	0.003	10.000000	0.000000	0.000000	1.000000	10.00
0.250	0.004	10.000000	0.000000	0.000000	1.000000	10.00
0.250	0.005	10.000000	0.000000	0.000000	1.000000	10.00
0.251	0.001	9.999997	0.000000	0.000000	1.000000	10.00
0.251	0.002	9.999997	0.000000	0.000000	1.000000	10.00
0.251	0.003	9.999997	0.000000	0.000000	1.000000	10.00
0.251	0.004	9.999997	0.000000	0.000000	1.000000	10.00
0.251	0.005	9.999997	0.000000	0.000000	1.000000	10.00
0.252	0.001	9.999987	0.000001	0.000000	1.000000	10.00
0.252	0.002	9.999987	0.000001	0.000000	1.000000	10.00
0.252	0.003	9.999987	0.000001	0.000000	1.000000	10.00
0.252	0.004	9.999987	0.000001	0.000000	1.000000	10.00
0.252	0.005	9.999987	0.000001	0.000000	1.000000	10.00
0.252	0.001	9.999952	0.000005	0.000000	0.999998	10.00
0.252	0.002	9.999952	0.000005	0.000000	0.999998	10.00
0.252	0.003	9.999952	0.000005	0.000000	0.999998	10.00
0.252	0.004	9.999952	0.000005	0.000000	0.999998	10.00
0.252	0.005	9.999952	0.000005	0.000000	0.999998	10.00
0.254	0.001	9.999882	0.000014	0.000000	0.999996	10.00
0.254	0.002	9.999882	0.000014	0.000000	0.999996	10.00
0.254	0.003	9.999882	0.000014	0.000000	0.999996	10.00
0.254	0.004	9.999882	0.000014	0.000000	0.999996	10.00
0.254	0.005	9.999882	0.000014	0.000000	0.999996	10.00
0.255	0.001	9.999744	0.000030	0.000000	0.999990	10.00
0.255	0.002	9.999744	0.000030	0.000000	0.999990	10.00
0.255	0.003	9.999744	0.000030	0.000000	0.999990	10.00
0.255	0.004	9.999744	0.000030	0.000000	0.999990	10.00
0.255	0.005	9.999744	0.000030	0.000000	0.999990	10.00
0.256	0.001	9.999507	0.000058	0.000000	0.999981	10.00
0.256	0.002	9.999507	0.000058	0.000000	0.999981	10.00
0.256	0.003	9.999507	0.000058	0.000000	0.999981	10.00
0.256	0.004	9.999507	0.000058	0.000000	0.999981	10.00
0.256	0.005	9.999507	0.000058	0.000000	0.999981	10.00
0.257	0.001	9.999128	0.000103	0.000000	0.999966	10.00
0.257	0.002	9.999128	0.000103	0.000000	0.999966	10.00
0.257	0.003	9.999128	0.000103	0.000000	0.999966	10.00
0.257	0.004	9.999128	0.000103	0.000000	0.999966	10.00
0.257	0.005	9.999128	0.000103	0.000000	0.999966	10.00
0.258	0.001	9.998497	0.000177	0.000000	0.999941	10.00
0.258	0.002	9.998497	0.000177	0.000000	0.999941	10.00
0.258	0.003	9.998497	0.000177	0.000000	0.999941	10.00
0.258	0.004	9.998497	0.000177	0.000000	0.999941	10.00
0.258	0.005	9.998497	0.000177	0.000000	0.999941	10.00
0.259	0.001	9.997553	0.000289	0.000000	0.999903	10.00
0.259	0.002	9.997553	0.000289	0.000000	0.999903	10.00
0.259	0.003	9.997553	0.000289	0.000000	0.999903	10.00
0.259	0.004	9.997553	0.000289	0.000000	0.999903	10.00
0.259	0.005	9.997553	0.000289	0.000000	0.999903	10.00
0.260	0.001	9.996117	0.000459	0.000000	0.999846	9.99
0.260	0.002	9.996117	0.000459	0.000000	0.999846	9.99
0.260	0.003	9.996117	0.000459	0.000000	0.999846	9.99
0.260	0.004	9.996117	0.000459	0.000000	0.999846	9.99
0.260	0.005	9.996117	0.000459	0.000000	0.999846	9.99
0.261	0.001	9.993985	0.000711	0.000000	0.999760	9.99
0.261	0.002	9.993985	0.000711	0.000000	0.999760	9.99
0.261	0.003	9.993985	0.000711	0.000000	0.999760	9.99
0.261	0.004	9.993985	0.000711	0.000000	0.999760	9.99
0.261	0.005	9.993985	0.000711	0.000000	0.999760	9.99
0.262	0.001	9.990934	0.001073	0.000000	0.999637	9.99
0.262	0.002	9.990934	0.001073	0.000000	0.999637	9.99
0.262	0.003	9.990934	0.001073	0.000000	0.999637	9.99
0.262	0.004	9.990934	0.001073	0.000000	0.999637	9.99
0.262	0.005	9.990934	0.001073	0.000000	0.999637	9.99
0.263	0.001	9.986574	0.001589	0.000000	0.999464	9.98
0.263	0.002	9.986574	0.001589	0.000000	0.999464	9.98
0.263	0.003	9.986574	0.001589	0.000000	0.999464	9.98
0.263	0.004	9.986574	0.001589	0.000000	0.999464	9.98
0.263	0.005	9.986574	0.001589	0.000000	0.999464	9.98
0.264	0.001	9.980584	0.002298	0.000000	0.999225	9.97
0.264	0.002	9.980584	0.002298	0.000000	0.999225	9.97
0.264	0.003	9.980584	0.002298	0.000000	0.999225	9.97
0.264	0.004	9.980584	0.002298	0.000000	0.999225	9.97
0.264	0.005	9.980584	0.002298	0.000000	0.999225	9.97
0.265	0.001	9.972510	0.003256	0.000000	0.998900	9.96
0.265	0.002	9.972510	0.003256	0.000000	0.998900	9.96
0.265	0.003	9.972510	0.003256	0.000000	0.998900	9.96
0.265	0.004	9.972510	0.003256	0.000000	0.998900	9.96
0.265	0.005	9.972510	0.003256	0.000000	0.998900	9.96
0.266	0.001	9.961901	0.004514	0.000000	0.998475	9.95
0.266	0.002	9.961901	0.004514	0.000000	0.998475	9.95
0.266	0.003	9.961901	0.004514	0.000000	0.998475	9.95
0.266	0.004	9.961901	0.004514	0.000000	0.998475	9.95
0.266	0.005	9.961901	0.004514	0.000000	0.998475	9.95
0.267	0.001	9.948307	0.006128	0.000000	0.997930	9.93
0.267	0.002	9.948307	0.006128	0.000000	0.997930	9.93
0.267	0.003	9.948307	0.006128	0.000000	0.997930	9.93
0.267	0.004	9.948307	0.006128	0.000000	0.997930	9.93
0.267	0.005	9.948307	0.006128	0.000000	0.997930	9.93
0.268	0.001	9.931403	0.008139	0.000000	0.997251	9.90
0.268	0.002	9.931403	0.008139	0.000000	0.997251	9.90
0.268	0.003	9.931403	0.008139	0.000000	0.997251	9.90
0.268	0.004	9.931403	0.008139	0.000000	0.997251	9.90
0.268	0.005	9.931403	0.008139	0.000000	0.997251	9.90
0.269	0.001	9.910892	0.010581	0.000000	0.996427	9.88
0.269	0.002	9.910892	0.010581	0.000000	0.996427	9.88
0.269	0.003	9.910892	0.010581	0.000000	0.996427	9.88
0.269	0.004	9.910892	0.010581	0.000000	0.996427	9.88
0.269	0.005	9.910892	0.010581	0.000000	0.996427	9.88
0.270	0.001	9.886716	0.013465	0.000000	0.995454	9.84
0.270	0.002	9.886716	0.013465	0.000000	0.995454	9.84
0.270	0.003	9.886716	0.013465	0.000000	0.995454	9.84
0.270	0.004	9.886716	0.013465	0.000000	0.995454	9.84
0.270	0.005	9.886716	0.013465	0.000000	0.995454	9.84
0.271	0.001	9.858903	0.016791	0.000000	0.994333	9.80
0.271	0.002	9.858903	0.016791	0.000000	0.994333	9.80
0.271	0.003	9.858903	0.016791	0.000000	0.994333	9.80
0.271	0.004	9.858903	0.016791	0.000000	0.994333	9.80
0.271	0.005	9.858903	0.016791	0.000000	0.994333	9.80
0.272	0.001	9.827721	0.020529	0.000000	0.993072	9.76
0.272	0.002	9.827721	0.020529	0.000000	0.993072	9.76
0.272	0.003	9.827721	0.020529	0.000000	0.993072	9.76
0.272	0.004	9.827721	0.020529	0.000000	0.993072	9.76
0.272	0.005	9.827721	0.020529	0.000000	0.993072	9.76
0.273	0.001	9.793460	0.024645	0.000000	0.991686	9.71
0.273	0.002	9.793460	0.024645	0.000000	0.991686	9.71
0.273	0.003	9.793460	0.024645	0.000000	0.991686	9.71
0.273	0.004	9.793460	0.024645	0.000000	0.991686	9.71
0.273	0.005	9.793460	0.024645	0.000000	0.991686	9.71
0.274	0.001	9.756506	0.029100	0.000000	0.990186	9.66
0.274	0.002	9.756506	0.029100	0.000000	0.990186	9.66
0.274	0.003	9.756506	0.029100	0.000000	0.990186	9.66
0.274	0.004	9.756506	0.029100	0.000000	0.990186	9.66
0.274	0.005	9.756506	0.029100	0.000000	0.990186	9.66
0.275	0.001	9.716985	0.033879	0.000000	0.988578	9.61
0.275	0.002	9.716985	0.033879	0.000000	0.988578	9.61
0.275	0.003	9.716985	0.033879	0.000000	0.988578	9.61
0.275	0.004	9.716985	0.033879	0.000000	0.988578	9.61
0.275	0.005	9.716985	0.033879	0.000000	0.988578	9.61
0.275	0.001	9.675433	0.038920	0.000000	0.986883	9.55
0.275	0.002	9.675433	0.038920	0.000000	0.986883	9.55
0.275	0.003	9.675433	0.038920	0.000000	0.986883	9.55
0.275	0.004	9.675433	0.038920	0.000000	0.986883	9.55
0.275	0.005	9.675433	0.038920	0.000000	0.986883	9.55
0.277	0.001	9.635047	0.043831	0.000000	0.985233	9.49
0.277	0.002	9.635047	0.043831	0.000000	0.985233	9.49
0.277	0.003	9.635047	0.043831	0.000000	0.985233	9.49
0.277	0.004	9.635047	0.043831	0.000000	0.985233	9.49
0.277	0.005	9.635047	0.043831	0.000000	0.985233	9.49
0.278	0.001	9.596128	0.048588	0.000000	0.983640	9.44
0.278	0.002	9.596128	0.048588	0.000000	0.983640	9.44
0.278	0.003	9.596128	0.048588	0.000000	0.983640	9.44
0.278	0.004	9.596128	0.048588	0.000000	0.983640	9.44
0.278	0.005	9.596128	0.048588	0.000000	0.983640	9.44
0.279	0.001	9.558217	0.053220	0.000000	0.982081	9.39
0.279	0.002	9.558217	0.053220	0.000000	0.982081	9.39
0.279	0.003	9.558217	0.053220	0.000000	0.982081	9.39
0.279	0.004	9.558217	0.053220	0.000000	0.982081	9.39
0.279	0.005	9.558217	0.053220	0.000000	0.982081	9.39
0.280	0.001	9.521282	0.057786	0.000000	0.980560	9.34
0.280	0.002	9.521282	0.057786	0.000000	0.980560	9.34
0.280	0.003	9.521282	0.057786	0.000000	0.980560	9.34
0.280	0.004	9.521282	0.057786	0.000000	0.980560	9.34
0.280	0.005	9.521282	0.057786	0.000000	0.980560	9.34
0.281	0.001	9.484735	0.062254	0.000000	0.979050	9.29
0.281	0.002	9.484735	0.062254	0.000000	0.979050	9.29
0.281	0.003	9.484735	0.062254	0.000000	0.979050	9.29
0.281	0.004	9.484735	0.062254	0.000000	0.979050	9.29
0.281	0.005	9.484735	0.062254	0.000000	0.979050	9.29
0.282	0.001	9.449038	0.066711	0.000000	0.977575	9.24
0.282	0.002	9.449038	0.066711	0.000000	0.977575	9.24
0.282	0.003	9.449038	0.066711	0.000000	0.977575	9.24
0.282	0.004	9.449038	0.066711	0.000000	0.977575	9.24
0.282	0.005	9.449038	0.066711	0.000000	0.977575	9.24
0.282	0.001	9.413452	0.071086	0.000000	0.976098	9.19
0.282	0.002	9.413452	0.071086	0.000000	0.976098	9.19
0.282	0.003	9.413452	0.071086	0.000000	0.976098	9.19
0.282	0.004	9.413452	0.071086	0.000000	0.976098	9.19
0.282	0.005	9.413452	0.071086	0.000000	0.976098	9.19
0.284	0.001	9.378468	0.075460	0.000000	0.974645	9.14
0.284	0.002	9.378468	0.075460	0.000000	0.974645	9.14
0.284	0.003	9.378468	0.075460	0.000000	0.974645	9.14
0.284	0.004	9.378468	0.075460	0.000000	0.974645	9.14
0.284	0.005	9.378468	0.075460	0.000000	0.974645	9.14
0.285	0.001	9.343706	0.079797	0.000000	0.973199	9.09
0.285	0.002	9.343706	0.079797	0.000000	0.973199	9.09
0.285	0.003	9.343706	0.079797	0.000000	0.973199	9.09
0.285	0.004	9.343706	0.079797	0.000000	0.973199	9.09
0.285	0.005	9.343706	0.079797	0.000000	0.973199	9.09
0.286	0.001	9.309164	0.084100	0.000000	0.971757	9.05
0.286	0.002	9.309164	0.084100	0.000000	0.971757	9.05
0.286	0.003	9.309164	0.084100	0.000000	0.971757	9.05
0.286	0.004	9.309164	0.084100	0.000000	0.971757	9.05
0.286	0.005	9.309164	0.084100	0.000000	0.971757	9.05
0.287	0.001	9.275039	0.088408	0.000000	0.970328	9.00
0.287	0.002	9.275039	0.088408	0.000000	0.970328	9.00
0.287	0.003	9.275039	0.088408	0.000000	0.970328	9.00
0.287	0.004	9.275039	0.088408	0.000000	0.970328	9.00
0.287	0.005	9.275039	0.088408	0.000000	0.970328	9.00
0.288	0.001	9.240992	0.092684	0.000000	0.968902	8.95
0.288	0.002	9.240992	0.092684	0.000000	0.968902	8.95
0.288	0.003	9.240992	0.092684	0.000000	0.968902	8.95
0.288	0.004	9.240992	0.092684	0.000000	0.968902	8.95
0.288	0.005	9.240992	0.092684	0.000000	0.968902	8.95
0.289	0.001	9.207150	0.096946	0.000000	0.967480	8.91
0.289	0.002	9.207150	0.096946	0.000000	0.967480	8.91
0.289	0.003	9.207150	0.096946	0.000000	0.967480	8.91
0.289	0.004	9.207150	0.096946	0.000000	0.967480	8.91
0.289	0.005	9.207150	0.096946	0.000000	0.967480	8.91
0.290	0.001	9.173592	0.101210	0.000000	0.966067	8.86
0.290	0.002	9.173592	0.101210	0.000000	0.966067	8.86
0.290	0.003	9.173592	0.101210	0.000000	0.966067	8.86
0.290	0.004	9.173592	0.101210	0.000000	0.966067	8.86
0.290	0.005	9.173592	0.101210	0.000000	0.966067	8.86
0.291	0.001	9.140127	0.105456	0.000000	0.964655	8.82
0.291	0.002	9.140127	0.105456	0.000000	0.964655	8.82
0.291	0.003	9.140127	0.105456	0.000000	0.964655	8.82
0.291	0.004	9.140127	0.105456	0.000000	0.964655	8.82
0.291	0.005	9.140127	0.105456	0.000000	0.964655	8.82
0.292	0.001	9.106813	0.109692	0.000000	0.963245	8.77
0.292	0.002	9.106813	0.109692	0.000000	0.963245	8.77
0.292	0.003	9.106813	0.109692	0.000000	0.963245	8.77
0.292	0.004	9.106813	0.109692	0.000000	0.963245	8.77
0.292	0.005	9.106813	0.109692	0.000000	0.963245	8.77
0.293	0.001	9.073728	0.113930	0.000000	0.961841	8.73
0.293	0.002	9.073728	0.113930	0.000000	0.961841	8.73
0.293	0.003	9.073728	0.113930	0.000000	0.961841	8.73
0.293	0.004	9.073728	0.113930	0.000000	0.961841	8.73
0.293	0.005	9.073728	0.113930	0.000000	0.961841	8.73
0.294	0.001	9.040712	0.118154	0.000000	0.960440	8.68
0.294	0.002	9.040712	0.118154	0.000000	0.960440	8.68
0.294	0.003	9.040712	0.118154	0.000000	0.960440	8.68
0.294	0.004	9.040712	0.118154	0.000000	0.960440	8.68
0.294	0.005	9.040712	0.118154	0.000000	0.960440	8.68
0.295	0.001	9.007846	0.122372	0.000000	0.959041	8.64
0.295	0.002	9.007846	0.122372	0.000000	0.959041	8.64
0.295	0.003	9.007846	0.122372	0.000000	0.959041	8.64
0.295	0.004	9.007846	0.122372	0.000000	0.959041	8.64
0.295	0.005	9.007846	0.122372	0.000000	0.959041	8.64
0.296	0.001	8.975148	0.126590	0.000000	0.957647	8.60
0.296	0.002	8.975148	0.126590	0.000000	0.957647	8.60
0.296	0.003	8.975148	0.126590	0.000000	0.957647	8.60
0.296	0.004	8.975148	0.126590	0.000000	0.957647	8.60
0.296	0.005	8.975148	0.126590	0.000000	0.957647	8.60
0.297	0.001	8.942577	0.130803	0.000000	0.956252	8.55
0.297	0.002	8.942577	0.130803	0.000000	0.956252	8.55
0.297	0.003	8.942577	0.130803	0.000000	0.956252	8.55
0.297	0.004	8.942577	0.130803	0.000000	0.956252	8.55
0.297	0.005	8.942577	0.130803	0.000000	0.956252	8.55
0.298	0.001	8.910082	0.135007	0.000000	0.954861	8.51
0.298	0.002	8.910082	0.135007	0.000000	0.954861	8.51
0.298	0.003	8.910082	0.135007	0.000000	0.954861	8.51
0.298	0.004	8.910082	0.135007	0.000000	0.954861	8.51
0.298	0.005	8.910082	0.135007	0.000000	0.954861	8.51
0.299	0.001	8.877747	0.139212	0.000000	0.953473	8.46
0.299	0.002	8.877747	0.139212	0.000000	0.953473	8.46
0.299	0.003	8.877747	0.139212	0.000000	0.953473	8.46
0.299	0.004	8.877747	0.139212	0.000000	0.953473	8.46
0.299	0.005	8.877747	0.139212	0.000000	0.953473	8.46
0.300	0.001	8.845541	0.143414	0.000000	0.952087	8.42
0.300	0.002	8.845541	0.143414	0.000000	0.952087	8.42
0.300	0.003	8.845541	0.143414	0.000000	0.952087	8.42
0.300	0.004	8.845541	0.143414	0.000000	0.952087	8.42
0.300	0.005	8.845541	0.143414	0.000000	0.952087	8.42
0.301	0.001	8.813448	0.147611	0.000000	0.950701	8.38
0.301	0.002	8.813448	0.147611	0.000000	0.950701	8.38
0.301	0.003	8.813448	0.147611	0.000000	0.950701	8.38
0.301	0.004	8.813448	0.147611	0.000000	0.950701	8.38
0.301	0.005	8.813448	0.147611	0.000000	0.950701	8.38
0.302	0.001	8.781430	0.151803	0.000000	0.949318	8.34
0.302	0.002	8.781430	0.151803	0.000000	0.949318	8.34
0.302	0.003	8.781430	0.151803	0.000000	0.949318	8.34
0.302	0.004	8.781430	0.151803	0.000000	0.949318	8.34
0.302	0.005	8.781430	0.151803	0.000000	0.949318	8.34
0.303	0.001	8.749541	0.155995	0.000000	0.947938	8.29
0.303	0.002	8.749541	0.155995	0.000000	0.947938	8.29
0.303	0.003	8.749541	0.155995	0.000000	0.947938	8.29
0.303	0.004	8.749541	0.155995	0.000000	0.947938	8.29
0.303	0.005	8.749541	0.155995	0.000000	0.947938	8.29
0.304	0.001	8.717800	0.160188	0.000000	0.946559	8.25
0.304	0.002	8.717800	0.160188	0.000000	0.946559	8.25
0.304	0.003	8.717800	0.160188	0.000000	0.946559	8.25
0.304	0.004	8.717800	0.160188	0.000000	0.946559	8.25
0.304	0.005	8.717800	0.160188	0.000000	0.946559	8.25
0.305	0.001	8.686140	0.164375	0.000000	0.945180	8.21
0.305	0.002	8.686140	0.164375	0.000000	0.945180	8.21
0.305	0.003	8.686140	0.164375	0.000000	0.945180	8.21
0.305	0.004	8.686140	0.164375	0.000000	0.945180	8.21
0.305	0.005	8.686140	0.164375	0.000000	0.945180	8.21
0.306	0.001	8.654561	0.168559	0.000000	0.943805	8.17
0.306	0.002	8.654561	0.168559	0.000000	0.943805	8.17
0.306	0.003	8.654561	0.168559	0.000000	0.943805	8.17
0.306	0.004	8.654561	0.168559	0.000000	0.943805	8.17
0.306	0.005	8.654561	0.168559	0.000000	0.943805	8.17
0.307	0.001	8.623118	0.172744	0.000000	0.942432	8.13
0.307	0.002	8.623118	0.172744	0.000000	0.942432	8.13
0.307	0.003	8.623118	0.172744	0.000000	0.942432	8.13
0.307	0.004	8.623118	0.172744	0.000000	0.942432	8.13
0.307	0.005	8.623118	0.172744	0.000000	0.942432	8.13
0.308	0.001	8.591782	0.176927	0.000000	0.941060	8.09
0.308	0.002	8.591782	0.176927	0.000000	0.941060	8.09
0.308	0.003	8.591782	0.176927	0.000000	0.941060	8.09
0.308	0.004	8.591782	0.176927	0.000000	0.941060	8.09
0.308	0.005	8.591782	0.176927	0.000000	0.941060	8.09
0.309	0.001	8.560544	0.181107	0.000000	0.939688	8.04
0.309	0.002	8.560544	0.181107	0.000000	0.939688	8.04
0.309	0.003	8.560544	0.181107	0.000000	0.939688	8.04
0.309	0.004	8.560544	0.181107	0.000000	0.939688	8.04
0.309	0.005	8.560544	0.181107	0.000000	0.939688	8.04
0.310	0.001	8.529405	0.185285	0.000000	0.938318	8.00
0.310	0.002	8.529405	0.185285	0.000000	0.938318	8.00
0.310	0.003	8.529405	0.185285	0.000000	0.938318	8.00
0.310	0.004	8.529405	0.185285	0.000000	0.938318	8.00
0.310	0.005	8.529405	0.185285	0.000000	0.938318	8.00
0.311	0.001	8.498365	0.189463	0.000000	0.936951	7.96
0.311	0.002	8.498365	0.189463	0.000000	0.936951	7.96
0.311	0.003	8.498365	0.189463	0.000000	0.936951	7.96
0.311	0.004	8.498365	0.189463	0.000000	0.936951	7.96
0.311	0.005	8.498365	0.189463	0.000000	0.936951	7.96
0.312	0.001	8.467442	0.193641	0.000000	0.935585	7.92
0.312	0.002	8.467442	0.193641	0.000000	0.935585	7.92
0.312	0.003	8.467442	0.193641	0.000000	0.935585	7.92
0.312	0.004	8.467442	0.193641	0.000000	0.935585	7.92
0.312	0.005	8.467442	0.193641	0.000000	0.935585	7.92
0.312	0.001	8.436591	0.197815	0.000000	0.934219	7.88
0.312	0.002	8.436591	0.197815	0.000000	0.934219	7.88
0.312	0.003	8.436591	0.197815	0.000000	0.934219	7.88
0.312	0.004	8.436591	0.197815	0.000000	0.934219	7.88
0.312	0.005	8.436591	0.197815	0.000000	0.934219	7.88
0.314	0.001	8.405841	0.201988	0.000000	0.932854	7.84
0.314	0.002	8.405841	0.201988	0.000000	0.932854	7.84
0.314	0.003	8.405841	0.201988	0.000000	0.932854	7.84
0.314	0.004	8.405841	0.201988	0.000000	0.932854	7.84
0.314	0.005	8.405841	0.201988	0.000000	0.932854	7.84
0.315	0.001	8.375189	0.206162	0.000000	0.931491	7.80
0.315	0.002	8.375189	0.206162	0.000000	0.931491	7.80
0.315	0.003	8.375189	0.206162	0.000000	0.931491	7.80
0.315	0.004	8.375189	0.206162	0.000000	0.931491	7.80
0.315	0.005	8.375189	0.206162	0.000000	0.931491	7.80
0.316	0.001	8.344662	0.210337	0.000000	0.930131	7.76
0.316	0.002	8.344662	0.210337	0.000000	0.930131	7.76
0.316	0.003	8.344662	0.210337	0.000000	0.930131	7.76
0.316	0.004	8.344662	0.210337	0.000000	0.930131	7.76
0.316	0.005	8.344662	0.210337	0.000000	0.930131	7.76
0.317	0.001	8.314220	0.214510	0.000000	0.928771	7.72
0.317	0.002	8.314220	0.214510	0.000000	0.928771	7.72
0.317	0.003	8.314220	0.214510	0.000000	0.928771	7.72
0.317	0.004	8.314220	0.214510	0.000000	0.928771	7.72
0.317	0.005	8.314220	0.214510	0.000000	0.928771	7.72
0.318	0.001	8.283849	0.218677	0.000000	0.927411	7.68
0.318	0.002	8.283849	0.218677	0.000000	0.927411	7.68
0.318	0.003	8.283849	0.218677	0.000000	0.927411	7.68
0.318	0.004	8.283849	0.218677	0.000000	0.927411	7.68
0.318	0.005	8.283849	0.218677	0.000000	0.927411	7.68
0.319	0.001	8.253581	0.222843	0.000000	0.926053	7.64
0.319	0.002	8.253581	0.222843	0.000000	0.926053	7.64
0.319	0.003	8.253581	0.222843	0.000000	0.926053	7.64
0.319	0.004	8.253581	0.222843	0.000000	0.926053	7.64
0.319	0.005	8.253581	0.222843	0.000000	0.926053	7.64
0.320	0.001	8.223423	0.227012	0.000000	0.924698	7.60
0.320	0.002	8.223423	0.227012	0.000000	0.924698	7.60
0.320	0.003	8.223423	0.227012	0.000000	0.924698	7.60
0.320	0.004	8.223423	0.227012	0.000000	0.924698	7.60
0.320	0.005	8.223423	0.227012	0.000000	0.924698	7.60
0.321	0.001	8.193362	0.231181	0.000000	0.923344	7.57
0.321	0.002	8.193362	0.231181	0.000000	0.923344	7.57
0.321	0.003	8.193362	0.231181	0.000000	0.923344	7.57
0.321	0.004	8.193362	0.231181	0.000000	0.923344	7.57
0.321	0.005	8.193362	0.231181	0.000000	0.923344	7.57
0.322	0.001	8.163390	0.235348	0.000000	0.921990	7.53
0.322	0.002	8.163390	0.235348	0.000000	0.921990	7.53
0.322	0.003	8.163390	0.235348	0.000000	0.921990	7.53
0.322	0.004	8.163390	0.235348	0.000000	0.921990	7.53
0.322	0.005	8.163390	0.235348	0.000000	0.921990	7.53
0.323	0.001	8.133496	0.239512	0.000000	0.920637	7.49
0.323	0.002	8.133496	0.239512	0.000000	0.920637	7.49
0.323	0.003	8.133496	0.239512	0.000000	0.920637	7.49
0.323	0.004	8.133496	0.239512	0.000000	0.920637	7.49
0.323	0.005	8.133496	0.239512	0.000000	0.920637	7.49
0.324	0.001	8.103703	0.243677	0.000000	0.919285	7.45
0.324	0.002	8.103703	0.243677	0.000000	0.919285	7.45
0.324	0.003	8.103703	0.243677	0.000000	0.919285	7.45
0.324	0.004	8.103703	0.243677	0.000000	0.919285	7.45
0.324	0.005	8.103703	0.243677	0.000000	0.919285	7.45
0.325	0.001	8.074021	0.247843	0.000000	0.917936	7.41
0.325	0.002	8.074021	0.247843	0.000000	0.917936	7.41
0.325	0.003	8.074021	0.247843	0.000000	0.917936	7.41
0.325	0.004	8.074021	0.247843	0.000000	0.917936	7.41
0.325	0.005	8.074021	0.247843	0.000000	0.917936	7.41
0.326	0.001	8.044429	0.252008	0.000000	0.916588	7.37
0.326	0.002	8.044429	0.252008	0.000000	0.916588	7.37
0.326	0.003	8.044429	0.252008	0.000000	0.916588	7.37
0.326	0.004	8.044429	0.252008	0.000000	0.916588	7.37
0.326	0.005	8.044429	0.252008	0.000000	0.916588	7.37
0.327	0.001	8.014909	0.256170	0.000000	0.915240	7.34
0.327	0.002	8.014909	0.256170	0.000000	0.915240	7.34
0.327	0.003	8.014909	0.256170	0.000000	0.915240	7.34
0.327	0.004	8.014909	0.256170	0.000000	0.915240	7.34
0.327	0.005	8.014909	0.256170	0.000000	0.915240	7.34
0.328	0.001	7.985476	0.260330	0.000000	0.913893	7.30
0.328	0.002	7.985476	0.260330	0.000000	0.913893	7.30
0.328	0.003	7.985476	0.260330	0.000000	0.913893	7.30
0.328	0.004	7.985476	0.260330	0.000000	0.913893	7.30
0.328	0.005	7.985476	0.260330	0.000000	0.913893	7.30
0.329	0.001	7.956143	0.264492	0.000000	0.912548	7.26
0.329	0.002	7.956143	0.264492	0.000000	0.912548	7.26
0.329	0.003	7.956143	0.264492	0.000000	0.912548	7.26
0.329	0.004	7.956143	0.264492	0.000000	0.912548	7.26
0.329	0.005	7.956143	0.264492	0.000000	0.912548	7.26
0.330	0.001	7.926901	0.268654	0.000000	0.911205	7.22
0.330	0.002	7.926901	0.268654	0.000000	0.911205	7.22
0.330	0.003	7.926901	0.268654	0.000000	0.911205	7.22
0.330	0.004	7.926901	0.268654	0.000000	0.911205	7.22
0.330	0.005	7.926901	0.268654	0.000000	0.911205	7.22
0.331	0.001	7.897756	0.272816	0.000000	0.909862	7.19
0.331	0.002	7.897756	0.272816	0.000000	0.909862	7.19
0.331	0.003	7.897756	0.272816	0.000000	0.909862	7.19
0.331	0.004	7.897756	0.272816	0.000000	0.909862	7.19
0.331	0.005	7.897756	0.272816	0.000000	0.909862	7.19
0.332	0.001	7.868688	0.276976	0.000000	0.908520	7.15
0.332	0.002	7.868688	0.276976	0.000000	0.908520	7.15
0.332	0.003	7.868688	0.276976	0.000000	0.908520	7.15
0.332	0.004	7.868688	0.276976	0.000000	0.908520	7.15
0.332	0.005	7.868688	0.276976	0.000000	0.908520	7.15
0.333	0.001	7.839713	0.281136	0.000000	0.907179	7.11
0.333	0.002	7.839713	0.281136	0.000000	0.907179	7.11
0.333	0.003	7.839713	0.281136	0.000000	0.907179	7.11
0.333	0.004	7.839713	0.281136	0.000000	0.907179	7.11
0.333	0.005	7.839713	0.281136	0.000000	0.907179	7.11
0.334	0.001	7.810829	0.285295	0.000000	0.905840	7.08
0.334	0.002	7.810829	0.285295	0.000000	0.905840	7.08
0.334	0.003	7.810829	0.285295	0.000000	0.905840	7.08
0.334	0.004	7.810829	0.285295	0.000000	0.905840	7.08
0.334	0.005	7.810829	0.285295	0.000000	0.905840	7.08
0.335	0.001	7.782032	0.289454	0.000000	0.904501	7.04
0.335	0.002	7.782032	0.289454	0.000000	0.904501	7.04
0.335	0.003	7.782032	0.289454	0.000000	0.904501	7.04
0.335	0.004	7.782032	0.289454	0.000000	0.904501	7.04
0.335	0.005	7.782032	0.289454	0.000000	0.904501	7.04
0.336	0.001	7.753323	0.293613	0.000000	0.903165	7.00
0.336	0.002	7.753323	0.293613	0.000000	0.903165	7.00
0.336	0.003	7.753323	0.293613	0.000000	0.903165	7.00
0.336	0.004	7.753323	0.293613	0.000000	0.903165	7.00
0.336	0.005	7.753323	0.293613	0.000000	0.903165	7.00
0.337	0.001	7.724701	0.297771	0.000000	0.901829	6.97
0.337	0.002	7.724701	0.297771	0.000000	0.901829	6.97
0.337	0.003	7.724701	0.297771	0.000000	0.901829	6.97
0.337	0.004	7.724701	0.297771	0.000000	0.901829	6.97
0.337	0.005	7.724701	0.297771	0.000000	0.901829	6.97
0.338	0.001	7.696171	0.301930	0.000000	0.900494	6.93
0.338	0.002	7.696171	0.301930	0.000000	0.900494	6.93
0.338	0.003	7.696171	0.301930	0.000000	0.900494	6.93
0.338	0.004	7.696171	0.301930	0.000000	0.900494	6.93
0.338	0.005	7.696171	0.301930	0.000000	0.900494	6.93
0.339	0.001	7.667719	0.306087	0.000000	0.899161	6.89
0.339	0.002	7.667719	0.306087	0.000000	0.899161	6.89
0.339	0.003	7.667719	0.306087	0.000000	0.899161	6.89
0.339	0.004	7.667719	0.306087	0.000000	0.899161	6.89
0.339	0.005	7.667719	0.306087	0.000000	0.899161	6.89
0.340	0.001	7.639348	0.310242	0.000000	0.897828	6.86
0.340	0.002	7.639348	0.310242	0.000000	0.897828	6.86
0.340	0.003	7.639348	0.310242	0.000000	0.897828	6.86
0.340	0.004	7.639348	0.310242	0.000000	0.897828	6.86
0.340	0.005	7.639348	0.310242	0.000000	0.897828	6.86
0.341	0.001	7.611063	0.314398	0.000000	0.896497	6.82
0.341	0.002	7.611063	0.314398	0.000000	0.896497	6.82
0.341	0.003	7.611063	0.314398	0.000000	0.896497	6.82
0.341	0.004	7.611063	0.314398	0.000000	0.896497	6.82
0.341	0.005	7.611063	0.314398	0.000000	0.896497	6.82
0.342	0.001	7.582877	0.318554	0.000000	0.895167	6.79
0.342	0.002	7.582877	0.318554	0.000000	0.895167	6.79
0.342	0.003	7.582877	0.318554	0.000000	0.895167	6.79
0.342	0.004	7.582877	0.318554	0.000000	0.895167	6.79
0.342	0.005	7.582877	0.318554	0.000000	0.895167	6.79
0.343	0.001	7.554788	0.322711	0.000000	0.893837	6.75
0.343	0.002	7.554788	0.322711	0.000000	0.893837	6.75
0.343	0.003	7.554788	0.322711	0.000000	0.893837	6.75
0.343	0.004	7.554788	0.322711	0.000000	0.893837	6.75
0.343	0.005	7.554788	0.322711	0.000000	0.893837	6.75
0.344	0.001	7.526786	0.326868	0.000000	0.892509	6.72
0.344	0.002	7.526786	0.326868	0.000000	0.892509	6.72
0.344	0.003	7.526786	0.326868	0.000000	0.892509	6.72
0.344	0.004	7.526786	0.326868	0.000000	0.892509	6.72
0.344	0.005	7.526786	0.326868	0.000000	0.892509	6.72
0.345	0.001	7.498858	0.331022	0.000000	0.891181	6.68
0.345	0.002	7.498858	0.331022	0.000000	0.891181	6.68
0.345	0.003	7.498858	0.331022	0.000000	0.891181	6.68
0.345	0.004	7.498858	0.331022	0.000000	0.891181	6.68
0.345	0.005	7.498858	0.331022	0.000000	0.891181	6.68
0.346	0.001	7.471003	0.335176	0.000000	0.889856	6.65
0.346	0.002	7.471003	0.335176	0.000000	0.889856	6.65
0.346	0.003	7.471003	0.335176	0.000000	0.889856	6.65
0.346	0.004	7.471003	0.335176	0.000000	0.889856	6.65
0.346	0.005	7.471003	0.335176	0.000000	0.889856	6.65
0.347	0.001	7.443233	0.339330	0.000000	0.888531	6.61
0.347	0.002	7.443233	0.339330	0.000000	0.888531	6.61
0.347	0.003	7.443233	0.339330	0.000000	0.888531	6.61
0.347	0.004	7.443233	0.339330	0.000000	0.888531	6.61
0.347	0.005	7.443233	0.339330	0.000000	0.888531	6.61
0.348	0.001	7.415560	0.343484	0.000000	0.887208	6.58
0.348	0.002	7.415560	0.343484	0.000000	0.887208	6.58
0.348	0.003	7.415560	0.343484	0.000000	0.887208	6.58
0.348	0.004	7.415560	0.343484	0.000000	0.887208	6.58
0.348	0.005	7.415560	0.343484	0.000000	0.887208	6.58
0.349	0.001	7.387969	0.347638	0.000000	0.885885	6.54
0.349	0.002	7.387969	0.347638	0.000000	0.885885	6.54
0.349	0.003	7.387969	0.347638	0.000000	0.885885	6.54
0.349	0.004	7.387969	0.347638	0.000000	0.885885	6.54
0.349	0.005	7.387969	0.347638	0.000000	0.885885	6.54
0.350	0.001	7.360463	0.351790	0.000000	0.884564	6.51
0.350	0.002	7.360463	0.351790	0.000000	0.884564	6.51
0.350	0.003	7.360463	0.351790	0.000000	0.884564	6.51
0.350	0.004	7.360463	0.351790	0.000000	0.884564	6.51
0.350	0.005	7.360463	0.351790	0.000000	0.884564	6.51
0.351	0.001	7.333042	0.355943	0.000000	0.883242	6.48
0.351	0.002	7.333042	0.355943	0.000000	0.883242	6.48
0.351	0.003	7.333042	0.355943	0.000000	0.883242	6.48
0.351	0.004	7.333042	0.355943	0.000000	0.883242	6.48
0.351	0.005	7.333042	0.355943	0.000000	0.883242	6.48
0.352	0.001	7.305706	0.360096	0.000000	0.881922	6.44
0.352	0.002	7.305706	0.360096	0.000000	0.881922	6.44
0.352	0.003	7.305706	0.360096	0.000000	0.881922	6.44
0.352	0.004	7.305706	0.360096	0.000000	0.881922	6.44
0.352	0.005	7.305706	0.360096	0.000000	0.881922	6.44
0.353	0.001	7.278456	0.364250	0.000000	0.880605	6.41
0.353	0.002	7.278456	0.364250	0.000000	0.880605	6.41
0.353	0.003	7.278456	0.364250	0.000000	0.880605	6.41
0.353	0.004	7.278456	0.364250	0.000000	0.880605	6.41
0.353	0.005	7.278456	0.364250	0.000000	0.880605	6.41
0.354	0.001	7.251295	0.368403	0.000000	0.879289	6.38
0.354	0.002	7.251295	0.368403	0.000000	0.879289	6.38
0.354	0.003	7.251295	0.368403	0.000000	0.879289	6.38
0.354	0.004	7.251295	0.368403	0.000000	0.879289	6.38
0.354	0.005	7.251295	0.368403	0.000000	0.879289	6.38
0.355	0.001	7.224203	0.372555	0.000000	0.877973	6.34
0.355	0.002	7.224203	0.372555	0.000000	0.877973	6.34
0.355	0.003	7.224203	0.372555	0.000000	0.877973	6.34
0.355	0.004	7.224203	0.372555	0.000000	0.877973	6.34
0.355	0.005	7.224203	0.372555	0.000000	0.877973	6.34
0.356	0.001	7.197186	0.376706	0.000000	0.876657	6.31
0.356	0.002	7.197186	0.376706	0.000000	0.876657	6.31
0.356	0.003	7.197186	0.376706	0.000000	0.876657	6.31
0.356	0.004	7.197186	0.376706	0.000000	0.876657	6.31
0.356	0.005	7.197186	0.376706	0.000000	0.876657	6.31
0.357	0.001	7.170250	0.380856	0.000000	0.875343	6.28
0.357	0.002	7.170250	0.380856	0.000000	0.875343	6.28
0.357	0.003	7.170250	0.380856	0.000000	0.875343	6.28
0.357	0.004	7.170250	0.380856	0.000000	0.875343	6.28
0.357	0.005	7.170250	0.380856	0.000000	0.875343	6.28
0.358	0.001	7.143397	0.385006	0.000000	0.874030	6.24
0.358	0.002	7.143397	0.385006	0.000000	0.874030	6.24
0.358	0.003	7.143397	0.385006	0.000000	0.874030	6.24
0.358	0.004	7.143397	0.385006	0.000000	0.874030	6.24
0.358	0.005	7.143397	0.385006	0.000000	0.874030	6.24
0.359	0.001	7.116636	0.389159	0.000000	0.872718	6.21
0.359	0.002	7.116636	0.389159	0.000000	0.872718	6.21
0.359	0.003	7.116636	0.389159	0.000000	0.872718	6.21
0.359	0.004	7.116636	0.389159	0.000000	0.872718	6.21
0.359	0.005	7.116636	0.389159	0.000000	0.872718	6.21
0.360	0.001	7.089972	0.393313	0.000000	0.871408	6.18
0.360	0.002	7.089972	0.393313	0.000000	0.871408	6.18
0.360	0.003	7.089972	0.393313	0.000000	0.871408	6.18
0.360	0.004	7.089972	0.393313	0.000000	0.871408	6.18
0.360	0.005	7.089972	0.393313	0.000000	0.871408	6.18
0.361	0.001	7.063368	0.397463	0.000000	0.870098	6.15
0.361	0.002	7.063368	0.397463	0.000000	0.870098	6.15
0.361	0.003	7.063368	0.397463	0.000000	0.870098	6.15
0.361	0.004	7.063368	0.397463	0.000000	0.870098	6.15
0.361	0.005	7.063368	0.397463	0.000000	0.870098	6.15
0.362	0.001	7.036847	0.401613	0.000000	0.868789	6.11
0.362	0.002	7.036847	0.401613	0.000000	0.868789	6.11
0.362	0.003	7.036847	0.401613	0.000000	0.868789	6.11
0.362	0.004	7.036847	0.401613	0.000000	0.868789	6.11
0.362	0.005	7.036847	0.401613	0.000000	0.868789	6.11
0.363	0.001	7.010403	0.405761	0.000000	0.867481	6.08
0.363	0.002	7.010403	0.405761	0.000000	0.867481	6.08
0.363	0.003	7.010403	0.405761	0.000000	0.867481	6.08
0.363	0.004	7.010403	0.405761	0.000000	0.867481	6.08
0.363	0.005	7.010403	0.405761	0.000000	0.867481	6.08
0.364	0.001	6.984040	0.409911	0.000000	0.866173	6.05
0.364	0.002	6.984040	0.409911	0.000000	0.866173	6.05
0.364	0.003	6.984040	0.409911	0.000000	0.866173	6.05
0.364	0.004	6.984040	0.409911	0.000000	0.866173	6.05
0.364	0.005	6.984040	0.409911	0.000000	0.866173	6.05
0.365	0.001	6.957768	0.414060	0.000000	0.864867	6.02
0.365	0.002	6.957768	0.414060	0.000000	0.864867	6.02
0.365	0.003	6.957768	0.414060	0.000000	0.864867	6.02
0.365	0.004	6.957768	0.414060	0.000000	0.864867	6.02
0.365	0.005	6.957768	0.414060	0.000000	0.864867	6.02
0.366	0.001	6.931588	0.418212	0.000000	0.863563	5.99
0.366	0.002	6.931588	0.418212	0.000000	0.863563	5.99
0.366	0.003	6.931588	0.418212	0.000000	0.863563	5.99
0.366	0.004	6.931588	0.418212	0.000000	0.863563	5.99
0.366	0.005	6.931588	0.418212	0.000000	0.863563	5.99
0.367	0.001	6.905491	0.422363	0.000000	0.862260	5.95
0.367	0.002	6.905491	0.422363	0.000000	0.862260	5.95
0.367	0.003	6.905491	0.422363	0.000000	0.862260	5.95
0.367	0.004	6.905491	0.422363	0.000000	0.862260	5.95
0.367	0.005	6.905491	0.422363	0.000000	0.862260	5.95
0.368	0.001	6.879460	0.426513	0.000000	0.860957	5.92
0.368	0.002	6.879460	0.426513	0.000000	0.860957	5.92
0.368	0.003	6.879460	0.426513	0.000000	0.860957	5.92
0.368	0.004	6.879460	0.426513	0.000000	0.860957	5.92
0.368	0.005	6.879460	0.426513	0.000000	0.860957	5.92
0.369	0.001	6.853497	0.430660	0.000000	0.859655	5.89
0.369	0.002	6.853497	0.430660	0.000000	0.859655	5.89
0.369	0.003	6.853497	0.430660	0.000000	0.859655	5.89
0.369	0.004	6.853497	0.430660	0.000000	0.859655	5.89
0.369	0.005	6.853497	0.430660	0.000000	0.859655	5.89
0.370	0.001	6.827607	0.434807	0.000000	0.858355	5.86
0.370	0.002	6.827607	0.434807	0.000000	0.858355	5.86
0.370	0.003	6.827607	0.434807	0.000000	0.858355	5.86
0.370	0.004	6.827607	0.434807	0.000000	0.858355	5.86
0.370	0.005	6.827607	0.434807	0.000000	0.858355	5.86
0.371	0.001	6.801805	0.438955	0.000000	0.857055	5.83
0.371	0.002	6.801805	0.438955	0.000000	0.857055	5.83
0.371	0.003	6.801805	0.438955	0.000000	0.857055	5.83
0.371	0.004	6.801805	0.438955	0.000000	0.857055	5.83
0.371	0.005	6.801805	0.438955	0.000000	0.857055	5.83
0.372	0.001	6.776094	0.443105	0.000000	0.855757	5.80
0.372	0.002	6.776094	0.443105	0.000000	0.855757	5.80
0.372	0.003	6.776094	0.443105	0.000000	0.855757	5.80
0.372	0.004	6.776094	0.443105	0.000000	0.855757	5.80
0.372	0.005	6.776094	0.443105	0.000000	0.855757	5.80
0.373	0.001	6.750466	0.447255	0.000000	0.854461	5.77
0.373	0.002	6.750466	0.447255	0.000000	0.854461	5.77
0.373	0.003	6.750466	0.447255	0.000000	0.854461	5.77
0.373	0.004	6.750466	0.447255	0.000000	0.854461	5.77
0.373	0.005	6.750466	0.447255	0.000000	0.854461	5.77
0.374	0.001	6.724903	0.451404	0.000000	0.853165	5.74
0.374	0.002	6.724903	0.451404	0.000000	0.853165	5.74
0.374	0.003	6.724903	0.451404	0.000000	0.853165	5.74
0.374	0.004	6.724903	0.451404	0.000000	0.853165	5.74
0.374	0.005	6.724903	0.451404	0.000000	0.853165	5.74
0.375	0.001	6.699411	0.455551	0.000000	0.851870	5.71
0.375	0.002	6.699411	0.455551	0.000000	0.851870	5.71
0.375	0.003	6.699411	0.455551	0.000000	0.851870	5.71
0.375	0.004	6.699411	0.455551	0.000000	0.851870	5.71
0.375	0.005	6.699411	0.455551	0.000000	0.851870	5.71
0.376	0.001	6.674001	0.459698	0.000000	0.850575	5.68
0.376	0.002	6.674001	0.459698	0.000000	0.850575	5.68
0.376	0.003	6.674001	0.459698	0.000000	0.850575	5.68
0.376	0.004	6.674001	0.459698	0.000000	0.850575	5.68
0.376	0.005	6.674001	0.459698	0.000000	0.850575	5.68
0.377	0.001	6.648681	0.463846	0.000000	0.849281	5.65
0.377	0.002	6.648681	0.463846	0.000000	0.849281	5.65
0.377	0.003	6.648681	0.463846	0.000000	0.849281	5.65
0.377	0.004	6.648681	0.463846	0.000000	0.849281	5.65
0.377	0.005	6.648681	0.463846	0.000000	0.849281	5.65
0.378	0.001	6.623436	0.467994	0.000000	0.847989	5.62
0.378	0.002	6.623436	0.467994	0.000000	0.847989	5.62
0.378	0.003	6.623436	0.467994	0.000000	0.847989	5.62
0.378	0.004	6.623436	0.467994	0.000000	0.847989	5.62
0.378	0.005	6.623436	0.467994	0.000000	0.847989	5.62
0.379	0.001	6.598273	0.472142	0.000000	0.846697	5.59
0.379	0.002	6.598273	0.472142	0.000000	0.846697	5.59
0.379	0.003	6.598273	0.472142	0.000000	0.846697	5.59
0.379	0.004	6.598273	0.472142	0.000000	0.846697	5.59
0.379	0.005	6.598273	0.472142	0.000000	0.846697	5.59
0.380	0.001	6.573180	0.476289	0.000000	0.845407	5.56
0.380	0.002	6.573180	0.476289	0.000000	0.845407	5.56
0.380	0.003	6.573180	0.476289	0.000000	0.845407	5.56
0.380	0.004	6.573180	0.476289	0.000000	0.845407	5.56
0.380	0.005	6.573180	0.476289	0.000000	0.845407	5.56
0.381	0.001	6.548162	0.480436	0.000000	0.844118	5.53
0.381	0.002	6.548162	0.480436	0.000000	0.844118	5.53
0.381	0.003	6.548162	0.480436	0.000000	0.844118	5.53
0.381	0.004	6.548162	0.480436	0.000000	0.844118	5.53
0.381	0.005	6.548162	0.480436	0.000000	0.844118	5.53
0.382	0.001	6.523231	0.484586	0.000000	0.842830	5.50
0.382	0.002	6.523231	0.484586	0.000000	0.842830	5.50
0.382	0.003	6.523231	0.484586	0.000000	0.842830	5.50
0.382	0.004	6.523231	0.484586	0.000000	0.842830	5.50
0.382	0.005	6.523231	0.484586	0.000000	0.842830	5.50
0.383	0.001	6.498367	0.488733	0.000000	0.841544	5.47
0.383	0.002	6.498367	0.488733	0.000000	0.841544	5.47
0.383	0.003	6.498367	0.488733	0.000000	0.841544	5.47
0.383	0.004	6.498367	0.488733	0.000000	0.841544	5.47
0.383	0.005	6.498367	0.488733	0.000000	0.841544	5.47
0.384	0.001	6.473583	0.492880	0.000000	0.840258	5.44
0.384	0.002	6.473583	0.492880	0.000000	0.840258	5.44
0.384	0.003	6.473583	0.492880	0.000000	0.840258	5.44
0.384	0.004	6.473583	0.492880	0.000000	0.840258	5.44
0.384	0.005	6.473583	0.492880	0.000000	0.840258	5.44
0.385	0.001	6.448872	0.497027	0.000000	0.838973	5.41
0.385	0.002	6.448872	0.497027	0.000000	0.838973	5.41
0.385	0.003	6.448872	0.497027	0.000000	0.838973	5.41
0.385	0.004	6.448872	0.497027	0.000000	0.838973	5.41
0.385	0.005	6.448872	0.497027	0.000000	0.838973	5.41
0.386	0.001	6.424235	0.501172	0.000000	0.837688	5.38
0.386	0.002	6.424235	0.501172	0.000000	0.837688	5.38
0.386	0.003	6.424235	0.501172	0.000000	0.837688	5.38
0.386	0.004	6.424235	0.501172	0.000000	0.837688	5.38
0.386	0.005	6.424235	0.501172	0.000000	0.837688	5.38
0.387	0.001	6.399675	0.505319	0.000000	0.836404	5.35
0.387	0.002	6.399675	0.505319	0.000000	0.836404	5.35
0.387	0.003	6.399675	0.505319	0.000000	0.836404	5.35
0.387	0.004	6.399675	0.505319	0.000000	0.836404	5.35
0.387	0.005	6.399675	0.505319	0.000000	0.836404	5.35
0.388	0.001	6.375199	0.509465	0.000000	0.835121	5.32
0.388	0.002	6.375199	0.509465	0.000000	0.835121	5.32
0.388	0.003	6.375199	0.509465	0.000000	0.835121	5.32
0.388	0.004	6.375199	0.509465	0.000000	0.835121	5.32
0.388	0.005	6.375199	0.509465	0.000000	0.835121	5.32
0.389	0.001	6.350794	0.513612	0.000000	0.833841	5.30
0.389	0.002	6.350794	0.513612	0.000000	0.833841	5.30
0.389	0.003	6.350794	0.513612	0.000000	0.833841	5.30
0.389	0.004	6.350794	0.513612	0.000000	0.833841	5.30
0.389	0.005	6.350794	0.513612	0.000000	0.833841	5.30
0.390	0.001	6.326460	0.517758	0.000000	0.832562	5.27
0.390	0.002	6.326460	0.517758	0.000000	0.832562	5.27
0.390	0.003	6.326460	0.517758	0.000000	0.832562	5.27
0.390	0.004	6.326460	0.517758	0.000000	0.832562	5.27
0.390	0.005	6.326460	0.517758	0.000000	0.832562	5.27
0.391	0.001	6.302204	0.521904	0.000000	0.831283	5.24
0.391	0.002	6.302204	0.521904	0.000000	0.831283	5.24
0.391	0.003	6.302204	0.521904	0.000000	0.831283	5.24
0.391	0.004	6.302204	0.521904	0.000000	0.831283	5.24
0.391	0.005	6.302204	0.521904	0.000000	0.831283	5.24
0.392	0.001	6.278028	0.526051	0.000000	0.830006	5.21
0.392	0.002	6.278028	0.526051	0.000000	0.830006	5.21
0.392	0.003	6.278028	0.526051	0.000000	0.830006	5.21
0.392	0.004	6.278028	0.526051	0.000000	0.830006	5.21
0.392	0.005	6.278028	0.526051	0.000000	0.830006	5.21
0.393	0.001	6.253920	0.530198	0.000000	0.828729	5.18
0.393	0.002	6.253920	0.530198	0.000000	0.828729	5.18
0.393	0.003	6.253920	0.530198	0.000000	0.828729	5.18
0.393	0.004	6.253920	0.530198	0.000000	0.828729	5.18
0.393	0.005	6.253920	0.530198	0.000000	0.828729	5.18
0.394	0.001	6.229882	0.534344	0.000000	0.827453	5.15
0.394	0.002	6.229882	0.534344	0.000000	0.827453	5.15
0.394	0.003	6.229882	0.534344	0.000000	0.827453	5.15
0.394	0.004	6.229882	0.534344	0.000000	0.827453	5.15
0.394	0.005	6.229882	0.534344	0.000000	0.827453	5.15
0.395	0.001	6.205917	0.538490	0.000000	0.826177	5.13
0.395	0.002	6.205917	0.538490	0.000000	0.826177	5.13
0.395	0.003	6.205917	0.538490	0.000000	0.826177	5.13
0.395	0.004	6.205917	0.538490	0.000000	0.826177	5.13
0.395	0.005	6.205917	0.538490	0.000000	0.826177	5.13
0.396	0.001	6.182024	0.542634	0.000000	0.824903	5.10
0.396	0.002	6.182024	0.542634	0.000000	0.824903	5.10
0.396	0.003	6.182024	0.542634	0.000000	0.824903	5.10
0.396	0.004	6.182024	0.542634	0.000000	0.824903	5.10
0.396	0.005	6.182024	0.542634	0.000000	0.824903	5.10
0.397	0.001	6.158211	0.546779	0.000000	0.823629	5.07
0.397	0.002	6.158211	0.546779	0.000000	0.823629	5.07
0.397	0.003	6.158211	0.546779	0.000000	0.823629	5.07
0.397	0.004	6.158211	0.546779	0.000000	0.823629	5.07
0.397	0.005	6.158211	0.546779	0.000000	0.823629	5.07
0.398	0.001	6.134476	0.550925	0.000000	0.822358	5.04
0.398	0.002	6.134476	0.550925	0.000000	0.822358	5.04
0.398	0.003	6.134476	0.550925	0.000000	0.822358	5.04
0.398	0.004	6.134476	0.550925	0.000000	0.822358	5.04
0.398	0.005	6.134476	0.550925	0.000000	0.822358	5.04
0.399	0.001	6.110825	0.555073	0.000000	0.821088	5.02
0.399	0.002	6.110825	0.555073	0.000000	0.821088	5.02
0.399	0.003	6.110825	0.555073	0.000000	0.821088	5.02
0.399	0.004	6.110825	0.555073	0.000000	0.821088	5.02
0.399	0.005	6.110825	0.555073	0.000000	0.821088	5.02
0.400	0.001	6.087245	0.559220	0.000000	0.819819	4.99
0.400	0.002	6.087245	0.559220	0.000000	0.819819	4.99
0.400	0.003	6.087245	0.559220	0.000000	0.819819	4.99
0.400	0.004	6.087245	0.559220	0.000000	0.819819	4.99
0.400	0.005	6.087245	0.559220	0.000000	0.819819	4.99
0.401	0.001	6.063739	0.563367	0.000000	0.818550	4.96
0.401	0.002	6.063739	0.563367	0.000000	0.818550	4.96
0.401	0.003	6.063739	0.563367	0.000000	0.818550	4.96
0.401	0.004	6.063739	0.563367	0.000000	0.818550	4.96
0.401	0.005	6.063739	0.563367	0.000000	0.818550	4.96
0.402	0.001	6.040293	0.567511	0.000000	0.817282	4.94
0.402	0.002	6.040293	0.567511	0.000000	0.817282	4.94
0.402	0.003	6.040293	0.567511	0.000000	0.817282	4.94
0.402	0.004	6.040293	0.567511	0.000000	0.817282	4.94
0.402	0.005	6.040293	0.567511	0.000000	0.817282	4.94
0.403	0.001	6.016922	0.571657	0.000000	0.816015	4.91
0.403	0.002	6.016922	0.571657	0.000000	0.816015	4.91
0.403	0.003	6.016922	0.571657	0.000000	0.816015	4.91
0.403	0.004	6.016922	0.571657	0.000000	0.816015	4.91
0.403	0.005	6.016922	0.571657	0.000000	0.816015	4.91
0.404	0.001	5.993620	0.575802	0.000000	0.814749	4.88
0.404	0.002	5.993620	0.575802	0.000000	0.814749	4.88
0.404	0.003	5.993620	0.575802	0.000000	0.814749	4.88
0.404	0.004	5.993620	0.575802	0.000000	0.814749	4.88
0.404	0.005	5.993620	0.575802	0.000000	0.814749	4.88
0.405	0.001	5.970396	0.579947	0.000000	0.813483	4.86
0.405	0.002	5.970396	0.579947	0.000000	0.813483	4.86
0.405	0.003	5.970396	0.579947	0.000000	0.813483	4.86
0.405	0.004	5.970396	0.579947	0.000000	0.813483	4.86
0.405	0.005	5.970396	0.579947	0.000000	0.813483	4.86
0.406	0.001	5.947236	0.584091	0.000000	0.812219	4.83
0.406	0.002	5.947236	0.584091	0.000000	0.812219	4.83
0.406	0.003	5.947236	0.584091	0.000000	0.812219	4.83
0.406	0.004	5.947236	0.584091	0.000000	0.812219	4.83
0.406	0.005	5.947236	0.584091	0.000000	0.812219	4.83
0.407	0.001	5.924148	0.588235	0.000000	0.810956	4.80
0.407	0.002	5.924148	0.588235	0.000000	0.810956	4.80
0.407	0.003	5.924148	0.588235	0.000000	0.810956	4.80
0.407	0.004	5.924148	0.588235	0.000000	0.810956	4.80
0.407	0.005	5.924148	0.588235	0.000000	0.810956	4.80
0.408	0.001	5.901137	0.592380	0.000000	0.809695	4.78
0.408	0.002	5.901137	0.592380	0.000000	0.809695	4.78
0.408	0.003	5.901137	0.592380	0.000000	0.809695	4.78
0.408	0.004	5.901137	0.592380	0.000000	0.809695	4.78
0.408	0.005	5.901137	0.592380	0.000000	0.809695	4.78
0.409	0.001	5.878210	0.596527	0.000000	0.808434	4.75
0.409	0.002	5.878210	0.596527	0.000000	0.808434	4.75
0.409	0.003	5.878210	0.596527	0.000000	0.808434	4.75
0.409	0.004	5.878210	0.596527	0.000000	0.808434	4.75
0.409	0.005	5.878210	0.596527	0.000000	0.808434	4.75
0.410	0.001	5.855365	0.600676	0.000000	0.807174	4.73
0.410	0.002	5.855365	0.600676	0.000000	0.807174	4.73
0.410	0.003	5.855365	0.600676	0.000000	0.807174	4.73
0.410	0.004	5.855365	0.600676	0.000000	0.807174	4.73
0.410	0.005	5.855365	0.600676	0.000000	0.807174	4.73
0.411	0.001	5.832575	0.604821	0.000000	0.805915	4.70
0.411	0.002	5.832575	0.604821	0.000000	0.805915	4.70
0.411	0.003	5.832575	0.604821	0.000000	0.805915	4.70
0.411	0.004	5.832575	0.604821	0.000000	0.805915	4.70
0.411	0.005	5.832575	0.604821	0.000000	0.805915	4.70
0.412	0.001	5.809852	0.608965	0.000000	0.804657	4.67
0.412	0.002	5.809852	0.608965	0.000000	0.804657	4.67
0.412	0.003	5.809852	0.608965	0.000000	0.804657	4.67
0.412	0.004	5.809852	0.608965	0.000000	0.804657	4.67
0.412	0.005	5.809852	0.608965	0.000000	0.804657	4.67
0.413	0.001	5.787194	0.613109	0.000000	0.803399	4.65
0.413	0.002	5.787194	0.613109	0.000000	0.803399	4.65
0.413	0.003	5.787194	0.613109	0.000000	0.803399	4.65
0.413	0.004	5.787194	0.613109	0.000000	0.803399	4.65
0.413	0.005	5.787194	0.613109	0.000000	0.803399	4.65
0.414	0.001	5.764606	0.617253	0.000000	0.802143	4.62
0.414	0.002	5.764606	0.617253	0.000000	0.802143	4.62
0.414	0.003	5.764606	0.617253	0.000000	0.802143	4.62
0.414	0.004	5.764606	0.617253	0.000000	0.802143	4.62
0.414	0.005	5.764606	0.617253	0.000000	0.802143	4.62
0.415	0.001	5.742094	0.621397	0.000000	0.800889	4.60
0.415	0.002	5.742094	0.621397	0.000000	0.800889	4.60
0.415	0.003	5.742094	0.621397	0.000000	0.800889	4.60
0.415	0.004	5.742094	0.621397	0.000000	0.800889	4.60
0.415	0.005	5.742094	0.621397	0.000000	0.800889	4.60
0.416	0.001	5.719661	0.625543	0.000000	0.799636	4.57
0.416	0.002	5.719661	0.625543	0.000000	0.799636	4.57
0.416	0.003	5.719661	0.625543	0.000000	0.799636	4.57
0.416	0.004	5.719661	0.625543	0.000000	0.799636	4.57
0.416	0.005	5.719661	0.625543	0.000000	0.799636	4.57
0.417	0.001	5.697291	0.629687	0.000000	0.798383	4.55
0.417	0.002	5.697291	0.629687	0.000000	0.798383	4.55
0.417	0.003	5.697291	0.629687	0.000000	0.798383	4.55
0.417	0.004	5.697291	0.629687	0.000000	0.798383	4.55
0.417	0.005	5.697291	0.629687	0.000000	0.798383	4.55
0.418	0.001	5.674994	0.633832	0.000000	0.797131	4.52
0.418	0.002	5.674994	0.633832	0.000000	0.797131	4.52
0.418	0.003	5.674994	0.633832	0.000000	0.797131	4.52
0.418	0.004	5.674994	0.633832	0.000000	0.797131	4.52
0.418	0.005	5.674994	0.633832	0.000000	0.797131	4.52
0.419	0.001	5.652761	0.637976	0.000000	0.795880	4.50
0.419	0.002	5.652761	0.637976	0.000000	0.795880	4.50
0.419	0.003	5.652761	0.637976	0.000000	0.795880	4.50
0.419	0.004	5.652761	0.637976	0.000000	0.795880	4.50
0.419	0.005	5.652761	0.637976	0.000000	0.795880	4.50
0.420	0.001	5.630598	0.642120	0.000000	0.794629	4.47
0.420	0.002	5.630598	0.642120	0.000000	0.794629	4.47
0.420	0.003	5.630598	0.642120	0.000000	0.794629	4.47
0.420	0.004	5.630598	0.642120	0.000000	0.794629	4.47
0.420	0.005	5.630598	0.642120	0.000000	0.794629	4.47
0.421	0.001	5.608510	0.646266	0.000000	0.793380	4.45
0.421	0.002	5.608510	0.646266	0.000000	0.793380	4.45
0.421	0.003	5.608510	0.646266	0.000000	0.793380	4.45
0.421	0.004	5.608510	0.646266	0.000000	0.793380	4.45
0.421	0.005	5.608510	0.646266	0.000000	0.793380	4.45
0.422	0.001	5.586505	0.650414	0.000000	0.792133	4.43
0.422	0.002	5.586505	0.650414	0.000000	0.792133	4.43
0.422	0.003	5.586505	0.650414	0.000000	0.792133	4.43
0.422	0.004	5.586505	0.650414	0.000000	0.792133	4.43
0.422	0.005	5.586505	0.650414	0.000000	0.792133	4.43
0.423	0.001	5.564573	0.654564	0.000000	0.790887	4.40
0.423	0.002	5.564573	0.654564	0.000000	0.790887	4.40
0.423	0.003	5.564573	0.654564	0.000000	0.790887	4.40
0.423	0.004	5.564573	0.654564	0.000000	0.790887	4.40
0.423	0.005	5.564573	0.654564	0.000000	0.790887	4.40
0.424	0.001	5.542695	0.658711	0.000000	0.789641	4.38
0.424	0.002	5.542695	0.658711	0.000000	0.789641	4.38
0.424	0.003	5.542695	0.658711	0.000000	0.789641	4.38
0.424	0.004	5.542695	0.658711	0.000000	0.789641	4.38
0.424	0.005	5.542695	0.658711	0.000000	0.789641	4.38
0.425	0.001	5.520864	0.662854	0.000000	0.788396	4.35
0.425	0.002	5.520864	0.662854	0.000000	0.788396	4.35
0.425	0.003	5.520864	0.662854	0.000000	0.788396	4.35
0.425	0.004	5.520864	0.662854	0.000000	0.788396	4.35
0.425	0.005	5.520864	0.662854	0.000000	0.788396	4.35
0.426	0.001	5.499099	0.666996	0.000000	0.787150	4.33
0.426	0.002	5.499099	0.666996	0.000000	0.787150	4.33
0.426	0.003	5.499099	0.666996	0.000000	0.787150	4.33
0.426	0.004	5.499099	0.666996	0.000000	0.787150	4.33
0.426	0.005	5.499099	0.666996	0.000000	0.787150	4.33
0.427	0.001	5.477402	0.671137	0.000000	0.785906	4.30
0.427	0.002	5.477402	0.671137	0.000000	0.785906	4.30
0.427	0.003	5.477402	0.671137	0.000000	0.785906	4.30
0.427	0.004	5.477402	0.671137	0.000000	0.785906	4.30
0.427	0.005	5.477402	0.671137	0.000000	0.785906	4.30
0.428	0.001	5.455775	0.675279	0.000000	0.784663	4.28
0.428	0.002	5.455775	0.675279	0.000000	0.784663	4.28
0.428	0.003	5.455775	0.675279	0.000000	0.784663	4.28
0.428	0.004	5.455775	0.675279	0.000000	0.784663	4.28
0.428	0.005	5.455775	0.675279	0.000000	0.784663	4.28
0.429	0.001	5.434238	0.679425	0.000000	0.783421	4.26
0.429	0.002	5.434238	0.679425	0.000000	0.783421	4.26
0.429	0.003	5.434238	0.679425	0.000000	0.783421	4.26
0.429	0.004	5.434238	0.679425	0.000000	0.783421	4.26
0.429	0.005	5.434238	0.679425	0.000000	0.783421	4.26
0.430	0.001	5.412795	0.683576	0.000000	0.782183	4.23
0.430	0.002	5.412795	0.683576	0.000000	0.782183	4.23
0.430	0.003	5.412795	0.683576	0.000000	0.782183	4.23
0.430	0.004	5.412795	0.683576	0.000000	0.782183	4.23
0.430	0.005	5.412795	0.683576	0.000000	0.782183	4.23
0.431	0.001	5.391426	0.687728	0.000000	0.780945	4.21
0.431	0.002	5.391426	0.687728	0.000000	0.780945	4.21
0.431	0.003	5.391426	0.687728	0.000000	0.780945	4.21
0.431	0.004	5.391426	0.687728	0.000000	0.780945	4.21
0.431	0.005	5.391426	0.687728	0.000000	0.780945	4.21
0.432	0.001	5.370094	0.691876	0.000000	0.779707	4.19
0.432	0.002	5.370094	0.691876	0.000000	0.779707	4.19
0.432	0.003	5.370094	0.691876	0.000000	0.779707	4.19
0.432	0.004	5.370094	0.691876	0.000000	0.779707	4.19
0.432	0.005	5.370094	0.691876	0.000000	0.779707	4.19
0.433	0.001	5.348809	0.696019	0.000000	0.778468	4.16
0.433	0.002	5.348809	0.696019	0.000000	0.778468	4.16
0.433	0.003	5.348809	0.696019	0.000000	0.778468	4.16
0.433	0.004	5.348809	0.696019	0.000000	0.778468	4.16
0.433	0.005	5.348809	0.696019	0.000000	0.778468	4.16
0.434	0.001	5.327582	0.700160	0.000000	0.777230	4.14
0.434	0.002	5.327582	0.700160	0.000000	0.777230	4.14
0.434	0.003	5.327582	0.700160	0.000000	0.777230	4.14
0.434	0.004	5.327582	0.700160	0.000000	0.777230	4.14
0.434	0.005	5.327582	0.700160	0.000000	0.777230	4.14
0.435	0.001	5.306417	0.704302	0.000000	0.775994	4.12
0.435	0.002	5.306417	0.704302	0.000000	0.775994	4.12
0.435	0.003	5.306417	0.704302	0.000000	0.775994	4.12
0.435	0.004	5.306417	0.704302	0.000000	0.775994	4.12
0.435	0.005	5.306417	0.704302	0.000000	0.775994	4.12
0.436	0.001	5.285331	0.708446	0.000000	0.774759	4.09
0.436	0.002	5.285331	0.708446	0.000000	0.774759	4.09
0.436	0.003	5.285331	0.708446	0.000000	0.774759	4.09
0.436	0.004	5.285331	0.708446	0.000000	0.774759	4.09
0.436	0.005	5.285331	0.708446	0.000000	0.774759	4.09
0.437	0.001	5.264336	0.712595	0.000000	0.773526	4.07
0.437	0.002	5.264336	0.712595	0.000000	0.773526	4.07
0.437	0.003	5.264336	0.712595	0.000000	0.773526	4.07
0.437	0.004	5.264336	0.712595	0.000000	0.773526	4.07
0.437	0.005	5.264336	0.712595	0.000000	0.773526	4.07
0.438	0.001	5.243418	0.716745	0.000000	0.772295	4.05
0.438	0.002	5.243418	0.716745	0.000000	0.772295	4.05
0.438	0.003	5.243418	0.716745	0.000000	0.772295	4.05
0.438	0.004	5.243418	0.716745	0.000000	0.772295	4.05
0.438	0.005	5.243418	0.716745	0.000000	0.772295	4.05
0.439	0.001	5.222556	0.720894	0.000000	0.771065	4.03
0.439	0.002	5.222556	0.720894	0.000000	0.771065	4.03
0.439	0.003	5.222556	0.720894	0.000000	0.771065	4.03
0.439	0.004	5.222556	0.720894	0.000000	0.771065	4.03
0.439	0.005	5.222556	0.720894	0.000000	0.771065	4.03
0.440	0.001	5.201748	0.725040	0.000000	0.769834	4.00
0.440	0.002	5.201748	0.725040	0.000000	0.769834	4.00
0.440	0.003	5.201748	0.725040	0.000000	0.769834	4.00
0.440	0.004	5.201748	0.725040	0.000000	0.769834	4.00
0.440	0.005	5.201748	0.725040	0.000000	0.769834	4.00
0.441	0.001	5.181002	0.729184	0.000000	0.768603	3.98
0.441	0.002	5.181002	0.729184	0.000000	0.768603	3.98
0.441	0.003	5.181002	0.729184	0.000000	0.768603	3.98
0.441	0.004	5.181002	0.729184	0.000000	0.768603	3.98
0.441	0.005	5.181002	0.729184	0.000000	0.768603	3.98
0.442	0.001	5.160316	0.733329	0.000000	0.767373	3.96
0.442	0.002	5.160316	0.733329	0.000000	0.767373	3.96
0.442	0.003	5.160316	0.733329	0.000000	0.767373	3.96
0.442	0.004	5.160316	0.733329	0.000000	0.767373	3.96
0.442	0.005	5.160316	0.733329	0.000000	0.767373	3.96
0.443	0.001	5.139700	0.737474	0.000000	0.766146	3.94
0.443	0.002	5.139700	0.737474	0.000000	0.766146	3.94
0.443	0.003	5.139700	0.737474	0.000000	0.766146	3.94
0.443	0.004	5.139700	0.737474	0.000000	0.766146	3.94
0.443	0.005	5.139700	0.737474	0.000000	0.766146	3.94
0.444	0.001	5.119163	0.741621	0.000000	0.764919	3.92
0.444	0.002	5.119163	0.741621	0.000000	0.764919	3.92
0.444	0.003	5.119163	0.741621	0.000000	0.764919	3.92
0.444	0.004	5.119163	0.741621	0.000000	0.764919	3.92
0.444	0.005	5.119163	0.741621	0.000000	0.764919	3.92
0.445	0.001	5.098685	0.745769	0.000000	0.763693	3.89
0.445	0.002	5.098685	0.745769	0.000000	0.763693	3.89
0.445	0.003	5.098685	0.745769	0.000000	0.763693	3.89
0.445	0.004	5.098685	0.745769	0.000000	0.763693	3.89
0.445	0.005	5.098685	0.745769	0.000000	0.763693	3.89
0.446	0.001	5.078271	0.749915	0.000000	0.762468	3.87
0.446	0.002	5.078271	0.749915	0.000000	0.762468	3.87
0.446	0.003	5.078271	0.749915	0.000000	0.762468	3.87
0.446	0.004	5.078271	0.749915	0.000000	0.762468	3.87
0.446	0.005	5.078271	0.749915	0.000000	0.762468	3.87
0.447	0.001	5.057919	0.754062	0.000000	0.761243	3.85
0.447	0.002	5.057919	0.754062	0.000000	0.761243	3.85
0.447	0.003	5.057919	0.754062	0.000000	0.761243	3.85
0.447	0.004	5.057919	0.754062	0.000000	0.761243	3.85
0.447	0.005	5.057919	0.754062	0.000000	0.761243	3.85
0.448	0.001	5.037635	0.758209	0.000000	0.760019	3.83
0.448	0.002	5.037635	0.758209	0.000000	0.760019	3.83
0.448	0.003	5.037635	0.758209	0.000000	0.760019	3.83
0.448	0.004	5.037635	0.758209	0.000000	0.760019	3.83
0.448	0.005	5.037635	0.758209	0.000000	0.760019	3.83
0.449	0.001	5.017423	0.762358	0.000000	0.758798	3.81
0.449	0.002	5.017423	0.762358	0.000000	0.758798	3.81
0.449	0.003	5.017423	0.762358	0.000000	0.758798	3.81
0.449	0.004	5.017423	0.762358	0.000000	0.758798	3.81
0.449	0.005	5.017423	0.762358	0.000000	0.758798	3.81
0.450	0.001	4.997284	0.766510	0.000000	0.757577	3.79
0.450	0.002	4.997284	0.766510	0.000000	0.757577	3.79
0.450	0.003	4.997284	0.766510	0.000000	0.757577	3.79
0.450	0.004	4.997284	0.766510	0.000000	0.757577	3.79
0.450	0.005	4.997284	0.766510	0.000000	0.757577	3.79
0.451	0.001	4.977205	0.770662	0.000000	0.756358	3.76
0.451	0.002	4.977205	0.770662	0.000000	0.756358	3.76
0.451	0.003	4.977205	0.770662	0.000000	0.756358	3.76
0.451	0.004	4.977205	0.770662	0.000000	0.756358	3.76
0.451	0.005	4.977205	0.770662	0.000000	0.756358	3.76
0.452	0.001	4.957175	0.774811	0.000000	0.755139	3.74
0.452	0.002	4.957175	0.774811	0.000000	0.755139	3.74
0.452	0.003	4.957175	0.774811	0.000000	0.755139	3.74
0.452	0.004	4.957175	0.774811	0.000000	0.755139	3.74
0.452	0.005	4.957175	0.774811	0.000000	0.755139	3.74
0.453	0.001	4.937203	0.778958	0.000000	0.753919	3.72
0.453	0.002	4.937203	0.778958	0.000000	0.753919	3.72
0.453	0.003	4.937203	0.778958	0.000000	0.753919	3.72
0.453	0.004	4.937203	0.778958	0.000000	0.753919	3.72
0.453	0.005	4.937203	0.778958	0.000000	0.753919	3.72
0.454	0.001	4.917287	0.783104	0.000000	0.752700	3.70
0.454	0.002	4.917287	0.783104	0.000000	0.752700	3.70
0.454	0.003	4.917287	0.783104	0.000000	0.752700	3.70
0.454	0.004	4.917287	0.783104	0.000000	0.752700	3.70
0.454	0.005	4.917287	0.783104	0.000000	0.752700	3.70
0.455	0.001	4.897430	0.787250	0.000000	0.751482	3.68
0.455	0.002	4.897430	0.787250	0.000000	0.751482	3.68
0.455	0.003	4.897430	0.787250	0.000000	0.751482	3.68
0.455	0.004	4.897430	0.787250	0.000000	0.751482	3.68
0.455	0.005	4.897430	0.787250	0.000000	0.751482	3.68
0.456	0.001	4.877636	0.791397	0.000000	0.750264	3.66
0.456	0.002	4.877636	0.791397	0.000000	0.750264	3.66
0.456	0.003	4.877636	0.791397	0.000000	0.750264	3.66
0.456	0.004	4.877636	0.791397	0.000000	0.750264	3.66
0.456	0.005	4.877636	0.791397	0.000000	0.750264	3.66
0.457	0.001	4.857912	0.795547	0.000000	0.749049	3.64
0.457	0.002	4.857912	0.795547	0.000000	0.749049	3.64
0.457	0.003	4.857912	0.795547	0.000000	0.749049	3.64
0.457	0.004	4.857912	0.795547	0.000000	0.749049	3.64
0.457	0.005	4.857912	0.795547	0.000000	0.749049	3.64
0.458	0.001	4.838270	0.799700	0.000000	0.747836	3.62
0.458	0.002	4.838270	0.799700	0.000000	0.747836	3.62
0.458	0.003	4.838270	0.799700	0.000000	0.747836	3.62
0.458	0.004	4.838270	0.799700	0.000000	0.747836	3.62
0.458	0.005	4.838270	0.799700	0.000000	0.747836	3.62
0.459	0.001	4.818685	0.803853	0.000000	0.746625	3.60
0.459	0.002	4.818685	0.803853	0.000000	0.746625	3.60
0.459	0.003	4.818685	0.803853	0.000000	0.746625	3.60
0.459	0.004	4.818685	0.803853	0.000000	0.746625	3.60
0.459	0.005	4.818685	0.803853	0.000000	0.746625	3.60
0.460	0.001	4.799165	0.808004	0.000000	0.745413	3.58
0.460	0.002	4.799165	0.808004	0.000000	0.745413	3.58
0.460	0.003	4.799165	0.808004	0.000000	0.745413	3.58
0.460	0.004	4.799165	0.808004	0.000000	0.745413	3.58
0.460	0.005	4.799165	0.808004	0.000000	0.745413	3.58
0.461	0.001	4.779704	0.812153	0.000000	0.744201	3.56
0.461	0.002	4.779704	0.812153	0.000000	0.744201	3.56
0.461	0.003	4.779704	0.812153	0.000000	0.744201	3.56
0.461	0.004	4.779704	0.812153	0.000000	0.744201	3.56
0.461	0.005	4.779704	0.812153	0.000000	0.744201	3.56
0.462	0.001	4.760299	0.816301	0.000000	0.742990	3.54
0.462	0.002	4.760299	0.816301	0.000000	0.742990	3.54
0.462	0.003	4.760299	0.816301	0.000000	0.742990	3.54
0.462	0.004	4.760299	0.816301	0.000000	0.742990	3.54
0.462	0.005	4.760299	0.816301	0.000000	0.742990	3.54
0.463	0.001	4.740952	0.820451	0.000000	0.741781	3.52
0.463	0.002	4.740952	0.820451	0.000000	0.741781	3.52
0.463	0.003	4.740952	0.820451	0.000000	0.741781	3.52
0.463	0.004	4.740952	0.820451	0.000000	0.741781	3.52
0.463	0.005	4.740952	0.820451	0.000000	0.741781	3.52
0.464	0.001	4.721681	0.824603	0.000000	0.740573	3.50
0.464	0.002	4.721681	0.824603	0.000000	0.740573	3.50
0.464	0.003	4.721681	0.824603	0.000000	0.740573	3.50
0.464	0.004	4.721681	0.824603	0.000000	0.740573	3.50
0.464	0.005	4.721681	0.824603	0.000000	0.740573	3.50
0.465	0.001	4.702486	0.828759	0.000000	0.739367	3.48
0.465	0.002	4.702486	0.828759	0.000000	0.739367	3.48
0.465	0.003	4.702486	0.828759	0.000000	0.739367	3.48
0.465	0.004	4.702486	0.828759	0.000000	0.739367	3.48
0.465	0.005	4.702486	0.828759	0.000000	0.739367	3.48
0.466	0.001	4.683347	0.832913	0.000000	0.738162	3.46
0.466	0.002	4.683347	0.832913	0.000000	0.738162	3.46
0.466	0.003	4.683347	0.832913	0.000000	0.738162	3.46
0.466	0.004	4.683347	0.832913	0.000000	0.738162	3.46
0.466	0.005	4.683347	0.832913	0.000000	0.738162	3.46
0.467	0.001	4.664253	0.837065	0.000000	0.736956	3.44
0.467	0.002	4.664253	0.837065	0.000000	0.736956	3.44
0.467	0.003	4.664253	0.837065	0.000000	0.736956	3.44
0.467	0.004	4.664253	0.837065	0.000000	0.736956	3.44
0.467	0.005	4.664253	0.837065	0.000000	0.736956	3.44
0.468	0.001	4.645206	0.841213	0.000000	0.735750	3.42
0.468	0.002	4.645206	0.841213	0.000000	0.735750	3.42
0.468	0.003	4.645206	0.841213	0.000000	0.735750	3.42
0.468	0.004	4.645206	0.841213	0.000000	0.735750	3.42
0.468	0.005	4.645206	0.841213	0.000000	0.735750	3.42
0.469	0.001	4.626209	0.845359	0.000000	0.734544	3.40
0.469	0.002	4.626209	0.845359	0.000000	0.734544	3.40
0.469	0.003	4.626209	0.845359	0.000000	0.734544	3.40
0.469	0.004	4.626209	0.845359	0.000000	0.734544	3.40
0.469	0.005	4.626209	0.845359	0.000000	0.734544	3.40
0.470	0.001	4.607279	0.849506	0.000000	0.733340	3.38
0.470	0.002	4.607279	0.849506	0.000000	0.733340	3.38
0.470	0.003	4.607279	0.849506	0.000000	0.733340	3.38
0.470	0.004	4.607279	0.849506	0.000000	0.733340	3.38
0.470	0.005	4.607279	0.849506	0.000000	0.733340	3.38
0.471	0.001	4.588423	0.853657	0.000000	0.732136	3.36
0.471	0.002	4.588423	0.853657	0.000000	0.732136	3.36
0.471	0.003	4.588423	0.853657	0.000000	0.732136	3.36
0.471	0.004	4.588423	0.853657	0.000000	0.732136	3.36
0.471	0.005	4.588423	0.853657	0.000000	0.732136	3.36
0.472	0.001	4.569663	0.857815	0.000000	0.730936	3.34
0.472	0.002	4.569663	0.857815	0.000000	0.730936	3.34
0.472	0.003	4.569663	0.857815	0.000000	0.730936	3.34
0.472	0.004	4.569663	0.857815	0.000000	0.730936	3.34
0.472	0.005	4.569663	0.857815	0.000000	0.730936	3.34
0.473	0.001	4.550981	0.861977	0.000000	0.729738	3.32
0.473	0.002	4.550981	0.861977	0.000000	0.729738	3.32
0.473	0.003	4.550981	0.861977	0.000000	0.729738	3.32
0.473	0.004	4.550981	0.861977	0.000000	0.729738	3.32
0.473	0.005	4.550981	0.861977	0.000000	0.729738	3.32
0.474	0.001	4.532331	0.866137	0.000000	0.728540	3.30
0.474	0.002	4.532331	0.866137	0.000000	0.728540	3.30
0.474	0.003	4.532331	0.866137	0.000000	0.728540	3.30
0.474	0.004	4.532331	0.866137	0.000000	0.728540	3.30
0.474	0.005	4.532331	0.866137	0.000000	0.728540	3.30
0.475	0.001	4.513714	0.870290	0.000000	0.727341	3.28
0.475	0.002	4.513714	0.870290	0.000000	0.727341	3.28
0.475	0.003	4.513714	0.870290	0.000000	0.727341	3.28
0.475	0.004	4.513714	0.870290	0.000000	0.727341	3.28
0.475	0.005	4.513714	0.870290	0.000000	0.727341	3.28
0.476	0.001	4.495145	0.874442	0.000000	0.726142	3.26
0.476	0.002	4.495145	0.874442	0.000000	0.726142	3.26
0.476	0.003	4.495145	0.874442	0.000000	0.726142	3.26
0.476	0.004	4.495145	0.874442	0.000000	0.726142	3.26
0.476	0.005	4.495145	0.874442	0.000000	0.726142	3.26
0.477	0.001	4.476629	0.878594	0.000000	0.724943	3.25
0.477	0.002	4.476629	0.878594	0.000000	0.724943	3.25
0.477	0.003	4.476629	0.878594	0.000000	0.724943	3.25
0.477	0.004	4.476629	0.878594	0.000000	0.724943	3.25
0.477	0.005	4.476629	0.878594	0.000000	0.724943	3.25
0.478	0.001	4.458180	0.882746	0.000000	0.723746	3.23
0.478	0.002	4.458180	0.882746	0.000000	0.723746	3.23
0.478	0.003	4.458180	0.882746	0.000000	0.723746	3.23
0.478	0.004	4.458180	0.882746	0.000000	0.723746	3.23
0.478	0.005	4.458180	0.882746	0.000000	0.723746	3.23
0.479	0.001	4.439790	0.886901	0.000000	0.722550	3.21
0.479	0.002	4.439790	0.886901	0.000000	0.722550	3.21
0.479	0.003	4.439790	0.886901	0.000000	0.722550	3.21
0.479	0.004	4.439790	0.886901	0.000000	0.722550	3.21
0.479	0.005	4.439790	0.886901	0.000000	0.722550	3.21
0.480	0.001	4.421468	0.891058	0.000000	0.721355	3.19
0.480	0.002	4.421468	0.891058	0.000000	0.721355	3.19
0.480	0.003	4.421468	0.891058	0.000000	0.721355	3.19
0.480	0.004	4.421468	0.891058	0.000000	0.721355	3.19
0.480	0.005	4.421468	0.891058	0.000000	0.721355	3.19
0.481	0.001	4.403210	0.895218	0.000000	0.720161	3.17
0.481	0.002	4.403210	0.895218	0.000000	0.720161	3.17
0.481	0.003	4.403210	0.895218	0.000000	0.720161	3.17
0.481	0.004	4.403210	0.895218	0.000000	0.720161	3.17
0.481	0.005	4.403210	0.895218	0.000000	0.720161	3.17
0.482	0.001	4.385004	0.899381	0.000000	0.718968	3.15
0.482	0.002	4.385004	0.899381	0.000000	0.718968	3.15
0.482	0.003	4.385004	0.899381	0.000000	0.718968	3.15
0.482	0.004	4.385004	0.899381	0.000000	0.718968	3.15
0.482	0.005	4.385004	0.899381	0.000000	0.718968	3.15
0.483	0.001	4.366853	0.903545	0.000000	0.717775	3.13
0.483	0.002	4.366853	0.903545	0.000000	0.717775	3.13
0.483	0.003	4.366853	0.903545	0.000000	0.717775	3.13
0.483	0.004	4.366853	0.903545	0.000000	0.717775	3.13
0.483	0.005	4.366853	0.903545	0.000000	0.717775	3.13
0.484	0.001	4.348740	0.907710	0.000000	0.716582	3.12
0.484	0.002	4.348740	0.907710	0.000000	0.716582	3.12
0.484	0.003	4.348740	0.907710	0.000000	0.716582	3.12
0.484	0.004	4.348740	0.907710	0.000000	0.716582	3.12
0.484	0.005	4.348740	0.907710	0.000000	0.716582	3.12
0.485	0.001	4.330676	0.911876	0.000000	0.715389	3.10
0.485	0.002	4.330676	0.911876	0.000000	0.715389	3.10
0.485	0.003	4.330676	0.911876	0.000000	0.715389	3.10
0.485	0.004	4.330676	0.911876	0.000000	0.715389	3.10
0.485	0.005	4.330676	0.911876	0.000000	0.715389	3.10
0.486	0.001	4.312668	0.916048	0.000000	0.714196	3.08
0.486	0.002	4.312668	0.916048	0.000000	0.714196	3.08
0.486	0.003	4.312668	0.916048	0.000000	0.714196	3.08
0.486	0.004	4.312668	0.916048	0.000000	0.714196	3.08
0.486	0.005	4.312668	0.916048	0.000000	0.714196	3.08
0.487	0.001	4.294716	0.920225	0.000000	0.713004	3.06
0.487	0.002	4.294716	0.920225	0.000000	0.713004	3.06
0.487	0.003	4.294716	0.920225	0.000000	0.713004	3.06
0.487	0.004	4.294716	0.920225	0.000000	0.713004	3.06
0.487	0.005	4.294716	0.920225	0.000000	0.713004	3.06
0.488	0.001	4.276806	0.924410	0.000000	0.711813	3.04
0.488	0.002	4.276806	0.924410	0.000000	0.711813	3.04
0.488	0.003	4.276806	0.924410	0.000000	0.711813	3.04
0.488	0.004	4.276806	0.924410	0.000000	0.711813	3.04
0.488	0.005	4.276806	0.924410	0.000000	0.711813	3.04
0.489	0.001	4.258913	0.928600	0.000000	0.710620	3.03
0.489	0.002	4.258913	0.928600	0.000000	0.710620	3.03
0.489	0.003	4.258913	0.928600	0.000000	0.710620	3.03
0.489	0.004	4.258913	0.928600	0.000000	0.710620	3.03
0.489	0.005	4.258913	0.928600	0.000000	0.710620	3.03
0.490	0.001	4.241031	0.932795	0.000000	0.709424	3.01
0.490	0.002	4.241031	0.932795	0.000000	0.709424	3.01
0.490	0.003	4.241031	0.932795	0.000000	0.709424	3.01
0.490	0.004	4.241031	0.932795	0.000000	0.709424	3.01
0.490	0.005	4.241031	0.932795	0.000000	0.709424	3.01
0.491	0.001	4.223139	0.936998	0.000000	0.708225	2.99
0.491	0.002	4.223139	0.936998	0.000000	0.708225	2.99
0.491	0.003	4.223139	0.936998	0.000000	0.708225	2.99
0.491	0.004	4.223139	0.936998	0.000000	0.708225	2.99
0.491	0.005	4.223139	0.936998	0.000000	0.708225	2.99
0.492	0.001	4.205236	0.941214	0.000000	0.707021	2.97
0.492	0.002	4.205236	0.941214	0.000000	0.707021	2.97
0.492	0.003	4.205236	0.941214	0.000000	0.707021	2.97
0.492	0.004	4.205236	0.941214	0.000000	0.707021	2.97
0.492	0.005	4.205236	0.941214	0.000000	0.707021	2.97
0.493	0.001	4.187303	0.945447	0.000000	0.705814	2.96
0.493	0.002	4.187303	0.945447	0.000000	0.705814	2.96
0.493	0.003	4.187303	0.945447	0.000000	0.705814	2.96
0.493	0.004	4.187303	0.945447	0.000000	0.705814	2.96
0.493	0.005	4.187303	0.945447	0.000000	0.705814	2.96
0.494	0.001	4.169455	0.949700	0.000000	0.704607	2.94
0.494	0.002	4.169455	0.949700	0.000000	0.704607	2.94
0.494	0.003	4.169455	0.949700	0.000000	0.704607	2.94
0.494	0.004	4.169455	0.949700	0.000000	0.704607	2.94
0.494	0.005	4.169455	0.949700	0.000000	0.704607	2.94
0.495	0.001	4.151627	0.953941	0.000000	0.703403	2.92
0.495	0.002	4.151627	0.953941	0.000000	0.703403	2.92
0.495	0.003	4.151627	0.953941	0.000000	0.703403	2.92
0.495	0.004	4.151627	0.953941	0.000000	0.703403	2.92
0.495	0.005	4.151627	0.953941	0.000000	0.703403	2.92
0.496	0.001	4.133857	0.958118	0.000000	0.702194	2.90
0.496	0.002	4.133857	0.958118	0.000000	0.702194	2.90
0.496	0.003	4.133857	0.958118	0.000000	0.702194	2.90
0.496	0.004	4.133857	0.958118	0.000000	0.702194	2.90
0.496	0.005	4.133857	0.958118	0.000000	0.702194	2.90
0.497	0.001	4.117518	0.962402	0.000000	0.701080	2.89
0.497	0.002	4.117518	0.962402	0.000000	0.701080	2.89
0.497	0.003	4.117518	0.962402	0.000000	0.701080	2.89
0.497	0.004	4.117518	0.962402	0.000000	0.701080	2.89
0.497	0.005	4.117518	0.962402	0.000000	0.701080	2.89
0.498	0.001	4.101223	0.966045	0.000000	0.699970	2.87
0.498	0.002	4.101223	0.966045	0.000000	0.699970	2.87
0.498	0.003	4.101223	0.966045	0.000000	0.699970	2.87
0.498	0.004	4.101223	0.966045	0.000000	0.699970	2.87
0.498	0.005	4.101223	0.966045	0.000000	0.699970	2.87
0.499	0.001	4.087954	0.969040	0.000000	0.699060	2.86
0.499	0.002	4.087954	0.969040	0.000000	0.699060	2.86
0.499	0.003	4.087954	0.969040	0.000000	0.699060	2.86
0.499	0.004	4.087954	0.969040	0.000000	0.699060	2.86
0.499	0.005	4.087954	0.969040	0.000000	0.699060	2.86
0.500	0.001	4.080484	0.971149	0.000000	0.698549	2.85
0.500	0.002	4.080484	0.971149	0.000000	0.698549	2.85
0.500	0.003	4.080484	0.971149	0.000000	0.698549	2.85
0.500	0.004	4.080484	0.971149	0.000000	0.698549	2.85
0.500	0.005	4.080484	0.971149	0.000000	0.698549	2.85
0.501	0.001	4.077887	0.971816	0.000000	0.698372	2.85
0.501	0.002	4.077887	0.971816	0.000000	0.698372	2.85
0.501	0.003	4.077887	0.971816	0.000000	0.698372	2.85
0.501	0.004	4.077887	0.971816	0.000000	0.698372	2.85
0.501	0.005	4.077887	0.971816	0.000000	0.698372	2.85
0.502	0.001	4.078888	0.971559	0.000000	0.698441	2.85
0.502	0.002	4.078888	0.971559	0.000000	0.698441	2.85
0.502	0.003	4.078888	0.971559	0.000000	0.698441	2.85
0.502	0.004	4.078888	0.971559	0.000000	0.698441	2.85
0.502	0.005	4.078888	0.971559	0.000000	0.698441	2.85
0.502	0.001	4.079413	0.971329	0.000000	0.698476	2.85
0.502	0.002	4.079413	0.971329	0.000000	0.698476	2.85
0.502	0.003	4.079413	0.971329	0.000000	0.698476	2.85
0.502	0.004	4.079413	0.971329	0.000000	0.698476	2.85
0.502	0.005	4.079413	0.971329	0.000000	0.698476	2.85
0.504	0.001	4.073883	0.972567	0.000000	0.698097	2.84
0.504	0.002	4.073883	0.972567	0.000000	0.698097	2.84
0.504	0.003	4.073883	0.972567	0.000000	0.698097	2.84
0.504	0.004	4.073883	0.972567	0.000000	0.698097	2.84
0.504	0.005	4.073883	0.972567	0.000000	0.698097	2.84
0.505	0.001	4.070391	0.973530	0.000000	0.697858	2.84
0.505	0.002	4.070391	0.973530	0.000000	0.697858	2.84
0.505	0.003	4.070391	0.973530	0.000000	0.697858	2.84
0.505	0.004	4.070391	0.973530	0.000000	0.697858	2.84
0.505	0.005	4.070391	0.973530	0.000000	0.697858	2.84
0.506	0.001	4.070111	0.973680	0.000000	0.697837	2.84
0.506	0.002	4.070111	0.973680	0.000000	0.697837	2.84
0.506	0.003	4.070111	0.973680	0.000000	0.697837	2.84
0.506	0.004	4.070111	0.973680	0.000000	0.697837	2.84
0.506	0.005	4.070111	0.973680	0.000000	0.697837	2.84
0.507	0.001	4.070743	0.973534	0.000000	0.697880	2.84
0.507	0.002	4.070743	0.973534	0.000000	0.697880	2.84
0.507	0.003	4.070743	0.973534	0.000000	0.697880	2.84
0.507	0.004	4.070743	0.973534	0.000000	0.697880	2.84
0.507	0.005	4.070743	0.973534	0.000000	0.697880	2.84
0.508	0.001	4.072228	0.973208	0.000000	0.697981	2.84
0.508	0.002	4.072228	0.973208	0.000000	0.697981	2.84
0.508	0.003	4.072228	0.973208	0.000000	0.697981	2.84
0.508	0.004	4.072228	0.973208	0.000000	0.697981	2.84
0.508	0.005	4.072228	0.973208	0.000000	0.697981	2.84
0.509	0.001	4.072817	0.972942	0.000000	0.698020	2.84
0.509	0.002	4.072817	0.972942	0.000000	0.698020	2.84
0.509	0.003	4.072817	0.972942	0.000000	0.698020	2.84
0.509	0.004	4.072817	0.972942	0.000000	0.698020	2.84
0.509	0.005	4.072817	0.972942	0.000000	0.698020	2.84
0.510	0.001	4.072997	0.972756	0.000000	0.698032	2.84
0.510	0.002	4.072997	0.972756	0.000000	0.698032	2.84
0.510	0.003	4.072997	0.972756	0.000000	0.698032	2.84
0.510	0.004	4.072997	0.972756	0.000000	0.698032	2.84
0.510	0.005	4.072997	0.972756	0.000000	0.698032	2.84
0.511	0.001	4.073268	0.972723	0.000000	0.698049	2.84
0.511	0.002	4.073268	0.972723	0.000000	0.698049	2.84
0.511	0.003	4.073268	0.972723	0.000000	0.698049	2.84
0.511	0.004	4.073268	0.972723	0.000000	0.698049	2.84
0.511	0.005	4.073268	0.972723	0.000000	0.698049	2.84
0.512	0.001	4.073490	0.972765	0.000000	0.698063	2.84
0.512	0.002	4.073490	0.972765	0.000000	0.698063	2.84
0.512	0.003	4.073490	0.972765	0.000000	0.698063	2.84
0.512	0.004	4.073490	0.972765	0.000000	0.698063	2.84
0.512	0.005	4.073490	0.972765	0.000000	0.698063	2.84
0.513	0.001	4.073661	0.972833	0.000000	0.698074	2.84
0.513	0.002	4.073661	0.972833	0.000000	0.698074	2.84
0.513	0.003	4.073661	0.972833	0.000000	0.698074	2.84
0.513	0.004	4.073661	0.972833	0.000000	0.698074	2.84
0.513	0.005	4.073661	0.972833	0.000000	0.698074	2.84
0.514	0.001	4.073680	0.972860	0.000000	0.698075	2.84
0.514	0.002	4.073680	0.972860	0.000000	0.698075	2.84
0.514	0.003	4.073680	0.972860	0.000000	0.698075	2.84
0.514	0.004	4.073680	0.972860	0.000000	0.698075	2.84
0.514	0.005	4.073680	0.972860	0.000000	0.698075	2.84
0.515	0.001	4.073658	0.972842	0.000000	0.698072	2.84
0.515	0.002	4.073658	0.972842	0.000000	0.698072	2.84
0.515	0.003	4.073658	0.972842	0.000000	0.698072	2.84
0.515	0.004	4.073658	0.972842	0.000000	0.698072	2.84
0.515	0.005	4.073658	0.972842	0.000000	0.698072	2.84
0.516	0.001	4.073740	0.972768	0.000000	0.698077	2.84
0.516	0.002	4.073740	0.972768	0.000000	0.698077	2.84
0.516	0.003	4.073740	0.972768	0.000000	0.698077	2.84
0.516	0.004	4.073740	0.972768	0.000000	0.698077	2.84
0.516	0.005	4.073740	0.972768	0.000000	0.698077	2.84
0.516	0.001	4.074185	0.972588	0.000000	0.698107	2.84
0.516	0.002	4.074185	0.972588	0.000000	0.698107	2.84
0.516	0.003	4.074185	0.972588	0.000000	0.698107	2.84
0.516	0.004	4.074185	0.972588	0.000000	0.698107	2.84
0.516	0.005	4.074185	0.972588	0.000000	0.698107	2.84
0.518	0.001	4.074879	0.972332	0.000000	0.698154	2.84
0.518	0.002	4.074879	0.972332	0.000000	0.698154	2.84
0.518	0.003	4.074879	0.972332	0.000000	0.698154	2.84
0.518	0.004	4.074879	0.972332	0.000000	0.698154	2.84
0.518	0.005	4.074879	0.972332	0.000000	0.698154	2.84
0.519	0.001	4.075547	0.972186	0.000000	0.698198	2.85
0.519	0.002	4.075547	0.972186	0.000000	0.698198	2.85
0.519	0.003	4.075547	0.972186	0.000000	0.698198	2.85
0.519	0.004	4.075547	0.972186	0.000000	0.698198	2.85
0.519	0.005	4.075547	0.972186	0.000000	0.698198	2.85
0.520	0.001	4.076268	0.972151	0.000000	0.698247	2.85
0.520	0.002	4.076268	0.972151	0.000000	0.698247	2.85
0.520	0.003	4.076268	0.972151	0.000000	0.698247	2.85
0.520	0.004	4.076268	0.972151	0.000000	0.698247	2.85
0.520	0.005	4.076268	0.972151	0.000000	0.698247	2.85
0.521	0.001	4.076755	0.972137	0.000000	0.698280	2.85
0.521	0.002	4.076755	0.972137	0.000000	0.698280	2.85
0.521	0.003	4.076755	0.972137	0.000000	0.698280	2.85
0.521	0.004	4.076755	0.972137	0.000000	0.698280	2.85
0.521	0.005	4.076755	0.972137	0.000000	0.698280	2.85
0.522	0.001	4.076899	0.972093	0.000000	0.698289	2.85
0.522	0.002	4.076899	0.972093	0.000000	0.698289	2.85
0.522	0.003	4.076899	0.972093	0.000000	0.698289	2.85
0.522	0.004	4.076899	0.972093	0.000000	0.698289	2.85
0.522	0.005	4.076899	0.972093	0.000000	0.698289	2.85
0.523	0.001	4.076813	0.972022	0.000000	0.698283	2.85
0.523	0.002	4.076813	0.972022	0.000000	0.698283	2.85
0.523	0.003	4.076813	0.972022	0.000000	0.698283	2.85
0.523	0.004	4.076813	0.972022	0.000000	0.698283	2.85
0.523	0.005	4.076813	0.972022	0.000000	0.698283	2.85
0.524	0.001	4.076775	0.971948	0.000000	0.698280	2.85
0.524	0.002	4.076775	0.971948	0.000000	0.698280	2.85
0.524	0.003	4.076775	0.971948	0.000000	0.698280	2.85
0.524	0.004	4.076775	0.971948	0.000000	0.698280	2.85
0.524	0.005	4.076775	0.971948	0.000000	0.698280	2.85
0.525	0.001	4.076889	0.971869	0.000000	0.698287	2.85
0.525	0.002	4.076889	0.971869	0.000000	0.698287	2.85
0.525	0.003	4.076889	0.971869	0.000000	0.698287	2.85
0.525	0.004	4.076889	0.971869	0.000000	0.698287	2.85
0.525	0.005	4.076889	0.971869	0.000000	0.698287	2.85
0.525	0.001	4.077179	0.971808	0.000000	0.698306	2.85
0.525	0.002	4.077179	0.971808	0.000000	0.698306	2.85
0.525	0.003	4.077179	0.971808	0.000000	0.698306	2.85
0.525	0.004	4.077179	0.971808	0.000000	0.698306	2.85
0.525	0.005	4.077179	0.971808	0.000000	0.698306	2.85
0.527	0.001	4.077614	0.971792	0.000000	0.698335	2.85
0.527	0.002	4.077614	0.971792	0.000000	0.698335	2.85
0.527	0.003	4.077614	0.971792	0.000000	0.698335	2.85
0.527	0.004	4.077614	0.971792	0.000000	0.698335	2.85
0.527	0.005	4.077614	0.971792	0.000000	0.698335	2.85
0.528	0.001	4.078042	0.971785	0.000000	0.698363	2.85
0.528	0.002	4.078042	0.971785	0.000000	0.698363	2.85
0.528	0.003	4.078042	0.971785	0.000000	0.698363	2.85
0.528	0.004	4.078042	0.971785	0.000000	0.698363	2.85
0.528	0.005	4.078042	0.971785	0.000000	0.698363	2.85
0.529	0.001	4.078329	0.971752	0.000000	0.698381	2.85
0.529	0.002	4.078329	0.971752	0.000000	0.698381	2.85
0.529	0.003	4.078329	0.971752	0.000000	0.698381	2.85
0.529	0.004	4.078329	0.971752	0.000000	0.698381	2.85
0.529	0.005	4.078329	0.971752	0.000000	0.698381	2.85
0.530	0.001	4.078392	0.971674	0.000000	0.698385	2.85
0.530	0.002	4.078392	0.971674	0.000000	0.698385	2.85
0.530	0.003	4.078392	0.971674	0.000000	0.698385	2.85
0.530	0.004	4.078392	0.971674	0.000000	0.698385	2.85
0.530	0.005	4.078392	0.971674	0.000000	0.698385	2.85
0.531	0.001	4.078325	0.971581	0.000000	0.698379	2.85
0.531	0.002	4.078325	0.971581	0.000000	0.698379	2.85
0.531	0.003	4.078325	0.971581	0.000000	0.698379	2.85
0.531	0.004	4.078325	0.971581	0.000000	0.698379	2.85
0.531	0.005	4.078325	0.971581	0.000000	0.698379	2.85
0.532	0.001	4.078349	0.971539	0.000000	0.698379	2.85
0.532	0.002	4.078349	0.971539	0.000000	0.698379	2.85
0.532	0.003	4.078349	0.971539	0.000000	0.698379	2.85
0.532	0.004	4.078349	0.971539	0.000000	0.698379	2.85
0.532	0.005	4.078349	0.971539	0.000000	0.698379	2.85
0.533	0.001	4.078491	0.971548	0.000000	0.698386	2.85
0.533	0.002	4.078491	0.971548	0.000000	0.698386	2.85
0.533	0.003	4.078491	0.971548	0.000000	0.698386	2.85
0.533	0.004	4.078491	0.971548	0.000000	0.698386	2.85
0.533	0.005	4.078491	0.971548	0.000000	0.698386	2.85
0.534	0.001	4.078720	0.971587	0.000000	0.698401	2.85
0.534	0.002	4.078720	0.971587	0.000000	0.698401	2.85
0.534	0.003	4.078720	0.971587	0.000000	0.698401	2.85
0.534	0.004	4.078720	0.971587	0.000000	0.698401	2.85
0.534	0.005	4.078720	0.971587	0.000000	0.698401	2.85
0.535	0.001	4.078798	0.971599	0.000000	0.698406	2.85
0.535	0.002	4.078798	0.971599	0.000000	0.698406	2.85
0.535	0.003	4.078798	0.971599	0.000000	0.698406	2.85
0.535	0.004	4.078798	0.971599	0.000000	0.698406	2.85
0.535	0.005	4.078798	0.971599	0.000000	0.698406	2.85
0.536	0.001	4.078781	0.971593	0.000000	0.698404	2.85
0.536	0.002	4.078781	0.971593	0.000000	0.698404	2.85
0.536	0.003	4.078781	0.971593	0.000000	0.698404	2.85
0.536	0.004	4.078781	0.971593	0.000000	0.698404	2.85
0.536	0.005	4.078781	0.971593	0.000000	0.698404	2.85
0.537	0.001	4.078648	0.971568	0.000000	0.698394	2.85
0.537	0.002	4.078648	0.971568	0.000000	0.698394	2.85
0.537	0.003	4.078648	0.971568	0.000000	0.698394	2.85
0.537	0.004	4.078648	0.971568	0.000000	0.698394	2.85
0.537	0.005	4.078648	0.971568	0.000000	0.698394	2.85
0.538	0.001	4.078488	0.971548	0.000000	0.698381	2.85
0.538	0.002	4.078488	0.971548	0.000000	0.698381	2.85
0.538	0.003	4.078488	0.971548	0.000000	0.698381	2.85
0.538	0.004	4.078488	0.971548	0.000000	0.698381	2.85
0.538	0.005	4.078488	0.971548	0.000000	0.698381	2.85
0.539	0.001	4.078423	0.971553	0.000000	0.698376	2.85
0.539	0.002	4.078423	0.971553	0.000000	0.698376	2.85
0.539	0.003	4.078423	0.971553	0.000000	0.698376	2.85
0.539	0.004	4.078423	0.971553	0.000000	0.698376	2.85
0.539	0.005	4.078423	0.971553	0.000000	0.698376	2.85
0.539	0.001	4.078427	0.971577	0.000000	0.698375	2.85
0.539	0.002	4.078427	0.971577	0.000000	0.698375	2.85
0.539	0.003	4.078427	0.971577	0.000000	0.698375	2.85
0.539	0.004	4.078427	0.971577	0.000000	0.698375	2.85
0.539	0.005	4.078427	0.971577	0.000000	0.698375	2.85
0.541	0.001	4.078512	0.971621	0.000000	0.698380	2.85
0.541	0.002	4.078512	0.971621	0.000000	0.698380	2.85
0.541	0.003	4.078512	0.971621	0.000000	0.698380	2.85
0.541	0.004	4.078512	0.971621	0.000000	0.698380	2.85
0.541	0.005	4.078512	0.971621	0.000000	0.698380	2.85
0.542	0.001	4.078568	0.971653	0.000000	0.698383	2.85
0.542	0.002	4.078568	0.971653	0.000000	0.698383	2.85
0.542	0.003	4.078568	0.971653	0.000000	0.698383	2.85
0.542	0.004	4.078568	0.971653	0.000000	0.698383	2.85
0.542	0.005	4.078568	0.971653	0.000000	0.698383	2.85
0.543	0.001	4.078545	0.971660	0.000000	0.698380	2.85
0.543	0.002	4.078545	0.971660	0.000000	0.698380	2.85
0.543	0.003	4.078545	0.971660	0.000000	0.698380	2.85
0.543	0.004	4.078545	0.971660	0.000000	0.698380	2.85
0.543	0.005	4.078545	0.971660	0.000000	0.698380	2.85
0.544	0.001	4.078466	0.971649	0.000000	0.698374	2.85
0.544	0.002	4.078466	0.971649	0.000000	0.698374	2.85
0.544	0.003	4.078466	0.971649	0.000000	0.698374	2.85
0.544	0.004	4.078466	0.971649	0.000000	0.698374	2.85
0.544	0.005	4.078466	0.971649	0.000000	0.698374	2.85
0.545	0.001	4.078323	0.971622	0.000000	0.698363	2.85
0.545	0.002	4.078323	0.971622	0.000000	0.698363	2.85
0.545	0.003	4.078323	0.971622	0.000000	0.698363	2.85
0.545	0.004	4.078323	0.971622	0.000000	0.698363	2.85
0.545	0.005	4.078323	0.971622	0.000000	0.698363	2.85
0.546	0.001	4.078277	0.971614	0.000000	0.698359	2.85
0.546	0.002	4.078277	0.971614	0.000000	0.698359	2.85
0.546	0.003	4.078277	0.971614	0.000000	0.698359	2.85
0.546	0.004	4.078277	0.971614	0.000000	0.698359	2.85
0.546	0.005	4.078277	0.971614	0.000000	0.698359	2.85
0.547	0.001	4.078286	0.971617	0.000000	0.698359	2.85
0.547	0.002	4.078286	0.971617	0.000000	0.698359	2.85
0.547	0.003	4.078286	0.971617	0.000000	0.698359	2.85
0.547	0.004	4.078286	0.971617	0.000000	0.698359	2.85
0.547	0.005	4.078286	0.971617	0.000000	0.698359	2.85
0.548	0.001	4.078326	0.971635	0.000000	0.698361	2.85
0.548	0.002	4.078326	0.971635	0.000000	0.698361	2.85
0.548	0.003	4.078326	0.971635	0.000000	0.698361	2.85
0.548	0.004	4.078326	0.971635	0.000000	0.698361	2.85
0.548	0.005	4.078326	0.971635	0.000000	0.698361	2.85
0.549	0.001	4.078354	0.971663	0.000000	0.698362	2.85
0.549	0.002	4.078354	0.971663	0.000000	0.698362	2.85
0.549	0.003	4.078354	0.971663	0.000000	0.698362	2.85
0.549	0.004	4.078354	0.971663	0.000000	0.698362	2.85
0.549	0.005	4.078354	0.971663	0.000000	0.698362	2.85
0.550	0.001	4.078345	0.971687	0.000000	0.698361	2.85
0.550	0.002	4.078345	0.971687	0.000000	0.698361	2.85
0.550	0.003	4.078345	0.971687	0.000000	0.698361	2.85
0.550	0.004	4.078345	0.971687	0.000000	0.698361	2.85
0.550	0.005	4.078345	0.971687	0.000000	0.698361	2.85
0.551	0.001	4.078284	0.971700	0.000000	0.698355	2.85
0.551	0.002	4.078284	0.971700	0.000000	0.698355	2.85
0.551	0.003	4.078284	0.971700	0.000000	0.698355	2.85
0.551	0.004	4.078284	0.971700	0.000000	0.698355	2.85
0.551	0.005	4.078284	0.971700	0.000000	0.698355	2.85
0.552	0.001	4.078184	0.971695	0.000000	0.698347	2.85
0.552	0.002	4.078184	0.971695	0.000000	0.698347	2.85
0.552	0.003	4.078184	0.971695	0.000000	0.698347	2.85
0.552	0.004	4.078184	0.971695	0.000000	0.698347	2.85
0.552	0.005	4.078184	0.971695	0.000000	0.698347	2.85
0.553	0.001	4.078108	0.971687	0.000000	0.698341	2.85
0.553	0.002	4.078108	0.971687	0.000000	0.698341	2.85
0.553	0.003	4.078108	0.971687	0.000000	0.698341	2.85
0.553	0.004	4.078108	0.971687	0.000000	0.698341	2.85
0.553	0.005	4.078108	0.971687	0.000000	0.698341	2.85
0.553	0.001	4.078097	0.971689	0.000000	0.698340	2.85
0.553	0.002	4.078097	0.971689	0.000000	0.698340	2.85
0.553	0.003	4.078097	0.971689	0.000000	0.698340	2.85
0.553	0.004	4.078097	0.971689	0.000000	0.698340	2.85
0.553	0.005	4.078097	0.971689	0.000000	0.698340	2.85
0.555	0.001	4.078136	0.971694	0.000000	0.698342	2.85
0.555	0.002	4.078136	0.971694	0.000000	0.698342	2.85
0.555	0.003	4.078136	0.971694	0.000000	0.698342	2.85
0.555	0.004	4.078136	0.971694	0.000000	0.698342	2.85
0.555	0.005	4.078136	0.971694	0.000000	0.698342	2.85
0.556	0.001	4.078212	0.971701	0.000000	0.698345	2.85
0.556	0.002	4.078212	0.971701	0.000000	0.698345	2.85
0.556	0.003	4.078212	0.971701	0.000000	0.698345	2.85
0.556	0.004	4.078212	0.971701	0.000000	0.698345	2.85
0.556	0.005	4.078212	0.971701	0.000000	0.698345	2.85
0.557	0.001	4.078270	0.971699	0.000000	0.698348	2.85
0.557	0.002	4.078270	0.971699	0.000000	0.698348	2.85
0.557	0.003	4.078270	0.971699	0.000000	0.698348	2.85
0.557	0.004	4.078270	0.971699	0.000000	0.698348	2.85
0.557	0.005	4.078270	0.971699	0.000000	0.698348	2.85
0.558	0.001	4.078337	0.971684	0.000000	0.698351	2.85
0.558	0.002	4.078337	0.971684	0.000000	0.698351	2.85
0.558	0.003	4.078337	0.971684	0.000000	0.698351	2.85
0.558	0.004	4.078337	0.971684	0.000000	0.698351	2.85
0.558	0.005	4.078337	0.971684	0.000000	0.698351	2.85
0.559	0.001	4.078391	0.971659	0.000000	0.698354	2.85
0.559	0.002	4.078391	0.971659	0.000000	0.698354	2.85
0.559	0.003	4.078391	0.971659	0.000000	0.698354	2.85
0.559	0.004	4.078391	0.971659	0.000000	0.698354	2.85
0.559	0.005	4.078391	0.971659	0.000000	0.698354	2.85
0.560	0.001	4.078405	0.971628	0.000000	0.698353	2.85
0.560	0.002	4.078405	0.971628	0.000000	0.698353	2.85
0.560	0.003	4.078405	0.971628	0.000000	0.698353	2.85
0.560	0.004	4.078405	0.971628	0.000000	0.698353	2.85
0.560	0.005	4.078405	0.971628	0.000000	0.698353	2.85
0.561	0.001	4.078436	0.971614	0.000000	0.698354	2.85
0.561	0.002	4.078436	0.971614	0.000000	0.698354	2.85
0.561	0.003	4.078436	0.971614	0.000000	0.698354	2.85
0.561	0.004	4.078436	0.971614	0.000000	0.698354	2.85
0.561	0.005	4.078436	0.971614	0.000000	0.698354	2.85
0.562	0.001	4.078485	0.971619	0.000000	0.698355	2.85
0.562	0.002	4.078485	0.971619	0.000000	0.698355	2.85
0.562	0.003	4.078485	0.971619	0.000000	0.698355	2.85
0.562	0.004	4.078485	0.971619	0.000000	0.698355	2.85
0.562	0.005	4.078485	0.971619	0.000000	0.698355	2.85
0.562	0.001	4.078528	0.971633	0.000000	0.698357	2.85
0.562	0.002	4.078528	0.971633	0.000000	0.698357	2.85
0.562	0.003	4.078528	0.971633	0.000000	0.698357	2.85
0.562	0.004	4.078528	0.971633	0.000000	0.698357	2.85
0.562	0.005	4.078528	0.971633	0.000000	0.698357	2.85
0.564	0.001	4.078540	0.971641	0.000000	0.698357	2.85
0.564	0.002	4.078540	0.971641	0.000000	0.698357	2.85
0.564	0.003	4.078540	0.971641	0.000000	0.698357	2.85
0.564	0.004	4.078540	0.971641	0.000000	0.698357	2.85
0.564	0.005	4.078540	0.971641	0.000000	0.698357	2.85
0.565	0.001	4.078529	0.971644	0.000000	0.698355	2.85
0.565	0.002	4.078529	0.971644	0.000000	0.698355	2.85
0.565	0.003	4.078529	0.971644	0.000000	0.698355	2.85
0.565	0.004	4.078529	0.971644	0.000000	0.698355	2.85
0.565	0.005	4.078529	0.971644	0.000000	0.698355	2.85
0.566	0.001	4.078491	0.971639	0.000000	0.698350	2.85
0.566	0.002	4.078491	0.971639	0.000000	0.698350	2.85
0.566	0.003	4.078491	0.971639	0.000000	0.698350	2.85
0.566	0.004	4.078491	0.971639	0.000000	0.698350	2.85
0.566	0.005	4.078491	0.971639	0.000000	0.698350	2.85
0.567	0.001	4.078451	0.971633	0.000000	0.698346	2.85
0.567	0.002	4.078451	0.971633	0.000000	0.698346	2.85
0.567	0.003	4.078451	0.971633	0.000000	0.698346	2.85
0.567	0.004	4.078451	0.971633	0.000000	0.698346	2.85
0.567	0.005	4.078451	0.971633	0.000000	0.698346	2.85
0.568	0.001	4.078444	0.971633	0.000000	0.698345	2.85
0.568	0.002	4.078444	0.971633	0.000000	0.698345	2.85
0.568	0.003	4.078444	0.971633	0.000000	0.698345	2.85
0.568	0.004	4.078444	0.971633	0.000000	0.698345	2.85
0.568	0.005	4.078444	0.971633	0.000000	0.698345	2.85
0.569	0.001	4.078460	0.971637	0.000000	0.698344	2.85
0.569	0.002	4.078460	0.971637	0.000000	0.698344	2.85
0.569	0.003	4.078460	0.971637	0.000000	0.698344	2.85
0.569	0.004	4.078460	0.971637	0.000000	0.698344	2.85
0.569	0.005	4.078460	0.971637	0.000000	0.698344	2.85
0.570	0.001	4.078504	0.971641	0.000000	0.698345	2.85
0.570	0.002	4.078504	0.971641	0.000000	0.698345	2.85
0.570	0.003	4.078504	0.971641	0.000000	0.698345	2.85
0.570	0.004	4.078504	0.971641	0.000000	0.698345	2.85
0.570	0.005	4.078504	0.971641	0.000000	0.698345	2.85
0.571	0.001	4.078540	0.971641	0.000000	0.698347	2.85
0.571	0.002	4.078540	0.971641	0.000000	0.698347	2.85
0.571	0.003	4.078540	0.971641	0.000000	0.698347	2.85
0.571	0.004	4.078540	0.971641	0.000000	0.698347	2.85
0.571	0.005	4.078540	0.971641	0.000000	0.698347	2.85
0.572	0.001	4.078539	0.971639	0.000000	0.698346	2.85
0.572	0.002	4.078539	0.971639	0.000000	0.698346	2.85
0.572	0.003	4.078539	0.971639	0.000000	0.698346	2.85
0.572	0.004	4.078539	0.971639	0.000000	0.698346	2.85
0.572	0.005	4.078539	0.971639	0.000000	0.698346	2.85
0.573	0.001	4.078515	0.971636	0.000000	0.698342	2.85
0.573	0.002	4.078515	0.971636	0.000000	0.698342	2.85
0.573	0.003	4.078515	0.971636	0.000000	0.698342	2.85
0.573	0.004	4.078515	0.971636	0.000000	0.698342	2.85
0.573	0.005	4.078515	0.971636	0.000000	0.698342	2.85
0.574	0.001	4.078479	0.971637	0.000000	0.698338	2.85
0.574	0.002	4.078479	0.971637	0.000000	0.698338	2.85
0.574	0.003	4.078479	0.971637	0.000000	0.698338	2.85
0.574	0.004	4.078479	0.971637	0.000000	0.698338	2.85
0.574	0.005	4.078479	0.971637	0.000000	0.698338	2.85
0.575	0.001	4.078411	0.971650	0.000000	0.698332	2.85
0.575	0.002	4.078411	0.971650	0.000000	0.698332	2.85
0.575	0.003	4.078411	0.971650	0.000000	0.698332	2.85
0.575	0.004	4.078411	0.971650	0.000000	0.698332	2.85
0.575	0.005	4.078411	0.971650	0.000000	0.698332	2.85
0.576	0.001	4.078334	0.971667	0.000000	0.698326	2.85
0.576	0.002	4.078334	0.971667	0.000000	0.698326	2.85
0.576	0.003	4.078334	0.971667	0.000000	0.698326	2.85
0.576	0.004	4.078334	0.971667	0.000000	0.698326	2.85
0.576	0.005	4.078334	0.971667	0.000000	0.698326	2.85
0.576	0.001	4.078315	0.971689	0.000000	0.698324	2.85
0.576	0.002	4.078315	0.971689	0.000000	0.698324	2.85
0.576	0.003	4.078315	0.971689	0.000000	0.698324	2.85
0.576	0.004	4.078315	0.971689	0.000000	0.698324	2.85
0.576	0.005	4.078315	0.971689	0.000000	0.698324	2.85
0.578	0.001	4.078317	0.971709	0.000000	0.698322	2.85
0.578	0.002	4.078317	0.971709	0.000000	0.698322	2.85
0.578	0.003	4.078317	0.971709	0.000000	0.698322	2.85
0.578	0.004	4.078317	0.971709	0.000000	0.698322	2.85
0.578	0.005	4.078317	0.971709	0.000000	0.698322	2.85
0.579	0.001	4.078308	0.971722	0.000000	0.698320	2.85
0.579	0.002	4.078308	0.971722	0.000000	0.698320	2.85
0.579	0.003	4.078308	0.971722	0.000000	0.698320	2.85
0.579	0.004	4.078308	0.971722	0.000000	0.698320	2.85
0.579	0.005	4.078308	0.971722	0.000000	0.698320	2.85
0.580	0.001	4.078282	0.971720	0.000000	0.698316	2.85
0.580	0.002	4.078282	0.971720	0.000000	0.698316	2.85
0.580	0.003	4.078282	0.971720	0.000000	0.698316	2.85
0.580	0.004	4.078282	0.971720	0.000000	0.698316	2.85
0.580	0.005	4.078282	0.971720	0.000000	0.698316	2.85
0.581	0.001	4.078253	0.971711	0.000000	0.698312	2.85
0.581	0.002	4.078253	0.971711	0.000000	0.698312	2.85
0.581	0.003	4.078253	0.971711	0.000000	0.698312	2.85
0.581	0.004	4.078253	0.971711	0.000000	0.698312	2.85
0.581	0.005	4.078253	0.971711	0.000000	0.698312	2.85
0.582	0.001	4.078254	0.971702	0.000000	0.698311	2.85
0.582	0.002	4.078254	0.971702	0.000000	0.698311	2.85
0.582	0.003	4.078254	0.971702	0.000000	0.698311	2.85
0.582	0.004	4.078254	0.971702	0.000000	0.698311	2.85
0.582	0.005	4.078254	0.971702	0.000000	0.698311	2.85
0.583	0.001	4.078298	0.971689	0.000000	0.698312	2.85
0.583	0.002	4.078298	0.971689	0.000000	0.698312	2.85
0.583	0.003	4.078298	0.971689	0.000000	0.698312	2.85
0.583	0.004	4.078298	0.971689	0.000000	0.698312	2.85
0.583	0.005	4.078298	0.971689	0.000000	0.698312	2.85
0.584	0.001	4.078396	0.971668	0.000000	0.698317	2.85
0.584	0.002	4.078396	0.971668	0.000000	0.698317	2.85
0.584	0.003	4.078396	0.971668	0.000000	0.698317	2.85
0.584	0.004	4.078396	0.971668	0.000000	0.698317	2.85
0.584	0.005	4.078396	0.971668	0.000000	0.698317	2.85
0.585	0.001	4.078515	0.971658	0.000000	0.698323	2.85
0.585	0.002	4.078515	0.971658	0.000000	0.698323	2.85
0.585	0.003	4.078515	0.971658	0.000000	0.698323	2.85
0.585	0.004	4.078515	0.971658	0.000000	0.698323	2.85
0.585	0.005	4.078515	0.971658	0.000000	0.698323	2.85
0.586	0.001	4.078597	0.971654	0.000000	0.698326	2.85
0.586	0.002	4.078597	0.971654	0.000000	0.698326	2.85
0.586	0.003	4.078597	0.971654	0.000000	0.698326	2.85
0.586	0.004	4.078597	0.971654	0.000000	0.698326	2.85
0.586	0.005	4.078597	0.971654	0.000000	0.698326	2.85
0.587	0.001	4.078609	0.971646	0.000000	0.698326	2.85
0.587	0.002	4.078609	0.971646	0.000000	0.698326	2.85
0.587	0.003	4.078609	0.971646	0.000000	0.698326	2.85
0.587	0.004	4.078609	0.971646	0.000000	0.698326	2.85
0.587	0.005	4.078609	0.971646	0.000000	0.698326	2.85
0.588	0.001	4.078598	0.971636	0.000000	0.698323	2.85
0.588	0.002	4.078598	0.971636	0.000000	0.698323	2.85
0.588	0.003	4.078598	0.971636	0.000000	0.698323	2.85
0.588	0.004	4.078598	0.971636	0.000000	0.698323	2.85
0.588	0.005	4.078598	0.971636	0.000000	0.698323	2.85
0.589	0.001	4.078595	0.971632	0.000000	0.698321	2.85
0.589	0.002	4.078595	0.971632	0.000000	0.698321	2.85
0.589	0.003	4.078595	0.971632	0.000000	0.698321	2.85
0.589	0.004	4.078595	0.971632	0.000000	0.698321	2.85
0.589	0.005	4.078595	0.971632	0.000000	0.698321	2.85
0.590	0.001	4.078613	0.971630	0.000000	0.698321	2.85
0.590	0.002	4.078613	0.971630	0.000000	0.698321	2.85
0.590	0.003	4.078613	0.971630	0.000000	0.698321	2.85
0.590	0.004	4.078613	0.971630	0.000000	0.698321	2.85
0.590	0.005	4.078613	0.971630	0.000000	0.698321	2.85
0.591	0.001	4.078645	0.971631	0.000000	0.698322	2.85
0.591	0.002	4.078645	0.971631	0.000000	0.698322	2.85
0.591	0.003	4.078645	0.971631	0.000000	0.698322	2.85
0.591	0.004	4.078645	0.971631	0.000000	0.698322	2.85
0.591	0.005	4.078645	0.971631	0.000000	0.698322	2.85
0.592	0.001	4.078694	0.971634	0.000000	0.698324	2.85
0.592	0.002	4.078694	0.971634	0.000000	0.698324	2.85
0.592	0.003	4.078694	0.971634	0.000000	0.698324	2.85
0.592	0.004	4.078694	0.971634	0.000000	0.698324	2.85
0.592	0.005	4.078694	0.971634	0.000000	0.698324	2.85
0.593	0.001	4.078718	0.971635	0.000000	0.698324	2.85
0.593	0.002	4.078718	0.971635	0.000000	0.698324	2.85
0.593	0.003	4.078718	0.971635	0.000000	0.698324	2.85
0.593	0.004	4.078718	0.971635	0.000000	0.698324	2.85
0.593	0.005	4.078718	0.971635	0.000000	0.698324	2.85
0.594	0.001	4.078728	0.971633	0.000000	0.698323	2.85
0.594	0.002	4.078728	0.971633	0.000000	0.698323	2.85
0.594	0.003	4.078728	0.971633	0.000000	0.698323	2.85
0.594	0.004	4.078728	0.971633	0.000000	0.698323	2.85
0.594	0.005	4.078728	0.971633	0.000000	0.698323	2.85
0.595	0.001	4.078729	0.971627	0.000000	0.698320	2.85
0.595	0.002	4.078729	0.971627	0.000000	0.698320	2.85
0.595	0.003	4.078729	0.971627	0.000000	0.698320	2.85
0.595	0.004	4.078729	0.971627	0.000000	0.698320	2.85
0.595	0.005	4.078729	0.971627	0.000000	0.698320	2.85
0.596	0.001	4.078726	0.971621	0.000000	0.698318	2.85
0.596	0.002	4.078726	0.971621	0.000000	0.698318	2.85
0.596	0.003	4.078726	0.971621	0.000000	0.698318	2.85
0.596	0.004	4.078726	0.971621	0.000000	0.698318	2.85
0.596	0.005	4.078726	0.971621	0.000000	0.698318	2.85
0.597	0.001	4.078741	0.971620	0.000000	0.698317	2.85
0.597	0.002	4.078741	0.971620	0.000000	0.698317	2.85
0.597	0.003	4.078741	0.971620	0.000000	0.698317	2.85
0.597	0.004	4.078741	0.971620	0.000000	0.698317	2.85
0.597	0.005	4.078741	0.971620	0.000000	0.698317	2.85
0.598	0.001	4.078737	0.971625	0.000000	0.698314	2.85
0.598	0.002	4.078737	0.971625	0.000000	0.698314	2.85
0.598	0.003	4.078737	0.971625	0.000000	0.698314	2.85
0.598	0.004	4.078737	0.971625	0.000000	0.698314	2.85
0.598	0.005	4.078737	0.971625	0.000000	0.698314	2.85
0.599	0.001	4.078723	0.971634	0.000000	0.698311	2.85
0.599	0.002	4.078723	0.971634	0.000000	0.698311	2.85
0.599	0.003	4.078723	0.971634	0.000000	0.698311	2.85
0.599	0.004	4.078723	0.971634	0.000000	0.698311	2.85
0.599	0.005	4.078723	0.971634	0.000000	0.698311	2.85
0.600	0.001	4.078670	0.971651	0.000000	0.698304	2.85
0.600	0.002	4.078670	0.971651	0.000000	0.698304	2.85
0.600	0.003	4.078670	0.971651	0.000000	0.698304	2.85
0.600	0.004	4.078670	0.971651	0.000000	0.698304	2.85
0.600	0.005	4.078670	0.971651	0.000000	0.698304	2.85
0.601	0.001	4.078594	0.971672	0.000000	0.698296	2.85
0.601	0.002	4.078594	0.971672	0.000000	0.698296	2.85
0.601	0.003	4.078594	0.971672	0.000000	0.698296	2.85
0.601	0.004	4.078594	0.971672	0.000000	0.698296	2.85
0.601	0.005	4.078594	0.971672	0.000000	0.698296	2.85
0.602	0.001	4.078515	0.971680	0.000000	0.698289	2.85
0.602	0.002	4.078515	0.971680	0.000000	0.698289	2.85
0.602	0.003	4.078515	0.971680	0.000000	0.698289	2.85
0.602	0.004	4.078515	0.971680	0.000000	0.698289	2.85
0.602	0.005	4.078515	0.971680	0.000000	0.698289	2.85
0.603	0.001	4.078470	0.971687	0.000000	0.698283	2.85
0.603	0.002	4.078470	0.971687	0.000000	0.698283	2.85
0.603	0.003	4.078470	0.971687	0.000000	0.698283	2.85
0.603	0.004	4.078470	0.971687	0.000000	0.698283	2.85
0.603	0.005	4.078470	0.971687	0.000000	0.698283	2.85
0.604	0.001	4.078457	0.971697	0.000000	0.698279	2.85
0.604	0.002	4.078457	0.971697	0.000000	0.698279	2.85
0.604	0.003	4.078457	0.971697	0.000000	0.698279	2.85
0.604	0.004	4.078457	0.971697	0.000000	0.698279	2.85
0.604	0.005	4.078457	0.971697	0.000000	0.698279	2.85
0.605	0.001	4.078479	0.971709	0.000000	0.698279	2.85
0.605	0.002	4.078479	0.971709	0.000000	0.698279	2.85
0.605	0.003	4.078479	0.971709	0.000000	0.698279	2.85
0.605	0.004	4.078479	0.971709	0.000000	0.698279	2.85
0.605	0.005	4.078479	0.971709	0.000000	0.698279	2.85
0.606	0.001	4.078514	0.971711	0.000000	0.698277	2.85
0.606	0.002	4.078514	0.971711	0.000000	0.698277	2.85
0.606	0.003	4.078514	0.971711	0.000000	0.698277	2.85
0.606	0.004	4.078514	0.971711	0.000000	0.698277	2.85
0.606	0.005	4.078514	0.971711	0.000000	0.698277	2.85
0.607	0.001	4.078565	0.971705	0.000000	0.698279	2.85
0.607	0.002	4.078565	0.971705	0.000000	0.698279	2.85
0.607	0.003	4.078565	0.971705	0.000000	0.698279	2.85
0.607	0.004	4.078565	0.971705	0.000000	0.698279	2.85
0.607	0.005	4.078565	0.971705	0.000000	0.698279	2.85
0.608	0.001	4.078627	0.971689	0.000000	0.698281	2.85
0.608	0.002	4.078627	0.971689	0.000000	0.698281	2.85
0.608	0.003	4.078627	0.971689	0.000000	0.698281	2.85
0.608	0.004	4.078627	0.971689	0.000000	0.698281	2.85
0.608	0.005	4.078627	0.971689	0.000000	0.698281	2.85
0.609	0.001	4.078681	0.971669	0.000000	0.698283	2.85
0.609	0.002	4.078681	0.971669	0.000000	0.698283	2.85
0.609	0.003	4.078681	0.971669	0.000000	0.698283	2.85
0.609	0.004	4.078681	0.971669	0.000000	0.698283	2.85
0.609	0.005	4.078681	0.971669	0.000000	0.698283	2.85
0.610	0.001	4.078712	0.971649	0.000000	0.698283	2.85
0.610	0.002	4.078712	0.971649	0.000000	0.698283	2.85
0.610	0.003	4.078712	0.971649	0.000000	0.698283	2.85
0.610	0.004	4.078712	0.971649	0.000000	0.698283	2.85
0.610	0.005	4.078712	0.971649	0.000000	0.698283	2.85
0.611	0.001	4.078757	0.971640	0.000000	0.698283	2.85
0.611	0.002	4.078757	0.971640	0.000000	0.698283	2.85
0.611	0.003	4.078757	0.971640	0.000000	0.698283	2.85
0.611	0.004	4.078757	0.971640	0.000000	0.698283	2.85
0.611	0.005	4.078757	0.971640	0.000000	0.698283	2.85
0.612	0.001	4.078809	0.971642	0.000000	0.698283	2.85
0.612	0.002	4.078809	0.971642	0.000000	0.698283	2.85
0.612	0.003	4.078809	0.971642	0.000000	0.698283	2.85
0.612	0.004	4.078809	0.971642	0.000000	0.698283	2.85
0.612	0.005	4.078809	0.971642	0.000000	0.698283	2.85
0.613	0.001	4.078832	0.971643	0.000000	0.698283	2.85
0.613	0.002	4.078832	0.971643	0.000000	0.698283	2.85
0.613	0.003	4.078832	0.971643	0.000000	0.698283	2.85
0.613	0.004	4.078832	0.971643	0.000000	0.698283	2.85
0.613	0.005	4.078832	0.971643	0.000000	0.698283	2.85
0.614	0.001	4.078850	0.971642	0.000000	0.698281	2.85
0.614	0.002	4.078850	0.971642	0.000000	0.698281	2.85
0.614	0.003	4.078850	0.971642	0.000000	0.698281	2.85
0.614	0.004	4.078850	0.971642	0.000000	0.698281	2.85
0.614	0.005	4.078850	0.971642	0.000000	0.698281	2.85
0.615	0.001	4.078861	0.971639	0.000000	0.698279	2.85
0.615	0.002	4.078861	0.971639	0.000000	0.698279	2.85
0.615	0.003	4.078861	0.971639	0.000000	0.698279	2.85
0.615	0.004	4.078861	0.971639	0.000000	0.698279	2.85
0.615	0.005	4.078861	0.971639	0.000000	0.698279	2.85
0.616	0.001	4.078865	0.971639	0.000000	0.698276	2.85
0.616	0.002	4.078865	0.971639	0.000000	0.698276	2.85
0.616	0.003	4.078865	0.971639	0.000000	0.698276	2.85
0.616	0.004	4.078865	0.971639	0.000000	0.698276	2.85
0.616	0.005	4.078865	0.971639	0.000000	0.698276	2.85
0.617	0.001	4.078890	0.971637	0.000000	0.698275	2.85
0.617	0.002	4.078890	0.971637	0.000000	0.698275	2.85
0.617	0.003	4.078890	0.971637	0.000000	0.698275	2.85
0.617	0.004	4.078890	0.971637	0.000000	0.698275	2.85
0.617	0.005	4.078890	0.971637	0.000000	0.698275	2.85
0.618	0.001	4.078933	0.971634	0.000000	0.698275	2.85
0.618	0.002	4.078933	0.971634	0.000000	0.698275	2.85
0.618	0.003	4.078933	0.971634	0.000000	0.698275	2.85
0.618	0.004	4.078933	0.971634	0.000000	0.698275	2.85
0.618	0.005	4.078933	0.971634	0.000000	0.698275	2.85
0.619	0.001	4.078978	0.971634	0.000000	0.698275	2.85
0.619	0.002	4.078978	0.971634	0.000000	0.698275	2.85
0.619	0.003	4.078978	0.971634	0.000000	0.698275	2.85
0.619	0.004	4.078978	0.971634	0.000000	0.698275	2.85
0.619	0.005	4.078978	0.971634	0.000000	0.698275	2.85
0.620	0.001	4.078991	0.971634	0.000000	0.698273	2.85
0.620	0.002	4.078991	0.971634	0.000000	0.698273	2.85
0.620	0.003	4.078991	0.971634	0.000000	0.698273	2.85
0.620	0.004	4.078991	0.971634	0.000000	0.698273	2.85
0.620	0.005	4.078991	0.971634	0.000000	0.698273	2.85
0.621	0.001	4.078993	0.971631	0.000000	0.698271	2.85
0.621	0.002	4.078993	0.971631	0.000000	0.698271	2.85
0.621	0.003	4.078993	0.971631	0.000000	0.698271	2.85
0.621	0.004	4.078993	0.971631	0.000000	0.698271	2.85
0.621	0.005	4.078993	0.971631	0.000000	0.698271	2.85
0.622	0.001	4.078982	0.971630	0.000000	0.698267	2.85
0.622	0.002	4.078982	0.971630	0.000000	0.698267	2.85
0.622	0.003	4.078982	0.971630	0.000000	0.698267	2.85
0.622	0.004	4.078982	0.971630	0.000000	0.698267	2.85
0.622	0.005	4.078982	0.971630	0.000000	0.698267	2.85
0.623	0.001	4.078931	0.971639	0.000000	0.698260	2.85
0.623	0.002	4.078931	0.971639	0.000000	0.698260	2.85
0.623	0.003	4.078931	0.971639	0.000000	0.698260	2.85
0.623	0.004	4.078931	0.971639	0.000000	0.698260	2.85
0.623	0.005	4.078931	0.971639	0.000000	0.698260	2.85
0.624	0.001	4.078869	0.971653	0.000000	0.698253	2.85
0.624	0.002	4.078869	0.971653	0.000000	0.698253	2.85
0.624	0.003	4.078869	0.971653	0.000000	0.698253	2.85
0.624	0.004	4.078869	0.971653	0.000000	0.698253	2.85
0.624	0.005	4.078869	0.971653	0.000000	0.698253	2.85
0.625	0.001	4.078822	0.971667	0.000000	0.698247	2.85
0.625	0.002	4.078822	0.971667	0.000000	0.698247	2.85
0.625	0.003	4.078822	0.971667	0.000000	0.698247	2.85
0.625	0.004	4.078822	0.971667	0.000000	0.698247	2.85
0.625	0.005	4.078822	0.971667	0.000000	0.698247	2.85
0.626	0.001	4.078801	0.971685	0.000000	0.698242	2.85
0.626	0.002	4.078801	0.971685	0.000000	0.698242	2.85
0.626	0.003	4.078801	0.971685	0.000000	0.698242	2.85
0.626	0.004	4.078801	0.971685	0.000000	0.698242	2.85
0.626	0.005	4.078801	0.971685	0.000000	0.698242	2.85
0.627	0.001	4.078790	0.971702	0.000000	0.698238	2.85
0.627	0.002	4.078790	0.971702	0.000000	0.698238	2.85
0.627	0.003	4.078790	0.971702	0.000000	0.698238	2.85
0.627	0.004	4.078790	0.971702	0.000000	0.698238	2.85
0.627	0.005	4.078790	0.971702	0.000000	0.698238	2.85
0.628	0.001	4.078778	0.971703	0.000000	0.698233	2.85
0.628	0.002	4.078778	0.971703	0.000000	0.698233	2.85
0.628	0.003	4.078778	0.971703	0.000000	0.698233	2.85
0.628	0.004	4.078778	0.971703	0.000000	0.698233	2.85
0.628	0.005	4.078778	0.971703	0.000000	0.698233	2.85
0.629	0.001	4.078780	0.971700	0.000000	0.698229	2.85
0.629	0.002	4.078780	0.971700	0.000000	0.698229	2.85
0.629	0.003	4.078780	0.971700	0.000000	0.698229	2.85
0.629	0.004	4.078780	0.971700	0.000000	0.698229	2.85
0.629	0.005	4.078780	0.971700	0.000000	0.698229	2.85
0.630	0.001	4.078798	0.971692	0.000000	0.698227	2.85
0.630	0.002	4.078798	0.971692	0.000000	0.698227	2.85
0.630	0.003	4.078798	0.971692	0.000000	0.698227	2.85
0.630	0.004	4.078798	0.971692	0.000000	0.698227	2.85
0.630	0.005	4.078798	0.971692	0.000000	0.698227	2.85
0.631	0.001	4.078850	0.971681	0.000000	0.698227	2.85
0.631	0.002	4.078850	0.971681	0.000000	0.698227	2.85
0.631	0.003	4.078850	0.971681	0.000000	0.698227	2.85
0.631	0.004	4.078850	0.971681	0.000000	0.698227	2.85
0.631	0.005	4.078850	0.971681	0.000000	0.698227	2.85
0.632	0.001	4.078940	0.971666	0.000000	0.698229	2.85
0.632	0.002	4.078940	0.971666	0.000000	0.698229	2.85
0.632	0.003	4.078940	0.971666	0.000000	0.698229	2.85
0.632	0.004	4.078940	0.971666	0.000000	0.698229	2.85
0.632	0.005	4.078940	0.971666	0.000000	0.698229	2.85
0.633	0.001	4.079049	0.971655	0.000000	0.698231	2.85
0.633	0.002	4.079049	0.971655	0.000000	0.698231	2.85
0.633	0.003	4.079049	0.971655	0.000000	0.698231	2.85
0.633	0.004	4.079049	0.971655	0.000000	0.698231	2.85
0.633	0.005	4.079049	0.971655	0.000000	0.698231	2.85
0.634	0.001	4.079139	0.971652	0.000000	0.698232	2.85
0.634	0.002	4.079139	0.971652	0.000000	0.698232	2.85
0.634	0.003	4.079139	0.971652	0.000000	0.698232	2.85
0.634	0.004	4.079139	0.971652	0.000000	0.698232	2.85
0.634	0.005	4.079139	0.971652	0.000000	0.698232	2.85
0.635	0.001	4.079171	0.971649	0.000000	0.698232	2.85
0.635	0.002	4.079171	0.971649	0.000000	0.698232	2.85
0.635	0.003	4.079171	0.971649	0.000000	0.698232	2.85
0.635	0.004	4.079171	0.971649	0.000000	0.698232	2.85
0.635	0.005	4.079171	0.971649	0.000000	0.698232	2.85
0.636	0.001	4.079177	0.971643	0.000000	0.698230	2.85
0.636	0.002	4.079177	0.971643	0.000000	0.698230	2.85
0.636	0.003	4.079177	0.971643	0.000000	0.698230	2.85
0.636	0.004	4.079177	0.971643	0.000000	0.698230	2.85
0.636	0.005	4.079177	0.971643	0.000000	0.698230	2.85
0.637	0.001	4.079173	0.971635	0.000000	0.698224	2.85
0.637	0.002	4.079173	0.971635	0.000000	0.698224	2.85
0.637	0.003	4.079173	0.971635	0.000000	0.698224	2.85
0.637	0.004	4.079173	0.971635	0.000000	0.698224	2.85
0.637	0.005	4.079173	0.971635	0.000000	0.698224	2.85
0.638	0.001	4.079173	0.971631	0.000000	0.698219	2.85
0.638	0.002	4.079173	0.971631	0.000000	0.698219	2.85
0.638	0.003	4.079173	0.971631	0.000000	0.698219	2.85
0.638	0.004	4.079173	0.971631	0.000000	0.698219	2.85
0.638	0.005	4.079173	0.971631	0.000000	0.698219	2.85
0.639	0.001	4.079191	0.971631	0.000000	0.698216	2.85
0.639	0.002	4.079191	0.971631	0.000000	0.698216	2.85
0.639	0.003	4.079191	0.971631	0.000000	0.698216	2.85
0.639	0.004	4.079191	0.971631	0.000000	0.698216	2.85
0.639	0.005	4.079191	0.971631	0.000000	0.698216	2.85
0.640	0.001	4.079237	0.971629	0.000000	0.698214	2.85
0.640	0.002	4.079237	0.971629	0.000000	0.698214	2.85
0.640	0.003	4.079237	0.971629	0.000000	0.698214	2.85
0.640	0.004	4.079237	0.971629	0.000000	0.698214	2.85
0.640	0.005	4.079237	0.971629	0.000000	0.698214	2.85
0.641	0.001	4.079285	0.971631	0.000000	0.698212	2.85
0.641	0.002	4.079285	0.971631	0.000000	0.698212	2.85
0.641	0.003	4.079285	0.971631	0.000000	0.698212	2.85
0.641	0.004	4.079285	0.971631	0.000000	0.698212	2.85
0.641	0.005	4.079285	0.971631	0.000000	0.698212	2.85
0.642	0.001	4.079320	0.971632	0.000000	0.698210	2.85
0.642	0.002	4.079320	0.971632	0.000000	0.698210	2.85
0.642	0.003	4.079320	0.971632	0.000000	0.698210	2.85
0.642	0.004	4.079320	0.971632	0.000000	0.698210	2.85
0.642	0.005	4.079320	0.971632	0.000000	0.698210	2.85
0.643	0.001	4.079350	0.971629	0.000000	0.698207	2.85
0.643	0.002	4.079350	0.971629	0.000000	0.698207	2.85
0.643	0.003	4.079350	0.971629	0.000000	0.698207	2.85
0.643	0.004	4.079350	0.971629	0.000000	0.698207	2.85
0.643	0.005	4.079350	0.971629	0.000000	0.698207	2.85
0.644	0.001	4.079381	0.971625	0.000000	0.698203	2.85
0.644	0.002	4.079381	0.971625	0.000000	0.698203	2.85
0.644	0.003	4.079381	0.971625	0.000000	0.698203	2.85
0.644	0.004	4.079381	0.971625	0.000000	0.698203	2.85
0.644	0.005	4.079381	0.971625	0.000000	0.698203	2.85
0.645	0.001	4.079370	0.971630	0.000000	0.698197	2.85
0.645	0.002	4.079370	0.971630	0.000000	0.698197	2.85
0.645	0.003	4.079370	0.971630	0.000000	0.698197	2.85
0.645	0.004	4.079370	0.971630	0.000000	0.698197	2.85
0.645	0.005	4.079370	0.971630	0.000000	0.698197	2.85
0.646	0.001	4.079349	0.971639	0.000000	0.698190	2.85
0.646	0.002	4.079349	0.971639	0.000000	0.698190	2.85
0.646	0.003	4.079349	0.971639	0.000000	0.698190	2.85
0.646	0.004	4.079349	0.971639	0.000000	0.698190	2.85
0.646	0.005	4.079349	0.971639	0.000000	0.698190	2.85
0.647	0.001	4.079319	0.971654	0.000000	0.698182	2.85
0.647	0.002	4.079319	0.971654	0.000000	0.698182	2.85
0.647	0.003	4.079319	0.971654	0.000000	0.698182	2.85
0.647	0.004	4.079319	0.971654	0.000000	0.698182	2.85
0.647	0.005	4.079319	0.971654	0.000000	0.698182	2.85
0.648	0.001	4.079290	0.971671	0.000000	0.698175	2.85
0.648	0.002	4.079290	0.971671	0.000000	0.698175	2.85
0.648	0.003	4.079290	0.971671	0.000000	0.698175	2.85
0.648	0.004	4.079290	0.971671	0.000000	0.698175	2.85
0.648	0.005	4.079290	0.971671	0.000000	0.698175	2.85
0.649	0.001	4.079260	0.971693	0.000000	0.698167	2.85
0.649	0.002	4.079260	0.971693	0.000000	0.698167	2.85
0.649	0.003	4.079260	0.971693	0.000000	0.698167	2.85
0.649	0.004	4.079260	0.971693	0.000000	0.698167	2.85
0.649	0.005	4.079260	0.971693	0.000000	0.698167	2.85
0.650	0.001	4.079246	0.971705	0.000000	0.698160	2.85
0.650	0.002	4.079246	0.971705	0.000000	0.698160	2.85
0.650	0.003	4.079246	0.971705	0.000000	0.698160	2.85
0.650	0.004	4.079246	0.971705	0.000000	0.698160	2.85
0.650	0.005	4.079246	0.971705	0.000000	0.698160	2.85
0.651	0.001	4.079223	0.971706	0.000000	0.698151	2.85
0.651	0.002	4.079223	0.971706	0.000000	0.698151	2.85
0.651	0.003	4.079223	0.971706	0.000000	0.698151	2.85
0.651	0.004	4.079223	0.971706	0.000000	0.698151	2.85
0.651	0.005	4.079223	0.971706	0.000000	0.698151	2.85
0.652	0.001	4.079224	0.971703	0.000000	0.698145	2.85
0.652	0.002	4.079224	0.971703	0.000000	0.698145	2.85
0.652	0.003	4.079224	0.971703	0.000000	0.698145	2.85
0.652	0.004	4.079224	0.971703	0.000000	0.698145	2.85
0.652	0.005	4.079224	0.971703	0.000000	0.698145	2.85
0.653	0.001	4.079249	0.971696	0.000000	0.698140	2.85
0.653	0.002	4.079249	0.971696	0.000000	0.698140	2.85
0.653	0.003	4.079249	0.971696	0.000000	0.698140	2.85
0.653	0.004	4.079249	0.971696	0.000000	0.698140	2.85
0.653	0.005	4.079249	0.971696	0.000000	0.698140	2.85
0.654	0.001	4.079317	0.971685	0.000000	0.698138	2.85
0.654	0.002	4.079317	0.971685	0.000000	0.698138	2.85
0.654	0.003	4.079317	0.971685	0.000000	0.698138	2.85
0.654	0.004	4.079317	0.971685	0.000000	0.698138	2.85
0.654	0.005	4.079317	0.971685	0.000000	0.698138	2.85
0.655	0.001	4.079427	0.971669	0.000000	0.698139	2.85
0.655	0.002	4.079427	0.971669	0.000000	0.698139	2.85
0.655	0.003	4.079427	0.971669	0.000000	0.698139	2.85
0.655	0.004	4.079427	0.971669	0.000000	0.698139	2.85
0.655	0.005	4.079427	0.971669	0.000000	0.698139	2.85
0.656	0.001	4.079538	0.971661	0.000000	0.698139	2.85
0.656	0.002	4.079538	0.971661	0.000000	0.698139	2.85
0.656	0.003	4.079538	0.971661	0.000000	0.698139	2.85
0.656	0.004	4.079538	0.971661	0.000000	0.698139	2.85
0.656	0.005	4.079538	0.971661	0.000000	0.698139	2.85
0.657	0.001	4.079628	0.971653	0.000000	0.698138	2.85
0.657	0.002	4.079628	0.971653	0.000000	0.698138	2.85
0.657	0.003	4.079628	0.971653	0.000000	0.698138	2.85
0.657	0.004	4.079628	0.971653	0.000000	0.698138	2.85
0.657	0.005	4.079628	0.971653	0.000000	0.698138	2.85
0.658	0.001	4.079685	0.971644	0.000000	0.698136	2.85
0.658	0.002	4.079685	0.971644	0.000000	0.698136	2.85
0.658	0.003	4.079685	0.971644	0.000000	0.698136	2.85
0.658	0.004	4.079685	0.971644	0.000000	0.698136	2.85
0.658	0.005	4.079685	0.971644	0.000000	0.698136	2.85
0.659	0.001	4.079713	0.971635	0.000000	0.698131	2.85
0.659	0.002	4.079713	0.971635	0.000000	0.698131	2.85
0.659	0.003	4.079713	0.971635	0.000000	0.698131	2.85
0.659	0.004	4.079713	0.971635	0.000000	0.698131	2.85
0.659	0.005	4.079713	0.971635	0.000000	0.698131	2.85
0.660	0.001	4.079737	0.971633	0.000000	0.698122	2.85
0.660	0.002	4.079737	0.971633	0.000000	0.698122	2.85
0.660	0.003	4.079737	0.971633	0.000000	0.698122	2.85
0.660	0.004	4.079737	0.971633	0.000000	0.698122	2.85
0.660	0.005	4.079737	0.971633	0.000000	0.698122	2.85
0.661	0.001	4.079767	0.971634	0.000000	0.698115	2.85
0.661	0.002	4.079767	0.971634	0.000000	0.698115	2.85
0.661	0.003	4.079767	0.971634	0.000000	0.698115	2.85
0.661	0.004	4.079767	0.971634	0.000000	0.698115	2.85
0.661	0.005	4.079767	0.971634	0.000000	0.698115	2.85
0.662	0.001	4.079823	0.971632	0.000000	0.698112	2.85
0.662	0.002	4.079823	0.971632	0.000000	0.698112	2.85
0.662	0.003	4.079823	0.971632	0.000000	0.698112	2.85
0.662	0.004	4.079823	0.971632	0.000000	0.698112	2.85
0.662	0.005	4.079823	0.971632	0.000000	0.698112	2.85
0.663	0.001	4.079904	0.971632	0.000000	0.698107	2.85
0.663	0.002	4.079904	0.971632	0.000000	0.698107	2.85
0.663	0.003	4.079904	0.971632	0.000000	0.698107	2.85
0.663	0.004	4.079904	0.971632	0.000000	0.698107	2.85
0.663	0.005	4.079904	0.971632	0.000000	0.698107	2.85
0.664	0.001	4.079961	0.971635	0.000000	0.698102	2.85
0.664	0.002	4.079961	0.971635	0.000000	0.698102	2.85
0.664	0.003	4.079961	0.971635	0.000000	0.698102	2.85
0.664	0.004	4.079961	0.971635	0.000000	0.698102	2.85
0.664	0.005	4.079961	0.971635	0.000000	0.698102	2.85
0.665	0.001	4.080017	0.971634	0.000000	0.698097	2.85
0.665	0.002	4.080017	0.971634	0.000000	0.698097	2.85
0.665	0.003	4.080017	0.971634	0.000000	0.698097	2.85
0.665	0.004	4.080017	0.971634	0.000000	0.698097	2.85
0.665	0.005	4.080017	0.971634	0.000000	0.698097	2.85
0.666	0.001	4.080060	0.971626	0.000000	0.698092	2.85
0.666	0.002	4.080060	0.971626	0.000000	0.698092	2.85
0.666	0.003	4.080060	0.971626	0.000000	0.698092	2.85
0.666	0.004	4.080060	0.971626	0.000000	0.698092	2.85
0.666	0.005	4.080060	0.971626	0.000000	0.698092	2.85
0.667	0.001	4.080074	0.971621	0.000000	0.698084	2.85
0.667	0.002	4.080074	0.971621	0.000000	0.698084	2.85
0.667	0.003	4.080074	0.971621	0.000000	0.698084	2.85
0.667	0.004	4.080074	0.971621	0.000000	0.698084	2.85
0.667	0.005	4.080074	0.971621	0.000000	0.698084	2.85
0.668	0.001	4.080074	0.971623	0.000000	0.698074	2.85
0.668	0.002	4.080074	0.971623	0.000000	0.698074	2.85
0.668	0.003	4.080074	0.971623	0.000000	0.698074	2.85
0.668	0.004	4.080074	0.971623	0.000000	0.698074	2.85
0.668	0.005	4.080074	0.971623	0.000000	0.698074	2.85
0.669	0.001	4.080064	0.971632	0.000000	0.698062	2.85
0.669	0.002	4.080064	0.971632	0.000000	0.698062	2.85
0.669	0.003	4.080064	0.971632	0.000000	0.698062	2.85
0.669	0.004	4.080064	0.971632	0.000000	0.698062	2.85
0.669	0.005	4.080064	0.971632	0.000000	0.698062	2.85
0.670	0.001	4.080076	0.971644	0.000000	0.698050	2.85
0.670	0.002	4.080076	0.971644	0.000000	0.698050	2.85
0.670	0.003	4.080076	0.971644	0.000000	0.698050	2.85
0.670	0.004	4.080076	0.971644	0.000000	0.698050	2.85
0.670	0.005	4.080076	0.971644	0.000000	0.698050	2.85
0.671	0.001	4.080067	0.971665	0.000000	0.698038	2.85
0.671	0.002	4.080067	0.971665	0.000000	0.698038	2.85
0.671	0.003	4.080067	0.971665	0.000000	0.698038	2.85
0.671	0.004	4.080067	0.971665	0.000000	0.698038	2.85
0.671	0.005	4.080067	0.971665	0.000000	0.698038	2.85
0.672	0.001	4.080058	0.971683	0.000000	0.698025	2.85
0.672	0.002	4.080058	0.971683	0.000000	0.698025	2.85
0.672	0.003	4.080058	0.971683	0.000000	0.698025	2.85
0.672	0.004	4.080058	0.971683	0.000000	0.698025	2.85
0.672	0.005	4.080058	0.971683	0.000000	0.698025	2.85
0.673	0.001	4.080038	0.971698	0.000000	0.698019	2.85
0.673	0.002	4.080038	0.971698	0.000000	0.698019	2.85
0.673	0.003	4.080038	0.971698	0.000000	0.698019	2.85
0.673	0.004	4.080038	0.971698	0.000000	0.698019	2.85
0.673	0.005	4.080038	0.971698	0.000000	0.698019	2.85
0.674	0.001	4.080009	0.971702	0.000000	0.698019	2.85
0.674	0.002	4.080009	0.971702	0.000000	0.698019	2.85
0.674	0.003	4.080009	0.971702	0.000000	0.698019	2.85
0.674	0.004	4.080009	0.971702	0.000000	0.698019	2.85
0.674	0.005	4.080009	0.971702	0.000000	0.698019	2.85
0.675	0.001	4.079971	0.971704	0.000000	0.698021	2.85
0.675	0.002	4.079971	0.971704	0.000000	0.698021	2.85
0.675	0.003	4.079971	0.971704	0.000000	0.698021	2.85
0.675	0.004	4.079971	0.971704	0.000000	0.698021	2.85
0.675	0.005	4.079971	0.971704	0.000000	0.698021	2.85
0.676	0.001	4.079951	0.971699	0.000000	0.698029	2.85
0.676	0.002	4.079951	0.971699	0.000000	0.698029	2.85
0.676	0.003	4.079951	0.971699	0.000000	0.698029	2.85
0.676	0.004	4.079951	0.971699	0.000000	0.698029	2.85
0.676	0.005	4.079951	0.971699	0.000000	0.698029	2.85
0.677	0.001	4.079933	0.971684	0.000000	0.698047	2.85
0.677	0.002	4.079933	0.971684	0.000000	0.698047	2.85
0.677	0.003	4.079933	0.971684	0.000000	0.698047	2.85
0.677	0.004	4.079933	0.971684	0.000000	0.698047	2.85
0.677	0.005	4.079933	0.971684	0.000000	0.698047	2.85
0.678	0.001	4.079855	0.971667	0.000000	0.698076	2.85
0.678	0.002	4.079855	0.971667	0.000000	0.698076	2.85
0.678	0.003	4.079855	0.971667	0.000000	0.698076	2.85
0.678	0.004	4.079855	0.971667	0.000000	0.698076	2.85
0.678	0.005	4.079855	0.971667	0.000000	0.698076	2.85
0.679	0.001	4.079648	0.971656	0.000000	0.698124	2.85
0.679	0.002	4.079648	0.971656	0.000000	0.698124	2.85
0.679	0.003	4.079648	0.971656	0.000000	0.698124	2.85
0.679	0.004	4.079648	0.971656	0.000000	0.698124	2.85
0.679	0.005	4.079648	0.971656	0.000000	0.698124	2.85
0.680	0.001	4.079240	0.971648	0.000000	0.698202	2.85
0.680	0.002	4.079240	0.971648	0.000000	0.698202	2.85
0.680	0.003	4.079240	0.971648	0.000000	0.698202	2.85
0.680	0.004	4.079240	0.971648	0.000000	0.698202	2.85
0.680	0.005	4.079240	0.971648	0.000000	0.698202	2.85
0.681	0.001	4.078532	0.971637	0.000000	0.698329	2.85
0.681	0.002	4.078532	0.971637	0.000000	0.698329	2.85
0.681	0.003	4.078532	0.971637	0.000000	0.698329	2.85
0.681	0.004	4.078532	0.971637	0.000000	0.698329	2.85
0.681	0.005	4.078532	0.971637	0.000000	0.698329	2.85
0.682	0.001	4.077346	0.971634	0.000000	0.698534	2.85
0.682	0.002	4.077346	0.971634	0.000000	0.698534	2.85
0.682	0.003	4.077346	0.971634	0.000000	0.698534	2.85
0.682	0.004	4.077346	0.971634	0.000000	0.698534	2.85
0.682	0.005	4.077346	0.971634	0.000000	0.698534	2.85
0.683	0.001	4.075453	0.971634	0.000000	0.698859	2.85
0.683	0.002	4.075453	0.971634	0.000000	0.698859	2.85
0.683	0.003	4.075453	0.971634	0.000000	0.698859	2.85
0.683	0.004	4.075453	0.971634	0.000000	0.698859	2.85
0.683	0.005	4.075453	0.971634	0.000000	0.698859	2.85
0.684	0.001	4.072483	0.971637	0.000000	0.699369	2.85
0.684	0.002	4.072483	0.971637	0.000000	0.699369	2.85
0.684	0.003	4.072483	0.971637	0.000000	0.699369	2.85
0.684	0.004	4.072483	0.971637	0.000000	0.699369	2.85
0.684	0.005	4.072483	0.971637	0.000000	0.699369	2.85
0.685	0.001	4.067919	0.971632	0.000000	0.700161	2.85
0.685	0.002	4.067919	0.971632	0.000000	0.700161	2.85
0.685	0.003	4.067919	0.971632	0.000000	0.700161	2.85
0.685	0.004	4.067919	0.971632	0.000000	0.700161	2.85
0.685	0.005	4.067919	0.971632	0.000000	0.700161	2.85
0.686	0.001	4.060946	0.971635	0.000000	0.701367	2.85
0.686	0.002	4.060946	0.971635	0.000000	0.701367	2.85
0.686	0.003	4.060946	0.971635	0.000000	0.701367	2.85
0.686	0.004	4.060946	0.971635	0.000000	0.701367	2.85
0.686	0.005	4.060946	0.971635	0.000000	0.701367	2.85
0.687	0.001	4.050477	0.971633	0.000000	0.703185	2.85
0.687	0.002	4.050477	0.971633	0.000000	0.703185	2.85
0.687	0.003	4.050477	0.971633	0.000000	0.703185	2.85
0.687	0.004	4.050477	0.971633	0.000000	0.703185	2.85
0.687	0.005	4.050477	0.971633	0.000000	0.703185	2.85
0.688	0.001	4.034980	0.971634	0.000000	0.705890	2.85
0.688	0.002	4.034980	0.971634	0.000000	0.705890	2.85
0.688	0.003	4.034980	0.971634	0.000000	0.705890	2.85
0.688	0.004	4.034980	0.971634	0.000000	0.705890	2.85
0.688	0.005	4.034980	0.971634	0.000000	0.705890	2.85
0.689	0.001	4.012413	0.971633	0.000000	0.709867	2.85
0.689	0.002	4.012413	0.971633	0.000000	0.709867	2.85
0.689	0.003	4.012413	0.971633	0.000000	0.709867	2.85
0.689	0.004	4.012413	0.971633	0.000000	0.709867	2.85
0.689	0.005	4.012413	0.971633	0.000000	0.709867	2.85
0.690	0.001	3.980025	0.971646	0.000000	0.715648	2.85
0.690	0.002	3.980025	0.971646	0.000000	0.715648	2.85
0.690	0.003	3.980025	0.971646	0.000000	0.715648	2.85
0.690	0.004	3.980025	0.971646	0.000000	0.715648	2.85
0.690	0.005	3.980025	0.971646	0.000000	0.715648	2.85
0.691	0.001	3.934357	0.971673	0.000000	0.723966	2.85
0.691	0.002	3.934357	0.971673	0.000000	0.723966	2.85
0.691	0.003	3.934357	0.971673	0.000000	0.723966	2.85
0.691	0.004	3.934357	0.971673	0.000000	0.723966	2.85
0.691	0.005	3.934357	0.971673	0.000000	0.723966	2.85
0.692	0.001	3.871129	0.971727	0.000000	0.735822	2.85
0.692	0.002	3.871129	0.971727	0.000000	0.735822	2.85
0.692	0.003	3.871129	0.971727	0.000000	0.735822	2.85
0.692	0.004	3.871129	0.971727	0.000000	0.735822	2.85
0.692	0.005	3.871129	0.971727	0.000000	0.735822	2.85
0.693	0.001	3.785278	0.971824	0.000000	0.752580	2.85
0.693	0.002	3.785278	0.971824	0.000000	0.752580	2.85
0.693	0.003	3.785278	0.971824	0.000000	0.752580	2.85
0.693	0.004	3.785278	0.971824	0.000000	0.752580	2.85
0.693	0.005	3.785278	0.971824	0.000000	0.752580	2.85
0.694	0.001	3.671205	0.971998	0.000000	0.776100	2.85
0.694	0.002	3.671205	0.971998	0.000000	0.776100	2.85
0.694	0.003	3.671205	0.971998	0.000000	0.776100	2.85
0.694	0.004	3.671205	0.971998	0.000000	0.776100	2.85
0.694	0.005	3.671205	0.971998	0.000000	0.776100	2.85
0.695	0.001	3.523278	0.972299	0.000000	0.808945	2.85
0.695	0.002	3.523278	0.972299	0.000000	0.808945	2.85
0.695	0.003	3.523278	0.972299	0.000000	0.808945	2.85
0.695	0.004	3.523278	0.972299	0.000000	0.808945	2.85
0.695	0.005	3.523278	0.972299	0.000000	0.808945	2.85
0.696	0.001	3.336656	0.972804	0.000000	0.854680	2.85
0.696	0.002	3.336656	0.972804	0.000000	0.854680	2.85
0.696	0.003	3.336656	0.972804	0.000000	0.854680	2.85
0.696	0.004	3.336656	0.972804	0.000000	0.854680	2.85
0.696	0.005	3.336656	0.972804	0.000000	0.854680	2.85
0.697	0.001	3.108798	0.973834	0.000000	0.918386	2.86
0.697	0.002	3.108798	0.973834	0.000000	0.918386	2.86
0.697	0.003	3.108798	0.973834	0.000000	0.918386	2.86
0.697	0.004	3.108798	0.973834	0.000000	0.918386	2.86
0.697	0.005	3.108798	0.973834	0.000000	0.918386	2.86
0.698	0.001	2.836989	0.973878	0.000000	1.006863	2.86
0.698	0.002	2.836989	0.973878	0.000000	1.006863	2.86
0.698	0.003	2.836989	0.973878	0.000000	1.006863	2.86
0.698	0.004	2.836989	0.973878	0.000000	1.006863	2.86
0.698	0.005	2.836989	0.973878	0.000000	1.006863	2.86
0.699	0.001	2.537884	0.970117	0.000000	1.120859	2.84
0.699	0.002	2.537884	0.970117	0.000000	1.120859	2.84
0.699	0.003	2.537884	0.970117	0.000000	1.120859	2.84
0.699	0.004	2.537884	0.970117	0.000000	1.120859	2.84
0.699	0.005	2.537884	0.970117	0.000000	1.120859	2.84
0.700	0.001	2.335996	0.970988	0.000000	1.218556	2.85
0.700	0.002	2.335996	0.970988	0.000000	1.218556	2.85
0.700	0.003	2.335996	0.970988	0.000000	1.218556	2.85
0.700	0.004	2.335996	0.970988	0.000000	1.218556	2.85
0.700	0.005	2.335996	0.970988	0.000000	1.218556	2.85
0.701	0.001	2.215601	0.971450	0.000000	1.285257	2.85
0.701	0.002	2.215601	0.971450	0.000000	1.285257	2.85
0.701	0.003	2.215601	0.971450	0.000000	1.285257	2.85
0.701	0.004	2.215601	0.971450	0.000000	1.285257	2.85
0.701	0.005	2.215601	0.971450	0.000000	1.285257	2.85
0.702	0.001	2.143195	0.971580	0.000000	1.328807	2.85
0.702	0.002	2.143195	0.971580	0.000000	1.328807	2.85
0.702	0.003	2.143195	0.971580	0.000000	1.328807	2.85
0.702	0.004	2.143195	0.971580	0.000000	1.328807	2.85
0.702	0.005	2.143195	0.971580	0.000000	1.328807	2.85
0.703	0.001	2.099910	0.971599	0.000000	1.356221	2.85
0.703	0.002	2.099910	0.971599	0.000000	1.356221	2.85
0.703	0.003	2.099910	0.971599	0.000000	1.356221	2.85
0.703	0.004	2.099910	0.971599	0.000000	1.356221	2.85
0.703	0.005	2.099910	0.971599	0.000000	1.356221	2.85
0.704	0.001	2.074374	0.971595	0.000000	1.372926	2.85
0.704	0.002	2.074374	0.971595	0.000000	1.372926	2.85
0.704	0.003	2.074374	0.971595	0.000000	1.372926	2.85
0.704	0.004	2.074374	0.971595	0.000000	1.372926	2.85
0.704	0.005	2.074374	0.971595	0.000000	1.372926	2.85
0.705	0.001	2.059605	0.971597	0.000000	1.382791	2.85
0.705	0.002	2.059605	0.971597	0.000000	1.382791	2.85
0.705	0.003	2.059605	0.971597	0.000000	1.382791	2.85
0.705	0.004	2.059605	0.971597	0.000000	1.382791	2.85
0.705	0.005	2.059605	0.971597	0.000000	1.382791	2.85
0.706	0.001	2.051301	0.971609	0.000000	1.388420	2.85
0.706	0.002	2.051301	0.971609	0.000000	1.388420	2.85
0.706	0.003	2.051301	0.971609	0.000000	1.388420	2.85
0.706	0.004	2.051301	0.971609	0.000000	1.388420	2.85
0.706	0.005	2.051301	0.971609	0.000000	1.388420	2.85
0.707	0.001	2.046818	0.971636	0.000000	1.391504	2.85
0.707	0.002	2.046818	0.971636	0.000000	1.391504	2.85
0.707	0.003	2.046818	0.971636	0.000000	1.391504	2.85
0.707	0.004	2.046818	0.971636	0.000000	1.391504	2.85
0.707	0.005	2.046818	0.971636	0.000000	1.391504	2.85
0.708	0.001	2.044551	0.971674	0.000000	1.393103	2.85
0.708	0.002	2.044551	0.971674	0.000000	1.393103	2.85
0.708	0.003	2.044551	0.971674	0.000000	1.393103	2.85
0.708	0.004	2.044551	0.971674	0.000000	1.393103	2.85
0.708	0.005	2.044551	0.971674	0.000000	1.393103	2.85
0.709	0.001	2.043482	0.971692	0.000000	1.393855	2.85
0.709	0.002	2.043482	0.971692	0.000000	1.393855	2.85
0.709	0.003	2.043482	0.971692	0.000000	1.393855	2.85
0.709	0.004	2.043482	0.971692	0.000000	1.393855	2.85
0.709	0.005	2.043482	0.971692	0.000000	1.393855	2.85
0.710	0.001	2.043028	0.971678	0.000000	1.394152	2.85
0.710	0.002	2.043028	0.971678	0.000000	1.394152	2.85
0.710	0.003	2.043028	0.971678	0.000000	1.394152	2.85
0.710	0.004	2.043028	0.971678	0.000000	1.394152	2.85
0.710	0.005	2.043028	0.971678	0.000000	1.394152	2.85
0.711	0.001	2.042841	0.971629	0.000000	1.394219	2.85
0.711	0.002	2.042841	0.971629	0.000000	1.394219	2.85
0.711	0.003	2.042841	0.971629	0.000000	1.394219	2.85
0.711	0.004	2.042841	0.971629	0.000000	1.394219	2.85
0.711	0.005	2.042841	0.971629	0.000000	1.394219	2.85
0.712	0.001	2.042803	0.971605	0.000000	1.394215	2.85
0.712	0.002	2.042803	0.971605	0.000000	1.394215	2.85
0.712	0.003	2.042803	0.971605	0.000000	1.394215	2.85
0.712	0.004	2.042803	0.971605	0.000000	1.394215	2.85
0.712	0.005	2.042803	0.971605	0.000000	1.394215	2.85
0.713	0.001	2.042848	0.971597	0.000000	1.394176	2.85
0.713	0.002	2.042848	0.971597	0.000000	1.394176	2.85
0.713	0.003	2.042848	0.971597	0.000000	1.394176	2.85
0.713	0.004	2.042848	0.971597	0.000000	1.394176	2.85
0.713	0.005	2.042848	0.971597	0.000000	1.394176	2.85
0.714	0.001	2.043015	0.971595	0.000000	1.394067	2.85
0.714	0.002	2.043015	0.971595	0.000000	1.394067	2.85
0.714	0.003	2.043015	0.971595	0.000000	1.394067	2.85
0.714	0.004	2.043015	0.971595	0.000000	1.394067	2.85
0.714	0.005	2.043015	0.971595	0.000000	1.394067	2.85
0.715	0.001	2.043354	0.971600	0.000000	1.393850	2.85
0.715	0.002	2.043354	0.971600	0.000000	1.393850	2.85
0.715	0.003	2.043354	0.971600	0.000000	1.393850	2.85
0.715	0.004	2.043354	0.971600	0.000000	1.393850	2.85
0.715	0.005	2.043354	0.971600	0.000000	1.393850	2.85
0.716	0.001	2.043892	0.971616	0.000000	1.393512	2.85
0.716	0.002	2.043892	0.971616	0.000000	1.393512	2.85
0.716	0.003	2.043892	0.971616	0.000000	1.393512	2.85
0.716	0.004	2.043892	0.971616	0.000000	1.393512	2.85
0.716	0.005	2.043892	0.971616	0.000000	1.393512	2.85
0.717	0.001	2.044369	0.971641	0.000000	1.393225	2.85
0.717	0.002	2.044369	0.971641	0.000000	1.393225	2.85
0.717	0.003	2.044369	0.971641	0.000000	1.393225	2.85
0.717	0.004	2.044369	0.971641	0.000000	1.393225	2.85
0.717	0.005	2.044369	0.971641	0.000000	1.393225	2.85
0.718	0.001	2.044615	0.971661	0.000000	1.393085	2.85
0.718	0.002	2.044615	0.971661	0.000000	1.393085	2.85
0.718	0.003	2.044615	0.971661	0.000000	1.393085	2.85
0.718	0.004	2.044615	0.971661	0.000000	1.393085	2.85
0.718	0.005	2.044615	0.971661	0.000000	1.393085	2.85
0.719	0.001	2.044714	0.971669	0.000000	1.393019	2.85
0.719	0.002	2.044714	0.971669	0.000000	1.393019	2.85
0.719	0.003	2.044714	0.971669	0.000000	1.393019	2.85
0.719	0.004	2.044714	0.971669	0.000000	1.393019	2.85
0.719	0.005	2.044714	0.971669	0.000000	1.393019	2.85
0.720	0.001	2.044728	0.971656	0.000000	1.392979	2.85
0.720	0.002	2.044728	0.971656	0.000000	1.392979	2.85
0.720	0.003	2.044728	0.971656	0.000000	1.392979	2.85
0.720	0.004	2.044728	0.971656	0.000000	1.392979	2.85
0.720	0.005	2.044728	0.971656	0.000000	1.392979	2.85
0.721	0.001	2.044684	0.971637	0.000000	1.392954	2.85
0.721	0.002	2.044684	0.971637	0.000000	1.392954	2.85
0.721	0.003	2.044684	0.971637	0.000000	1.392954	2.85
0.721	0.004	2.044684	0.971637	0.000000	1.392954	2.85
0.721	0.005	2.044684	0.971637	0.000000	1.392954	2.85
0.722	0.001	2.044616	0.971624	0.000000	1.392945	2.85
0.722	0.002	2.044616	0.971624	0.000000	1.392945	2.85
0.722	0.003	2.044616	0.971624	0.000000	1.392945	2.85
0.722	0.004	2.044616	0.971624	0.000000	1.392945	2.85
0.722	0.005	2.044616	0.971624	0.000000	1.392945	2.85
0.723	0.001	2.044555	0.971624	0.000000	1.392946	2.85
0.723	0.002	2.044555	0.971624	0.000000	1.392946	2.85
0.723	0.003	2.044555	0.971624	0.000000	1.392946	2.85
0.723	0.004	2.044555	0.971624	0.000000	1.392946	2.85
0.723	0.005	2.044555	0.971624	0.000000	1.392946	2.85
0.724	0.001	2.044492	0.971631	0.000000	1.392962	2.85
0.724	0.002	2.044492	0.971631	0.000000	1.392962	2.85
0.724	0.003	2.044492	0.971631	0.000000	1.392962	2.85
0.724	0.004	2.044492	0.971631	0.000000	1.392962	2.85
0.724	0.005	2.044492	0.971631	0.000000	1.392962	2.85
0.725	0.001	2.044428	0.971645	0.000000	1.392993	2.85
0.725	0.002	2.044428	0.971645	0.000000	1.392993	2.85
0.725	0.003	2.044428	0.971645	0.000000	1.392993	2.85
0.725	0.004	2.044428	0.971645	0.000000	1.392993	2.85
0.725	0.005	2.044428	0.971645	0.000000	1.392993	2.85
0.726	0.001	2.044405	0.971683	0.000000	1.393031	2.85
0.726	0.002	2.044405	0.971683	0.000000	1.393031	2.85
0.726	0.003	2.044405	0.971683	0.000000	1.393031	2.85
0.726	0.004	2.044405	0.971683	0.000000	1.393031	2.85
0.726	0.005	2.044405	0.971683	0.000000	1.393031	2.85
0.727	0.001	2.044425	0.971733	0.000000	1.393065	2.85
0.727	0.002	2.044425	0.971733	0.000000	1.393065	2.85
0.727	0.003	2.044425	0.971733	0.000000	1.393065	2.85
0.727	0.004	2.044425	0.971733	0.000000	1.393065	2.85
0.727	0.005	2.044425	0.971733	0.000000	1.393065	2.85
0.728	0.001	2.044431	0.971759	0.000000	1.393082	2.85
0.728	0.002	2.044431	0.971759	0.000000	1.393082	2.85
0.728	0.003	2.044431	0.971759	0.000000	1.393082	2.85
0.728	0.004	2.044431	0.971759	0.000000	1.393082	2.85
0.728	0.005	2.044431	0.971759	0.000000	1.393082	2.85
0.729	0.001	2.044419	0.971760	0.000000	1.393090	2.85
0.729	0.002	2.044419	0.971760	0.000000	1.393090	2.85
0.729	0.003	2.044419	0.971760	0.000000	1.393090	2.85
0.729	0.004	2.044419	0.971760	0.000000	1.393090	2.85
0.729	0.005	2.044419	0.971760	0.000000	1.393090	2.85
0.730	0.001	2.044399	0.971743	0.000000	1.393092	2.85
0.730	0.002	2.044399	0.971743	0.000000	1.393092	2.85
0.730	0.003	2.044399	0.971743	0.000000	1.393092	2.85
0.730	0.004	2.044399	0.971743	0.000000	1.393092	2.85
0.730	0.005	2.044399	0.971743	0.000000	1.393092	2.85
0.731	0.001	2.044366	0.971705	0.000000	1.393086	2.85
0.731	0.002	2.044366	0.971705	0.000000	1.393086	2.85
0.731	0.003	2.044366	0.971705	0.000000	1.393086	2.85
0.731	0.004	2.044366	0.971705	0.000000	1.393086	2.85
0.731	0.005	2.044366	0.971705	0.000000	1.393086	2.85
0.732	0.001	2.044336	0.971663	0.000000	1.393078	2.85
0.732	0.002	2.044336	0.971663	0.000000	1.393078	2.85
0.732	0.003	2.044336	0.971663	0.000000	1.393078	2.85
0.732	0.004	2.044336	0.971663	0.000000	1.393078	2.85
0.732	0.005	2.044336	0.971663	0.000000	1.393078	2.85
0.733	0.001	2.044329	0.971634	0.000000	1.393079	2.85
0.733	0.002	2.044329	0.971634	0.000000	1.393079	2.85
0.733	0.003	2.044329	0.971634	0.000000	1.393079	2.85
0.733	0.004	2.044329	0.971634	0.000000	1.393079	2.85
0.733	0.005	2.044329	0.971634	0.000000	1.393079	2.85
0.734	0.001	2.044336	0.971616	0.000000	1.393087	2.85
0.734	0.002	2.044336	0.971616	0.000000	1.393087	2.85
0.734	0.003	2.044336	0.971616	0.000000	1.393087	2.85
0.734	0.004	2.044336	0.971616	0.000000	1.393087	2.85
0.734	0.005	2.044336	0.971616	0.000000	1.393087	2.85
0.735	0.001	2.044363	0.971615	0.000000	1.393102	2.85
0.735	0.002	2.044363	0.971615	0.000000	1.393102	2.85
0.735	0.003	2.044363	0.971615	0.000000	1.393102	2.85
0.735	0.004	2.044363	0.971615	0.000000	1.393102	2.85
0.735	0.005	2.044363	0.971615	0.000000	1.393102	2.85
0.736	0.001	2.044403	0.971632	0.000000	1.393124	2.85
0.736	0.002	2.044403	0.971632	0.000000	1.393124	2.85
0.736	0.003	2.044403	0.971632	0.000000	1.393124	2.85
0.736	0.004	2.044403	0.971632	0.000000	1.393124	2.85
0.736	0.005	2.044403	0.971632	0.000000	1.393124	2.85
0.737	0.001	2.044451	0.971659	0.000000	1.393147	2.85
0.737	0.002	2.044451	0.971659	0.000000	1.393147	2.85
0.737	0.003	2.044451	0.971659	0.000000	1.393147	2.85
0.737	0.004	2.044451	0.971659	0.000000	1.393147	2.85
0.737	0.005	2.044451	0.971659	0.000000	1.393147	2.85
0.738	0.001	2.044460	0.971668	0.000000	1.393162	2.85
0.738	0.002	2.044460	0.971668	0.000000	1.393162	2.85
0.738	0.003	2.044460	0.971668	0.000000	1.393162	2.85
0.738	0.004	2.044460	0.971668	0.000000	1.393162	2.85
0.738	0.005	2.044460	0.971668	0.000000	1.393162	2.85
0.739	0.001	2.044455	0.971669	0.000000	1.393171	2.85
0.739	0.002	2.044455	0.971669	0.000000	1.393171	2.85
0.739	0.003	2.044455	0.971669	0.000000	1.393171	2.85
0.739	0.004	2.044455	0.971669	0.000000	1.393171	2.85
0.739	0.005	2.044455	0.971669	0.000000	1.393171	2.85
0.740	0.001	2.044430	0.971658	0.000000	1.393177	2.85
0.740	0.002	2.044430	0.971658	0.000000	1.393177	2.85
0.740	0.003	2.044430	0.971658	0.000000	1.393177	2.85
0.740	0.004	2.044430	0.971658	0.000000	1.393177	2.85
0.740	0.005	2.044430	0.971658	0.000000	1.393177	2.85
0.741	0.001	2.044372	0.971624	0.000000	1.393171	2.85
0.741	0.002	2.044372	0.971624	0.000000	1.393171	2.85
0.741	0.003	2.044372	0.971624	0.000000	1.393171	2.85
0.741	0.004	2.044372	0.971624	0.000000	1.393171	2.85
0.741	0.005	2.044372	0.971624	0.000000	1.393171	2.85
0.742	0.001	2.044326	0.971595	0.000000	1.393163	2.85
0.742	0.002	2.044326	0.971595	0.000000	1.393163	2.85
0.742	0.003	2.044326	0.971595	0.000000	1.393163	2.85
0.742	0.004	2.044326	0.971595	0.000000	1.393163	2.85
0.742	0.005	2.044326	0.971595	0.000000	1.393163	2.85
0.743	0.001	2.044319	0.971588	0.000000	1.393162	2.85
0.743	0.002	2.044319	0.971588	0.000000	1.393162	2.85
0.743	0.003	2.044319	0.971588	0.000000	1.393162	2.85
0.743	0.004	2.044319	0.971588	0.000000	1.393162	2.85
0.743	0.005	2.044319	0.971588	0.000000	1.393162	2.85
0.744	0.001	2.044324	0.971588	0.000000	1.393163	2.85
0.744	0.002	2.044324	0.971588	0.000000	1.393163	2.85
0.744	0.003	2.044324	0.971588	0.000000	1.393163	2.85
0.744	0.004	2.044324	0.971588	0.000000	1.393163	2.85
0.744	0.005	2.044324	0.971588	0.000000	1.393163	2.85
0.745	0.001	2.044347	0.971595	0.000000	1.393164	2.85
0.745	0.002	2.044347	0.971595	0.000000	1.393164	2.85
0.745	0.003	2.044347	0.971595	0.000000	1.393164	2.85
0.745	0.004	2.044347	0.971595	0.000000	1.393164	2.85
0.745	0.005	2.044347	0.971595	0.000000	1.393164	2.85
0.746	0.001	2.044399	0.971618	0.000000	1.393167	2.85
0.746	0.002	2.044399	0.971618	0.000000	1.393167	2.85
0.746	0.003	2.044399	0.971618	0.000000	1.393167	2.85
0.746	0.004	2.044399	0.971618	0.000000	1.393167	2.85
0.746	0.005	2.044399	0.971618	0.000000	1.393167	2.85
0.747	0.001	2.044459	0.971645	0.000000	1.393171	2.85
0.747	0.002	2.044459	0.971645	0.000000	1.393171	2.85
0.747	0.003	2.044459	0.971645	0.000000	1.393171	2.85
0.747	0.004	2.044459	0.971645	0.000000	1.393171	2.85
0.747	0.005	2.044459	0.971645	0.000000	1.393171	2.85
0.748	0.001	2.044496	0.971655	0.000000	1.393167	2.85
0.748	0.002	2.044496	0.971655	0.000000	1.393167	2.85
0.748	0.003	2.044496	0.971655	0.000000	1.393167	2.85
0.748	0.004	2.044496	0.971655	0.000000	1.393167	2.85
0.748	0.005	2.044496	0.971655	0.000000	1.393167	2.85
0.749	0.001	2.044515	0.971656	0.000000	1.393159	2.85
0.749	0.002	2.044515	0.971656	0.000000	1.393159	2.85
0.749	0.003	2.044515	0.971656	0.000000	1.393159	2.85
0.749	0.004	2.044515	0.971656	0.000000	1.393159	2.85
0.749	0.005	2.044515	0.971656	0.000000	1.393159	2.85
0.750	0.001	2.044515	0.971648	0.000000	1.393146	2.85
0.750	0.002	2.044515	0.971648	0.000000	1.393146	2.85
0.750	0.003	2.044515	0.971648	0.000000	1.393146	2.85
0.750	0.004	2.044515	0.971648	0.000000	1.393146	2.85
0.750	0.005	2.044515	0.971648	0.000000	1.393146	2.85
0.751	0.001	2.044483	0.971630	0.000000	1.393127	2.85
0.751	0.002	2.044483	0.971630	0.000000	1.393127	2.85
0.751	0.003	2.044483	0.971630	0.000000	1.393127	2.85
0.751	0.004	2.044483	0.971630	0.000000	1.393127	2.85
0.751	0.005	2.044483	0.971630	0.000000	1.393127	2.85
0.752	0.001	2.044430	0.971610	0.000000	1.393110	2.85
0.752	0.002	2.044430	0.971610	0.000000	1.393110	2.85
0.752	0.003	2.044430	0.971610	0.000000	1.393110	2.85
0.752	0.004	2.044430	0.971610	0.000000	1.393110	2.85
0.752	0.005	2.044430	0.971610	0.000000	1.393110	2.85
0.753	0.001	2.044389	0.971609	0.000000	1.393100	2.85
0.753	0.002	2.044389	0.971609	0.000000	1.393100	2.85
0.753	0.003	2.044389	0.971609	0.000000	1.393100	2.85
0.753	0.004	2.044389	0.971609	0.000000	1.393100	2.85
0.753	0.005	2.044389	0.971609	0.000000	1.393100	2.85
0.754	0.001	2.044353	0.971618	0.000000	1.393096	2.85
0.754	0.002	2.044353	0.971618	0.000000	1.393096	2.85
0.754	0.003	2.044353	0.971618	0.000000	1.393096	2.85
0.754	0.004	2.044353	0.971618	0.000000	1.393096	2.85
0.754	0.005	2.044353	0.971618	0.000000	1.393096	2.85
0.755	0.001	2.044330	0.971639	0.000000	1.393098	2.85
0.755	0.002	2.044330	0.971639	0.000000	1.393098	2.85
0.755	0.003	2.044330	0.971639	0.000000	1.393098	2.85
0.755	0.004	2.044330	0.971639	0.000000	1.393098	2.85
0.755	0.005	2.044330	0.971639	0.000000	1.393098	2.85
0.756	0.001	2.044324	0.971671	0.000000	1.393107	2.85
0.756	0.002	2.044324	0.971671	0.000000	1.393107	2.85
0.756	0.003	2.044324	0.971671	0.000000	1.393107	2.85
0.756	0.004	2.044324	0.971671	0.000000	1.393107	2.85
0.756	0.005	2.044324	0.971671	0.000000	1.393107	2.85
0.757	0.001	2.044334	0.971713	0.000000	1.393126	2.85
0.757	0.002	2.044334	0.971713	0.000000	1.393126	2.85
0.757	0.003	2.044334	0.971713	0.000000	1.393126	2.85
0.757	0.004	2.044334	0.971713	0.000000	1.393126	2.85
0.757	0.005	2.044334	0.971713	0.000000	1.393126	2.85
0.758	0.001	2.044339	0.971744	0.000000	1.393142	2.85
0.758	0.002	2.044339	0.971744	0.000000	1.393142	2.85
0.758	0.003	2.044339	0.971744	0.000000	1.393142	2.85
0.758	0.004	2.044339	0.971744	0.000000	1.393142	2.85
0.758	0.005	2.044339	0.971744	0.000000	1.393142	2.85
0.759	0.001	2.044319	0.971752	0.000000	1.393148	2.85
0.759	0.002	2.044319	0.971752	0.000000	1.393148	2.85
0.759	0.003	2.044319	0.971752	0.000000	1.393148	2.85
0.759	0.004	2.044319	0.971752	0.000000	1.393148	2.85
0.759	0.005	2.044319	0.971752	0.000000	1.393148	2.85
0.760	0.001	2.044290	0.971744	0.000000	1.393149	2.85
0.760	0.002	2.044290	0.971744	0.000000	1.393149	2.85
0.760	0.003	2.044290	0.971744	0.000000	1.393149	2.85
0.760	0.004	2.044290	0.971744	0.000000	1.393149	2.85
0.760	0.005	2.044290	0.971744	0.000000	1.393149	2.85
0.761	0.001	2.044253	0.971715	0.000000	1.393141	2.85
0.761	0.002	2.044253	0.971715	0.000000	1.393141	2.85
0.761	0.003	2.044253	0.971715	0.000000	1.393141	2.85
0.761	0.004	2.044253	0.971715	0.000000	1.393141	2.85
0.761	0.005	2.044253	0.971715	0.000000	1.393141	2.85
0.762	0.001	2.044224	0.971680	0.000000	1.393130	2.85
0.762	0.002	2.044224	0.971680	0.000000	1.393130	2.85
0.762	0.003	2.044224	0.971680	0.000000	1.393130	2.85
0.762	0.004	2.044224	0.971680	0.000000	1.393130	2.85
0.762	0.005	2.044224	0.971680	0.000000	1.393130	2.85
0.763	0.001	2.044224	0.971656	0.000000	1.393128	2.85
0.763	0.002	2.044224	0.971656	0.000000	1.393128	2.85
0.763	0.003	2.044224	0.971656	0.000000	1.393128	2.85
0.763	0.004	2.044224	0.971656	0.000000	1.393128	2.85
0.763	0.005	2.044224	0.971656	0.000000	1.393128	2.85
0.764	0.001	2.044242	0.971636	0.000000	1.393127	2.85
0.764	0.002	2.044242	0.971636	0.000000	1.393127	2.85
0.764	0.003	2.044242	0.971636	0.000000	1.393127	2.85
0.764	0.004	2.044242	0.971636	0.000000	1.393127	2.85
0.764	0.005	2.044242	0.971636	0.000000	1.393127	2.85
0.765	0.001	2.044289	0.971628	0.000000	1.393130	2.85
0.765	0.002	2.044289	0.971628	0.000000	1.393130	2.85
0.765	0.003	2.044289	0.971628	0.000000	1.393130	2.85
0.765	0.004	2.044289	0.971628	0.000000	1.393130	2.85
0.765	0.005	2.044289	0.971628	0.000000	1.393130	2.85
0.766	0.001	2.044351	0.971636	0.000000	1.393135	2.85
0.766	0.002	2.044351	0.971636	0.000000	1.393135	2.85
0.766	0.003	2.044351	0.971636	0.000000	1.393135	2.85
0.766	0.004	2.044351	0.971636	0.000000	1.393135	2.85
0.766	0.005	2.044351	0.971636	0.000000	1.393135	2.85
0.767	0.001	2.044419	0.971656	0.000000	1.393146	2.85
0.767	0.002	2.044419	0.971656	0.000000	1.393146	2.85
0.767	0.003	2.044419	0.971656	0.000000	1.393146	2.85
0.767	0.004	2.044419	0.971656	0.000000	1.393146	2.85
0.767	0.005	2.044419	0.971656	0.000000	1.393146	2.85
0.768	0.001	2.044458	0.971668	0.000000	1.393154	2.85
0.768	0.002	2.044458	0.971668	0.000000	1.393154	2.85
0.768	0.003	2.044458	0.971668	0.000000	1.393154	2.85
0.768	0.004	2.044458	0.971668	0.000000	1.393154	2.85
0.768	0.005	2.044458	0.971668	0.000000	1.393154	2.85
0.769	0.001	2.044468	0.971667	0.000000	1.393155	2.85
0.769	0.002	2.044468	0.971667	0.000000	1.393155	2.85
0.769	0.003	2.044468	0.971667	0.000000	1.393155	2.85
0.769	0.004	2.044468	0.971667	0.000000	1.393155	2.85
0.769	0.005	2.044468	0.971667	0.000000	1.393155	2.85
0.770	0.001	2.044459	0.971660	0.000000	1.393152	2.85
0.770	0.002	2.044459	0.971660	0.000000	1.393152	2.85
0.770	0.003	2.044459	0.971660	0.000000	1.393152	2.85
0.770	0.004	2.044459	0.971660	0.000000	1.393152	2.85
0.770	0.005	2.044459	0.971660	0.000000	1.393152	2.85
0.771	0.001	2.044425	0.971637	0.000000	1.393145	2.85
0.771	0.002	2.044425	0.971637	0.000000	1.393145	2.85
0.771	0.003	2.044425	0.971637	0.000000	1.393145	2.85
0.771	0.004	2.044425	0.971637	0.000000	1.393145	2.85
0.771	0.005	2.044425	0.971637	0.000000	1.393145	2.85
0.772	0.001	2.044377	0.971607	0.000000	1.393137	2.85
0.772	0.002	2.044377	0.971607	0.000000	1.393137	2.85
0.772	0.003	2.044377	0.971607	0.000000	1.393137	2.85
0.772	0.004	2.044377	0.971607	0.000000	1.393137	2.85
0.772	0.005	2.044377	0.971607	0.000000	1.393137	2.85
0.773	0.001	2.044364	0.971597	0.000000	1.393137	2.85
0.773	0.002	2.044364	0.971597	0.000000	1.393137	2.85
0.773	0.003	2.044364	0.971597	0.000000	1.393137	2.85
0.773	0.004	2.044364	0.971597	0.000000	1.393137	2.85
0.773	0.005	2.044364	0.971597	0.000000	1.393137	2.85
0.774	0.001	2.044364	0.971596	0.000000	1.393140	2.85
0.774	0.002	2.044364	0.971596	0.000000	1.393140	2.85
0.774	0.003	2.044364	0.971596	0.000000	1.393140	2.85
0.774	0.004	2.044364	0.971596	0.000000	1.393140	2.85
0.774	0.005	2.044364	0.971596	0.000000	1.393140	2.85
0.775	0.001	2.044374	0.971600	0.000000	1.393146	2.85
0.775	0.002	2.044374	0.971600	0.000000	1.393146	2.85
0.775	0.003	2.044374	0.971600	0.000000	1.393146	2.85
0.775	0.004	2.044374	0.971600	0.000000	1.393146	2.85
0.775	0.005	2.044374	0.971600	0.000000	1.393146	2.85
0.776	0.001	2.044406	0.971619	0.000000	1.393157	2.85
0.776	0.002	2.044406	0.971619	0.000000	1.393157	2.85
0.776	0.003	2.044406	0.971619	0.000000	1.393157	2.85
0.776	0.004	2.044406	0.971619	0.000000	1.393157	2.85
0.776	0.005	2.044406	0.971619	0.000000	1.393157	2.85
0.777	0.001	2.044450	0.971644	0.000000	1.393170	2.85
0.777	0.002	2.044450	0.971644	0.000000	1.393170	2.85
0.777	0.003	2.044450	0.971644	0.000000	1.393170	2.85
0.777	0.004	2.044450	0.971644	0.000000	1.393170	2.85
0.777	0.005	2.044450	0.971644	0.000000	1.393170	2.85
0.778	0.001	2.044466	0.971650	0.000000	1.393175	2.85
0.778	0.002	2.044466	0.971650	0.000000	1.393175	2.85
0.778	0.003	2.044466	0.971650	0.000000	1.393175	2.85
0.778	0.004	2.044466	0.971650	0.000000	1.393175	2.85
0.778	0.005	2.044466	0.971650	0.000000	1.393175	2.85
0.779	0.001	2.044470	0.971648	0.000000	1.393177	2.85
0.779	0.002	2.044470	0.971648	0.000000	1.393177	2.85
0.779	0.003	2.044470	0.971648	0.000000	1.393177	2.85
0.779	0.004	2.044470	0.971648	0.000000	1.393177	2.85
0.779	0.005	2.044470	0.971648	0.000000	1.393177	2.85
0.780	0.001	2.044464	0.971641	0.000000	1.393177	2.85
0.780	0.002	2.044464	0.971641	0.000000	1.393177	2.85
0.780	0.003	2.044464	0.971641	0.000000	1.393177	2.85
0.780	0.004	2.044464	0.971641	0.000000	1.393177	2.85
0.780	0.005	2.044464	0.971641	0.000000	1.393177	2.85
0.781	0.001	2.044434	0.971624	0.000000	1.393171	2.85
0.781	0.002	2.044434	0.971624	0.000000	1.393171	2.85
0.781	0.003	2.044434	0.971624	0.000000	1.393171	2.85
0.781	0.004	2.044434	0.971624	0.000000	1.393171	2.85
0.781	0.005	2.044434	0.971624	0.000000	1.393171	2.85
0.782	0.001	2.044384	0.971601	0.000000	1.393161	2.85
0.782	0.002	2.044384	0.971601	0.000000	1.393161	2.85
0.782	0.003	2.044384	0.971601	0.000000	1.393161	2.85
0.782	0.004	2.044384	0.971601	0.000000	1.393161	2.85
0.782	0.005	2.044384	0.971601	0.000000	1.393161	2.85
0.783	0.001	2.044351	0.971599	0.000000	1.393157	2.85
0.783	0.002	2.044351	0.971599	0.000000	1.393157	2.85
0.783	0.003	2.044351	0.971599	0.000000	1.393157	2.85
0.783	0.004	2.044351	0.971599	0.000000	1.393157	2.85
0.783	0.005	2.044351	0.971599	0.000000	1.393157	2.85
0.784	0.001	2.044318	0.971606	0.000000	1.393154	2.85
0.784	0.002	2.044318	0.971606	0.000000	1.393154	2.85
0.784	0.003	2.044318	0.971606	0.000000	1.393154	2.85
0.784	0.004	2.044318	0.971606	0.000000	1.393154	2.85
0.784	0.005	2.044318	0.971606	0.000000	1.393154	2.85
0.785	0.001	2.044296	0.971624	0.000000	1.393150	2.85
0.785	0.002	2.044296	0.971624	0.000000	1.393150	2.85
0.785	0.003	2.044296	0.971624	0.000000	1.393150	2.85
0.785	0.004	2.044296	0.971624	0.000000	1.393150	2.85
0.785	0.005	2.044296	0.971624	0.000000	1.393150	2.85
0.786	0.001	2.044292	0.971654	0.000000	1.393150	2.85
0.786	0.002	2.044292	0.971654	0.000000	1.393150	2.85
0.786	0.003	2.044292	0.971654	0.000000	1.393150	2.85
0.786	0.004	2.044292	0.971654	0.000000	1.393150	2.85
0.786	0.005	2.044292	0.971654	0.000000	1.393150	2.85
0.787	0.001	2.044302	0.971688	0.000000	1.393152	2.85
0.787	0.002	2.044302	0.971688	0.000000	1.393152	2.85
0.787	0.003	2.044302	0.971688	0.000000	1.393152	2.85
0.787	0.004	2.044302	0.971688	0.000000	1.393152	2.85
0.787	0.005	2.044302	0.971688	0.000000	1.393152	2.85
0.788	0.001	2.044315	0.971718	0.000000	1.393152	2.85
0.788	0.002	2.044315	0.971718	0.000000	1.393152	2.85
0.788	0.003	2.044315	0.971718	0.000000	1.393152	2.85
0.788	0.004	2.044315	0.971718	0.000000	1.393152	2.85
0.788	0.005	2.044315	0.971718	0.000000	1.393152	2.85
0.789	0.001	2.044317	0.971733	0.000000	1.393146	2.85
0.789	0.002	2.044317	0.971733	0.000000	1.393146	2.85
0.789	0.003	2.044317	0.971733	0.000000	1.393146	2.85
0.789	0.004	2.044317	0.971733	0.000000	1.393146	2.85
0.789	0.005	2.044317	0.971733	0.000000	1.393146	2.85
0.790	0.001	2.044309	0.971732	0.000000	1.393133	2.85
0.790	0.002	2.044309	0.971732	0.000000	1.393133	2.85
0.790	0.003	2.044309	0.971732	0.000000	1.393133	2.85
0.790	0.004	2.044309	0.971732	0.000000	1.393133	2.85
0.790	0.005	2.044309	0.971732	0.000000	1.393133	2.85
0.791	0.001	2.044291	0.971718	0.000000	1.393117	2.85
0.791	0.002	2.044291	0.971718	0.000000	1.393117	2.85
0.791	0.003	2.044291	0.971718	0.000000	1.393117	2.85
0.791	0.004	2.044291	0.971718	0.000000	1.393117	2.85
0.791	0.005	2.044291	0.971718	0.000000	1.393117	2.85
0.792	0.001	2.044261	0.971691	0.000000	1.393102	2.85
0.792	0.002	2.044261	0.971691	0.000000	1.393102	2.85
0.792	0.003	2.044261	0.971691	0.000000	1.393102	2.85
0.792	0.004	2.044261	0.971691	0.000000	1.393102	2.85
0.792	0.005	2.044261	0.971691	0.000000	1.393102	2.85
0.793	0.001	2.044258	0.971676	0.000000	1.393100	2.85
0.793	0.002	2.044258	0.971676	0.000000	1.393100	2.85
0.793	0.003	2.044258	0.971676	0.000000	1.393100	2.85
0.793	0.004	2.044258	0.971676	0.000000	1.393100	2.85
0.793	0.005	2.044258	0.971676	0.000000	1.393100	2.85
0.794	0.001	2.044269	0.971660	0.000000	1.393102	2.85
0.794	0.002	2.044269	0.971660	0.000000	1.393102	2.85
0.794	0.003	2.044269	0.971660	0.000000	1.393102	2.85
0.794	0.004	2.044269	0.971660	0.000000	1.393102	2.85
0.794	0.005	2.044269	0.971660	0.000000	1.393102	2.85
0.795	0.001	2.044297	0.971650	0.000000	1.393113	2.85
0.795	0.002	2.044297	0.971650	0.000000	1.393113	2.85
0.795	0.003	2.044297	0.971650	0.000000	1.393113	2.85
0.795	0.004	2.044297	0.971650	0.000000	1.393113	2.85
0.795	0.005	2.044297	0.971650	0.000000	1.393113	2.85
0.796	0.001	2.044339	0.971650	0.000000	1.393133	2.85
0.796	0.002	2.044339	0.971650	0.000000	1.393133	2.85
0.796	0.003	2.044339	0.971650	0.000000	1.393133	2.85
0.796	0.004	2.044339	0.971650	0.000000	1.393133	2.85
0.796	0.005	2.044339	0.971650	0.000000	1.393133	2.85
0.797	0.001	2.044387	0.971661	0.000000	1.393157	2.85
0.797	0.002	2.044387	0.971661	0.000000	1.393157	2.85
0.797	0.003	2.044387	0.971661	0.000000	1.393157	2.85
0.797	0.004	2.044387	0.971661	0.000000	1.393157	2.85
0.797	0.005	2.044387	0.971661	0.000000	1.393157	2.85
0.798	0.001	2.044423	0.971670	0.000000	1.393174	2.85
0.798	0.002	2.044423	0.971670	0.000000	1.393174	2.85
0.798	0.003	2.044423	0.971670	0.000000	1.393174	2.85
0.798	0.004	2.044423	0.971670	0.000000	1.393174	2.85
0.798	0.005	2.044423	0.971670	0.000000	1.393174	2.85
0.799	0.001	2.044437	0.971669	0.000000	1.393181	2.85
0.799	0.002	2.044437	0.971669	0.000000	1.393181	2.85
0.799	0.003	2.044437	0.971669	0.000000	1.393181	2.85
0.799	0.004	2.044437	0.971669	0.000000	1.393181	2.85
0.799	0.005	2.044437	0.971669	0.000000	1.393181	2.85
0.800	0.001	2.044428	0.971662	0.000000	1.393181	2.85
0.800	0.002	2.044428	0.971662	0.000000	1.393181	2.85
0.800	0.003	2.044428	0.971662	0.000000	1.393181	2.85
0.800	0.004	2.044428	0.971662	0.000000	1.393181	2.85
0.800	0.005	2.044428	0.971662	0.000000	1.393181	2.85
0.801	0.001	2.044400	0.971645	0.000000	1.393175	2.85
0.801	0.002	2.044400	0.971645	0.000000	1.393175	2.85
0.801	0.003	2.044400	0.971645	0.000000	1.393175	2.85
0.801	0.004	2.044400	0.971645	0.000000	1.393175	2.85
0.801	0.005	2.044400	0.971645	0.000000	1.393175	2.85
0.802	0.001	2.044359	0.971612	0.000000	1.393158	2.85
0.802	0.002	2.044359	0.971612	0.000000	1.393158	2.85
0.802	0.003	2.044359	0.971612	0.000000	1.393158	2.85
0.802	0.004	2.044359	0.971612	0.000000	1.393158	2.85
0.802	0.005	2.044359	0.971612	0.000000	1.393158	2.85
0.803	0.001	2.044337	0.971591	0.000000	1.393143	2.85
0.803	0.002	2.044337	0.971591	0.000000	1.393143	2.85
0.803	0.003	2.044337	0.971591	0.000000	1.393143	2.85
0.803	0.004	2.044337	0.971591	0.000000	1.393143	2.85
0.803	0.005	2.044337	0.971591	0.000000	1.393143	2.85
0.804	0.001	2.044337	0.971585	0.000000	1.393138	2.85
0.804	0.002	2.044337	0.971585	0.000000	1.393138	2.85
0.804	0.003	2.044337	0.971585	0.000000	1.393138	2.85
0.804	0.004	2.044337	0.971585	0.000000	1.393138	2.85
0.804	0.005	2.044337	0.971585	0.000000	1.393138	2.85
0.805	0.001	2.044347	0.971585	0.000000	1.393137	2.85
0.805	0.002	2.044347	0.971585	0.000000	1.393137	2.85
0.805	0.003	2.044347	0.971585	0.000000	1.393137	2.85
0.805	0.004	2.044347	0.971585	0.000000	1.393137	2.85
0.805	0.005	2.044347	0.971585	0.000000	1.393137	2.85
0.806	0.001	2.044372	0.971595	0.000000	1.393140	2.85
0.806	0.002	2.044372	0.971595	0.000000	1.393140	2.85
0.806	0.003	2.044372	0.971595	0.000000	1.393140	2.85
0.806	0.004	2.044372	0.971595	0.000000	1.393140	2.85
0.806	0.005	2.044372	0.971595	0.000000	1.393140	2.85
0.807	0.001	2.044420	0.971624	0.000000	1.393154	2.85
0.807	0.002	2.044420	0.971624	0.000000	1.393154	2.85
0.807	0.003	2.044420	0.971624	0.000000	1.393154	2.85
0.807	0.004	2.044420	0.971624	0.000000	1.393154	2.85
0.807	0.005	2.044420	0.971624	0.000000	1.393154	2.85
0.808	0.001	2.044450	0.971645	0.000000	1.393169	2.85
0.808	0.002	2.044450	0.971645	0.000000	1.393169	2.85
0.808	0.003	2.044450	0.971645	0.000000	1.393169	2.85
0.808	0.004	2.044450	0.971645	0.000000	1.393169	2.85
0.808	0.005	2.044450	0.971645	0.000000	1.393169	2.85
0.809	0.001	2.044453	0.971649	0.000000	1.393179	2.85
0.809	0.002	2.044453	0.971649	0.000000	1.393179	2.85
0.809	0.003	2.044453	0.971649	0.000000	1.393179	2.85
0.809	0.004	2.044453	0.971649	0.000000	1.393179	2.85
0.809	0.005	2.044453	0.971649	0.000000	1.393179	2.85
0.810	0.001	2.044452	0.971648	0.000000	1.393188	2.85
0.810	0.002	2.044452	0.971648	0.000000	1.393188	2.85
0.810	0.003	2.044452	0.971648	0.000000	1.393188	2.85
0.810	0.004	2.044452	0.971648	0.000000	1.393188	2.85
0.810	0.005	2.044452	0.971648	0.000000	1.393188	2.85
0.811	0.001	2.044438	0.971638	0.000000	1.393192	2.85
0.811	0.002	2.044438	0.971638	0.000000	1.393192	2.85
0.811	0.003	2.044438	0.971638	0.000000	1.393192	2.85
0.811	0.004	2.044438	0.971638	0.000000	1.393192	2.85
0.811	0.005	2.044438	0.971638	0.000000	1.393192	2.85
0.812	0.001	2.044394	0.971614	0.000000	1.393188	2.85
0.812	0.002	2.044394	0.971614	0.000000	1.393188	2.85
0.812	0.003	2.044394	0.971614	0.000000	1.393188	2.85
0.812	0.004	2.044394	0.971614	0.000000	1.393188	2.85
0.812	0.005	2.044394	0.971614	0.000000	1.393188	2.85
0.813	0.001	2.044350	0.971592	0.000000	1.393176	2.85
0.813	0.002	2.044350	0.971592	0.000000	1.393176	2.85
0.813	0.003	2.044350	0.971592	0.000000	1.393176	2.85
0.813	0.004	2.044350	0.971592	0.000000	1.393176	2.85
0.813	0.005	2.044350	0.971592	0.000000	1.393176	2.85
0.814	0.001	2.044327	0.971592	0.000000	1.393166	2.85
0.814	0.002	2.044327	0.971592	0.000000	1.393166	2.85
0.814	0.003	2.044327	0.971592	0.000000	1.393166	2.85
0.814	0.004	2.044327	0.971592	0.000000	1.393166	2.85
0.814	0.005	2.044327	0.971592	0.000000	1.393166	2.85
0.815	0.001	2.044309	0.971604	0.000000	1.393153	2.85
0.815	0.002	2.044309	0.971604	0.000000	1.393153	2.85
0.815	0.003	2.044309	0.971604	0.000000	1.393153	2.85
0.815	0.004	2.044309	0.971604	0.000000	1.393153	2.85
0.815	0.005	2.044309	0.971604	0.000000	1.393153	2.85
0.816	0.001	2.044299	0.971628	0.000000	1.393143	2.85
0.816	0.002	2.044299	0.971628	0.000000	1.393143	2.85
0.816	0.003	2.044299	0.971628	0.000000	1.393143	2.85
0.816	0.004	2.044299	0.971628	0.000000	1.393143	2.85
0.816	0.005	2.044299	0.971628	0.000000	1.393143	2.85
0.817	0.001	2.044304	0.971662	0.000000	1.393138	2.85
0.817	0.002	2.044304	0.971662	0.000000	1.393138	2.85
0.817	0.003	2.044304	0.971662	0.000000	1.393138	2.85
0.817	0.004	2.044304	0.971662	0.000000	1.393138	2.85
0.817	0.005	2.044304	0.971662	0.000000	1.393138	2.85
0.818	0.001	2.044328	0.971702	0.000000	1.393137	2.85
0.818	0.002	2.044328	0.971702	0.000000	1.393137	2.85
0.818	0.003	2.044328	0.971702	0.000000	1.393137	2.85
0.818	0.004	2.044328	0.971702	0.000000	1.393137	2.85
0.818	0.005	2.044328	0.971702	0.000000	1.393137	2.85
0.819	0.001	2.044341	0.971730	0.000000	1.393136	2.85
0.819	0.002	2.044341	0.971730	0.000000	1.393136	2.85
0.819	0.003	2.044341	0.971730	0.000000	1.393136	2.85
0.819	0.004	2.044341	0.971730	0.000000	1.393136	2.85
0.819	0.005	2.044341	0.971730	0.000000	1.393136	2.85
0.820	0.001	2.044333	0.971742	0.000000	1.393135	2.85
0.820	0.002	2.044333	0.971742	0.000000	1.393135	2.85
0.820	0.003	2.044333	0.971742	0.000000	1.393135	2.85
0.820	0.004	2.044333	0.971742	0.000000	1.393135	2.85
0.820	0.005	2.044333	0.971742	0.000000	1.393135	2.85
0.821	0.001	2.044308	0.971739	0.000000	1.393136	2.85
0.821	0.002	2.044308	0.971739	0.000000	1.393136	2.85
0.821	0.003	2.044308	0.971739	0.000000	1.393136	2.85
0.821	0.004	2.044308	0.971739	0.000000	1.393136	2.85
0.821	0.005	2.044308	0.971739	0.000000	1.393136	2.85
0.822	0.001	2.044273	0.971724	0.000000	1.393135	2.85
0.822	0.002	2.044273	0.971724	0.000000	1.393135	2.85
0.822	0.003	2.044273	0.971724	0.000000	1.393135	2.85
0.822	0.004	2.044273	0.971724	0.000000	1.393135	2.85
0.822	0.005	2.044273	0.971724	0.000000	1.393135	2.85
0.823	0.001	2.044225	0.971692	0.000000	1.393126	2.85
0.823	0.002	2.044225	0.971692	0.000000	1.393126	2.85
0.823	0.003	2.044225	0.971692	0.000000	1.393126	2.85
0.823	0.004	2.044225	0.971692	0.000000	1.393126	2.85
0.823	0.005	2.044225	0.971692	0.000000	1.393126	2.85
0.824	0.001	2.044208	0.971672	0.000000	1.393124	2.85
0.824	0.002	2.044208	0.971672	0.000000	1.393124	2.85
0.824	0.003	2.044208	0.971672	0.000000	1.393124	2.85
0.824	0.004	2.044208	0.971672	0.000000	1.393124	2.85
0.824	0.005	2.044208	0.971672	0.000000	1.393124	2.85
0.825	0.001	2.044214	0.971654	0.000000	1.393128	2.85
0.825	0.002	2.044214	0.971654	0.000000	1.393128	2.85
0.825	0.003	2.044214	0.971654	0.000000	1.393128	2.85
0.825	0.004	2.044214	0.971654	0.000000	1.393128	2.85
0.825	0.005	2.044214	0.971654	0.000000	1.393128	2.85
0.826	0.001	2.044243	0.971636	0.000000	1.393136	2.85
0.826	0.002	2.044243	0.971636	0.000000	1.393136	2.85
0.826	0.003	2.044243	0.971636	0.000000	1.393136	2.85
0.826	0.004	2.044243	0.971636	0.000000	1.393136	2.85
0.826	0.005	2.044243	0.971636	0.000000	1.393136	2.85
0.827	0.001	2.044305	0.971629	0.000000	1.393144	2.85
0.827	0.002	2.044305	0.971629	0.000000	1.393144	2.85
0.827	0.003	2.044305	0.971629	0.000000	1.393144	2.85
0.827	0.004	2.044305	0.971629	0.000000	1.393144	2.85
0.827	0.005	2.044305	0.971629	0.000000	1.393144	2.85
0.828	0.001	2.044382	0.971637	0.000000	1.393148	2.85
0.828	0.002	2.044382	0.971637	0.000000	1.393148	2.85
0.828	0.003	2.044382	0.971637	0.000000	1.393148	2.85
0.828	0.004	2.044382	0.971637	0.000000	1.393148	2.85
0.828	0.005	2.044382	0.971637	0.000000	1.393148	2.85
0.829	0.001	2.044444	0.971654	0.000000	1.393157	2.85
0.829	0.002	2.044444	0.971654	0.000000	1.393157	2.85
0.829	0.003	2.044444	0.971654	0.000000	1.393157	2.85
0.829	0.004	2.044444	0.971654	0.000000	1.393157	2.85
0.829	0.005	2.044444	0.971654	0.000000	1.393157	2.85
0.830	0.001	2.044465	0.971659	0.000000	1.393160	2.85
0.830	0.002	2.044465	0.971659	0.000000	1.393160	2.85
0.830	0.003	2.044465	0.971659	0.000000	1.393160	2.85
0.830	0.004	2.044465	0.971659	0.000000	1.393160	2.85
0.830	0.005	2.044465	0.971659	0.000000	1.393160	2.85
0.831	0.001	2.044462	0.971657	0.000000	1.393157	2.85
0.831	0.002	2.044462	0.971657	0.000000	1.393157	2.85
0.831	0.003	2.044462	0.971657	0.000000	1.393157	2.85
0.831	0.004	2.044462	0.971657	0.000000	1.393157	2.85
0.831	0.005	2.044462	0.971657	0.000000	1.393157	2.85
0.832	0.001	2.044441	0.971645	0.000000	1.393152	2.85
0.832	0.002	2.044441	0.971645	0.000000	1.393152	2.85
0.832	0.003	2.044441	0.971645	0.000000	1.393152	2.85
0.832	0.004	2.044441	0.971645	0.000000	1.393152	2.85
0.832	0.005	2.044441	0.971645	0.000000	1.393152	2.85
0.833	0.001	2.044393	0.971619	0.000000	1.393149	2.85
0.833	0.002	2.044393	0.971619	0.000000	1.393149	2.85
0.833	0.003	2.044393	0.971619	0.000000	1.393149	2.85
0.833	0.004	2.044393	0.971619	0.000000	1.393149	2.85
0.833	0.005	2.044393	0.971619	0.000000	1.393149	2.85
0.834	0.001	2.044347	0.971595	0.000000	1.393151	2.85
0.834	0.002	2.044347	0.971595	0.000000	1.393151	2.85
0.834	0.003	2.044347	0.971595	0.000000	1.393151	2.85
0.834	0.004	2.044347	0.971595	0.000000	1.393151	2.85
0.834	0.005	2.044347	0.971595	0.000000	1.393151	2.85
0.835	0.001	2.044325	0.971587	0.000000	1.393159	2.85
0.835	0.002	2.044325	0.971587	0.000000	1.393159	2.85
0.835	0.003	2.044325	0.971587	0.000000	1.393159	2.85
0.835	0.004	2.044325	0.971587	0.000000	1.393159	2.85
0.835	0.005	2.044325	0.971587	0.000000	1.393159	2.85
0.836	0.001	2.044320	0.971591	0.000000	1.393173	2.85
0.836	0.002	2.044320	0.971591	0.000000	1.393173	2.85
0.836	0.003	2.044320	0.971591	0.000000	1.393173	2.85
0.836	0.004	2.044320	0.971591	0.000000	1.393173	2.85
0.836	0.005	2.044320	0.971591	0.000000	1.393173	2.85
0.837	0.001	2.044337	0.971604	0.000000	1.393184	2.85
0.837	0.002	2.044337	0.971604	0.000000	1.393184	2.85
0.837	0.003	2.044337	0.971604	0.000000	1.393184	2.85
0.837	0.004	2.044337	0.971604	0.000000	1.393184	2.85
0.837	0.005	2.044337	0.971604	0.000000	1.393184	2.85
0.838	0.001	2.044382	0.971626	0.000000	1.393192	2.85
0.838	0.002	2.044382	0.971626	0.000000	1.393192	2.85
0.838	0.003	2.044382	0.971626	0.000000	1.393192	2.85
0.838	0.004	2.044382	0.971626	0.000000	1.393192	2.85
0.838	0.005	2.044382	0.971626	0.000000	1.393192	2.85
0.839	0.001	2.044415	0.971638	0.000000	1.393192	2.85
0.839	0.002	2.044415	0.971638	0.000000	1.393192	2.85
0.839	0.003	2.044415	0.971638	0.000000	1.393192	2.85
0.839	0.004	2.044415	0.971638	0.000000	1.393192	2.85
0.839	0.005	2.044415	0.971638	0.000000	1.393192	2.85
0.840	0.001	2.044442	0.971643	0.000000	1.393187	2.85
0.840	0.002	2.044442	0.971643	0.000000	1.393187	2.85
0.840	0.003	2.044442	0.971643	0.000000	1.393187	2.85
0.840	0.004	2.044442	0.971643	0.000000	1.393187	2.85
0.840	0.005	2.044442	0.971643	0.000000	1.393187	2.85
0.841	0.001	2.044469	0.971642	0.000000	1.393174	2.85
0.841	0.002	2.044469	0.971642	0.000000	1.393174	2.85
0.841	0.003	2.044469	0.971642	0.000000	1.393174	2.85
0.841	0.004	2.044469	0.971642	0.000000	1.393174	2.85
0.841	0.005	2.044469	0.971642	0.000000	1.393174	2.85
0.842	0.001	2.044477	0.971627	0.000000	1.393159	2.85
0.842	0.002	2.044477	0.971627	0.000000	1.393159	2.85
0.842	0.003	2.044477	0.971627	0.000000	1.393159	2.85
0.842	0.004	2.044477	0.971627	0.000000	1.393159	2.85
0.842	0.005	2.044477	0.971627	0.000000	1.393159	2.85
0.843	0.001	2.044452	0.971602	0.000000	1.393142	2.85
0.843	0.002	2.044452	0.971602	0.000000	1.393142	2.85
0.843	0.003	2.044452	0.971602	0.000000	1.393142	2.85
0.843	0.004	2.044452	0.971602	0.000000	1.393142	2.85
0.843	0.005	2.044452	0.971602	0.000000	1.393142	2.85
0.844	0.001	2.044422	0.971588	0.000000	1.393134	2.85
0.844	0.002	2.044422	0.971588	0.000000	1.393134	2.85
0.844	0.003	2.044422	0.971588	0.000000	1.393134	2.85
0.844	0.004	2.044422	0.971588	0.000000	1.393134	2.85
0.844	0.005	2.044422	0.971588	0.000000	1.393134	2.85
0.845	0.001	2.044393	0.971593	0.000000	1.393131	2.85
0.845	0.002	2.044393	0.971593	0.000000	1.393131	2.85
0.845	0.003	2.044393	0.971593	0.000000	1.393131	2.85
0.845	0.004	2.044393	0.971593	0.000000	1.393131	2.85
0.845	0.005	2.044393	0.971593	0.000000	1.393131	2.85
0.846	0.001	2.044353	0.971613	0.000000	1.393134	2.85
0.846	0.002	2.044353	0.971613	0.000000	1.393134	2.85
0.846	0.003	2.044353	0.971613	0.000000	1.393134	2.85
0.846	0.004	2.044353	0.971613	0.000000	1.393134	2.85
0.846	0.005	2.044353	0.971613	0.000000	1.393134	2.85
0.847	0.001	2.044311	0.971641	0.000000	1.393144	2.85
0.847	0.002	2.044311	0.971641	0.000000	1.393144	2.85
0.847	0.003	2.044311	0.971641	0.000000	1.393144	2.85
0.847	0.004	2.044311	0.971641	0.000000	1.393144	2.85
0.847	0.005	2.044311	0.971641	0.000000	1.393144	2.85
0.848	0.001	2.044297	0.971682	0.000000	1.393159	2.85
0.848	0.002	2.044297	0.971682	0.000000	1.393159	2.85
0.848	0.003	2.044297	0.971682	0.000000	1.393159	2.85
0.848	0.004	2.044297	0.971682	0.000000	1.393159	2.85
0.848	0.005	2.044297	0.971682	0.000000	1.393159	2.85
0.849	0.001	2.044296	0.971718	0.000000	1.393170	2.85
0.849	0.002	2.044296	0.971718	0.000000	1.393170	2.85
0.849	0.003	2.044296	0.971718	0.000000	1.393170	2.85
0.849	0.004	2.044296	0.971718	0.000000	1.393170	2.85
0.849	0.005	2.044296	0.971718	0.000000	1.393170	2.85
0.850	0.001	2.044276	0.971734	0.000000	1.393173	2.85
0.850	0.002	2.044276	0.971734	0.000000	1.393173	2.85
0.850	0.003	2.044276	0.971734	0.000000	1.393173	2.85
0.850	0.004	2.044276	0.971734	0.000000	1.393173	2.85
0.850	0.005	2.044276	0.971734	0.000000	1.393173	2.85
0.851	0.001	2.044248	0.971730	0.000000	1.393167	2.85
0.851	0.002	2.044248	0.971730	0.000000	1.393167	2.85
0.851	0.003	2.044248	0.971730	0.000000	1.393167	2.85
0.851	0.004	2.044248	0.971730	0.000000	1.393167	2.85
0.851	0.005	2.044248	0.971730	0.000000	1.393167	2.85
0.852	0.001	2.044235	0.971716	0.000000	1.393149	2.85
0.852	0.002	2.044235	0.971716	0.000000	1.393149	2.85
0.852	0.003	2.044235	0.971716	0.000000	1.393149	2.85
0.852	0.004	2.044235	0.971716	0.000000	1.393149	2.85
0.852	0.005	2.044235	0.971716	0.000000	1.393149	2.85
0.853	0.001	2.044227	0.971693	0.000000	1.393122	2.85
0.853	0.002	2.044227	0.971693	0.000000	1.393122	2.85
0.853	0.003	2.044227	0.971693	0.000000	1.393122	2.85
0.853	0.004	2.044227	0.971693	0.000000	1.393122	2.85
0.853	0.005	2.044227	0.971693	0.000000	1.393122	2.85
0.854	0.001	2.044225	0.971675	0.000000	1.393103	2.85
0.854	0.002	2.044225	0.971675	0.000000	1.393103	2.85
0.854	0.003	2.044225	0.971675	0.000000	1.393103	2.85
0.854	0.004	2.044225	0.971675	0.000000	1.393103	2.85
0.854	0.005	2.044225	0.971675	0.000000	1.393103	2.85
0.855	0.001	2.044239	0.971670	0.000000	1.393098	2.85
0.855	0.002	2.044239	0.971670	0.000000	1.393098	2.85
0.855	0.003	2.044239	0.971670	0.000000	1.393098	2.85
0.855	0.004	2.044239	0.971670	0.000000	1.393098	2.85
0.855	0.005	2.044239	0.971670	0.000000	1.393098	2.85
0.856	0.001	2.044275	0.971668	0.000000	1.393103	2.85
0.856	0.002	2.044275	0.971668	0.000000	1.393103	2.85
0.856	0.003	2.044275	0.971668	0.000000	1.393103	2.85
0.856	0.004	2.044275	0.971668	0.000000	1.393103	2.85
0.856	0.005	2.044275	0.971668	0.000000	1.393103	2.85
0.857	0.001	2.044330	0.971661	0.000000	1.393123	2.85
0.857	0.002	2.044330	0.971661	0.000000	1.393123	2.85
0.857	0.003	2.044330	0.971661	0.000000	1.393123	2.85
0.857	0.004	2.044330	0.971661	0.000000	1.393123	2.85
0.857	0.005	2.044330	0.971661	0.000000	1.393123	2.85
0.858	0.001	2.044390	0.971654	0.000000	1.393149	2.85
0.858	0.002	2.044390	0.971654	0.000000	1.393149	2.85
0.858	0.003	2.044390	0.971654	0.000000	1.393149	2.85
0.858	0.004	2.044390	0.971654	0.000000	1.393149	2.85
0.858	0.005	2.044390	0.971654	0.000000	1.393149	2.85
0.859	0.001	2.044410	0.971643	0.000000	1.393175	2.85
0.859	0.002	2.044410	0.971643	0.000000	1.393175	2.85
0.859	0.003	2.044410	0.971643	0.000000	1.393175	2.85
0.859	0.004	2.044410	0.971643	0.000000	1.393175	2.85
0.859	0.005	2.044410	0.971643	0.000000	1.393175	2.85
0.860	0.001	2.044397	0.971640	0.000000	1.393191	2.85
0.860	0.002	2.044397	0.971640	0.000000	1.393191	2.85
0.860	0.003	2.044397	0.971640	0.000000	1.393191	2.85
0.860	0.004	2.044397	0.971640	0.000000	1.393191	2.85
0.860	0.005	2.044397	0.971640	0.000000	1.393191	2.85
0.861	0.001	2.044364	0.971634	0.000000	1.393193	2.85
0.861	0.002	2.044364	0.971634	0.000000	1.393193	2.85
0.861	0.003	2.044364	0.971634	0.000000	1.393193	2.85
0.861	0.004	2.044364	0.971634	0.000000	1.393193	2.85
0.861	0.005	2.044364	0.971634	0.000000	1.393193	2.85
0.862	0.001	2.044325	0.971619	0.000000	1.393189	2.85
0.862	0.002	2.044325	0.971619	0.000000	1.393189	2.85
0.862	0.003	2.044325	0.971619	0.000000	1.393189	2.85
0.862	0.004	2.044325	0.971619	0.000000	1.393189	2.85
0.862	0.005	2.044325	0.971619	0.000000	1.393189	2.85
0.863	0.001	2.044317	0.971607	0.000000	1.393179	2.85
0.863	0.002	2.044317	0.971607	0.000000	1.393179	2.85
0.863	0.003	2.044317	0.971607	0.000000	1.393179	2.85
0.863	0.004	2.044317	0.971607	0.000000	1.393179	2.85
0.863	0.005	2.044317	0.971607	0.000000	1.393179	2.85
0.864	0.001	2.044326	0.971601	0.000000	1.393169	2.85
0.864	0.002	2.044326	0.971601	0.000000	1.393169	2.85
0.864	0.003	2.044326	0.971601	0.000000	1.393169	2.85
0.864	0.004	2.044326	0.971601	0.000000	1.393169	2.85
0.864	0.005	2.044326	0.971601	0.000000	1.393169	2.85
0.865	0.001	2.044356	0.971603	0.000000	1.393155	2.85
0.865	0.002	2.044356	0.971603	0.000000	1.393155	2.85
0.865	0.003	2.044356	0.971603	0.000000	1.393155	2.85
0.865	0.004	2.044356	0.971603	0.000000	1.393155	2.85
0.865	0.005	2.044356	0.971603	0.000000	1.393155	2.85
0.866	0.001	2.044413	0.971616	0.000000	1.393139	2.85
0.866	0.002	2.044413	0.971616	0.000000	1.393139	2.85
0.866	0.003	2.044413	0.971616	0.000000	1.393139	2.85
0.866	0.004	2.044413	0.971616	0.000000	1.393139	2.85
0.866	0.005	2.044413	0.971616	0.000000	1.393139	2.85
0.867	0.001	2.044472	0.971637	0.000000	1.393136	2.85
0.867	0.002	2.044472	0.971637	0.000000	1.393136	2.85
0.867	0.003	2.044472	0.971637	0.000000	1.393136	2.85
0.867	0.004	2.044472	0.971637	0.000000	1.393136	2.85
0.867	0.005	2.044472	0.971637	0.000000	1.393136	2.85
0.868	0.001	2.044483	0.971639	0.000000	1.393137	2.85
0.868	0.002	2.044483	0.971639	0.000000	1.393137	2.85
0.868	0.003	2.044483	0.971639	0.000000	1.393137	2.85
0.868	0.004	2.044483	0.971639	0.000000	1.393137	2.85
0.868	0.005	2.044483	0.971639	0.000000	1.393137	2.85
0.869	0.001	2.044477	0.971635	0.000000	1.393142	2.85
0.869	0.002	2.044477	0.971635	0.000000	1.393142	2.85
0.869	0.003	2.044477	0.971635	0.000000	1.393142	2.85
0.869	0.004	2.044477	0.971635	0.000000	1.393142	2.85
0.869	0.005	2.044477	0.971635	0.000000	1.393142	2.85
0.870	0.001	2.044447	0.971623	0.000000	1.393152	2.85
0.870	0.002	2.044447	0.971623	0.000000	1.393152	2.85
0.870	0.003	2.044447	0.971623	0.000000	1.393152	2.85
0.870	0.004	2.044447	0.971623	0.000000	1.393152	2.85
0.870	0.005	2.044447	0.971623	0.000000	1.393152	2.85
0.871	0.001	2.044389	0.971598	0.000000	1.393163	2.85
0.871	0.002	2.044389	0.971598	0.000000	1.393163	2.85
0.871	0.003	2.044389	0.971598	0.000000	1.393163	2.85
0.871	0.004	2.044389	0.971598	0.000000	1.393163	2.85
0.871	0.005	2.044389	0.971598	0.000000	1.393163	2.85
0.872	0.001	2.044328	0.971571	0.000000	1.393176	2.85
0.872	0.002	2.044328	0.971571	0.000000	1.393176	2.85
0.872	0.003	2.044328	0.971571	0.000000	1.393176	2.85
0.872	0.004	2.044328	0.971571	0.000000	1.393176	2.85
0.872	0.005	2.044328	0.971571	0.000000	1.393176	2.85
0.873	0.001	2.044303	0.971568	0.000000	1.393195	2.85
0.873	0.002	2.044303	0.971568	0.000000	1.393195	2.85
0.873	0.003	2.044303	0.971568	0.000000	1.393195	2.85
0.873	0.004	2.044303	0.971568	0.000000	1.393195	2.85
0.873	0.005	2.044303	0.971568	0.000000	1.393195	2.85
0.874	0.001	2.044305	0.971576	0.000000	1.393210	2.85
0.874	0.002	2.044305	0.971576	0.000000	1.393210	2.85
0.874	0.003	2.044305	0.971576	0.000000	1.393210	2.85
0.874	0.004	2.044305	0.971576	0.000000	1.393210	2.85
0.874	0.005	2.044305	0.971576	0.000000	1.393210	2.85
0.875	0.001	2.044332	0.971594	0.000000	1.393215	2.85
0.875	0.002	2.044332	0.971594	0.000000	1.393215	2.85
0.875	0.003	2.044332	0.971594	0.000000	1.393215	2.85
0.875	0.004	2.044332	0.971594	0.000000	1.393215	2.85
0.875	0.005	2.044332	0.971594	0.000000	1.393215	2.85
0.876	0.001	2.044364	0.971630	0.000000	1.393210	2.85
0.876	0.002	2.044364	0.971630	0.000000	1.393210	2.85
0.876	0.003	2.044364	0.971630	0.000000	1.393210	2.85
0.876	0.004	2.044364	0.971630	0.000000	1.393210	2.85
0.876	0.005	2.044364	0.971630	0.000000	1.393210	2.85
0.877	0.001	2.044369	0.971675	0.000000	1.393189	2.85
0.877	0.002	2.044369	0.971675	0.000000	1.393189	2.85
0.877	0.003	2.044369	0.971675	0.000000	1.393189	2.85
0.877	0.004	2.044369	0.971675	0.000000	1.393189	2.85
0.877	0.005	2.044369	0.971675	0.000000	1.393189	2.85
0.878	0.001	2.044327	0.971691	0.000000	1.393130	2.85
0.878	0.002	2.044327	0.971691	0.000000	1.393130	2.85
0.878	0.003	2.044327	0.971691	0.000000	1.393130	2.85
0.878	0.004	2.044327	0.971691	0.000000	1.393130	2.85
0.878	0.005	2.044327	0.971691	0.000000	1.393130	2.85
0.879	0.001	2.044180	0.971528	0.000000	1.393029	2.85
0.879	0.002	2.044180	0.971528	0.000000	1.393029	2.85
0.879	0.003	2.044180	0.971528	0.000000	1.393029	2.85
0.879	0.004	2.044180	0.971528	0.000000	1.393029	2.85
0.879	0.005	2.044180	0.971528	0.000000	1.393029	2.85
0.880	0.001	2.042692	0.970525	0.000000	1.392589	2.84
0.880	0.002	2.042692	0.970525	0.000000	1.392589	2.84
0.880	0.003	2.042692	0.970525	0.000000	1.392589	2.84
0.880	0.004	2.042692	0.970525	0.000000	1.392589	2.84
0.880	0.005	2.042692	0.970525	0.000000	1.392589	2.84
0.881	0.001	2.032707	0.963748	0.000000	1.389901	2.83
0.881	0.002	2.032707	0.963748	0.000000	1.389901	2.83
0.881	0.003	2.032707	0.963748	0.000000	1.389901	2.83
0.881	0.004	2.032707	0.963748	0.000000	1.389901	2.83
0.881	0.005	2.032707	0.963748	0.000000	1.389901	2.83
0.882	0.001	1.969890	0.920585	0.000000	1.372692	2.70
0.882	0.002	1.969890	0.920585	0.000000	1.372692	2.70
0.882	0.003	1.969890	0.920585	0.000000	1.372692	2.70
0.882	0.004	1.969890	0.920585	0.000000	1.372692	2.70
0.882	0.005	1.969890	0.920585	0.000000	1.372692	2.70
0.883	0.001	1.671509	0.693995	0.000000	1.285062	2.15
0.883	0.002	1.671509	0.693995	0.000000	1.285062	2.15
0.883	0.003	1.671509	0.693995	0.000000	1.285062	2.15
0.883	0.004	1.671509	0.693995	0.000000	1.285062	2.15
0.883	0.005	1.671509	0.693995	0.000000	1.285062	2.15
0.884	0.001	1.152653	0.184850	0.000000	1.072788	1.24
0.884	0.002	1.152653	0.184850	0.000000	1.072788	1.24
0.884	0.003	1.152653	0.184850	0.000000	1.072788	1.24
0.884	0.004	1.152653	0.184850	0.000000	1.072788	1.24
0.884	0.005	1.152653	0.184850	0.000000	1.072788	1.24
0.885	0.001	1.016880	0.020072	0.000000	1.006920	1.02
0.885	0.002	1.016880	0.020072	0.000000	1.006920	1.02
0.885	0.003	1.016880	0.020072	0.000000	1.006920	1.02
0.885	0.004	1.016880	0.020072	0.000000	1.006920	1.02
0.885	0.005	1.016880	0.020072	0.000000	1.006920	1.02
0.886	0.001	1.001678	0.001986	0.000000	1.000673	1.00
0.886	0.002	1.001678	0.001986	0.000000	1.000673	1.00
0.886	0.003	1.001678	0.001986	0.000000	1.000673	1.00
0.886	0.004	1.001678	0.001986	0.000000	1.000673	1.00
0.886	0.005	1.001678	0.001986	0.000000	1.000673	1.00
0.887	0.001	1.000163	0.000193	0.000000	1.000065	1.00
0.887	0.002	1.000163	0.000193	0.000000	1.000065	1.00
0.887	0.003	1.000163	0.000193	0.000000	1.000065	1.00
0.887	0.004	1.000163	0.000193	0.000000	1.000065	1.00
0.887	0.005	1.000163	0.000193	0.000000	1.000065	1.00
0.888	0.001	1.000015	0.000019	0.000000	1.000006	1.00
0.888	0.002	1.000015	0.000019	0.000000	1.000006	1.00
0.888	0.003	1.000015	0.000019	0.000000	1.000006	1.00
0.888	0.004	1.000015	0.000019	0.000000	1.000006	1.00
0.888	0.005	1.000015	0.000019	0.000000	1.000006	1.00
0.889	0.001	1.000002	0.000002	0.000000	1.000000	1.00
0.889	0.002	1.000002	0.000002	0.000000	1.000000	1.00
0.889	0.003	1.000002	0.000002	0.000000	1.000000	1.00
0.889	0.004	1.000002	0.000002	0.000000	1.000000	1.00
0.889	0.005	1.000002	0.000002	0.000000	1.000000	1.00
0.890	0.001	1.000000	0.000000	0.000000	1.000000	1.00
0.890	0.002	1.000000	0.000000	0.000000	1.000000	1.00
0.890	0.003	1.000000	0.000000	0.000000	1.000000	1.00
0.890	0.004	1.000000	0.000000	0.000000	1.000000	1.00
0.890	0.005	1.000000	0.000000	0.000000	1.000000	1.00
0.891	0.001	1.000000	0.000000	0.000000	1.000000	1.00
0.891	0.002	1.000000	0.000000	0.000000	1.000000	1.00
0.891	0.003	1.000000	0.000000	0.000000	1.000000	1.00
0.891	0.004	1.000000	0.000000	0.000000	1.000000	1.00
0.891	0.005	1.000000	0.000000	0.000000	1.000000	1.00
0.892	0.001	1.000000	0.000000	0.000000	1.000000	1.00
0.892	0.002	1.000000	0.000000	0.000000	1.000000	1.00
0.892	0.003	1.000000	0.000000	0.000000	1.000000	1.00
0.892	0.004	1.000000	0.000000	0.000000	1.000000	1.00
0.892	0.005	1.000000	0.000000	0.000000	1.000000	1.00
0.893	0.001	1.000000	0.000000	0.000000	1.000000	1.00
0.893	0.002	1.000000	0.000000	0.000000	1.000000	1.00
0.893	0.003	1.000000	0.000000	0.000000	1.000000	1.00
0.893	0.004	1.000000	0.000000	0.000000	1.000000	1.00
0.893	0.005	1.000000	0.000000	0.000000	1.000000	1.00
0.894	0.001	1.000000	0.000000	0.000000	1.000000	1.00
0.894	0.002	1.000000	0.000000	0.000000	1.000000	1.00
0.894	0.003	1.000000	0.000000	0.000000	1.000000	1.00
0.894	0.004	1.000000	0.000000	0.000000	1.000000	1.00
0.894	0.005	1.000000	0.000000	0.000000	1.000000	1.00
0.895	0.001	1.000000	0.000000	0.000000	1.000000	1.00
0.895	0.002	1.000000	0.000000	0.000000	1.000000	1.00
0.895	0.003	1.000000	0.000000	0.000000	1.000000	1.00
0.895	0.004	1.000000	0.000000	0.000000	1.000000	1.00
0.895	0.005	1.000000	0.000000	0.000000	1.000000	1.00
0.896	0.001	1.000000	0.000000	0.000000	1.000000	1.00
0.896	0.002	1.000000	0.000000	0.000000	1.000000	1.00
0.896	0.003	1.000000	0.000000	0.000000	1.000000	1.00
0.896	0.004	1.000000	0.000000	0.000000	1.000000	1.00
0.896	0.005	1.000000	0.000000	0.000000	1.000000	1.00
0.897	0.001	1.000000	0.000000	0.000000	1.000000	1.00
0.897	0.002	1.000000	0.000000	0.000000	1.000000	1.00
0.897	0.003	1.000000	0.000000	0.000000	1.000000	1.00
0.897	0.004	1.000000	0.000000	0.000000	1.000000	1.00
0.897	0.005	1.000000	0.000000	0.000000	1.000000	1.00
0.898	0.001	1.000000	0.000000	0.000000	1.000000	1.00
0.898	0.002	1.000000	0.000000	0.000000	1.000000	1.00
0.898	0.003	1.000000	0.000000	0.000000	1.000000	1.00
0.898	0.004	1.000000	0.000000	0.000000	1.000000	1.00
0.898	0.005	1.000000	0.000000	0.000000	1.000000	1.00
0.899	0.001	1.000000	0.000000	0.000000	1.000000	1.00
0.899	0.002	1.000000	0.000000	0.000000	1.000000	1.00
0.899	0.003	1.000000	0.000000	0.000000	1.000000	1.00
0.899	0.004	1.000000	0.000000	0.000000	1.000000	1.00
0.899	0.005	1.000000	0.000000	0.000000	1.000000	1.00
0.900	0.001	1.000000	0.000000	0.000000	1.000000	1.00
0.900	0.002	1.000000	0.000000	0.000000	1.000000	1.00
0.900	0.003	1.000000	0.000000	0.000000	1.000000	1.00
0.900	0.004	1.000000	0.000000	0.000000	1.000000	1.00
0.900	0.005	1.000000	0.000000	0.000000	1.000000	1.00
0.901	0.001	1.000000	0.000000	0.000000	1.000000	1.00
0.901	0.002	1.000000	0.000000	0.000000	1.000000	1.00
0.901	0.003	1.000000	0.000000	0.000000	1.000000	1.00
0.901	0.004	1.000000	0.000000	0.000000	1.000000	1.00
0.901	0.005	1.000000	0.000000	0.000000	1.000000	1.00
0.902	0.001	1.000000	0.000000	0.000000	1.000000	1.00
0.902	0.002	1.000000	0.000000	0.000000	1.000000	1.00
0.902	0.003	1.000000	0.000000	0.000000	1.000000	1.00
0.902	0.004	1.000000	0.000000	0.000000	1.000000	1.00
0.902	0.005	1.000000	0.000000	0.000000	1.000000	1.00
0.903	0.001	1.000000	0.000000	0.000000	1.000000	1.00
0.903	0.002	1.000000	0.000000	0.000000	1.000000	1.00
0.903	0.003	1.000000	0.000000	0.000000	1.000000	1.00
0.903	0.004	1.000000	0.000000	0.000000	1.000000	1.00
0.903	0.005	1.000000	0.000000	0.000000	1.000000	1.00
0.904	0.001	1.000000	0.000000	0.000000	1.000000	1.00
0.904	0.002	1.000000	0.000000	0.000000	1.000000	1.00
0.904	0.003	1.000000	0.000000	0.000000	1.000000	1.00
0.904	0.004	1.000000	0.000000	0.000000	1.000000	1.00
0.904	0.005	1.000000	0.000000	0.000000	1.000000	1.00
0.905	0.001	1.000000	0.000000	0.000000	1.000000	1.00
0.905	0.002	1.000000	0.000000	0.000000	1.000000	1.00
0.905	0.003	1.000000	0.000000	0.000000	1.000000	1.00
0.905	0.004	1.000000	0.000000	0.000000	1.000000	1.00
0.905	0.005	1.000000	0.000000	0.000000	1.000000	1.00
0.906	0.001	1.000000	0.000000	0.000000	1.000000	1.00
0.906	0.002	1.000000	0.000000	0.000000	1.000000	1.00
0.906	0.003	1.000000	0.000000	0.000000	1.000000	1.00
0.906	0.004	1.000000	0.000000	0.000000	1.000000	1.00
0.906	0.005	1.000000	0.000000	0.000000	1.000000	1.00
0.907	0.001	1.000000	0.000000	0.000000	1.000000	1.00
0.907	0.002	1.000000	0.000000	0.000000	1.000000	1.00
0.907	0.003	1.000000	0.000000	0.000000	1.000000	1.00
0.907	0.004	1.000000	0.000000	0.000000	1.000000	1.00
0.907	0.005	1.000000	0.000000	0.000000	1.000000	1.00
0.908	0.001	1.000000	0.000000	0.000000	1.000000	1.00
0.908	0.002	1.000000	0.000000	0.000000	1.000000	1.00
0.908	0.003	1.000000	0.000000	0.000000	1.000000	1.00
0.908	0.004	1.000000	0.000000	0.000000	1.000000	1.00
0.908	0.005	1.000000	0.000000	0.000000	1.000000	1.00
0.909	0.001	1.000000	0.000000	0.000000	1.000000	1.00
0.909	0.002	1.000000	0.000000	0.000000	1.000000	1.00
0.909	0.003	1.000000	0.000000	0.000000	1.000000	1.00
0.909	0.004	1.000000	0.000000	0.000000	1.000000	1.00
0.909	0.005	1.000000	0.000000	0.000000	1.000000	1.00
0.910	0.001	1.000000	0.000000	0.000000	1.000000	1.00
0.910	0.002	1.000000	0.000000	0.000000	1.000000	1.00
0.910	0.003	1.000000	0.000000	0.000000	1.000000	1.00
0.910	0.004	1.000000	0.000000	0.000000	1.000000	1.00
0.910	0.005	1.000000	0.000000	0.000000	1.000000	1.00
0.911	0.001	1.000000	0.000000	0.000000	1.000000	1.00
0.911	0.002	1.000000	0.000000	0.000000	1.000000	1.00
0.911	0.003	1.000000	0.000000	0.000000	1.000000	1.00
0.911	0.004	1.000000	0.000000	0.000000	1.000000	1.00
0.911	0.005	1.000000	0.000000	0.000000	1.000000	1.00
0.912	0.001	1.000000	0.000000	0.000000	1.000000	1.00
0.912	0.002	1.000000	0.000000	0.000000	1.000000	1.00
0.912	0.003	1.000000	0.000000	0.000000	1.000000	1.00
0.912	0.004	1.000000	0.000000	0.000000	1.000000	1.00
0.912	0.005	1.000000	0.000000	0.000000	1.000000	1.00
0.913	0.001	1.000000	0.000000	0.000000	1.000000	1.00
0.913	0.002	1.000000	0.000000	0.000000	1.000000	1.00
0.913	0.003	1.000000	0.000000	0.000000	1.000000	1.00
0.913	0.004	1.000000	0.000000	0.000000	1.000000	1.00
0.913	0.005	1.000000	0.000000	0.000000	1.000000	1.00
0.914	0.001	1.000000	0.000000	0.000000	1.000000	1.00
0.914	0.002	1.000000	0.000000	0.000000	1.000000	1.00
0.914	0.003	1.000000	0.000000	0.000000	1.000000	1.00
0.914	0.004	1.000000	0.000000	0.000000	1.000000	1.00
0.914	0.005	1.000000	0.000000	0.000000	1.000000	1.00
0.915	0.001	1.000000	0.000000	0.000000	1.000000	1.00
0.915	0.002	1.000000	0.000000	0.000000	1.000000	1.00
0.915	0.003	1.000000	0.000000	0.000000	1.000000	1.00
0.915	0.004	1.000000	0.000000	0.000000	1.000000	1.00
0.915	0.005	1.000000	0.000000	0.000000	1.000000	1.00
0.916	0.001	1.000000	0.000000	0.000000	1.000000	1.00
0.916	0.002	1.000000	0.000000	0.000000	1.000000	1.00
0.916	0.003	1.000000	0.000000	0.000000	1.000000	1.00
0.916	0.004	1.000000	0.000000	0.000000	1.000000	1.00
0.916	0.005	1.000000	0.000000	0.000000	1.000000	1.00
0.917	0.001	1.000000	0.000000	0.000000	1.000000	1.00
0.917	0.002	1.000000	0.000000	0.000000	1.000000	1.00
0.917	0.003	1.000000	0.000000	0.000000	1.000000	1.00
0.917	0.004	1.000000	0.000000	0.000000	1.000000	1.00
0.917	0.005	1.000000	0.000000	0.000000	1.000000	1.00
0.918	0.001	1.000000	0.000000	0.000000	1.000000	1.00
0.918	0.002	1.000000	0.000000	0.000000	1.000000	1.00
0.918	0.003	1.000000	0.000000	0.000000	1.000000	1.00
0.918	0.004	1.000000	0.000000	0.000000	1.000000	1.00
0.918	0.005	1.000000	0.000000	0.000000	1.000000	1.00
0.919	0.001	1.000000	0.000000	0.000000	1.000000	1.00
0.919	0.002	1.000000	0.000000	0.000000	1.000000	1.00
0.919	0.003	1.000000	0.000000	0.000000	1.000000	1.00
0.919	0.004	1.000000	0.000000	0.000000	1.000000	1.00
0.919	0.005	1.000000	0.000000	0.000000	1.000000	1.00
0.920	0.001	1.000000	0.000000	0.000000	1.000000	1.00
0.920	0.002	1.000000	0.000000	0.000000	1.000000	1.00
0.920	0.003	1.000000	0.000000	0.000000	1.000000	1.00
0.920	0.004	1.000000	0.000000	0.000000	1.000000	1.00
0.920	0.005	1.000000	0.000000	0.000000	1.000000	1.00
0.921	0.001	1.000000	0.000000	0.000000	1.000000	1.00
0.921	0.002	1.000000	0.000000	0.000000	1.000000	1.00
0.921	0.003	1.000000	0.000000	0.000000	1.000000	1.00
0.921	0.004	1.000000	0.000000	0.000000	1.000000	1.00
0.921	0.005	1.000000	0.000000	0.000000	1.000000	1.00
0.922	0.001	1.000000	0.000000	0.000000	1.000000	1.00
0.922	0.002	1.000000	0.000000	0.000000	1.000000	1.00
0.922	0.003	1.000000	0.000000	0.000000	1.000000	1.00
0.922	0.004	1.000000	0.000000	0.000000	1.000000	1.00
0.922	0.005	1.000000	0.000000	0.000000	1.000000	1.00
0.923	0.001	1.000000	0.000000	0.000000	1.000000	1.00
0.923	0.002	1.000000	0.000000	0.000000	1.000000	1.00
0.923	0.003	1.000000	0.000000	0.000000	1.000000	1.00
0.923	0.004	1.000000	0.000000	0.000000	1.000000	1.00
0.923	0.005	1.000000	0.000000	0.000000	1.000000	1.00
0.924	0.001	1.000000	0.000000	0.000000	1.000000	1.00
0.924	0.002	1.000000	0.000000	0.000000	1.000000	1.00
0.924	0.003	1.000000	0.000000	0.000000	1.000000	1.00
0.924	0.004	1.000000	0.000000	0.000000	1.000000	1.00
0.924	0.005	1.000000	0.000000	0.000000	1.000000	1.00
0.925	0.001	1.000000	0.000000	0.000000	1.000000	1.00
0.925	0.002	1.000000	0.000000	0.000000	1.000000	1.00
0.925	0.003	1.000000	0.000000	0.000000	1.000000	1.00
0.925	0.004	1.000000	0.000000	0.000000	1.000000	1.00
0.925	0.005	1.000000	0.000000	0.000000	1.000000	1.00
0.926	0.001	1.000000	0.000000	0.000000	1.000000	1.00
0.926	0.002	1.000000	0.000000	0.000000	1.000000	1.00
0.926	0.003	1.000000	0.000000	0.000000	1.000000	1.00
0.926	0.004	1.000000	0.000000	0.000000	1.000000	1.00
0.926	0.005	1.000000	0.000000	0.000000	1.000000	1.00
0.927	0.001	1.000000	0.000000	0.000000	1.000000	1.00
0.927	0.002	1.000000	0.000000	0.000000	1.000000	1.00
0.927	0.003	1.000000	0.000000	0.000000	1.000000	1.00
0.927	0.004	1.000000	0.000000	0.000000	1.000000	1.00
0.927	0.005	1.000000	0.000000	0.000000	1.000000	1.00
0.928	0.001	1.000000	0.000000	0.000000	1.000000	1.00
0.928	0.002	1.000000	0.000000	0.000000	1.000000	1.00
0.928	0.003	1.000000	0.000000	0.000000	1.000000	1.00
0.928	0.004	1.000000	0.000000	0.000000	1.000000	1.00
0.928	0.005	1.000000	0.000000	0.000000	1.000000	1.00
0.929	0.001	1.000000	0.000000	0.000000	1.000000	1.00
0.929	0.002	1.000000	0.000000	0.000000	1.000000	1.00
0.929	0.003	1.000000	0.000000	0.000000	1.000000	1.00
0.929	0.004	1.000000	0.000000	0.000000	1.000000	1.00
0.929	0.005	1.000000	0.000000	0.000000	1.000000	1.00
0.930	0.001	1.000000	0.000000	0.000000	1.000000	1.00
0.930	0.002	1.000000	0.000000	0.000000	1.000000	1.00
0.930	0.003	1.000000	0.000000	0.000000	1.000000	1.00
0.930	0.004	1.000000	0.000000	0.000000	1.000000	1.00
0.930	0.005	1.000000	0.000000	0.000000	1.000000	1.00
0.931	0.001	1.000000	0.000000	0.000000	1.000000	1.00
0.931	0.002	1.000000	0.000000	0.000000	1.000000	1.00
0.931	0.003	1.000000	0.000000	0.000000	1.000000	1.00
0.931	0.004	1.000000	0.000000	0.000000	1.000000	1.00
0.931	0.005	1.000000	0.000000	0.000000	1.000000	1.00
0.932	0.001	1.000000	0.000000	0.000000	1.000000	1.00
0.932	0.002	1.000000	0.000000	0.000000	1.000000	1.00
0.932	0.003	1.000000	0.000000	0.000000	1.000000	1.00
0.932	0.004	1.000000	0.000000	0.000000	1.000000	1.00
0.932	0.005	1.000000	0.000000	0.000000	1.000000	1.00
0.933	0.001	1.000000	0.000000	0.000000	1.000000	1.00
0.933	0.002	1.000000	0.000000	0.000000	1.000000	1.00
0.933	0.003	1.000000	0.000000	0.000000	1.000000	1.00
0.933	0.004	1.000000	0.000000	0.000000	1.000000	1.00
0.933	0.005	1.000000	0.000000	0.000000	1.000000	1.00
0.934	0.001	1.000000	0.000000	0.000000	1.000000	1.00
0.934	0.002	1.000000	0.000000	0.000000	1.000000	1.00
0.934	0.003	1.000000	0.000000	0.000000	1.000000	1.00
0.934	0.004	1.000000	0.000000	0.000000	1.000000	1.00
0.934	0.005	1.000000	0.000000	0.000000	1.000000	1.00
0.935	0.001	1.000000	0.000000	0.000000	1.000000	1.00
0.935	0.002	1.000000	0.000000	0.000000	1.000000	1.00
0.935	0.003	1.000000	0.000000	0.000000	1.000000	1.00
0.935	0.004	1.000000	0.000000	0.000000	1.000000	1.00
0.935	0.005	1.000000	0.000000	0.000000	1.000000	1.00
0.936	0.001	1.000000	0.000000	0.000000	1.000000	1.00
0.936	0.002	1.000000	0.000000	0.000000	1.000000	1.00
0.936	0.003	1.000000	0.000000	0.000000	1.000000	1.00
0.936	0.004	1.000000	0.000000	0.000000	1.000000	1.00
0.936	0.005	1.000000	0.000000	0.000000	1.000000	1.00
0.937	0.001	1.000000	0.000000	0.000000	1.000000	1.00
0.937	0.002	1.000000	0.000000	0.000000	1.000000	1.00
0.937	0.003	1.000000	0.000000	0.000000	1.000000	1.00
0.937	0.004	1.000000	0.000000	0.000000	1.000000	1.00
0.937	0.005	1.000000	0.000000	0.000000	1.000000	1.00
0.938	0.001	1.000000	0.000000	0.000000	1.000000	1.00
0.938	0.002	1.000000	0.000000	0.000000	1.000000	1.00
0.938	0.003	1.000000	0.000000	0.000000	1.000000	1.00
0.938	0.004	1.000000	0.000000	0.000000	1.000000	1.00
0.938	0.005	1.000000	0.000000	0.000000	1.000000	1.00
0.939	0.001	1.000000	0.000000	0.000000	1.000000	1.00
0.939	0.002	1.000000	0.000000	0.000000	1.000000	1.00
0.939	0.003	1.000000	0.000000	0.000000	1.000000	1.00
0.939	0.004	1.000000	0.000000	0.000000	1.000000	1.00
0.939	0.005	1.000000	0.000000	0.000000	1.000000	1.00
0.940	0.001	1.000000	0.000000	0.000000	1.000000	1.00
0.940	0.002	1.000000	0.000000	0.000000	1.000000	1.00
0.940	0.003	1.000000	0.000000	0.000000	1.000000	1.00
0.940	0.004	1.000000	0.000000	0.000000	1.000000	1.00
0.940	0.005	1.000000	0.000000	0.000000	1.000000	1.00
0.941	0.001	1.000000	0.000000	0.000000	1.000000	1.00
0.941	0.002	1.000000	0.000000	0.000000	1.000000	1.00
0.941	0.003	1.000000	0.000000	0.000000	1.000000	1.00
0.941	0.004	1.000000	0.000000	0.000000	1.000000	1.00
0.941	0.005	1.000000	0.000000	0.000000	1.000000	1.00
0.942	0.001	1.000000	0.000000	0.000000	1.000000	1.00
0.942	0.002	1.000000	0.000000	0.000000	1.000000	1.00
0.942	0.003	1.000000	0.000000	0.000000	1.000000	1.00
0.942	0.004	1.000000	0.000000	0.000000	1.000000	1.00
0.942	0.005	1.000000	0.000000	0.000000	1.000000	1.00
0.943	0.001	1.000000	0.000000	0.000000	1.000000	1.00
0.943	0.002	1.000000	0.000000	0.000000	1.000000	1.00
0.943	0.003	1.000000	0.000000	0.000000	1.000000	1.00
0.943	0.004	1.000000	0.000000	0.000000	1.000000	1.00
0.943	0.005	1.000000	0.000000	0.000000	1.000000	1.00
0.944	0.001	1.000000	0.000000	0.000000	1.000000	1.00
0.944	0.002	1.000000	0.000000	0.000000	1.000000	1.00
0.944	0.003	1.000000	0.000000	0.000000	1.000000	1.00
0.944	0.004	1.000000	0.000000	0.000000	1.000000	1.00
0.944	0.005	1.000000	0.000000	0.000000	1.000000	1.00
0.945	0.001	1.000000	0.000000	0.000000	1.000000	1.00
0.945	0.002	1.000000	0.000000	0.000000	1.000000	1.00
0.945	0.003	1.000000	0.000000	0.000000	1.000000	1.00
0.945	0.004	1.000000	0.000000	0.000000	1.000000	1.00
0.945	0.005	1.000000	0.000000	0.000000	1.000000	1.00
0.946	0.001	1.000000	0.000000	0.000000	1.000000	1.00
0.946	0.002	1.000000	0.000000	0.000000	1.000000	1.00
0.946	0.003	1.000000	0.000000	0.000000	1.000000	1.00
0.946	0.004	1.000000	0.000000	0.000000	1.000000	1.00
0.946	0.005	1.000000	0.000000	0.000000	1.000000	1.00
0.947	0.001	1.000000	0.000000	0.000000	1.000000	1.00
0.947	0.002	1.000000	0.000000	0.000000	1.000000	1.00
0.947	0.003	1.000000	0.000000	0.000000	1.000000	1.00
0.947	0.004	1.000000	0.000000	0.000000	1.000000	1.00
0.947	0.005	1.000000	0.000000	0.000000	1.000000	1.00
0.948	0.001	1.000000	0.000000	0.000000	1.000000	1.00
0.948	0.002	1.000000	0.000000	0.000000	1.000000	1.00
0.948	0.003	1.000000	0.000000	0.000000	1.000000	1.00
0.948	0.004	1.000000	0.000000	0.000000	1.000000	1.00
0.948	0.005	1.000000	0.000000	0.000000	1.000000	1.00
0.949	0.001	1.000000	0.000000	0.000000	1.000000	1.00
0.949	0.002	1.000000	0.000000	0.000000	1.000000	1.00
0.949	0.003	1.000000	0.000000	0.000000	1.000000	1.00
0.949	0.004	1.000000	0.000000	0.000000	1.000000	1.00
0.949	0.005	1.000000	0.000000	0.000000	1.000000	1.00
0.950	0.001	1.000000	0.000000	0.000000	1.000000	1.00
0.950	0.002	1.000000	0.000000	0.000000	1.000000	1.00
0.950	0.003	1.000000	0.000000	0.000000	1.000000	1.00
0.950	0.004	1.000000	0.000000	0.000000	1.000000	1.00
0.950	0.005	1.000000	0.000000	0.000000	1.000000	1.00
0.951	0.001	1.000000	0.000000	0.000000	1.000000	1.00
0.951	0.002	1.000000	0.000000	0.000000	1.000000	1.00
0.951	0.003	1.000000	0.000000	0.000000	1.000000	1.00
0.951	0.004	1.000000	0.000000	0.000000	1.000000	1.00
0.951	0.005	1.000000	0.000000	0.000000	1.000000	1.00
0.952	0.001	1.000000	0.000000	0.000000	1.000000	1.00
0.952	0.002	1.000000	0.000000	0.000000	1.000000	1.00
0.952	0.003	1.000000	0.000000	0.000000	1.000000	1.00
0.952	0.004	1.000000	0.000000	0.000000	1.000000	1.00
0.952	0.005	1.000000	0.000000	0.000000	1.000000	1.00
0.953	0.001	1.000000	0.000000	0.000000	1.000000	1.00
0.953	0.002	1.000000	0.000000	0.000000	1.000000	1.00
0.953	0.003	1.000000	0.000000	0.000000	1.000000	1.00
0.953	0.004	1.000000	0.000000	0.000000	1.000000	1.00
0.953	0.005	1.000000	0.000000	0.000000	1.000000	1.00
0.954	0.001	1.000000	0.000000	0.000000	1.000000	1.00
0.954	0.002	1.000000	0.000000	0.000000	1.000000	1.00
0.954	0.003	1.000000	0.000000	0.000000	1.000000	1.00
0.954	0.004	1.000000	0.000000	0.000000	1.000000	1.00
0.954	0.005	1.000000	0.000000	0.000000	1.000000	1.00
0.955	0.001	1.000000	0.000000	0.000000	1.000000	1.00
0.955	0.002	1.000000	0.000000	0.000000	1.000000	1.00
0.955	0.003	1.000000	0.000000	0.000000	1.000000	1.00
0.955	0.004	1.000000	0.000000	0.000000	1.000000	1.00
0.955	0.005	1.000000	0.000000	0.000000	1.000000	1.00
0.956	0.001	1.000000	0.000000	0.000000	1.000000	1.00
0.956	0.002	1.000000	0.000000	0.000000	1.000000	1.00
0.956	0.003	1.000000	0.000000	0.000000	1.000000	1.00
0.956	0.004	1.000000	0.000000	0.000000	1.000000	1.00
0.956	0.005	1.000000	0.000000	0.000000	1.000000	1.00
0.957	0.001	1.000000	0.000000	0.000000	1.000000	1.00
0.957	0.002	1.000000	0.000000	0.000000	1.000000	1.00
0.957	0.003	1.000000	0.000000	0.000000	1.000000	1.00
0.957	0.004	1.000000	0.000000	0.000000	1.000000	1.00
0.957	0.005	1.000000	0.000000	0.000000	1.000000	1.00
0.958	0.001	1.000000	0.000000	0.000000	1.000000	1.00
0.958	0.002	1.000000	0.000000	0.000000	1.000000	1.00
0.958	0.003	1.000000	0.000000	0.000000	1.000000	1.00
0.958	0.004	1.000000	0.000000	0.000000	1.000000	1.00
0.958	0.005	1.000000	0.000000	0.000000	1.000000	1.00
0.959	0.001	1.000000	0.000000	0.000000	1.000000	1.00
0.959	0.002	1.000000	0.000000	0.000000	1.000000	1.00
0.959	0.003	1.000000	0.000000	0.000000	1.000000	1.00
0.959	0.004	1.000000	0.000000	0.000000	1.000000	1.00
0.959	0.005	1.000000	0.000000	0.000000	1.000000	1.00
0.960	0.001	1.000000	0.000000	0.000000	1.000000	1.00
0.960	0.002	1.000000	0.000000	0.000000	1.000000	1.00
0.960	0.003	1.000000	0.000000	0.000000	1.000000	1.00
0.960	0.004	1.000000	0.000000	0.000000	1.000000	1.00
0.960	0.005	1.000000	0.000000	0.000000	1.000000	1.00
0.961	0.001	1.000000	0.000000	0.000000	1.000000	1.00
0.961	0.002	1.000000	0.000000	0.000000	1.000000	1.00
0.961	0.003	1.000000	0.000000	0.000000	1.000000	1.00
0.961	0.004	1.000000	0.000000	0.000000	1.000000	1.00
0.961	0.005	1.000000	0.000000	0.000000	1.000000	1.00
0.962	0.001	1.000000	0.000000	0.000000	1.000000	1.00
0.962	0.002	1.000000	0.000000	0.000000	1.000000	1.00
0.962	0.003	1.000000	0.000000	0.000000	1.000000	1.00
0.962	0.004	1.000000	0.000000	0.000000	1.000000	1.00
0.962	0.005	1.000000	0.000000	0.000000	1.000000	1.00
0.963	0.001	1.000000	0.000000	0.000000	1.000000	1.00
0.963	0.002	1.000000	0.000000	0.000000	1.000000	1.00
0.963	0.003	1.000000	0.000000	0.000000	1.000000	1.00
0.963	0.004	1.000000	0.000000	0.000000	1.000000	1.00
0.963	0.005	1.000000	0.000000	0.000000	1.000000	1.00
0.964	0.001	1.000000	0.000000	0.000000	1.000000	1.00
0.964	0.002	1.000000	0.000000	0.000000	1.000000	1.00
0.964	0.003	1.000000	0.000000	0.000000	1.000000	1.00
0.964	0.004	1.000000	0.000000	0.000000	1.000000	1.00
0.964	0.005	1.000000	0.000000	0.000000	1.000000	1.00
0.965	0.001	1.000000	0.000000	0.000000	1.000000	1.00
0.965	0.002	1.000000	0.000000	0.000000	1.000000	1.00
0.965	0.003	1.000000	0.000000	0.000000	1.000000	1.00
0.965	0.004	1.000000	0.000000	0.000000	1.000000	1.00
0.965	0.005	1.000000	0.000000	0.000000	1.000000	1.00
0.966	0.001	1.000000	0.000000	0.000000	1.000000	1.00
0.966	0.002	1.000000	0.000000	0.000000	1.000000	1.00
0.966	0.003	1.000000	0.000000	0.000000	1.000000	1.00
0.966	0.004	1.000000	0.000000	0.000000	1.000000	1.00
0.966	0.005	1.000000	0.000000	0.000000	1.000000	1.00
0.967	0.001	1.000000	0.000000	0.000000	1.000000	1.00
0.967	0.002	1.000000	0.000000	0.000000	1.000000	1.00
0.967	0.003	1.000000	0.000000	0.000000	1.000000	1.00
0.967	0.004	1.000000	0.000000	0.000000	1.000000	1.00
0.967	0.005	1.000000	0.000000	0.000000	1.000000	1.00
0.968	0.001	1.000000	0.000000	0.000000	1.000000	1.00
0.968	0.002	1.000000	0.000000	0.000000	1.000000	1.00
0.968	0.003	1.000000	0.000000	0.000000	1.000000	1.00
0.968	0.004	1.000000	0.000000	0.000000	1.000000	1.00
0.968	0.005	1.000000	0.000000	0.000000	1.000000	1.00
0.969	0.001	1.000000	0.000000	0.000000	1.000000	1.00
0.969	0.002	1.000000	0.000000	0.000000	1.000000	1.00
0.969	0.003	1.000000	0.000000	0.000000	1.000000	1.00
0.969	0.004	1.000000	0.000000	0.000000	1.000000	1.00
0.969	0.005	1.000000	0.000000	0.000000	1.000000	1.00
0.970	0.001	1.000000	0.000000	0.000000	1.000000	1.00
0.970	0.002	1.000000	0.000000	0.000000	1.000000	1.00
0.970	0.003	1.000000	0.000000	0.000000	1.000000	1.00
0.970	0.004	1.000000	0.000000	0.000000	1.000000	1.00
0.970	0.005	1.000000	0.000000	0.000000	1.000000	1.00
0.971	0.001	1.000000	0.000000	0.000000	1.000000	1.00
0.971	0.002	1.000000	0.000000	0.000000	1.000000	1.00
0.971	0.003	1.000000	0.000000	0.000000	1.000000	1.00
0.971	0.004	1.000000	0.000000	0.000000	1.000000	1.00
0.971	0.005	1.000000	0.000000	0.000000	1.000000	1.00
0.972	0.001	1.000000	0.000000	0.000000	1.000000	1.00
0.972	0.002	1.000000	0.000000	0.000000	1.000000	1.00
0.972	0.003	1.000000	0.000000	0.000000	1.000000	1.00
0.972	0.004	1.000000	0.000000	0.000000	1.000000	1.00
0.972	0.005	1.000000	0.000000	0.000000	1.000000	1.00
0.973	0.001	1.000000	0.000000	0.000000	1.000000	1.00
0.973	0.002	1.000000	0.000000	0.000000	1.000000	1.00
0.973	0.003	1.000000	0.000000	0.000000	1.000000	1.00
0.973	0.004	1.000000	0.000000	0.000000	1.000000	1.00
0.973	0.005	1.000000	0.000000	0.000000	1.000000	1.00
0.974	0.001	1.000000	0.000000	0.000000	1.000000	1.00
0.974	0.002	1.000000	0.000000	0.000000	1.000000	1.00
0.974	0.003	1.000000	0.000000	0.000000	1.000000	1.00
0.974	0.004	1.000000	0.000000	0.000000	1.000000	1.00
0.974	0.005	1.000000	0.000000	0.000000	1.000000	1.00
0.975	0.001	1.000000	0.000000	0.000000	1.000000	1.00
0.975	0.002	1.000000	0.000000	0.000000	1.000000	1.00
0.975	0.003	1.000000	0.000000	0.000000	1.000000	1.00
0.975	0.004	1.000000	0.000000	0.000000	1.000000	1.00
0.975	0.005	1.000000	0.000000	0.000000	1.000000	1.00
0.976	0.001	1.000000	0.000000	0.000000	1.000000	1.00
0.976	0.002	1.000000	0.000000	0.000000	1.000000	1.00
0.976	0.003	1.000000	0.000000	0.000000	1.000000	1.00
0.976	0.004	1.000000	0.000000	0.000000	1.000000	1.00
0.976	0.005	1.000000	0.000000	0.000000	1.000000	1.00
0.977	0.001	1.000000	0.000000	0.000000	1.000000	1.00
0.977	0.002	1.000000	0.000000	0.000000	1.000000	1.00
0.977	0.003	1.000000	0.000000	0.000000	1.000000	1.00
0.977	0.004	1.000000	0.000000	0.000000	1.000000	1.00
0.977	0.005	1.000000	0.000000	0.000000	1.000000	1.00
0.978	0.001	1.000000	0.000000	0.000000	1.000000	1.00
0.978	0.002	1.000000	0.000000	0.000000	1.000000	1.00
0.978	0.003	1.000000	0.000000	0.000000	1.000000	1.00
0.978	0.004	1.000000	0.000000	0.000000	1.000000	1.00
0.978	0.005	1.000000	0.000000	0.000000	1.000000	1.00
0.979	0.001	1.000000	0.000000	0.000000	1.000000	1.00
0.979	0.002	1.000000	0.000000	0.000000	1.000000	1.00
0.979	0.003	1.000000	0.000000	0.000000	1.000000	1.00
0.979	0.004	1.000000	0.000000	0.000000	1.000000	1.00
0.979	0.005	1.000000	0.000000	0.000000	1.000000	1.00
0.980	0.001	1.000000	0.000000	0.000000	1.000000	1.00
0.980	0.002	1.000000	0.000000	0.000000	1.000000	1.00
0.980	0.003	1.000000	0.000000	0.000000	1.000000	1.00
0.980	0.004	1.000000	0.000000	0.000000	1.000000	1.00
0.980	0.005	1.000000	0.000000	0.000000	1.000000	1.00
0.981	0.001	1.000000	0.000000	0.000000	1.000000	1.00
0.981	0.002	1.000000	0.000000	0.000000	1.000000	1.00
0.981	0.003	1.000000	0.000000	0.000000	1.000000	1.00
0.981	0.004	1.000000	0.000000	0.000000	1.000000	1.00
0.981	0.005	1.000000	0.000000	0.000000	1.000000	1.00
0.982	0.001	1.000000	0.000000	0.000000	1.000000	1.00
0.982	0.002	1.000000	0.000000	0.000000	1.000000	1.00
0.982	0.003	1.000000	0.000000	0.000000	1.000000	1.00
0.982	0.004	1.000000	0.000000	0.000000	1.000000	1.00
0.982	0.005	1.000000	0.000000	0.000000	1.000000	1.00
0.983	0.001	1.000000	0.000000	0.000000	1.000000	1.00
0.983	0.002	1.000000	0.000000	0.000000	1.000000	1.00
0.983	0.003	1.000000	0.000000	0.000000	1.000000	1.00
0.983	0.004	1.000000	0.000000	0.000000	1.000000	1.00
0.983	0.005	1.000000	0.000000	0.000000	1.000000	1.00
0.984	0.001	1.000000	0.000000	0.000000	1.000000	1.00
0.984	0.002	1.000000	0.000000	0.000000	1.000000	1.00
0.984	0.003	1.000000	0.000000	0.000000	1.000000	1.00
0.984	0.004	1.000000	0.000000	0.000000	1.000000	1.00
0.984	0.005	1.000000	0.000000	0.000000	1.000000	1.00
0.985	0.001	1.000000	0.000000	0.000000	1.000000	1.00
0.985	0.002	1.000000	0.000000	0.000000	1.000000	1.00
0.985	0.003	1.000000	0.000000	0.000000	1.000000	1.00
0.985	0.004	1.000000	0.000000	0.000000	1.000000	1.00
0.985	0.005	1.000000	0.000000	0.000000	1.000000	1.00
0.986	0.001	1.000000	0.000000	0.000000	1.000000	1.00
0.986	0.002	1.000000	0.000000	0.000000	1.000000	1.00
0.986	0.003	1.000000	0.000000	0.000000	1.000000	1.00
0.986	0.004	1.000000	0.000000	0.000000	1.000000	1.00
0.986	0.005	1.000000	0.000000	0.000000	1.000000	1.00
0.987	0.001	1.000000	0.000000	0.000000	1.000000	1.00
0.987	0.002	1.000000	0.000000	0.000000	1.000000	1.00
0.987	0.003	1.000000	0.000000	0.000000	1.000000	1.00
0.987	0.004	1.000000	0.000000	0.000000	1.000000	1.00
0.987	0.005	1.000000	0.000000	0.000000	1.000000	1.00
0.988	0.001	1.000000	0.000000	0.000000	1.000000	1.00
0.988	0.002	1.000000	0.000000	0.000000	1.000000	1.00
0.988	0.003	1.000000	0.000000	0.000000	1.000000	1.00
0.988	0.004	1.000000	0.000000	0.000000	1.000000	1.00
0.988	0.005	1.000000	0.000000	0.000000	1.000000	1.00
0.989	0.001	1.000000	0.000000	0.000000	1.000000	1.00
0.989	0.002	1.000000	0.000000	0.000000	1.000000	1.00
0.989	0.003	1.000000	0.000000	0.000000	1.000000	1.00
0.989	0.004	1.000000	0.000000	0.000000	1.000000	1.00
0.989	0.005	1.000000	0.000000	0.000000	1.000000	1.00
0.990	0.001	1.000000	0.000000	0.000000	1.000000	1.00
0.990	0.002	1.000000	0.000000	0.000000	1.000000	1.00
0.990	0.003	1.000000	0.000000	0.000000	1.000000	1.00
0.990	0.004	1.000000	0.000000	0.000000	1.000000	1.00
0.990	0.005	1.000000	0.000000	0.000000	1.000000	1.00
0.991	0.001	1.000000	0.000000	0.000000	1.000000	1.00
0.991	0.002	1.000000	0.000000	0.000000	1.000000	1.00
0.991	0.003	1.000000	0.000000	0.000000	1.000000	1.00
0.991	0.004	1.000000	0.000000	0.000000	1.000000	1.00
0.991	0.005	1.000000	0.000000	0.000000	1.000000	1.00
0.992	0.001	1.000000	0.000000	0.000000	1.000000	1.00
0.992	0.002	1.000000	0.000000	0.000000	1.000000	1.00
0.992	0.003	1.000000	0.000000	0.000000	1.000000	1.00
0.992	0.004	1.000000	0.000000	0.000000	1.000000	1.00
0.992	0.005	1.000000	0.000000	0.000000	1.000000	1.00
0.993	0.001	1.000000	0.000000	0.000000	1.000000	1.00
0.993	0.002	1.000000	0.000000	0.000000	1.000000	1.00
0.993	0.003	1.000000	0.000000	0.000000	1.000000	1.00
0.993	0.004	1.000000	0.000000	0.000000	1.000000	1.00
0.993	0.005	1.000000	0.000000	0.000000	1.000000	1.00
0.994	0.001	1.000000	0.000000	0.000000	1.000000	1.00
0.994	0.002	1.000000	0.000000	0.000000	1.000000	1.00
0.994	0.003	1.000000	0.000000	0.000000	1.000000	1.00
0.994	0.004	1.000000	0.000000	0.000000	1.000000	1.00
0.994	0.005	1.000000	0.000000	0.000000	1.000000	1.00
0.995	0.001	1.000000	0.000000	0.000000	1.000000	1.00
0.995	0.002	1.000000	0.000000	0.000000	1.000000	1.00
0.995	0.003	1.000000	0.000000	0.000000	1.000000	1.00
0.995	0.004	1.000000	0.000000	0.000000	1.000000	1.00
0.995	0.005	1.000000	0.000000	0.000000	1.000000	1.00
0.996	0.001	1.000000	0.000000	0.000000	1.000000	1.00
0.996	0.002	1.000000	0.000000	0.000000	1.000000	1.00
0.996	0.003	1.000000	0.000000	0.000000	1.000000	1.00
0.996	0.004	1.000000	0.000000	0.000000	1.000000	1.00
0.996	0.005	1.000000	0.000000	0.000000	1.000000	1.00
0.997	0.001	1.000000	0.000000	0.000000	1.000000	1.00
0.997	0.002	1.000000	0.000000	0.000000	1.000000	1.00
0.997	0.003	1.000000	0.000000	0.000000	1.000000	1.00
0.997	0.004	1.000000	0.000000	0.000000	1.000000	1.00
0.997	0.005	1.000000	0.000000	0.000000	1.000000	1.00
0.998	0.001	1.000000	0.000000	0.000000	1.000000	1.00
0.998	0.002	1.000000	0.000000	0.000000	1.000000	1.00
0.998	0.003	1.000000	0.000000	0.000000	1.000000	1.00
0.998	0.004	1.000000	0.000000	0.000000	1.000000	1.00
0.998	0.005	1.000000	0.000000	0.000000	1.000000	1.00
0.999	0.001	1.000000	0.000000	0.000000	1.000000	1.00
0.999	0.002	1.000000	0.000000	0.000000	1.000000	1.00
0.999	0.003	1.000000	0.000000	0.000000	1.000000	1.00
0.999	0.004	1.000000	0.000000	0.000000	1.000000	1.00
0.999	0.005	1.000000	0.000000	0.000000	1.000000	1.00
1.000	0.001	1.000000	0.000000	0.000000	1.000000	1.00
1.000	0.002	1.000000	0.000000	0.000000	1.000000	1.00
1.000	0.003	1.000000	0.000000	0.000000	1.000000	1.00
1.000	0.004	1.000000	0.000000	0.000000	1.000000	1.00
1.000	0.005	1.000000	0.000000	0.000000	1.000000	1.00
1.001	0.001	1.000000	0.000000	0.000000	1.000000	1.00
1.001	0.002	1.000000	0.000000	0.000000	1.000000	1.00
1.001	0.003	1.000000	0.000000	0.000000	1.000000	1.00
1.001	0.004	1.000000	0.000000	0.000000	1.000000	1.00
1.001	0.005	1.000000	0.000000	0.000000	1.000000	1.00
