0.001	0.000	10.000000	0.000000	0.000000	1.000000	10.000000
0.001	0.001	10.000000	0.000000	0.000000	1.000000	10.000000
0.001	0.002	10.000000	0.000000	0.000000	1.000000	10.000000
0.001	0.003	10.000000	0.000000	0.000000	1.000000	10.000000
0.001	0.004	10.000000	0.000000	0.000000	1.000000	10.000000
0.002	0.000	10.000000	0.000000	0.000000	1.000000	10.000000
0.002	0.001	10.000000	0.000000	0.000000	1.000000	10.000000
0.002	0.002	10.000000	0.000000	0.000000	1.000000	10.000000
0.002	0.003	10.000000	0.000000	0.000000	1.000000	10.000000
0.002	0.004	10.000000	0.000000	0.000000	1.000000	10.000000
0.003	0.000	10.000000	0.000000	0.000000	1.000000	10.000000
0.003	0.001	10.000000	0.000000	0.000000	1.000000	10.000000
0.003	0.002	10.000000	0.000000	0.000000	1.000000	10.000000
0.003	0.003	10.000000	0.000000	0.000000	1.000000	10.000000
0.003	0.004	10.000000	0.000000	0.000000	1.000000	10.000000
0.004	0.000	10.000000	0.000000	0.000000	1.000000	10.000000
0.004	0.001	10.000000	0.000000	0.000000	1.000000	10.000000
0.004	0.002	10.000000	0.000000	0.000000	1.000000	10.000000
0.004	0.003	10.000000	0.000000	0.000000	1.000000	10.000000
0.004	0.004	10.000000	0.000000	0.000000	1.000000	10.000000
0.005	0.000	10.000000	0.000000	0.000000	1.000000	10.000000
0.005	0.001	10.000000	0.000000	0.000000	1.000000	10.000000
0.005	0.002	10.000000	0.000000	0.000000	1.000000	10.000000
0.005	0.003	10.000000	0.000000	0.000000	1.000000	10.000000
0.005	0.004	10.000000	0.000000	0.000000	1.000000	10.000000
0.006	0.000	10.000000	0.000000	0.000000	1.000000	10.000000
0.006	0.001	10.000000	0.000000	0.000000	1.000000	10.000000
0.006	0.002	10.000000	0.000000	0.000000	1.000000	10.000000
0.006	0.003	10.000000	0.000000	0.000000	1.000000	10.000000
0.006	0.004	10.000000	0.000000	0.000000	1.000000	10.000000
0.007	0.000	10.000000	0.000000	0.000000	1.000000	10.000000
0.007	0.001	10.000000	0.000000	0.000000	1.000000	10.000000
0.007	0.002	10.000000	0.000000	0.000000	1.000000	10.000000
0.007	0.003	10.000000	0.000000	0.000000	1.000000	10.000000
0.007	0.004	10.000000	0.000000	0.000000	1.000000	10.000000
0.008	0.000	10.000000	0.000000	0.000000	1.000000	10.000000
0.008	0.001	10.000000	0.000000	0.000000	1.000000	10.000000
0.008	0.002	10.000000	0.000000	0.000000	1.000000	10.000000
0.008	0.003	10.000000	0.000000	0.000000	1.000000	10.000000
0.008	0.004	10.000000	0.000000	0.000000	1.000000	10.000000
0.009	0.000	10.000000	0.000000	0.000000	1.000000	10.000000
0.009	0.001	10.000000	0.000000	0.000000	1.000000	10.000000
0.009	0.002	10.000000	0.000000	0.000000	1.000000	10.000000
0.009	0.003	10.000000	0.000000	0.000000	1.000000	10.000000
0.009	0.004	10.000000	0.000000	0.000000	1.000000	10.000000
0.010	0.000	10.000000	0.000000	0.000000	1.000000	10.000000
0.010	0.001	10.000000	0.000000	0.000000	1.000000	10.000000
0.010	0.002	10.000000	0.000000	0.000000	1.000000	10.000000
0.010	0.003	10.000000	0.000000	0.000000	1.000000	10.000000
0.010	0.004	10.000000	0.000000	0.000000	1.000000	10.000000
0.011	0.000	10.000000	0.000000	0.000000	1.000000	10.000000
0.011	0.001	10.000000	0.000000	0.000000	1.000000	10.000000
0.011	0.002	10.000000	0.000000	0.000000	1.000000	10.000000
0.011	0.003	10.000000	0.000000	0.000000	1.000000	10.000000
0.011	0.004	10.000000	0.000000	0.000000	1.000000	10.000000
0.012	0.000	10.000000	0.000000	0.000000	1.000000	10.000000
0.012	0.001	10.000000	0.000000	0.000000	1.000000	10.000000
0.012	0.002	10.000000	0.000000	0.000000	1.000000	10.000000
0.012	0.003	10.000000	0.000000	0.000000	1.000000	10.000000
0.012	0.004	10.000000	0.000000	0.000000	1.000000	10.000000
0.013	0.000	10.000000	0.000000	0.000000	1.000000	10.000000
0.013	0.001	10.000000	0.000000	0.000000	1.000000	10.000000
0.013	0.002	10.000000	0.000000	0.000000	1.000000	10.000000
0.013	0.003	10.000000	0.000000	0.000000	1.000000	10.000000
0.013	0.004	10.000000	0.000000	0.000000	1.000000	10.000000
0.014	0.000	10.000000	0.000000	0.000000	1.000000	10.000000
0.014	0.001	10.000000	0.000000	0.000000	1.000000	10.000000
0.014	0.002	10.000000	0.000000	0.000000	1.000000	10.000000
0.014	0.003	10.000000	0.000000	0.000000	1.000000	10.000000
0.014	0.004	10.000000	0.000000	0.000000	1.000000	10.000000
0.015	0.000	10.000000	0.000000	0.000000	1.000000	10.000000
0.015	0.001	10.000000	0.000000	0.000000	1.000000	10.000000
0.015	0.002	10.000000	0.000000	0.000000	1.000000	10.000000
0.015	0.003	10.000000	0.000000	0.000000	1.000000	10.000000
0.015	0.004	10.000000	0.000000	0.000000	1.000000	10.000000
0.016	0.000	10.000000	0.000000	0.000000	1.000000	10.000000
0.016	0.001	10.000000	0.000000	0.000000	1.000000	10.000000
0.016	0.002	10.000000	0.000000	0.000000	1.000000	10.000000
0.016	0.003	10.000000	0.000000	0.000000	1.000000	10.000000
0.016	0.004	10.000000	0.000000	0.000000	1.000000	10.000000
0.016	0.000	10.000000	0.000000	0.000000	1.000000	10.000000
0.016	0.001	10.000000	0.000000	0.000000	1.000000	10.000000
0.016	0.002	10.000000	0.000000	0.000000	1.000000	10.000000
0.016	0.003	10.000000	0.000000	0.000000	1.000000	10.000000
0.016	0.004	10.000000	0.000000	0.000000	1.000000	10.000000
0.018	0.000	10.000000	0.000000	0.000000	1.000000	10.000000
0.018	0.001	10.000000	0.000000	0.000000	1.000000	10.000000
0.018	0.002	10.000000	0.000000	0.000000	1.000000	10.000000
0.018	0.003	10.000000	0.000000	0.000000	1.000000	10.000000
0.018	0.004	10.000000	0.000000	0.000000	1.000000	10.000000
0.019	0.000	10.000000	0.000000	0.000000	1.000000	10.000000
0.019	0.001	10.000000	0.000000	0.000000	1.000000	10.000000
0.019	0.002	10.000000	0.000000	0.000000	1.000000	10.000000
0.019	0.003	10.000000	0.000000	0.000000	1.000000	10.000000
0.019	0.004	10.000000	0.000000	0.000000	1.000000	10.000000
0.020	0.000	10.000000	0.000000	0.000000	1.000000	10.000000
0.020	0.001	10.000000	0.000000	0.000000	1.000000	10.000000
0.020	0.002	10.000000	0.000000	0.000000	1.000000	10.000000
0.020	0.003	10.000000	0.000000	0.000000	1.000000	10.000000
0.020	0.004	10.000000	0.000000	0.000000	1.000000	10.000000
0.021	0.000	10.000000	0.000000	0.000000	1.000000	10.000000
0.021	0.001	10.000000	0.000000	0.000000	1.000000	10.000000
0.021	0.002	10.000000	0.000000	0.000000	1.000000	10.000000
0.021	0.003	10.000000	0.000000	0.000000	1.000000	10.000000
0.021	0.004	10.000000	0.000000	0.000000	1.000000	10.000000
0.022	0.000	10.000000	0.000000	0.000000	1.000000	10.000000
0.022	0.001	10.000000	0.000000	0.000000	1.000000	10.000000
0.022	0.002	10.000000	0.000000	0.000000	1.000000	10.000000
0.022	0.003	10.000000	0.000000	0.000000	1.000000	10.000000
0.022	0.004	10.000000	0.000000	0.000000	1.000000	10.000000
0.023	0.000	10.000000	0.000000	0.000000	1.000000	10.000000
0.023	0.001	10.000000	0.000000	0.000000	1.000000	10.000000
0.023	0.002	10.000000	0.000000	0.000000	1.000000	10.000000
0.023	0.003	10.000000	0.000000	0.000000	1.000000	10.000000
0.023	0.004	10.000000	0.000000	0.000000	1.000000	10.000000
0.024	0.000	10.000000	0.000000	0.000000	1.000000	10.000000
0.024	0.001	10.000000	0.000000	0.000000	1.000000	10.000000
0.024	0.002	10.000000	0.000000	0.000000	1.000000	10.000000
0.024	0.003	10.000000	0.000000	0.000000	1.000000	10.000000
0.024	0.004	10.000000	0.000000	0.000000	1.000000	10.000000
0.025	0.000	10.000000	0.000000	0.000000	1.000000	10.000000
0.025	0.001	10.000000	0.000000	0.000000	1.000000	10.000000
0.025	0.002	10.000000	0.000000	0.000000	1.000000	10.000000
0.025	0.003	10.000000	0.000000	0.000000	1.000000	10.000000
0.025	0.004	10.000000	0.000000	0.000000	1.000000	10.000000
0.026	0.000	10.000000	0.000000	0.000000	1.000000	10.000000
0.026	0.001	10.000000	0.000000	0.000000	1.000000	10.000000
0.026	0.002	10.000000	0.000000	0.000000	1.000000	10.000000
0.026	0.003	10.000000	0.000000	0.000000	1.000000	10.000000
0.026	0.004	10.000000	0.000000	0.000000	1.000000	10.000000
0.027	0.000	10.000000	0.000000	0.000000	1.000000	10.000000
0.027	0.001	10.000000	0.000000	0.000000	1.000000	10.000000
0.027	0.002	10.000000	0.000000	0.000000	1.000000	10.000000
0.027	0.003	10.000000	0.000000	0.000000	1.000000	10.000000
0.027	0.004	10.000000	0.000000	0.000000	1.000000	10.000000
0.028	0.000	10.000000	0.000000	0.000000	1.000000	10.000000
0.028	0.001	10.000000	0.000000	0.000000	1.000000	10.000000
0.028	0.002	10.000000	0.000000	0.000000	1.000000	10.000000
0.028	0.003	10.000000	0.000000	0.000000	1.000000	10.000000
0.028	0.004	10.000000	0.000000	0.000000	1.000000	10.000000
0.029	0.000	10.000000	0.000000	0.000000	1.000000	10.000000
0.029	0.001	10.000000	0.000000	0.000000	1.000000	10.000000
0.029	0.002	10.000000	0.000000	0.000000	1.000000	10.000000
0.029	0.003	10.000000	0.000000	0.000000	1.000000	10.000000
0.029	0.004	10.000000	0.000000	0.000000	1.000000	10.000000
0.030	0.000	10.000000	0.000000	0.000000	1.000000	10.000000
0.030	0.001	10.000000	0.000000	0.000000	1.000000	10.000000
0.030	0.002	10.000000	0.000000	0.000000	1.000000	10.000000
0.030	0.003	10.000000	0.000000	0.000000	1.000000	10.000000
0.030	0.004	10.000000	0.000000	0.000000	1.000000	10.000000
0.031	0.000	10.000000	0.000000	0.000000	1.000000	10.000000
0.031	0.001	10.000000	0.000000	0.000000	1.000000	10.000000
0.031	0.002	10.000000	0.000000	0.000000	1.000000	10.000000
0.031	0.003	10.000000	0.000000	0.000000	1.000000	10.000000
0.031	0.004	10.000000	0.000000	0.000000	1.000000	10.000000
0.032	0.000	10.000000	0.000000	0.000000	1.000000	10.000000
0.032	0.001	10.000000	0.000000	0.000000	1.000000	10.000000
0.032	0.002	10.000000	0.000000	0.000000	1.000000	10.000000
0.032	0.003	10.000000	0.000000	0.000000	1.000000	10.000000
0.032	0.004	10.000000	0.000000	0.000000	1.000000	10.000000
0.033	0.000	10.000000	0.000000	0.000000	1.000000	10.000000
0.033	0.001	10.000000	0.000000	0.000000	1.000000	10.000000
0.033	0.002	10.000000	0.000000	0.000000	1.000000	10.000000
0.033	0.003	10.000000	0.000000	0.000000	1.000000	10.000000
0.033	0.004	10.000000	0.000000	0.000000	1.000000	10.000000
0.034	0.000	10.000000	0.000000	0.000000	1.000000	10.000000
0.034	0.001	10.000000	0.000000	0.000000	1.000000	10.000000
0.034	0.002	10.000000	0.000000	0.000000	1.000000	10.000000
0.034	0.003	10.000000	0.000000	0.000000	1.000000	10.000000
0.034	0.004	10.000000	0.000000	0.000000	1.000000	10.000000
0.035	0.000	10.000000	0.000000	0.000000	1.000000	10.000000
0.035	0.001	10.000000	0.000000	0.000000	1.000000	10.000000
0.035	0.002	10.000000	0.000000	0.000000	1.000000	10.000000
0.035	0.003	10.000000	0.000000	0.000000	1.000000	10.000000
0.035	0.004	10.000000	0.000000	0.000000	1.000000	10.000000
0.036	0.000	10.000000	0.000000	0.000000	1.000000	10.000000
0.036	0.001	10.000000	0.000000	0.000000	1.000000	10.000000
0.036	0.002	10.000000	0.000000	0.000000	1.000000	10.000000
0.036	0.003	10.000000	0.000000	0.000000	1.000000	10.000000
0.036	0.004	10.000000	0.000000	0.000000	1.000000	10.000000
0.037	0.000	10.000000	0.000000	0.000000	1.000000	10.000000
0.037	0.001	10.000000	0.000000	0.000000	1.000000	10.000000
0.037	0.002	10.000000	0.000000	0.000000	1.000000	10.000000
0.037	0.003	10.000000	0.000000	0.000000	1.000000	10.000000
0.037	0.004	10.000000	0.000000	0.000000	1.000000	10.000000
0.038	0.000	10.000000	0.000000	0.000000	1.000000	10.000000
0.038	0.001	10.000000	0.000000	0.000000	1.000000	10.000000
0.038	0.002	10.000000	0.000000	0.000000	1.000000	10.000000
0.038	0.003	10.000000	0.000000	0.000000	1.000000	10.000000
0.038	0.004	10.000000	0.000000	0.000000	1.000000	10.000000
0.039	0.000	10.000000	0.000000	0.000000	1.000000	10.000000
0.039	0.001	10.000000	0.000000	0.000000	1.000000	10.000000
0.039	0.002	10.000000	0.000000	0.000000	1.000000	10.000000
0.039	0.003	10.000000	0.000000	0.000000	1.000000	10.000000
0.039	0.004	10.000000	0.000000	0.000000	1.000000	10.000000
0.040	0.000	10.000000	0.000000	0.000000	1.000000	10.000000
0.040	0.001	10.000000	0.000000	0.000000	1.000000	10.000000
0.040	0.002	10.000000	0.000000	0.000000	1.000000	10.000000
0.040	0.003	10.000000	0.000000	0.000000	1.000000	10.000000
0.040	0.004	10.000000	0.000000	0.000000	1.000000	10.000000
0.041	0.000	10.000000	0.000000	0.000000	1.000000	10.000000
0.041	0.001	10.000000	0.000000	0.000000	1.000000	10.000000
0.041	0.002	10.000000	0.000000	0.000000	1.000000	10.000000
0.041	0.003	10.000000	0.000000	0.000000	1.000000	10.000000
0.041	0.004	10.000000	0.000000	0.000000	1.000000	10.000000
0.042	0.000	10.000000	0.000000	0.000000	1.000000	10.000000
0.042	0.001	10.000000	0.000000	0.000000	1.000000	10.000000
0.042	0.002	10.000000	0.000000	0.000000	1.000000	10.000000
0.042	0.003	10.000000	0.000000	0.000000	1.000000	10.000000
0.042	0.004	10.000000	0.000000	0.000000	1.000000	10.000000
0.043	0.000	10.000000	0.000000	0.000000	1.000000	10.000000
0.043	0.001	10.000000	0.000000	0.000000	1.000000	10.000000
0.043	0.002	10.000000	0.000000	0.000000	1.000000	10.000000
0.043	0.003	10.000000	0.000000	0.000000	1.000000	10.000000
0.043	0.004	10.000000	0.000000	0.000000	1.000000	10.000000
0.044	0.000	10.000000	0.000000	0.000000	1.000000	10.000000
0.044	0.001	10.000000	0.000000	0.000000	1.000000	10.000000
0.044	0.002	10.000000	0.000000	0.000000	1.000000	10.000000
0.044	0.003	10.000000	0.000000	0.000000	1.000000	10.000000
0.044	0.004	10.000000	0.000000	0.000000	1.000000	10.000000
0.045	0.000	10.000000	0.000000	0.000000	1.000000	10.000000
0.045	0.001	10.000000	0.000000	0.000000	1.000000	10.000000
0.045	0.002	10.000000	0.000000	0.000000	1.000000	10.000000
0.045	0.003	10.000000	0.000000	0.000000	1.000000	10.000000
0.045	0.004	10.000000	0.000000	0.000000	1.000000	10.000000
0.046	0.000	10.000000	0.000000	0.000000	1.000000	10.000000
0.046	0.001	10.000000	0.000000	0.000000	1.000000	10.000000
0.046	0.002	10.000000	0.000000	0.000000	1.000000	10.000000
0.046	0.003	10.000000	0.000000	0.000000	1.000000	10.000000
0.046	0.004	10.000000	0.000000	0.000000	1.000000	10.000000
0.047	0.000	10.000000	0.000000	0.000000	1.000000	10.000000
0.047	0.001	10.000000	0.000000	0.000000	1.000000	10.000000
0.047	0.002	10.000000	0.000000	0.000000	1.000000	10.000000
0.047	0.003	10.000000	0.000000	0.000000	1.000000	10.000000
0.047	0.004	10.000000	0.000000	0.000000	1.000000	10.000000
0.048	0.000	10.000000	0.000000	0.000000	1.000000	10.000000
0.048	0.001	10.000000	0.000000	0.000000	1.000000	10.000000
0.048	0.002	10.000000	0.000000	0.000000	1.000000	10.000000
0.048	0.003	10.000000	0.000000	0.000000	1.000000	10.000000
0.048	0.004	10.000000	0.000000	0.000000	1.000000	10.000000
0.049	0.000	10.000000	0.000000	0.000000	1.000000	10.000000
0.049	0.001	10.000000	0.000000	0.000000	1.000000	10.000000
0.049	0.002	10.000000	0.000000	0.000000	1.000000	10.000000
0.049	0.003	10.000000	0.000000	0.000000	1.000000	10.000000
0.049	0.004	10.000000	0.000000	0.000000	1.000000	10.000000
0.050	0.000	10.000000	0.000000	0.000000	1.000000	10.000000
0.050	0.001	10.000000	0.000000	0.000000	1.000000	10.000000
0.050	0.002	10.000000	0.000000	0.000000	1.000000	10.000000
0.050	0.003	10.000000	0.000000	0.000000	1.000000	10.000000
0.050	0.004	10.000000	0.000000	0.000000	1.000000	10.000000
0.051	0.000	10.000000	0.000000	0.000000	1.000000	10.000000
0.051	0.001	10.000000	0.000000	0.000000	1.000000	10.000000
0.051	0.002	10.000000	0.000000	0.000000	1.000000	10.000000
0.051	0.003	10.000000	0.000000	0.000000	1.000000	10.000000
0.051	0.004	10.000000	0.000000	0.000000	1.000000	10.000000
0.052	0.000	10.000000	0.000000	0.000000	1.000000	10.000000
0.052	0.001	10.000000	0.000000	0.000000	1.000000	10.000000
0.052	0.002	10.000000	0.000000	0.000000	1.000000	10.000000
0.052	0.003	10.000000	0.000000	0.000000	1.000000	10.000000
0.052	0.004	10.000000	0.000000	0.000000	1.000000	10.000000
0.053	0.000	10.000000	0.000000	0.000000	1.000000	10.000000
0.053	0.001	10.000000	0.000000	0.000000	1.000000	10.000000
0.053	0.002	10.000000	0.000000	0.000000	1.000000	10.000000
0.053	0.003	10.000000	0.000000	0.000000	1.000000	10.000000
0.053	0.004	10.000000	0.000000	0.000000	1.000000	10.000000
0.054	0.000	10.000000	0.000000	0.000000	1.000000	10.000000
0.054	0.001	10.000000	0.000000	0.000000	1.000000	10.000000
0.054	0.002	10.000000	0.000000	0.000000	1.000000	10.000000
0.054	0.003	10.000000	0.000000	0.000000	1.000000	10.000000
0.054	0.004	10.000000	0.000000	0.000000	1.000000	10.000000
0.055	0.000	10.000000	0.000000	0.000000	1.000000	10.000000
0.055	0.001	10.000000	0.000000	0.000000	1.000000	10.000000
0.055	0.002	10.000000	0.000000	0.000000	1.000000	10.000000
0.055	0.003	10.000000	0.000000	0.000000	1.000000	10.000000
0.055	0.004	10.000000	0.000000	0.000000	1.000000	10.000000
0.056	0.000	10.000000	0.000000	0.000000	1.000000	10.000000
0.056	0.001	10.000000	0.000000	0.000000	1.000000	10.000000
0.056	0.002	10.000000	0.000000	0.000000	1.000000	10.000000
0.056	0.003	10.000000	0.000000	0.000000	1.000000	10.000000
0.056	0.004	10.000000	0.000000	0.000000	1.000000	10.000000
0.057	0.000	10.000000	0.000000	0.000000	1.000000	10.000000
0.057	0.001	10.000000	0.000000	0.000000	1.000000	10.000000
0.057	0.002	10.000000	0.000000	0.000000	1.000000	10.000000
0.057	0.003	10.000000	0.000000	0.000000	1.000000	10.000000
0.057	0.004	10.000000	0.000000	0.000000	1.000000	10.000000
0.058	0.000	10.000000	0.000000	0.000000	1.000000	10.000000
0.058	0.001	10.000000	0.000000	0.000000	1.000000	10.000000
0.058	0.002	10.000000	0.000000	0.000000	1.000000	10.000000
0.058	0.003	10.000000	0.000000	0.000000	1.000000	10.000000
0.058	0.004	10.000000	0.000000	0.000000	1.000000	10.000000
0.059	0.000	10.000000	0.000000	0.000000	1.000000	10.000000
0.059	0.001	10.000000	0.000000	0.000000	1.000000	10.000000
0.059	0.002	10.000000	0.000000	0.000000	1.000000	10.000000
0.059	0.003	10.000000	0.000000	0.000000	1.000000	10.000000
0.059	0.004	10.000000	0.000000	0.000000	1.000000	10.000000
0.060	0.000	10.000000	0.000000	0.000000	1.000000	10.000000
0.060	0.001	10.000000	0.000000	0.000000	1.000000	10.000000
0.060	0.002	10.000000	0.000000	0.000000	1.000000	10.000000
0.060	0.003	10.000000	0.000000	0.000000	1.000000	10.000000
0.060	0.004	10.000000	0.000000	0.000000	1.000000	10.000000
0.061	0.000	10.000000	0.000000	0.000000	1.000000	10.000000
0.061	0.001	10.000000	0.000000	0.000000	1.000000	10.000000
0.061	0.002	10.000000	0.000000	0.000000	1.000000	10.000000
0.061	0.003	10.000000	0.000000	0.000000	1.000000	10.000000
0.061	0.004	10.000000	0.000000	0.000000	1.000000	10.000000
0.062	0.000	10.000000	0.000000	0.000000	1.000000	10.000000
0.062	0.001	10.000000	0.000000	0.000000	1.000000	10.000000
0.062	0.002	10.000000	0.000000	0.000000	1.000000	10.000000
0.062	0.003	10.000000	0.000000	0.000000	1.000000	10.000000
0.062	0.004	10.000000	0.000000	0.000000	1.000000	10.000000
0.062	0.000	10.000000	0.000000	0.000000	1.000000	10.000000
0.062	0.001	10.000000	0.000000	0.000000	1.000000	10.000000
0.062	0.002	10.000000	0.000000	0.000000	1.000000	10.000000
0.062	0.003	10.000000	0.000000	0.000000	1.000000	10.000000
0.062	0.004	10.000000	0.000000	0.000000	1.000000	10.000000
0.064	0.000	10.000000	0.000000	0.000000	1.000000	10.000000
0.064	0.001	10.000000	0.000000	0.000000	1.000000	10.000000
0.064	0.002	10.000000	0.000000	0.000000	1.000000	10.000000
0.064	0.003	10.000000	0.000000	0.000000	1.000000	10.000000
0.064	0.004	10.000000	0.000000	0.000000	1.000000	10.000000
0.065	0.000	10.000000	0.000000	0.000000	1.000000	10.000000
0.065	0.001	10.000000	0.000000	0.000000	1.000000	10.000000
0.065	0.002	10.000000	0.000000	0.000000	1.000000	10.000000
0.065	0.003	10.000000	0.000000	0.000000	1.000000	10.000000
0.065	0.004	10.000000	0.000000	0.000000	1.000000	10.000000
0.066	0.000	10.000000	0.000000	0.000000	1.000000	10.000000
0.066	0.001	10.000000	0.000000	0.000000	1.000000	10.000000
0.066	0.002	10.000000	0.000000	0.000000	1.000000	10.000000
0.066	0.003	10.000000	0.000000	0.000000	1.000000	10.000000
0.066	0.004	10.000000	0.000000	0.000000	1.000000	10.000000
0.067	0.000	10.000000	0.000000	0.000000	1.000000	10.000000
0.067	0.001	10.000000	0.000000	0.000000	1.000000	10.000000
0.067	0.002	10.000000	0.000000	0.000000	1.000000	10.000000
0.067	0.003	10.000000	0.000000	0.000000	1.000000	10.000000
0.067	0.004	10.000000	0.000000	0.000000	1.000000	10.000000
0.068	0.000	10.000000	0.000000	0.000000	1.000000	10.000000
0.068	0.001	10.000000	0.000000	0.000000	1.000000	10.000000
0.068	0.002	10.000000	0.000000	0.000000	1.000000	10.000000
0.068	0.003	10.000000	0.000000	0.000000	1.000000	10.000000
0.068	0.004	10.000000	0.000000	0.000000	1.000000	10.000000
0.069	0.000	10.000000	0.000000	0.000000	1.000000	10.000000
0.069	0.001	10.000000	0.000000	0.000000	1.000000	10.000000
0.069	0.002	10.000000	0.000000	0.000000	1.000000	10.000000
0.069	0.003	10.000000	0.000000	0.000000	1.000000	10.000000
0.069	0.004	10.000000	0.000000	0.000000	1.000000	10.000000
0.070	0.000	10.000000	0.000000	0.000000	1.000000	10.000000
0.070	0.001	10.000000	0.000000	0.000000	1.000000	10.000000
0.070	0.002	10.000000	0.000000	0.000000	1.000000	10.000000
0.070	0.003	10.000000	0.000000	0.000000	1.000000	10.000000
0.070	0.004	10.000000	0.000000	0.000000	1.000000	10.000000
0.071	0.000	10.000000	0.000000	0.000000	1.000000	10.000000
0.071	0.001	10.000000	0.000000	0.000000	1.000000	10.000000
0.071	0.002	10.000000	0.000000	0.000000	1.000000	10.000000
0.071	0.003	10.000000	0.000000	0.000000	1.000000	10.000000
0.071	0.004	10.000000	0.000000	0.000000	1.000000	10.000000
0.072	0.000	10.000000	0.000000	0.000000	1.000000	10.000000
0.072	0.001	10.000000	0.000000	0.000000	1.000000	10.000000
0.072	0.002	10.000000	0.000000	0.000000	1.000000	10.000000
0.072	0.003	10.000000	0.000000	0.000000	1.000000	10.000000
0.072	0.004	10.000000	0.000000	0.000000	1.000000	10.000000
0.073	0.000	10.000000	0.000000	0.000000	1.000000	10.000000
0.073	0.001	10.000000	0.000000	0.000000	1.000000	10.000000
0.073	0.002	10.000000	0.000000	0.000000	1.000000	10.000000
0.073	0.003	10.000000	0.000000	0.000000	1.000000	10.000000
0.073	0.004	10.000000	0.000000	0.000000	1.000000	10.000000
0.073	0.000	10.000000	0.000000	0.000000	1.000000	10.000000
0.073	0.001	10.000000	0.000000	0.000000	1.000000	10.000000
0.073	0.002	10.000000	0.000000	0.000000	1.000000	10.000000
0.073	0.003	10.000000	0.000000	0.000000	1.000000	10.000000
0.073	0.004	10.000000	0.000000	0.000000	1.000000	10.000000
0.075	0.000	10.000000	0.000000	0.000000	1.000000	10.000000
0.075	0.001	10.000000	0.000000	0.000000	1.000000	10.000000
0.075	0.002	10.000000	0.000000	0.000000	1.000000	10.000000
0.075	0.003	10.000000	0.000000	0.000000	1.000000	10.000000
0.075	0.004	10.000000	0.000000	0.000000	1.000000	10.000000
0.076	0.000	10.000000	0.000000	0.000000	1.000000	10.000000
0.076	0.001	10.000000	0.000000	0.000000	1.000000	10.000000
0.076	0.002	10.000000	0.000000	0.000000	1.000000	10.000000
0.076	0.003	10.000000	0.000000	0.000000	1.000000	10.000000
0.076	0.004	10.000000	0.000000	0.000000	1.000000	10.000000
0.077	0.000	10.000000	0.000000	0.000000	1.000000	10.000000
0.077	0.001	10.000000	0.000000	0.000000	1.000000	10.000000
0.077	0.002	10.000000	0.000000	0.000000	1.000000	10.000000
0.077	0.003	10.000000	0.000000	0.000000	1.000000	10.000000
0.077	0.004	10.000000	0.000000	0.000000	1.000000	10.000000
0.078	0.000	10.000000	0.000000	0.000000	1.000000	10.000000
0.078	0.001	10.000000	0.000000	0.000000	1.000000	10.000000
0.078	0.002	10.000000	0.000000	0.000000	1.000000	10.000000
0.078	0.003	10.000000	0.000000	0.000000	1.000000	10.000000
0.078	0.004	10.000000	0.000000	0.000000	1.000000	10.000000
0.079	0.000	10.000000	0.000000	0.000000	1.000000	10.000000
0.079	0.001	10.000000	0.000000	0.000000	1.000000	10.000000
0.079	0.002	10.000000	0.000000	0.000000	1.000000	10.000000
0.079	0.003	10.000000	0.000000	0.000000	1.000000	10.000000
0.079	0.004	10.000000	0.000000	0.000000	1.000000	10.000000
0.080	0.000	10.000000	0.000000	0.000000	1.000000	10.000000
0.080	0.001	10.000000	0.000000	0.000000	1.000000	10.000000
0.080	0.002	10.000000	0.000000	0.000000	1.000000	10.000000
0.080	0.003	10.000000	0.000000	0.000000	1.000000	10.000000
0.080	0.004	10.000000	0.000000	0.000000	1.000000	10.000000
0.081	0.000	10.000000	0.000000	0.000000	1.000000	10.000000
0.081	0.001	10.000000	0.000000	0.000000	1.000000	10.000000
0.081	0.002	10.000000	0.000000	0.000000	1.000000	10.000000
0.081	0.003	10.000000	0.000000	0.000000	1.000000	10.000000
0.081	0.004	10.000000	0.000000	0.000000	1.000000	10.000000
0.082	0.000	10.000000	0.000000	0.000000	1.000000	10.000000
0.082	0.001	10.000000	0.000000	0.000000	1.000000	10.000000
0.082	0.002	10.000000	0.000000	0.000000	1.000000	10.000000
0.082	0.003	10.000000	0.000000	0.000000	1.000000	10.000000
0.082	0.004	10.000000	0.000000	0.000000	1.000000	10.000000
0.083	0.000	10.000000	0.000000	0.000000	1.000000	10.000000
0.083	0.001	10.000000	0.000000	0.000000	1.000000	10.000000
0.083	0.002	10.000000	0.000000	0.000000	1.000000	10.000000
0.083	0.003	10.000000	0.000000	0.000000	1.000000	10.000000
0.083	0.004	10.000000	0.000000	0.000000	1.000000	10.000000
0.084	0.000	10.000000	0.000000	0.000000	1.000000	10.000000
0.084	0.001	10.000000	0.000000	0.000000	1.000000	10.000000
0.084	0.002	10.000000	0.000000	0.000000	1.000000	10.000000
0.084	0.003	10.000000	0.000000	0.000000	1.000000	10.000000
0.084	0.004	10.000000	0.000000	0.000000	1.000000	10.000000
0.085	0.000	10.000000	0.000000	0.000000	1.000000	10.000000
0.085	0.001	10.000000	0.000000	0.000000	1.000000	10.000000
0.085	0.002	10.000000	0.000000	0.000000	1.000000	10.000000
0.085	0.003	10.000000	0.000000	0.000000	1.000000	10.000000
0.085	0.004	10.000000	0.000000	0.000000	1.000000	10.000000
0.086	0.000	10.000000	0.000000	0.000000	1.000000	10.000000
0.086	0.001	10.000000	0.000000	0.000000	1.000000	10.000000
0.086	0.002	10.000000	0.000000	0.000000	1.000000	10.000000
0.086	0.003	10.000000	0.000000	0.000000	1.000000	10.000000
0.086	0.004	10.000000	0.000000	0.000000	1.000000	10.000000
0.087	0.000	10.000000	0.000000	0.000000	1.000000	10.000000
0.087	0.001	10.000000	0.000000	0.000000	1.000000	10.000000
0.087	0.002	10.000000	0.000000	0.000000	1.000000	10.000000
0.087	0.003	10.000000	0.000000	0.000000	1.000000	10.000000
0.087	0.004	10.000000	0.000000	0.000000	1.000000	10.000000
0.088	0.000	10.000000	0.000000	0.000000	1.000000	10.000000
0.088	0.001	10.000000	0.000000	0.000000	1.000000	10.000000
0.088	0.002	10.000000	0.000000	0.000000	1.000000	10.000000
0.088	0.003	10.000000	0.000000	0.000000	1.000000	10.000000
0.088	0.004	10.000000	0.000000	0.000000	1.000000	10.000000
0.089	0.000	10.000000	0.000000	0.000000	1.000000	10.000000
0.089	0.001	10.000000	0.000000	0.000000	1.000000	10.000000
0.089	0.002	10.000000	0.000000	0.000000	1.000000	10.000000
0.089	0.003	10.000000	0.000000	0.000000	1.000000	10.000000
0.089	0.004	10.000000	0.000000	0.000000	1.000000	10.000000
0.090	0.000	10.000000	0.000000	0.000000	1.000000	10.000000
0.090	0.001	10.000000	0.000000	0.000000	1.000000	10.000000
0.090	0.002	10.000000	0.000000	0.000000	1.000000	10.000000
0.090	0.003	10.000000	0.000000	0.000000	1.000000	10.000000
0.090	0.004	10.000000	0.000000	0.000000	1.000000	10.000000
0.091	0.000	10.000000	0.000000	0.000000	1.000000	10.000000
0.091	0.001	10.000000	0.000000	0.000000	1.000000	10.000000
0.091	0.002	10.000000	0.000000	0.000000	1.000000	10.000000
0.091	0.003	10.000000	0.000000	0.000000	1.000000	10.000000
0.091	0.004	10.000000	0.000000	0.000000	1.000000	10.000000
0.092	0.000	10.000000	0.000000	0.000000	1.000000	10.000000
0.092	0.001	10.000000	0.000000	0.000000	1.000000	10.000000
0.092	0.002	10.000000	0.000000	0.000000	1.000000	10.000000
0.092	0.003	10.000000	0.000000	0.000000	1.000000	10.000000
0.092	0.004	10.000000	0.000000	0.000000	1.000000	10.000000
0.093	0.000	10.000000	0.000000	0.000000	1.000000	10.000000
0.093	0.001	10.000000	0.000000	0.000000	1.000000	10.000000
0.093	0.002	10.000000	0.000000	0.000000	1.000000	10.000000
0.093	0.003	10.000000	0.000000	0.000000	1.000000	10.000000
0.093	0.004	10.000000	0.000000	0.000000	1.000000	10.000000
0.094	0.000	10.000000	0.000000	0.000000	1.000000	10.000000
0.094	0.001	10.000000	0.000000	0.000000	1.000000	10.000000
0.094	0.002	10.000000	0.000000	0.000000	1.000000	10.000000
0.094	0.003	10.000000	0.000000	0.000000	1.000000	10.000000
0.094	0.004	10.000000	0.000000	0.000000	1.000000	10.000000
0.095	0.000	10.000000	0.000000	0.000000	1.000000	10.000000
0.095	0.001	10.000000	0.000000	0.000000	1.000000	10.000000
0.095	0.002	10.000000	0.000000	0.000000	1.000000	10.000000
0.095	0.003	10.000000	0.000000	0.000000	1.000000	10.000000
0.095	0.004	10.000000	0.000000	0.000000	1.000000	10.000000
0.096	0.000	10.000000	0.000000	0.000000	1.000000	10.000000
0.096	0.001	10.000000	0.000000	0.000000	1.000000	10.000000
0.096	0.002	10.000000	0.000000	0.000000	1.000000	10.000000
0.096	0.003	10.000000	0.000000	0.000000	1.000000	10.000000
0.096	0.004	10.000000	0.000000	0.000000	1.000000	10.000000
0.097	0.000	10.000000	0.000000	0.000000	1.000000	10.000000
0.097	0.001	10.000000	0.000000	0.000000	1.000000	10.000000
0.097	0.002	10.000000	0.000000	0.000000	1.000000	10.000000
0.097	0.003	10.000000	0.000000	0.000000	1.000000	10.000000
0.097	0.004	10.000000	0.000000	0.000000	1.000000	10.000000
0.098	0.000	10.000000	0.000000	0.000000	1.000000	10.000000
0.098	0.001	10.000000	0.000000	0.000000	1.000000	10.000000
0.098	0.002	10.000000	0.000000	0.000000	1.000000	10.000000
0.098	0.003	10.000000	0.000000	0.000000	1.000000	10.000000
0.098	0.004	10.000000	0.000000	0.000000	1.000000	10.000000
0.099	0.000	10.000000	0.000000	0.000000	1.000000	10.000000
0.099	0.001	10.000000	0.000000	0.000000	1.000000	10.000000
0.099	0.002	10.000000	0.000000	0.000000	1.000000	10.000000
0.099	0.003	10.000000	0.000000	0.000000	1.000000	10.000000
0.099	0.004	10.000000	0.000000	0.000000	1.000000	10.000000
0.100	0.000	10.000000	0.000000	0.000000	1.000000	10.000000
0.100	0.001	10.000000	0.000000	0.000000	1.000000	10.000000
0.100	0.002	10.000000	0.000000	0.000000	1.000000	10.000000
0.100	0.003	10.000000	0.000000	0.000000	1.000000	10.000000
0.100	0.004	10.000000	0.000000	0.000000	1.000000	10.000000
0.101	0.000	10.000000	0.000000	0.000000	1.000000	10.000000
0.101	0.001	10.000000	0.000000	0.000000	1.000000	10.000000
0.101	0.002	10.000000	0.000000	0.000000	1.000000	10.000000
0.101	0.003	10.000000	0.000000	0.000000	1.000000	10.000000
0.101	0.004	10.000000	0.000000	0.000000	1.000000	10.000000
0.102	0.000	10.000000	0.000000	0.000000	1.000000	10.000000
0.102	0.001	10.000000	0.000000	0.000000	1.000000	10.000000
0.102	0.002	10.000000	0.000000	0.000000	1.000000	10.000000
0.102	0.003	10.000000	0.000000	0.000000	1.000000	10.000000
0.102	0.004	10.000000	0.000000	0.000000	1.000000	10.000000
0.103	0.000	10.000000	0.000000	0.000000	1.000000	10.000000
0.103	0.001	10.000000	0.000000	0.000000	1.000000	10.000000
0.103	0.002	10.000000	0.000000	0.000000	1.000000	10.000000
0.103	0.003	10.000000	0.000000	0.000000	1.000000	10.000000
0.103	0.004	10.000000	0.000000	0.000000	1.000000	10.000000
0.104	0.000	10.000000	0.000000	0.000000	1.000000	10.000000
0.104	0.001	10.000000	0.000000	0.000000	1.000000	10.000000
0.104	0.002	10.000000	0.000000	0.000000	1.000000	10.000000
0.104	0.003	10.000000	0.000000	0.000000	1.000000	10.000000
0.104	0.004	10.000000	0.000000	0.000000	1.000000	10.000000
0.105	0.000	10.000000	0.000000	0.000000	1.000000	10.000000
0.105	0.001	10.000000	0.000000	0.000000	1.000000	10.000000
0.105	0.002	10.000000	0.000000	0.000000	1.000000	10.000000
0.105	0.003	10.000000	0.000000	0.000000	1.000000	10.000000
0.105	0.004	10.000000	0.000000	0.000000	1.000000	10.000000
0.106	0.000	10.000000	0.000000	0.000000	1.000000	10.000000
0.106	0.001	10.000000	0.000000	0.000000	1.000000	10.000000
0.106	0.002	10.000000	0.000000	0.000000	1.000000	10.000000
0.106	0.003	10.000000	0.000000	0.000000	1.000000	10.000000
0.106	0.004	10.000000	0.000000	0.000000	1.000000	10.000000
0.107	0.000	10.000000	0.000000	0.000000	1.000000	10.000000
0.107	0.001	10.000000	0.000000	0.000000	1.000000	10.000000
0.107	0.002	10.000000	0.000000	0.000000	1.000000	10.000000
0.107	0.003	10.000000	0.000000	0.000000	1.000000	10.000000
0.107	0.004	10.000000	0.000000	0.000000	1.000000	10.000000
0.108	0.000	10.000000	0.000000	0.000000	1.000000	10.000000
0.108	0.001	10.000000	0.000000	0.000000	1.000000	10.000000
0.108	0.002	10.000000	0.000000	0.000000	1.000000	10.000000
0.108	0.003	10.000000	0.000000	0.000000	1.000000	10.000000
0.108	0.004	10.000000	0.000000	0.000000	1.000000	10.000000
0.109	0.000	10.000000	0.000000	0.000000	1.000000	10.000000
0.109	0.001	10.000000	0.000000	0.000000	1.000000	10.000000
0.109	0.002	10.000000	0.000000	0.000000	1.000000	10.000000
0.109	0.003	10.000000	0.000000	0.000000	1.000000	10.000000
0.109	0.004	10.000000	0.000000	0.000000	1.000000	10.000000
0.110	0.000	10.000000	0.000000	0.000000	1.000000	10.000000
0.110	0.001	10.000000	0.000000	0.000000	1.000000	10.000000
0.110	0.002	10.000000	0.000000	0.000000	1.000000	10.000000
0.110	0.003	10.000000	0.000000	0.000000	1.000000	10.000000
0.110	0.004	10.000000	0.000000	0.000000	1.000000	10.000000
0.111	0.000	10.000000	0.000000	0.000000	1.000000	10.000000
0.111	0.001	10.000000	0.000000	0.000000	1.000000	10.000000
0.111	0.002	10.000000	0.000000	0.000000	1.000000	10.000000
0.111	0.003	10.000000	0.000000	0.000000	1.000000	10.000000
0.111	0.004	10.000000	0.000000	0.000000	1.000000	10.000000
0.112	0.000	10.000000	0.000000	0.000000	1.000000	10.000000
0.112	0.001	10.000000	0.000000	0.000000	1.000000	10.000000
0.112	0.002	10.000000	0.000000	0.000000	1.000000	10.000000
0.112	0.003	10.000000	0.000000	0.000000	1.000000	10.000000
0.112	0.004	10.000000	0.000000	0.000000	1.000000	10.000000
0.113	0.000	10.000000	0.000000	0.000000	1.000000	10.000000
0.113	0.001	10.000000	0.000000	0.000000	1.000000	10.000000
0.113	0.002	10.000000	0.000000	0.000000	1.000000	10.000000
0.113	0.003	10.000000	0.000000	0.000000	1.000000	10.000000
0.113	0.004	10.000000	0.000000	0.000000	1.000000	10.000000
0.114	0.000	10.000000	0.000000	0.000000	1.000000	10.000000
0.114	0.001	10.000000	0.000000	0.000000	1.000000	10.000000
0.114	0.002	10.000000	0.000000	0.000000	1.000000	10.000000
0.114	0.003	10.000000	0.000000	0.000000	1.000000	10.000000
0.114	0.004	10.000000	0.000000	0.000000	1.000000	10.000000
0.115	0.000	10.000000	0.000000	0.000000	1.000000	10.000000
0.115	0.001	10.000000	0.000000	0.000000	1.000000	10.000000
0.115	0.002	10.000000	0.000000	0.000000	1.000000	10.000000
0.115	0.003	10.000000	0.000000	0.000000	1.000000	10.000000
0.115	0.004	10.000000	0.000000	0.000000	1.000000	10.000000
0.116	0.000	10.000000	0.000000	0.000000	1.000000	10.000000
0.116	0.001	10.000000	0.000000	0.000000	1.000000	10.000000
0.116	0.002	10.000000	0.000000	0.000000	1.000000	10.000000
0.116	0.003	10.000000	0.000000	0.000000	1.000000	10.000000
0.116	0.004	10.000000	0.000000	0.000000	1.000000	10.000000
0.117	0.000	10.000000	0.000000	0.000000	1.000000	10.000000
0.117	0.001	10.000000	0.000000	0.000000	1.000000	10.000000
0.117	0.002	10.000000	0.000000	0.000000	1.000000	10.000000
0.117	0.003	10.000000	0.000000	0.000000	1.000000	10.000000
0.117	0.004	10.000000	0.000000	0.000000	1.000000	10.000000
0.118	0.000	10.000000	0.000000	0.000000	1.000000	10.000000
0.118	0.001	10.000000	0.000000	0.000000	1.000000	10.000000
0.118	0.002	10.000000	0.000000	0.000000	1.000000	10.000000
0.118	0.003	10.000000	0.000000	0.000000	1.000000	10.000000
0.118	0.004	10.000000	0.000000	0.000000	1.000000	10.000000
0.119	0.000	10.000000	0.000000	0.000000	1.000000	10.000000
0.119	0.001	10.000000	0.000000	0.000000	1.000000	10.000000
0.119	0.002	10.000000	0.000000	0.000000	1.000000	10.000000
0.119	0.003	10.000000	0.000000	0.000000	1.000000	10.000000
0.119	0.004	10.000000	0.000000	0.000000	1.000000	10.000000
0.120	0.000	10.000000	0.000000	0.000000	1.000000	10.000000
0.120	0.001	10.000000	0.000000	0.000000	1.000000	10.000000
0.120	0.002	10.000000	0.000000	0.000000	1.000000	10.000000
0.120	0.003	10.000000	0.000000	0.000000	1.000000	10.000000
0.120	0.004	10.000000	0.000000	0.000000	1.000000	10.000000
0.121	0.000	10.000000	0.000000	0.000000	1.000000	10.000000
0.121	0.001	10.000000	0.000000	0.000000	1.000000	10.000000
0.121	0.002	10.000000	0.000000	0.000000	1.000000	10.000000
0.121	0.003	10.000000	0.000000	0.000000	1.000000	10.000000
0.121	0.004	10.000000	0.000000	0.000000	1.000000	10.000000
0.122	0.000	10.000000	0.000000	0.000000	1.000000	10.000000
0.122	0.001	10.000000	0.000000	0.000000	1.000000	10.000000
0.122	0.002	10.000000	0.000000	0.000000	1.000000	10.000000
0.122	0.003	10.000000	0.000000	0.000000	1.000000	10.000000
0.122	0.004	10.000000	0.000000	0.000000	1.000000	10.000000
0.123	0.000	10.000000	0.000000	0.000000	1.000000	10.000000
0.123	0.001	10.000000	0.000000	0.000000	1.000000	10.000000
0.123	0.002	10.000000	0.000000	0.000000	1.000000	10.000000
0.123	0.003	10.000000	0.000000	0.000000	1.000000	10.000000
0.123	0.004	10.000000	0.000000	0.000000	1.000000	10.000000
0.124	0.000	10.000000	0.000000	0.000000	1.000000	10.000000
0.124	0.001	10.000000	0.000000	0.000000	1.000000	10.000000
0.124	0.002	10.000000	0.000000	0.000000	1.000000	10.000000
0.124	0.003	10.000000	0.000000	0.000000	1.000000	10.000000
0.124	0.004	10.000000	0.000000	0.000000	1.000000	10.000000
0.125	0.000	10.000000	0.000000	0.000000	1.000000	10.000000
0.125	0.001	10.000000	0.000000	0.000000	1.000000	10.000000
0.125	0.002	10.000000	0.000000	0.000000	1.000000	10.000000
0.125	0.003	10.000000	0.000000	0.000000	1.000000	10.000000
0.125	0.004	10.000000	0.000000	0.000000	1.000000	10.000000
0.126	0.000	10.000000	0.000000	0.000000	1.000000	10.000000
0.126	0.001	10.000000	0.000000	0.000000	1.000000	10.000000
0.126	0.002	10.000000	0.000000	0.000000	1.000000	10.000000
0.126	0.003	10.000000	0.000000	0.000000	1.000000	10.000000
0.126	0.004	10.000000	0.000000	0.000000	1.000000	10.000000
0.127	0.000	10.000000	0.000000	0.000000	1.000000	10.000000
0.127	0.001	10.000000	0.000000	0.000000	1.000000	10.000000
0.127	0.002	10.000000	0.000000	0.000000	1.000000	10.000000
0.127	0.003	10.000000	0.000000	0.000000	1.000000	10.000000
0.127	0.004	10.000000	0.000000	0.000000	1.000000	10.000000
0.128	0.000	10.000000	0.000000	0.000000	1.000000	10.000000
0.128	0.001	10.000000	0.000000	0.000000	1.000000	10.000000
0.128	0.002	10.000000	0.000000	0.000000	1.000000	10.000000
0.128	0.003	10.000000	0.000000	0.000000	1.000000	10.000000
0.128	0.004	10.000000	0.000000	0.000000	1.000000	10.000000
0.128	0.000	10.000000	0.000000	0.000000	1.000000	10.000000
0.128	0.001	10.000000	0.000000	0.000000	1.000000	10.000000
0.128	0.002	10.000000	0.000000	0.000000	1.000000	10.000000
0.128	0.003	10.000000	0.000000	0.000000	1.000000	10.000000
0.128	0.004	10.000000	0.000000	0.000000	1.000000	10.000000
0.130	0.000	10.000000	0.000000	0.000000	1.000000	10.000000
0.130	0.001	10.000000	0.000000	0.000000	1.000000	10.000000
0.130	0.002	10.000000	0.000000	0.000000	1.000000	10.000000
0.130	0.003	10.000000	0.000000	0.000000	1.000000	10.000000
0.130	0.004	10.000000	0.000000	0.000000	1.000000	10.000000
0.131	0.000	10.000000	0.000000	0.000000	1.000000	10.000000
0.131	0.001	10.000000	0.000000	0.000000	1.000000	10.000000
0.131	0.002	10.000000	0.000000	0.000000	1.000000	10.000000
0.131	0.003	10.000000	0.000000	0.000000	1.000000	10.000000
0.131	0.004	10.000000	0.000000	0.000000	1.000000	10.000000
0.132	0.000	10.000000	0.000000	0.000000	1.000000	10.000000
0.132	0.001	10.000000	0.000000	0.000000	1.000000	10.000000
0.132	0.002	10.000000	0.000000	0.000000	1.000000	10.000000
0.132	0.003	10.000000	0.000000	0.000000	1.000000	10.000000
0.132	0.004	10.000000	0.000000	0.000000	1.000000	10.000000
0.133	0.000	10.000000	0.000000	0.000000	1.000000	10.000000
0.133	0.001	10.000000	0.000000	0.000000	1.000000	10.000000
0.133	0.002	10.000000	0.000000	0.000000	1.000000	10.000000
0.133	0.003	10.000000	0.000000	0.000000	1.000000	10.000000
0.133	0.004	10.000000	0.000000	0.000000	1.000000	10.000000
0.134	0.000	10.000000	0.000000	0.000000	1.000000	10.000000
0.134	0.001	10.000000	0.000000	0.000000	1.000000	10.000000
0.134	0.002	10.000000	0.000000	0.000000	1.000000	10.000000
0.134	0.003	10.000000	0.000000	0.000000	1.000000	10.000000
0.134	0.004	10.000000	0.000000	0.000000	1.000000	10.000000
0.135	0.000	10.000000	0.000000	0.000000	1.000000	10.000000
0.135	0.001	10.000000	0.000000	0.000000	1.000000	10.000000
0.135	0.002	10.000000	0.000000	0.000000	1.000000	10.000000
0.135	0.003	10.000000	0.000000	0.000000	1.000000	10.000000
0.135	0.004	10.000000	0.000000	0.000000	1.000000	10.000000
0.136	0.000	10.000000	0.000000	0.000000	1.000000	10.000000
0.136	0.001	10.000000	0.000000	0.000000	1.000000	10.000000
0.136	0.002	10.000000	0.000000	0.000000	1.000000	10.000000
0.136	0.003	10.000000	0.000000	0.000000	1.000000	10.000000
0.136	0.004	10.000000	0.000000	0.000000	1.000000	10.000000
0.137	0.000	10.000000	0.000000	0.000000	1.000000	10.000000
0.137	0.001	10.000000	0.000000	0.000000	1.000000	10.000000
0.137	0.002	10.000000	0.000000	0.000000	1.000000	10.000000
0.137	0.003	10.000000	0.000000	0.000000	1.000000	10.000000
0.137	0.004	10.000000	0.000000	0.000000	1.000000	10.000000
0.138	0.000	10.000000	0.000000	0.000000	1.000000	10.000000
0.138	0.001	10.000000	0.000000	0.000000	1.000000	10.000000
0.138	0.002	10.000000	0.000000	0.000000	1.000000	10.000000
0.138	0.003	10.000000	0.000000	0.000000	1.000000	10.000000
0.138	0.004	10.000000	0.000000	0.000000	1.000000	10.000000
0.139	0.000	10.000000	0.000000	0.000000	1.000000	10.000000
0.139	0.001	10.000000	0.000000	0.000000	1.000000	10.000000
0.139	0.002	10.000000	0.000000	0.000000	1.000000	10.000000
0.139	0.003	10.000000	0.000000	0.000000	1.000000	10.000000
0.139	0.004	10.000000	0.000000	0.000000	1.000000	10.000000
0.140	0.000	10.000000	0.000000	0.000000	1.000000	10.000000
0.140	0.001	10.000000	0.000000	0.000000	1.000000	10.000000
0.140	0.002	10.000000	0.000000	0.000000	1.000000	10.000000
0.140	0.003	10.000000	0.000000	0.000000	1.000000	10.000000
0.140	0.004	10.000000	0.000000	0.000000	1.000000	10.000000
0.141	0.000	10.000000	0.000000	0.000000	1.000000	10.000000
0.141	0.001	10.000000	0.000000	0.000000	1.000000	10.000000
0.141	0.002	10.000000	0.000000	0.000000	1.000000	10.000000
0.141	0.003	10.000000	0.000000	0.000000	1.000000	10.000000
0.141	0.004	10.000000	0.000000	0.000000	1.000000	10.000000
0.142	0.000	10.000000	0.000000	0.000000	1.000000	10.000000
0.142	0.001	10.000000	0.000000	0.000000	1.000000	10.000000
0.142	0.002	10.000000	0.000000	0.000000	1.000000	10.000000
0.142	0.003	10.000000	0.000000	0.000000	1.000000	10.000000
0.142	0.004	10.000000	0.000000	0.000000	1.000000	10.000000
0.143	0.000	10.000000	0.000000	0.000000	1.000000	10.000000
0.143	0.001	10.000000	0.000000	0.000000	1.000000	10.000000
0.143	0.002	10.000000	0.000000	0.000000	1.000000	10.000000
0.143	0.003	10.000000	0.000000	0.000000	1.000000	10.000000
0.143	0.004	10.000000	0.000000	0.000000	1.000000	10.000000
0.144	0.000	10.000000	0.000000	0.000000	1.000000	10.000000
0.144	0.001	10.000000	0.000000	0.000000	1.000000	10.000000
0.144	0.002	10.000000	0.000000	0.000000	1.000000	10.000000
0.144	0.003	10.000000	0.000000	0.000000	1.000000	10.000000
0.144	0.004	10.000000	0.000000	0.000000	1.000000	10.000000
0.145	0.000	10.000000	0.000000	0.000000	1.000000	10.000000
0.145	0.001	10.000000	0.000000	0.000000	1.000000	10.000000
0.145	0.002	10.000000	0.000000	0.000000	1.000000	10.000000
0.145	0.003	10.000000	0.000000	0.000000	1.000000	10.000000
0.145	0.004	10.000000	0.000000	0.000000	1.000000	10.000000
0.146	0.000	10.000000	0.000000	0.000000	1.000000	10.000000
0.146	0.001	10.000000	0.000000	0.000000	1.000000	10.000000
0.146	0.002	10.000000	0.000000	0.000000	1.000000	10.000000
0.146	0.003	10.000000	0.000000	0.000000	1.000000	10.000000
0.146	0.004	10.000000	0.000000	0.000000	1.000000	10.000000
0.147	0.000	10.000000	0.000000	0.000000	1.000000	10.000000
0.147	0.001	10.000000	0.000000	0.000000	1.000000	10.000000
0.147	0.002	10.000000	0.000000	0.000000	1.000000	10.000000
0.147	0.003	10.000000	0.000000	0.000000	1.000000	10.000000
0.147	0.004	10.000000	0.000000	0.000000	1.000000	10.000000
0.148	0.000	10.000000	0.000000	0.000000	1.000000	10.000000
0.148	0.001	10.000000	0.000000	0.000000	1.000000	10.000000
0.148	0.002	10.000000	0.000000	0.000000	1.000000	10.000000
0.148	0.003	10.000000	0.000000	0.000000	1.000000	10.000000
0.148	0.004	10.000000	0.000000	0.000000	1.000000	10.000000
0.149	0.000	10.000000	0.000000	0.000000	1.000000	10.000000
0.149	0.001	10.000000	0.000000	0.000000	1.000000	10.000000
0.149	0.002	10.000000	0.000000	0.000000	1.000000	10.000000
0.149	0.003	10.000000	0.000000	0.000000	1.000000	10.000000
0.149	0.004	10.000000	0.000000	0.000000	1.000000	10.000000
0.150	0.000	10.000000	0.000000	0.000000	1.000000	10.000000
0.150	0.001	10.000000	0.000000	0.000000	1.000000	10.000000
0.150	0.002	10.000000	0.000000	0.000000	1.000000	10.000000
0.150	0.003	10.000000	0.000000	0.000000	1.000000	10.000000
0.150	0.004	10.000000	0.000000	0.000000	1.000000	10.000000
0.151	0.000	10.000000	0.000000	0.000000	1.000000	10.000000
0.151	0.001	10.000000	0.000000	0.000000	1.000000	10.000000
0.151	0.002	10.000000	0.000000	0.000000	1.000000	10.000000
0.151	0.003	10.000000	0.000000	0.000000	1.000000	10.000000
0.151	0.004	10.000000	0.000000	0.000000	1.000000	10.000000
0.152	0.000	10.000000	0.000000	0.000000	1.000000	10.000000
0.152	0.001	10.000000	0.000000	0.000000	1.000000	10.000000
0.152	0.002	10.000000	0.000000	0.000000	1.000000	10.000000
0.152	0.003	10.000000	0.000000	0.000000	1.000000	10.000000
0.152	0.004	10.000000	0.000000	0.000000	1.000000	10.000000
0.153	0.000	10.000000	0.000000	0.000000	1.000000	10.000000
0.153	0.001	10.000000	0.000000	0.000000	1.000000	10.000000
0.153	0.002	10.000000	0.000000	0.000000	1.000000	10.000000
0.153	0.003	10.000000	0.000000	0.000000	1.000000	10.000000
0.153	0.004	10.000000	0.000000	0.000000	1.000000	10.000000
0.154	0.000	10.000000	0.000000	0.000000	1.000000	10.000000
0.154	0.001	10.000000	0.000000	0.000000	1.000000	10.000000
0.154	0.002	10.000000	0.000000	0.000000	1.000000	10.000000
0.154	0.003	10.000000	0.000000	0.000000	1.000000	10.000000
0.154	0.004	10.000000	0.000000	0.000000	1.000000	10.000000
0.155	0.000	10.000000	0.000000	0.000000	1.000000	10.000000
0.155	0.001	10.000000	0.000000	0.000000	1.000000	10.000000
0.155	0.002	10.000000	0.000000	0.000000	1.000000	10.000000
0.155	0.003	10.000000	0.000000	0.000000	1.000000	10.000000
0.155	0.004	10.000000	0.000000	0.000000	1.000000	10.000000
0.156	0.000	10.000000	0.000000	0.000000	1.000000	10.000000
0.156	0.001	10.000000	0.000000	0.000000	1.000000	10.000000
0.156	0.002	10.000000	0.000000	0.000000	1.000000	10.000000
0.156	0.003	10.000000	0.000000	0.000000	1.000000	10.000000
0.156	0.004	10.000000	0.000000	0.000000	1.000000	10.000000
0.157	0.000	10.000000	0.000000	0.000000	1.000000	10.000000
0.157	0.001	10.000000	0.000000	0.000000	1.000000	10.000000
0.157	0.002	10.000000	0.000000	0.000000	1.000000	10.000000
0.157	0.003	10.000000	0.000000	0.000000	1.000000	10.000000
0.157	0.004	10.000000	0.000000	0.000000	1.000000	10.000000
0.158	0.000	10.000000	0.000000	0.000000	1.000000	10.000000
0.158	0.001	10.000000	0.000000	0.000000	1.000000	10.000000
0.158	0.002	10.000000	0.000000	0.000000	1.000000	10.000000
0.158	0.003	10.000000	0.000000	0.000000	1.000000	10.000000
0.158	0.004	10.000000	0.000000	0.000000	1.000000	10.000000
0.159	0.000	10.000000	0.000000	0.000000	1.000000	10.000000
0.159	0.001	10.000000	0.000000	0.000000	1.000000	10.000000
0.159	0.002	10.000000	0.000000	0.000000	1.000000	10.000000
0.159	0.003	10.000000	0.000000	0.000000	1.000000	10.000000
0.159	0.004	10.000000	0.000000	0.000000	1.000000	10.000000
0.160	0.000	10.000000	0.000000	0.000000	1.000000	10.000000
0.160	0.001	10.000000	0.000000	0.000000	1.000000	10.000000
0.160	0.002	10.000000	0.000000	0.000000	1.000000	10.000000
0.160	0.003	10.000000	0.000000	0.000000	1.000000	10.000000
0.160	0.004	10.000000	0.000000	0.000000	1.000000	10.000000
0.161	0.000	10.000000	0.000000	0.000000	1.000000	10.000000
0.161	0.001	10.000000	0.000000	0.000000	1.000000	10.000000
0.161	0.002	10.000000	0.000000	0.000000	1.000000	10.000000
0.161	0.003	10.000000	0.000000	0.000000	1.000000	10.000000
0.161	0.004	10.000000	0.000000	0.000000	1.000000	10.000000
0.162	0.000	10.000000	0.000000	0.000000	1.000000	10.000000
0.162	0.001	10.000000	0.000000	0.000000	1.000000	10.000000
0.162	0.002	10.000000	0.000000	0.000000	1.000000	10.000000
0.162	0.003	10.000000	0.000000	0.000000	1.000000	10.000000
0.162	0.004	10.000000	0.000000	0.000000	1.000000	10.000000
0.163	0.000	10.000000	0.000000	0.000000	1.000000	10.000000
0.163	0.001	10.000000	0.000000	0.000000	1.000000	10.000000
0.163	0.002	10.000000	0.000000	0.000000	1.000000	10.000000
0.163	0.003	10.000000	0.000000	0.000000	1.000000	10.000000
0.163	0.004	10.000000	0.000000	0.000000	1.000000	10.000000
0.164	0.000	10.000000	0.000000	0.000000	1.000000	10.000000
0.164	0.001	10.000000	0.000000	0.000000	1.000000	10.000000
0.164	0.002	10.000000	0.000000	0.000000	1.000000	10.000000
0.164	0.003	10.000000	0.000000	0.000000	1.000000	10.000000
0.164	0.004	10.000000	0.000000	0.000000	1.000000	10.000000
0.165	0.000	10.000000	0.000000	0.000000	1.000000	10.000000
0.165	0.001	10.000000	0.000000	0.000000	1.000000	10.000000
0.165	0.002	10.000000	0.000000	0.000000	1.000000	10.000000
0.165	0.003	10.000000	0.000000	0.000000	1.000000	10.000000
0.165	0.004	10.000000	0.000000	0.000000	1.000000	10.000000
0.166	0.000	10.000000	0.000000	0.000000	1.000000	10.000000
0.166	0.001	10.000000	0.000000	0.000000	1.000000	10.000000
0.166	0.002	10.000000	0.000000	0.000000	1.000000	10.000000
0.166	0.003	10.000000	0.000000	0.000000	1.000000	10.000000
0.166	0.004	10.000000	0.000000	0.000000	1.000000	10.000000
0.167	0.000	10.000000	0.000000	0.000000	1.000000	10.000000
0.167	0.001	10.000000	0.000000	0.000000	1.000000	10.000000
0.167	0.002	10.000000	0.000000	0.000000	1.000000	10.000000
0.167	0.003	10.000000	0.000000	0.000000	1.000000	10.000000
0.167	0.004	10.000000	0.000000	0.000000	1.000000	10.000000
0.168	0.000	10.000000	0.000000	0.000000	1.000000	10.000000
0.168	0.001	10.000000	0.000000	0.000000	1.000000	10.000000
0.168	0.002	10.000000	0.000000	0.000000	1.000000	10.000000
0.168	0.003	10.000000	0.000000	0.000000	1.000000	10.000000
0.168	0.004	10.000000	0.000000	0.000000	1.000000	10.000000
0.169	0.000	10.000000	0.000000	0.000000	1.000000	10.000000
0.169	0.001	10.000000	0.000000	0.000000	1.000000	10.000000
0.169	0.002	10.000000	0.000000	0.000000	1.000000	10.000000
0.169	0.003	10.000000	0.000000	0.000000	1.000000	10.000000
0.169	0.004	10.000000	0.000000	0.000000	1.000000	10.000000
0.170	0.000	10.000000	0.000000	0.000000	1.000000	10.000000
0.170	0.001	10.000000	0.000000	0.000000	1.000000	10.000000
0.170	0.002	10.000000	0.000000	0.000000	1.000000	10.000000
0.170	0.003	10.000000	0.000000	0.000000	1.000000	10.000000
0.170	0.004	10.000000	0.000000	0.000000	1.000000	10.000000
0.171	0.000	10.000000	0.000000	0.000000	1.000000	10.000000
0.171	0.001	10.000000	0.000000	0.000000	1.000000	10.000000
0.171	0.002	10.000000	0.000000	0.000000	1.000000	10.000000
0.171	0.003	10.000000	0.000000	0.000000	1.000000	10.000000
0.171	0.004	10.000000	0.000000	0.000000	1.000000	10.000000
0.172	0.000	10.000000	0.000000	0.000000	1.000000	10.000000
0.172	0.001	10.000000	0.000000	0.000000	1.000000	10.000000
0.172	0.002	10.000000	0.000000	0.000000	1.000000	10.000000
0.172	0.003	10.000000	0.000000	0.000000	1.000000	10.000000
0.172	0.004	10.000000	0.000000	0.000000	1.000000	10.000000
0.173	0.000	10.000000	0.000000	0.000000	1.000000	10.000000
0.173	0.001	10.000000	0.000000	0.000000	1.000000	10.000000
0.173	0.002	10.000000	0.000000	0.000000	1.000000	10.000000
0.173	0.003	10.000000	0.000000	0.000000	1.000000	10.000000
0.173	0.004	10.000000	0.000000	0.000000	1.000000	10.000000
0.174	0.000	10.000000	0.000000	0.000000	1.000000	10.000000
0.174	0.001	10.000000	0.000000	0.000000	1.000000	10.000000
0.174	0.002	10.000000	0.000000	0.000000	1.000000	10.000000
0.174	0.003	10.000000	0.000000	0.000000	1.000000	10.000000
0.174	0.004	10.000000	0.000000	0.000000	1.000000	10.000000
0.175	0.000	10.000000	0.000000	0.000000	1.000000	10.000000
0.175	0.001	10.000000	0.000000	0.000000	1.000000	10.000000
0.175	0.002	10.000000	0.000000	0.000000	1.000000	10.000000
0.175	0.003	10.000000	0.000000	0.000000	1.000000	10.000000
0.175	0.004	10.000000	0.000000	0.000000	1.000000	10.000000
0.176	0.000	10.000000	0.000000	0.000000	1.000000	10.000000
0.176	0.001	10.000000	0.000000	0.000000	1.000000	10.000000
0.176	0.002	10.000000	0.000000	0.000000	1.000000	10.000000
0.176	0.003	10.000000	0.000000	0.000000	1.000000	10.000000
0.176	0.004	10.000000	0.000000	0.000000	1.000000	10.000000
0.177	0.000	10.000000	0.000000	0.000000	1.000000	10.000000
0.177	0.001	10.000000	0.000000	0.000000	1.000000	10.000000
0.177	0.002	10.000000	0.000000	0.000000	1.000000	10.000000
0.177	0.003	10.000000	0.000000	0.000000	1.000000	10.000000
0.177	0.004	10.000000	0.000000	0.000000	1.000000	10.000000
0.178	0.000	10.000000	0.000000	0.000000	1.000000	10.000000
0.178	0.001	10.000000	0.000000	0.000000	1.000000	10.000000
0.178	0.002	10.000000	0.000000	0.000000	1.000000	10.000000
0.178	0.003	10.000000	0.000000	0.000000	1.000000	10.000000
0.178	0.004	10.000000	0.000000	0.000000	1.000000	10.000000
0.179	0.000	10.000000	0.000000	0.000000	1.000000	10.000000
0.179	0.001	10.000000	0.000000	0.000000	1.000000	10.000000
0.179	0.002	10.000000	0.000000	0.000000	1.000000	10.000000
0.179	0.003	10.000000	0.000000	0.000000	1.000000	10.000000
0.179	0.004	10.000000	0.000000	0.000000	1.000000	10.000000
0.180	0.000	10.000000	0.000000	0.000000	1.000000	10.000000
0.180	0.001	10.000000	0.000000	0.000000	1.000000	10.000000
0.180	0.002	10.000000	0.000000	0.000000	1.000000	10.000000
0.180	0.003	10.000000	0.000000	0.000000	1.000000	10.000000
0.180	0.004	10.000000	0.000000	0.000000	1.000000	10.000000
0.181	0.000	10.000000	0.000000	0.000000	1.000000	10.000000
0.181	0.001	10.000000	0.000000	0.000000	1.000000	10.000000
0.181	0.002	10.000000	0.000000	0.000000	1.000000	10.000000
0.181	0.003	10.000000	0.000000	0.000000	1.000000	10.000000
0.181	0.004	10.000000	0.000000	0.000000	1.000000	10.000000
0.182	0.000	10.000000	0.000000	0.000000	1.000000	10.000000
0.182	0.001	10.000000	0.000000	0.000000	1.000000	10.000000
0.182	0.002	10.000000	0.000000	0.000000	1.000000	10.000000
0.182	0.003	10.000000	0.000000	0.000000	1.000000	10.000000
0.182	0.004	10.000000	0.000000	0.000000	1.000000	10.000000
0.183	0.000	10.000000	0.000000	0.000000	1.000000	10.000000
0.183	0.001	10.000000	0.000000	0.000000	1.000000	10.000000
0.183	0.002	10.000000	0.000000	0.000000	1.000000	10.000000
0.183	0.003	10.000000	0.000000	0.000000	1.000000	10.000000
0.183	0.004	10.000000	0.000000	0.000000	1.000000	10.000000
0.184	0.000	10.000000	0.000000	0.000000	1.000000	10.000000
0.184	0.001	10.000000	0.000000	0.000000	1.000000	10.000000
0.184	0.002	10.000000	0.000000	0.000000	1.000000	10.000000
0.184	0.003	10.000000	0.000000	0.000000	1.000000	10.000000
0.184	0.004	10.000000	0.000000	0.000000	1.000000	10.000000
0.185	0.000	10.000000	0.000000	0.000000	1.000000	10.000000
0.185	0.001	10.000000	0.000000	0.000000	1.000000	10.000000
0.185	0.002	10.000000	0.000000	0.000000	1.000000	10.000000
0.185	0.003	10.000000	0.000000	0.000000	1.000000	10.000000
0.185	0.004	10.000000	0.000000	0.000000	1.000000	10.000000
0.186	0.000	10.000000	0.000000	0.000000	1.000000	10.000000
0.186	0.001	10.000000	0.000000	0.000000	1.000000	10.000000
0.186	0.002	10.000000	0.000000	0.000000	1.000000	10.000000
0.186	0.003	10.000000	0.000000	0.000000	1.000000	10.000000
0.186	0.004	10.000000	0.000000	0.000000	1.000000	10.000000
0.187	0.000	10.000000	0.000000	0.000000	1.000000	10.000000
0.187	0.001	10.000000	0.000000	0.000000	1.000000	10.000000
0.187	0.002	10.000000	0.000000	0.000000	1.000000	10.000000
0.187	0.003	10.000000	0.000000	0.000000	1.000000	10.000000
0.187	0.004	10.000000	0.000000	0.000000	1.000000	10.000000
0.188	0.000	10.000000	0.000000	0.000000	1.000000	10.000000
0.188	0.001	10.000000	0.000000	0.000000	1.000000	10.000000
0.188	0.002	10.000000	0.000000	0.000000	1.000000	10.000000
0.188	0.003	10.000000	0.000000	0.000000	1.000000	10.000000
0.188	0.004	10.000000	0.000000	0.000000	1.000000	10.000000
0.189	0.000	10.000000	0.000000	0.000000	1.000000	10.000000
0.189	0.001	10.000000	0.000000	0.000000	1.000000	10.000000
0.189	0.002	10.000000	0.000000	0.000000	1.000000	10.000000
0.189	0.003	10.000000	0.000000	0.000000	1.000000	10.000000
0.189	0.004	10.000000	0.000000	0.000000	1.000000	10.000000
0.190	0.000	10.000000	0.000000	0.000000	1.000000	10.000000
0.190	0.001	10.000000	0.000000	0.000000	1.000000	10.000000
0.190	0.002	10.000000	0.000000	0.000000	1.000000	10.000000
0.190	0.003	10.000000	0.000000	0.000000	1.000000	10.000000
0.190	0.004	10.000000	0.000000	0.000000	1.000000	10.000000
0.191	0.000	10.000000	0.000000	0.000000	1.000000	10.000000
0.191	0.001	10.000000	0.000000	0.000000	1.000000	10.000000
0.191	0.002	10.000000	0.000000	0.000000	1.000000	10.000000
0.191	0.003	10.000000	0.000000	0.000000	1.000000	10.000000
0.191	0.004	10.000000	0.000000	0.000000	1.000000	10.000000
0.192	0.000	10.000000	0.000000	0.000000	1.000000	10.000000
0.192	0.001	10.000000	0.000000	0.000000	1.000000	10.000000
0.192	0.002	10.000000	0.000000	0.000000	1.000000	10.000000
0.192	0.003	10.000000	0.000000	0.000000	1.000000	10.000000
0.192	0.004	10.000000	0.000000	0.000000	1.000000	10.000000
0.193	0.000	10.000000	0.000000	0.000000	1.000000	10.000000
0.193	0.001	10.000000	0.000000	0.000000	1.000000	10.000000
0.193	0.002	10.000000	0.000000	0.000000	1.000000	10.000000
0.193	0.003	10.000000	0.000000	0.000000	1.000000	10.000000
0.193	0.004	10.000000	0.000000	0.000000	1.000000	10.000000
0.194	0.000	10.000000	0.000000	0.000000	1.000000	10.000000
0.194	0.001	10.000000	0.000000	0.000000	1.000000	10.000000
0.194	0.002	10.000000	0.000000	0.000000	1.000000	10.000000
0.194	0.003	10.000000	0.000000	0.000000	1.000000	10.000000
0.194	0.004	10.000000	0.000000	0.000000	1.000000	10.000000
0.195	0.000	10.000000	0.000000	0.000000	1.000000	10.000000
0.195	0.001	10.000000	0.000000	0.000000	1.000000	10.000000
0.195	0.002	10.000000	0.000000	0.000000	1.000000	10.000000
0.195	0.003	10.000000	0.000000	0.000000	1.000000	10.000000
0.195	0.004	10.000000	0.000000	0.000000	1.000000	10.000000
0.196	0.000	10.000000	0.000000	0.000000	1.000000	10.000000
0.196	0.001	10.000000	0.000000	0.000000	1.000000	10.000000
0.196	0.002	10.000000	0.000000	0.000000	1.000000	10.000000
0.196	0.003	10.000000	0.000000	0.000000	1.000000	10.000000
0.196	0.004	10.000000	0.000000	0.000000	1.000000	10.000000
0.197	0.000	10.000000	0.000000	0.000000	1.000000	10.000000
0.197	0.001	10.000000	0.000000	0.000000	1.000000	10.000000
0.197	0.002	10.000000	0.000000	0.000000	1.000000	10.000000
0.197	0.003	10.000000	0.000000	0.000000	1.000000	10.000000
0.197	0.004	10.000000	0.000000	0.000000	1.000000	10.000000
0.198	0.000	10.000000	0.000000	0.000000	1.000000	10.000000
0.198	0.001	10.000000	0.000000	0.000000	1.000000	10.000000
0.198	0.002	10.000000	0.000000	0.000000	1.000000	10.000000
0.198	0.003	10.000000	0.000000	0.000000	1.000000	10.000000
0.198	0.004	10.000000	0.000000	0.000000	1.000000	10.000000
0.199	0.000	10.000000	0.000000	0.000000	1.000000	10.000000
0.199	0.001	10.000000	0.000000	0.000000	1.000000	10.000000
0.199	0.002	10.000000	0.000000	0.000000	1.000000	10.000000
0.199	0.003	10.000000	0.000000	0.000000	1.000000	10.000000
0.199	0.004	10.000000	0.000000	0.000000	1.000000	10.000000
0.200	0.000	10.000000	0.000000	0.000000	1.000000	9.999998
0.200	0.001	10.000000	0.000000	0.000000	1.000000	9.999998
0.200	0.002	10.000000	0.000000	0.000000	1.000000	9.999998
0.200	0.003	10.000000	0.000000	0.000000	1.000000	9.999998
0.200	0.004	10.000000	0.000000	0.000000	1.000000	9.999998
0.201	0.000	9.999998	0.000000	0.000000	1.000000	9.999997
0.201	0.001	9.999998	0.000000	0.000000	1.000000	9.999997
0.201	0.002	9.999998	0.000000	0.000000	1.000000	9.999997
0.201	0.003	9.999998	0.000000	0.000000	1.000000	9.999997
0.201	0.004	9.999998	0.000000	0.000000	1.000000	9.999997
0.202	0.000	9.999996	0.000001	0.000000	1.000000	9.999993
0.202	0.001	9.999996	0.000001	0.000000	1.000000	9.999993
0.202	0.002	9.999996	0.000001	0.000000	1.000000	9.999993
0.202	0.003	9.999996	0.000001	0.000000	1.000000	9.999993
0.202	0.004	9.999996	0.000001	0.000000	1.000000	9.999993
0.203	0.000	9.999993	0.000001	0.000000	1.000000	9.999991
0.203	0.001	9.999993	0.000001	0.000000	1.000000	9.999991
0.203	0.002	9.999993	0.000001	0.000000	1.000000	9.999991
0.203	0.003	9.999993	0.000001	0.000000	1.000000	9.999991
0.203	0.004	9.999993	0.000001	0.000000	1.000000	9.999991
0.204	0.000	9.999990	0.000001	0.000000	1.000000	9.999988
0.204	0.001	9.999990	0.000001	0.000000	1.000000	9.999988
0.204	0.002	9.999990	0.000001	0.000000	1.000000	9.999988
0.204	0.003	9.999990	0.000001	0.000000	1.000000	9.999988
0.204	0.004	9.999990	0.000001	0.000000	1.000000	9.999988
0.205	0.000	9.999987	0.000002	0.000000	1.000000	9.999982
0.205	0.001	9.999987	0.000002	0.000000	1.000000	9.999982
0.205	0.002	9.999987	0.000002	0.000000	1.000000	9.999982
0.205	0.003	9.999987	0.000002	0.000000	1.000000	9.999982
0.205	0.004	9.999987	0.000002	0.000000	1.000000	9.999982
0.206	0.000	9.999981	0.000002	0.000000	0.999999	9.999975
0.206	0.001	9.999981	0.000002	0.000000	0.999999	9.999975
0.206	0.002	9.999981	0.000002	0.000000	0.999999	9.999975
0.206	0.003	9.999981	0.000002	0.000000	0.999999	9.999975
0.206	0.004	9.999981	0.000002	0.000000	0.999999	9.999975
0.207	0.000	9.999974	0.000003	0.000000	0.999999	9.999967
0.207	0.001	9.999974	0.000003	0.000000	0.999999	9.999967
0.207	0.002	9.999974	0.000003	0.000000	0.999999	9.999967
0.207	0.003	9.999974	0.000003	0.000000	0.999999	9.999967
0.207	0.004	9.999974	0.000003	0.000000	0.999999	9.999967
0.208	0.000	9.999966	0.000004	0.000000	0.999999	9.999954
0.208	0.001	9.999966	0.000004	0.000000	0.999999	9.999954
0.208	0.002	9.999966	0.000004	0.000000	0.999999	9.999954
0.208	0.003	9.999966	0.000004	0.000000	0.999999	9.999954
0.208	0.004	9.999966	0.000004	0.000000	0.999999	9.999954
0.209	0.000	9.999955	0.000005	0.000000	0.999998	9.999940
0.209	0.001	9.999955	0.000005	0.000000	0.999998	9.999940
0.209	0.002	9.999955	0.000005	0.000000	0.999998	9.999940
0.209	0.003	9.999955	0.000005	0.000000	0.999998	9.999940
0.209	0.004	9.999955	0.000005	0.000000	0.999998	9.999940
0.210	0.000	9.999940	0.000007	0.000000	0.999998	9.999918
0.210	0.001	9.999940	0.000007	0.000000	0.999998	9.999918
0.210	0.002	9.999940	0.000007	0.000000	0.999998	9.999918
0.210	0.003	9.999940	0.000007	0.000000	0.999998	9.999918
0.210	0.004	9.999940	0.000007	0.000000	0.999998	9.999918
0.211	0.000	9.999920	0.000009	0.000000	0.999997	9.999890
0.211	0.001	9.999920	0.000009	0.000000	0.999997	9.999890
0.211	0.002	9.999920	0.000009	0.000000	0.999997	9.999890
0.211	0.003	9.999920	0.000009	0.000000	0.999997	9.999890
0.211	0.004	9.999920	0.000009	0.000000	0.999997	9.999890
0.212	0.000	9.999895	0.000012	0.000000	0.999996	9.999856
0.212	0.001	9.999895	0.000012	0.000000	0.999996	9.999856
0.212	0.002	9.999895	0.000012	0.000000	0.999996	9.999856
0.212	0.003	9.999895	0.000012	0.000000	0.999996	9.999856
0.212	0.004	9.999895	0.000012	0.000000	0.999996	9.999856
0.213	0.000	9.999863	0.000016	0.000000	0.999995	9.999810
0.213	0.001	9.999863	0.000016	0.000000	0.999995	9.999810
0.213	0.002	9.999863	0.000016	0.000000	0.999995	9.999810
0.213	0.003	9.999863	0.000016	0.000000	0.999995	9.999810
0.213	0.004	9.999863	0.000016	0.000000	0.999995	9.999810
0.214	0.000	9.999821	0.000021	0.000000	0.999993	9.999751
0.214	0.001	9.999821	0.000021	0.000000	0.999993	9.999751
0.214	0.002	9.999821	0.000021	0.000000	0.999993	9.999751
0.214	0.003	9.999821	0.000021	0.000000	0.999993	9.999751
0.214	0.004	9.999821	0.000021	0.000000	0.999993	9.999751
0.215	0.000	9.999764	0.000027	0.000000	0.999991	9.999676
0.215	0.001	9.999764	0.000027	0.000000	0.999991	9.999676
0.215	0.002	9.999764	0.000027	0.000000	0.999991	9.999676
0.215	0.003	9.999764	0.000027	0.000000	0.999991	9.999676
0.215	0.004	9.999764	0.000027	0.000000	0.999991	9.999676
0.216	0.000	9.999697	0.000035	0.000000	0.999988	9.999580
0.216	0.001	9.999697	0.000035	0.000000	0.999988	9.999580
0.216	0.002	9.999697	0.000035	0.000000	0.999988	9.999580
0.216	0.003	9.999697	0.000035	0.000000	0.999988	9.999580
0.216	0.004	9.999697	0.000035	0.000000	0.999988	9.999580
0.217	0.000	9.999610	0.000046	0.000000	0.999985	9.999459
0.217	0.001	9.999610	0.000046	0.000000	0.999985	9.999459
0.217	0.002	9.999610	0.000046	0.000000	0.999985	9.999459
0.217	0.003	9.999610	0.000046	0.000000	0.999985	9.999459
0.217	0.004	9.999610	0.000046	0.000000	0.999985	9.999459
0.218	0.000	9.999500	0.000059	0.000000	0.999981	9.999307
0.218	0.001	9.999500	0.000059	0.000000	0.999981	9.999307
0.218	0.002	9.999500	0.000059	0.000000	0.999981	9.999307
0.218	0.003	9.999500	0.000059	0.000000	0.999981	9.999307
0.218	0.004	9.999500	0.000059	0.000000	0.999981	9.999307
0.219	0.000	9.999365	0.000075	0.000000	0.999975	9.999116
0.219	0.001	9.999365	0.000075	0.000000	0.999975	9.999116
0.219	0.002	9.999365	0.000075	0.000000	0.999975	9.999116
0.219	0.003	9.999365	0.000075	0.000000	0.999975	9.999116
0.219	0.004	9.999365	0.000075	0.000000	0.999975	9.999116
0.220	0.000	9.999195	0.000095	0.000000	0.999968	9.998878
0.220	0.001	9.999195	0.000095	0.000000	0.999968	9.998878
0.220	0.002	9.999195	0.000095	0.000000	0.999968	9.998878
0.220	0.003	9.999195	0.000095	0.000000	0.999968	9.998878
0.220	0.004	9.999195	0.000095	0.000000	0.999968	9.998878
0.221	0.000	9.998983	0.000120	0.000000	0.999960	9.998582
0.221	0.001	9.998983	0.000120	0.000000	0.999960	9.998582
0.221	0.002	9.998983	0.000120	0.000000	0.999960	9.998582
0.221	0.003	9.998983	0.000120	0.000000	0.999960	9.998582
0.221	0.004	9.998983	0.000120	0.000000	0.999960	9.998582
0.222	0.000	9.998723	0.000151	0.000000	0.999950	9.998219
0.222	0.001	9.998723	0.000151	0.000000	0.999950	9.998219
0.222	0.002	9.998723	0.000151	0.000000	0.999950	9.998219
0.222	0.003	9.998723	0.000151	0.000000	0.999950	9.998219
0.222	0.004	9.998723	0.000151	0.000000	0.999950	9.998219
0.223	0.000	9.998405	0.000188	0.000000	0.999937	9.997772
0.223	0.001	9.998405	0.000188	0.000000	0.999937	9.997772
0.223	0.002	9.998405	0.000188	0.000000	0.999937	9.997772
0.223	0.003	9.998405	0.000188	0.000000	0.999937	9.997772
0.223	0.004	9.998405	0.000188	0.000000	0.999937	9.997772
0.224	0.000	9.998016	0.000234	0.000000	0.999921	9.997228
0.224	0.001	9.998016	0.000234	0.000000	0.999921	9.997228
0.224	0.002	9.998016	0.000234	0.000000	0.999921	9.997228
0.224	0.003	9.998016	0.000234	0.000000	0.999921	9.997228
0.224	0.004	9.998016	0.000234	0.000000	0.999921	9.997228
0.225	0.000	9.997545	0.000290	0.000000	0.999902	9.996567
0.225	0.001	9.997545	0.000290	0.000000	0.999902	9.996567
0.225	0.002	9.997545	0.000290	0.000000	0.999902	9.996567
0.225	0.003	9.997545	0.000290	0.000000	0.999902	9.996567
0.225	0.004	9.997545	0.000290	0.000000	0.999902	9.996567
0.226	0.000	9.996975	0.000358	0.000000	0.999879	9.995769
0.226	0.001	9.996975	0.000358	0.000000	0.999879	9.995769
0.226	0.002	9.996975	0.000358	0.000000	0.999879	9.995769
0.226	0.003	9.996975	0.000358	0.000000	0.999879	9.995769
0.226	0.004	9.996975	0.000358	0.000000	0.999879	9.995769
0.227	0.000	9.996291	0.000438	0.000000	0.999852	9.994812
0.227	0.001	9.996291	0.000438	0.000000	0.999852	9.994812
0.227	0.002	9.996291	0.000438	0.000000	0.999852	9.994812
0.227	0.003	9.996291	0.000438	0.000000	0.999852	9.994812
0.227	0.004	9.996291	0.000438	0.000000	0.999852	9.994812
0.228	0.000	9.995477	0.000535	0.000000	0.999819	9.993672
0.228	0.001	9.995477	0.000535	0.000000	0.999819	9.993672
0.228	0.002	9.995477	0.000535	0.000000	0.999819	9.993672
0.228	0.003	9.995477	0.000535	0.000000	0.999819	9.993672
0.228	0.004	9.995477	0.000535	0.000000	0.999819	9.993672
0.229	0.000	9.994511	0.000649	0.000000	0.999781	9.992320
0.229	0.001	9.994511	0.000649	0.000000	0.999781	9.992320
0.229	0.002	9.994511	0.000649	0.000000	0.999781	9.992320
0.229	0.003	9.994511	0.000649	0.000000	0.999781	9.992320
0.229	0.004	9.994511	0.000649	0.000000	0.999781	9.992320
0.230	0.000	9.993369	0.000785	0.000000	0.999735	9.990723
0.230	0.001	9.993369	0.000785	0.000000	0.999735	9.990723
0.230	0.002	9.993369	0.000785	0.000000	0.999735	9.990723
0.230	0.003	9.993369	0.000785	0.000000	0.999735	9.990723
0.230	0.004	9.993369	0.000785	0.000000	0.999735	9.990723
0.231	0.000	9.992029	0.000943	0.000000	0.999682	9.988848
0.231	0.001	9.992029	0.000943	0.000000	0.999682	9.988848
0.231	0.002	9.992029	0.000943	0.000000	0.999682	9.988848
0.231	0.003	9.992029	0.000943	0.000000	0.999682	9.988848
0.231	0.004	9.992029	0.000943	0.000000	0.999682	9.988848
0.232	0.000	9.990466	0.001128	0.000000	0.999619	9.986659
0.232	0.001	9.990466	0.001128	0.000000	0.999619	9.986659
0.232	0.002	9.990466	0.001128	0.000000	0.999619	9.986659
0.232	0.003	9.990466	0.001128	0.000000	0.999619	9.986659
0.232	0.004	9.990466	0.001128	0.000000	0.999619	9.986659
0.233	0.000	9.988652	0.001343	0.000000	0.999546	9.984121
0.233	0.001	9.988652	0.001343	0.000000	0.999546	9.984121
0.233	0.002	9.988652	0.001343	0.000000	0.999546	9.984121
0.233	0.003	9.988652	0.001343	0.000000	0.999546	9.984121
0.233	0.004	9.988652	0.001343	0.000000	0.999546	9.984121
0.234	0.000	9.986557	0.001591	0.000000	0.999463	9.981191
0.234	0.001	9.986557	0.001591	0.000000	0.999463	9.981191
0.234	0.002	9.986557	0.001591	0.000000	0.999463	9.981191
0.234	0.003	9.986557	0.001591	0.000000	0.999463	9.981191
0.234	0.004	9.986557	0.001591	0.000000	0.999463	9.981191
0.235	0.000	9.984150	0.001876	0.000000	0.999366	9.977824
0.235	0.001	9.984150	0.001876	0.000000	0.999366	9.977824
0.235	0.002	9.984150	0.001876	0.000000	0.999366	9.977824
0.235	0.003	9.984150	0.001876	0.000000	0.999366	9.977824
0.235	0.004	9.984150	0.001876	0.000000	0.999366	9.977824
0.236	0.000	9.981401	0.002202	0.000000	0.999256	9.973978
0.236	0.001	9.981401	0.002202	0.000000	0.999256	9.973978
0.236	0.002	9.981401	0.002202	0.000000	0.999256	9.973978
0.236	0.003	9.981401	0.002202	0.000000	0.999256	9.973978
0.236	0.004	9.981401	0.002202	0.000000	0.999256	9.973978
0.237	0.000	9.978279	0.002572	0.000000	0.999131	9.969610
0.237	0.001	9.978279	0.002572	0.000000	0.999131	9.969610
0.237	0.002	9.978279	0.002572	0.000000	0.999131	9.969610
0.237	0.003	9.978279	0.002572	0.000000	0.999131	9.969610
0.237	0.004	9.978279	0.002572	0.000000	0.999131	9.969610
0.238	0.000	9.974749	0.002990	0.000000	0.998990	9.964672
0.238	0.001	9.974749	0.002990	0.000000	0.998990	9.964672
0.238	0.002	9.974749	0.002990	0.000000	0.998990	9.964672
0.238	0.003	9.974749	0.002990	0.000000	0.998990	9.964672
0.238	0.004	9.974749	0.002990	0.000000	0.998990	9.964672
0.239	0.000	9.970778	0.003461	0.000000	0.998831	9.959121
0.239	0.001	9.970778	0.003461	0.000000	0.998831	9.959121
0.239	0.002	9.970778	0.003461	0.000000	0.998831	9.959121
0.239	0.003	9.970778	0.003461	0.000000	0.998831	9.959121
0.239	0.004	9.970778	0.003461	0.000000	0.998831	9.959121
0.240	0.000	9.966335	0.003988	0.000000	0.998653	9.952910
0.240	0.001	9.966335	0.003988	0.000000	0.998653	9.952910
0.240	0.002	9.966335	0.003988	0.000000	0.998653	9.952910
0.240	0.003	9.966335	0.003988	0.000000	0.998653	9.952910
0.240	0.004	9.966335	0.003988	0.000000	0.998653	9.952910
0.241	0.000	9.961388	0.004575	0.000000	0.998455	9.945994
0.241	0.001	9.961388	0.004575	0.000000	0.998455	9.945994
0.241	0.002	9.961388	0.004575	0.000000	0.998455	9.945994
0.241	0.003	9.961388	0.004575	0.000000	0.998455	9.945994
0.241	0.004	9.961388	0.004575	0.000000	0.998455	9.945994
0.242	0.000	9.955906	0.005225	0.000000	0.998235	9.938334
0.242	0.001	9.955906	0.005225	0.000000	0.998235	9.938334
0.242	0.002	9.955906	0.005225	0.000000	0.998235	9.938334
0.242	0.003	9.955906	0.005225	0.000000	0.998235	9.938334
0.242	0.004	9.955906	0.005225	0.000000	0.998235	9.938334
0.243	0.000	9.949862	0.005943	0.000000	0.997993	9.929889
0.243	0.001	9.949862	0.005943	0.000000	0.997993	9.929889
0.243	0.002	9.949862	0.005943	0.000000	0.997993	9.929889
0.243	0.003	9.949862	0.005943	0.000000	0.997993	9.929889
0.243	0.004	9.949862	0.005943	0.000000	0.997993	9.929889
0.244	0.000	9.943226	0.006731	0.000000	0.997727	9.920621
0.244	0.001	9.943226	0.006731	0.000000	0.997727	9.920621
0.244	0.002	9.943226	0.006731	0.000000	0.997727	9.920621
0.244	0.003	9.943226	0.006731	0.000000	0.997727	9.920621
0.244	0.004	9.943226	0.006731	0.000000	0.997727	9.920621
0.245	0.000	9.935976	0.007593	0.000000	0.997436	9.910497
0.245	0.001	9.935976	0.007593	0.000000	0.997436	9.910497
0.245	0.002	9.935976	0.007593	0.000000	0.997436	9.910497
0.245	0.003	9.935976	0.007593	0.000000	0.997436	9.910497
0.245	0.004	9.935976	0.007593	0.000000	0.997436	9.910497
0.246	0.000	9.928088	0.008531	0.000000	0.997119	9.899487
0.246	0.001	9.928088	0.008531	0.000000	0.997119	9.899487
0.246	0.002	9.928088	0.008531	0.000000	0.997119	9.899487
0.246	0.003	9.928088	0.008531	0.000000	0.997119	9.899487
0.246	0.004	9.928088	0.008531	0.000000	0.997119	9.899487
0.247	0.000	9.919543	0.009548	0.000000	0.996776	9.887565
0.247	0.001	9.919543	0.009548	0.000000	0.996776	9.887565
0.247	0.002	9.919543	0.009548	0.000000	0.996776	9.887565
0.247	0.003	9.919543	0.009548	0.000000	0.996776	9.887565
0.247	0.004	9.919543	0.009548	0.000000	0.996776	9.887565
0.248	0.000	9.910326	0.010646	0.000000	0.996406	9.874706
0.248	0.001	9.910326	0.010646	0.000000	0.996406	9.874706
0.248	0.002	9.910326	0.010646	0.000000	0.996406	9.874706
0.248	0.003	9.910326	0.010646	0.000000	0.996406	9.874706
0.248	0.004	9.910326	0.010646	0.000000	0.996406	9.874706
0.249	0.000	9.900419	0.011826	0.000000	0.996008	9.860897
0.249	0.001	9.900419	0.011826	0.000000	0.996008	9.860897
0.249	0.002	9.900419	0.011826	0.000000	0.996008	9.860897
0.249	0.003	9.900419	0.011826	0.000000	0.996008	9.860897
0.249	0.004	9.900419	0.011826	0.000000	0.996008	9.860897
0.250	0.000	9.889817	0.013091	0.000000	0.995582	9.846124
0.250	0.001	9.889817	0.013091	0.000000	0.995582	9.846124
0.250	0.002	9.889817	0.013091	0.000000	0.995582	9.846124
0.250	0.003	9.889817	0.013091	0.000000	0.995582	9.846124
0.250	0.004	9.889817	0.013091	0.000000	0.995582	9.846124
0.251	0.000	9.878513	0.014440	0.000000	0.995127	9.830375
0.251	0.001	9.878513	0.014440	0.000000	0.995127	9.830375
0.251	0.002	9.878513	0.014440	0.000000	0.995127	9.830375
0.251	0.003	9.878513	0.014440	0.000000	0.995127	9.830375
0.251	0.004	9.878513	0.014440	0.000000	0.995127	9.830375
0.252	0.000	9.866501	0.015876	0.000000	0.994643	9.813650
0.252	0.001	9.866501	0.015876	0.000000	0.994643	9.813650
0.252	0.002	9.866501	0.015876	0.000000	0.994643	9.813650
0.252	0.003	9.866501	0.015876	0.000000	0.994643	9.813650
0.252	0.004	9.866501	0.015876	0.000000	0.994643	9.813650
0.252	0.000	9.853781	0.017397	0.000000	0.994131	9.795949
0.252	0.001	9.853781	0.017397	0.000000	0.994131	9.795949
0.252	0.002	9.853781	0.017397	0.000000	0.994131	9.795949
0.252	0.003	9.853781	0.017397	0.000000	0.994131	9.795949
0.252	0.004	9.853781	0.017397	0.000000	0.994131	9.795949
0.254	0.000	9.840356	0.019004	0.000000	0.993590	9.777278
0.254	0.001	9.840356	0.019004	0.000000	0.993590	9.777278
0.254	0.002	9.840356	0.019004	0.000000	0.993590	9.777278
0.254	0.003	9.840356	0.019004	0.000000	0.993590	9.777278
0.254	0.004	9.840356	0.019004	0.000000	0.993590	9.777278
0.255	0.000	9.826230	0.020697	0.000000	0.993020	9.757644
0.255	0.001	9.826230	0.020697	0.000000	0.993020	9.757644
0.255	0.002	9.826230	0.020697	0.000000	0.993020	9.757644
0.255	0.003	9.826230	0.020697	0.000000	0.993020	9.757644
0.255	0.004	9.826230	0.020697	0.000000	0.993020	9.757644
0.256	0.000	9.811413	0.022475	0.000000	0.992422	9.737060
0.256	0.001	9.811413	0.022475	0.000000	0.992422	9.737060
0.256	0.002	9.811413	0.022475	0.000000	0.992422	9.737060
0.256	0.003	9.811413	0.022475	0.000000	0.992422	9.737060
0.256	0.004	9.811413	0.022475	0.000000	0.992422	9.737060
0.257	0.000	9.795914	0.024337	0.000000	0.991796	9.715545
0.257	0.001	9.795914	0.024337	0.000000	0.991796	9.715545
0.257	0.002	9.795914	0.024337	0.000000	0.991796	9.715545
0.257	0.003	9.795914	0.024337	0.000000	0.991796	9.715545
0.257	0.004	9.795914	0.024337	0.000000	0.991796	9.715545
0.258	0.000	9.779744	0.026282	0.000000	0.991142	9.693112
0.258	0.001	9.779744	0.026282	0.000000	0.991142	9.693112
0.258	0.002	9.779744	0.026282	0.000000	0.991142	9.693112
0.258	0.003	9.779744	0.026282	0.000000	0.991142	9.693112
0.258	0.004	9.779744	0.026282	0.000000	0.991142	9.693112
0.259	0.000	9.762920	0.028309	0.000000	0.990461	9.669790
0.259	0.001	9.762920	0.028309	0.000000	0.990461	9.669790
0.259	0.002	9.762920	0.028309	0.000000	0.990461	9.669790
0.259	0.003	9.762920	0.028309	0.000000	0.990461	9.669790
0.259	0.004	9.762920	0.028309	0.000000	0.990461	9.669790
0.260	0.000	9.745460	0.030415	0.000000	0.989753	9.645600
0.260	0.001	9.745460	0.030415	0.000000	0.989753	9.645600
0.260	0.002	9.745460	0.030415	0.000000	0.989753	9.645600
0.260	0.003	9.745460	0.030415	0.000000	0.989753	9.645600
0.260	0.004	9.745460	0.030415	0.000000	0.989753	9.645600
0.261	0.000	9.727377	0.032599	0.000000	0.989020	9.620569
0.261	0.001	9.727377	0.032599	0.000000	0.989020	9.620569
0.261	0.002	9.727377	0.032599	0.000000	0.989020	9.620569
0.261	0.003	9.727377	0.032599	0.000000	0.989020	9.620569
0.261	0.004	9.727377	0.032599	0.000000	0.989020	9.620569
0.262	0.000	9.708694	0.034859	0.000000	0.988261	9.594724
0.262	0.001	9.708694	0.034859	0.000000	0.988261	9.594724
0.262	0.002	9.708694	0.034859	0.000000	0.988261	9.594724
0.262	0.003	9.708694	0.034859	0.000000	0.988261	9.594724
0.262	0.004	9.708694	0.034859	0.000000	0.988261	9.594724
0.263	0.000	9.689428	0.037193	0.000000	0.987478	9.568095
0.263	0.001	9.689428	0.037193	0.000000	0.987478	9.568095
0.263	0.002	9.689428	0.037193	0.000000	0.987478	9.568095
0.263	0.003	9.689428	0.037193	0.000000	0.987478	9.568095
0.263	0.004	9.689428	0.037193	0.000000	0.987478	9.568095
0.264	0.000	9.669600	0.039599	0.000000	0.986671	9.540713
0.264	0.001	9.669600	0.039599	0.000000	0.986671	9.540713
0.264	0.002	9.669600	0.039599	0.000000	0.986671	9.540713
0.264	0.003	9.669600	0.039599	0.000000	0.986671	9.540713
0.264	0.004	9.669600	0.039599	0.000000	0.986671	9.540713
0.265	0.000	9.649232	0.042075	0.000000	0.985841	9.512608
0.265	0.001	9.649232	0.042075	0.000000	0.985841	9.512608
0.265	0.002	9.649232	0.042075	0.000000	0.985841	9.512608
0.265	0.003	9.649232	0.042075	0.000000	0.985841	9.512608
0.265	0.004	9.649232	0.042075	0.000000	0.985841	9.512608
0.266	0.000	9.628345	0.044618	0.000000	0.984989	9.483813
0.266	0.001	9.628345	0.044618	0.000000	0.984989	9.483813
0.266	0.002	9.628345	0.044618	0.000000	0.984989	9.483813
0.266	0.003	9.628345	0.044618	0.000000	0.984989	9.483813
0.266	0.004	9.628345	0.044618	0.000000	0.984989	9.483813
0.267	0.000	9.606962	0.047226	0.000000	0.984116	9.454361
0.267	0.001	9.606962	0.047226	0.000000	0.984116	9.454361
0.267	0.002	9.606962	0.047226	0.000000	0.984116	9.454361
0.267	0.003	9.606962	0.047226	0.000000	0.984116	9.454361
0.267	0.004	9.606962	0.047226	0.000000	0.984116	9.454361
0.268	0.000	9.585105	0.049897	0.000000	0.983222	9.424281
0.268	0.001	9.585105	0.049897	0.000000	0.983222	9.424281
0.268	0.002	9.585105	0.049897	0.000000	0.983222	9.424281
0.268	0.003	9.585105	0.049897	0.000000	0.983222	9.424281
0.268	0.004	9.585105	0.049897	0.000000	0.983222	9.424281
0.269	0.000	9.562795	0.052627	0.000000	0.982308	9.393607
0.269	0.001	9.562795	0.052627	0.000000	0.982308	9.393607
0.269	0.002	9.562795	0.052627	0.000000	0.982308	9.393607
0.269	0.003	9.562795	0.052627	0.000000	0.982308	9.393607
0.269	0.004	9.562795	0.052627	0.000000	0.982308	9.393607
0.270	0.000	9.540052	0.055416	0.000000	0.981375	9.362370
0.270	0.001	9.540052	0.055416	0.000000	0.981375	9.362370
0.270	0.002	9.540052	0.055416	0.000000	0.981375	9.362370
0.270	0.003	9.540052	0.055416	0.000000	0.981375	9.362370
0.270	0.004	9.540052	0.055416	0.000000	0.981375	9.362370
0.271	0.000	9.516900	0.058261	0.000000	0.980424	9.330598
0.271	0.001	9.516900	0.058261	0.000000	0.980424	9.330598
0.271	0.002	9.516900	0.058261	0.000000	0.980424	9.330598
0.271	0.003	9.516900	0.058261	0.000000	0.980424	9.330598
0.271	0.004	9.516900	0.058261	0.000000	0.980424	9.330598
0.272	0.000	9.493358	0.061159	0.000000	0.979456	9.298326
0.272	0.001	9.493358	0.061159	0.000000	0.979456	9.298326
0.272	0.002	9.493358	0.061159	0.000000	0.979456	9.298326
0.272	0.003	9.493358	0.061159	0.000000	0.979456	9.298326
0.272	0.004	9.493358	0.061159	0.000000	0.979456	9.298326
0.273	0.000	9.469446	0.064109	0.000000	0.978471	9.265580
0.273	0.001	9.469446	0.064109	0.000000	0.978471	9.265580
0.273	0.002	9.469446	0.064109	0.000000	0.978471	9.265580
0.273	0.003	9.469446	0.064109	0.000000	0.978471	9.265580
0.273	0.004	9.469446	0.064109	0.000000	0.978471	9.265580
0.274	0.000	9.445186	0.067108	0.000000	0.977471	9.232392
0.274	0.001	9.445186	0.067108	0.000000	0.977471	9.232392
0.274	0.002	9.445186	0.067108	0.000000	0.977471	9.232392
0.274	0.003	9.445186	0.067108	0.000000	0.977471	9.232392
0.274	0.004	9.445186	0.067108	0.000000	0.977471	9.232392
0.275	0.000	9.420596	0.070153	0.000000	0.976455	9.198786
0.275	0.001	9.420596	0.070153	0.000000	0.976455	9.198786
0.275	0.002	9.420596	0.070153	0.000000	0.976455	9.198786
0.275	0.003	9.420596	0.070153	0.000000	0.976455	9.198786
0.275	0.004	9.420596	0.070153	0.000000	0.976455	9.198786
0.275	0.000	9.395696	0.073244	0.000000	0.975424	9.164791
0.275	0.001	9.395696	0.073244	0.000000	0.975424	9.164791
0.275	0.002	9.395696	0.073244	0.000000	0.975424	9.164791
0.275	0.003	9.395696	0.073244	0.000000	0.975424	9.164791
0.275	0.004	9.395696	0.073244	0.000000	0.975424	9.164791
0.277	0.000	9.370502	0.076377	0.000000	0.974380	9.130434
0.277	0.001	9.370502	0.076377	0.000000	0.974380	9.130434
0.277	0.002	9.370502	0.076377	0.000000	0.974380	9.130434
0.277	0.003	9.370502	0.076377	0.000000	0.974380	9.130434
0.277	0.004	9.370502	0.076377	0.000000	0.974380	9.130434
0.278	0.000	9.345032	0.079552	0.000000	0.973323	9.095737
0.278	0.001	9.345032	0.079552	0.000000	0.973323	9.095737
0.278	0.002	9.345032	0.079552	0.000000	0.973323	9.095737
0.278	0.003	9.345032	0.079552	0.000000	0.973323	9.095737
0.278	0.004	9.345032	0.079552	0.000000	0.973323	9.095737
0.279	0.000	9.319304	0.082766	0.000000	0.972254	9.060730
0.279	0.001	9.319304	0.082766	0.000000	0.972254	9.060730
0.279	0.002	9.319304	0.082766	0.000000	0.972254	9.060730
0.279	0.003	9.319304	0.082766	0.000000	0.972254	9.060730
0.279	0.004	9.319304	0.082766	0.000000	0.972254	9.060730
0.280	0.000	9.293333	0.086017	0.000000	0.971173	9.025432
0.280	0.001	9.293333	0.086017	0.000000	0.971173	9.025432
0.280	0.002	9.293333	0.086017	0.000000	0.971173	9.025432
0.280	0.003	9.293333	0.086017	0.000000	0.971173	9.025432
0.280	0.004	9.293333	0.086017	0.000000	0.971173	9.025432
0.281	0.000	9.267135	0.089304	0.000000	0.970080	8.989863
0.281	0.001	9.267135	0.089304	0.000000	0.970080	8.989863
0.281	0.002	9.267135	0.089304	0.000000	0.970080	8.989863
0.281	0.003	9.267135	0.089304	0.000000	0.970080	8.989863
0.281	0.004	9.267135	0.089304	0.000000	0.970080	8.989863
0.282	0.000	9.240725	0.092626	0.000000	0.968977	8.954046
0.282	0.001	9.240725	0.092626	0.000000	0.968977	8.954046
0.282	0.002	9.240725	0.092626	0.000000	0.968977	8.954046
0.282	0.003	9.240725	0.092626	0.000000	0.968977	8.954046
0.282	0.004	9.240725	0.092626	0.000000	0.968977	8.954046
0.282	0.000	9.214117	0.095980	0.000000	0.967863	8.918005
0.282	0.001	9.214117	0.095980	0.000000	0.967863	8.918005
0.282	0.002	9.214117	0.095980	0.000000	0.967863	8.918005
0.282	0.003	9.214117	0.095980	0.000000	0.967863	8.918005
0.282	0.004	9.214117	0.095980	0.000000	0.967863	8.918005
0.284	0.000	9.187325	0.099365	0.000000	0.966740	8.881754
0.284	0.001	9.187325	0.099365	0.000000	0.966740	8.881754
0.284	0.002	9.187325	0.099365	0.000000	0.966740	8.881754
0.284	0.003	9.187325	0.099365	0.000000	0.966740	8.881754
0.284	0.004	9.187325	0.099365	0.000000	0.966740	8.881754
0.285	0.000	9.160360	0.102779	0.000000	0.965608	8.845313
0.285	0.001	9.160360	0.102779	0.000000	0.965608	8.845313
0.285	0.002	9.160360	0.102779	0.000000	0.965608	8.845313
0.285	0.003	9.160360	0.102779	0.000000	0.965608	8.845313
0.285	0.004	9.160360	0.102779	0.000000	0.965608	8.845313
0.286	0.000	9.133235	0.106222	0.000000	0.964467	8.808700
0.286	0.001	9.133235	0.106222	0.000000	0.964467	8.808700
0.286	0.002	9.133235	0.106222	0.000000	0.964467	8.808700
0.286	0.003	9.133235	0.106222	0.000000	0.964467	8.808700
0.286	0.004	9.133235	0.106222	0.000000	0.964467	8.808700
0.287	0.000	9.105962	0.109692	0.000000	0.963317	8.771931
0.287	0.001	9.105962	0.109692	0.000000	0.963317	8.771931
0.287	0.002	9.105962	0.109692	0.000000	0.963317	8.771931
0.287	0.003	9.105962	0.109692	0.000000	0.963317	8.771931
0.287	0.004	9.105962	0.109692	0.000000	0.963317	8.771931
0.288	0.000	9.078553	0.113188	0.000000	0.962160	8.735022
0.288	0.001	9.078553	0.113188	0.000000	0.962160	8.735022
0.288	0.002	9.078553	0.113188	0.000000	0.962160	8.735022
0.288	0.003	9.078553	0.113188	0.000000	0.962160	8.735022
0.288	0.004	9.078553	0.113188	0.000000	0.962160	8.735022
0.289	0.000	9.051017	0.116709	0.000000	0.960996	8.697987
0.289	0.001	9.051017	0.116709	0.000000	0.960996	8.697987
0.289	0.002	9.051017	0.116709	0.000000	0.960996	8.697987
0.289	0.003	9.051017	0.116709	0.000000	0.960996	8.697987
0.289	0.004	9.051017	0.116709	0.000000	0.960996	8.697987
0.290	0.000	9.023363	0.120253	0.000000	0.959824	8.660840
0.290	0.001	9.023363	0.120253	0.000000	0.959824	8.660840
0.290	0.002	9.023363	0.120253	0.000000	0.959824	8.660840
0.290	0.003	9.023363	0.120253	0.000000	0.959824	8.660840
0.290	0.004	9.023363	0.120253	0.000000	0.959824	8.660840
0.291	0.000	8.995604	0.123819	0.000000	0.958646	8.623596
0.291	0.001	8.995604	0.123819	0.000000	0.958646	8.623596
0.291	0.002	8.995604	0.123819	0.000000	0.958646	8.623596
0.291	0.003	8.995604	0.123819	0.000000	0.958646	8.623596
0.291	0.004	8.995604	0.123819	0.000000	0.958646	8.623596
0.292	0.000	8.967746	0.127407	0.000000	0.957461	8.586267
0.292	0.001	8.967746	0.127407	0.000000	0.957461	8.586267
0.292	0.002	8.967746	0.127407	0.000000	0.957461	8.586267
0.292	0.003	8.967746	0.127407	0.000000	0.957461	8.586267
0.292	0.004	8.967746	0.127407	0.000000	0.957461	8.586267
0.293	0.000	8.939798	0.131015	0.000000	0.956271	8.548866
0.293	0.001	8.939798	0.131015	0.000000	0.956271	8.548866
0.293	0.002	8.939798	0.131015	0.000000	0.956271	8.548866
0.293	0.003	8.939798	0.131015	0.000000	0.956271	8.548866
0.293	0.004	8.939798	0.131015	0.000000	0.956271	8.548866
0.294	0.000	8.911771	0.134643	0.000000	0.955074	8.511402
0.294	0.001	8.911771	0.134643	0.000000	0.955074	8.511402
0.294	0.002	8.911771	0.134643	0.000000	0.955074	8.511402
0.294	0.003	8.911771	0.134643	0.000000	0.955074	8.511402
0.294	0.004	8.911771	0.134643	0.000000	0.955074	8.511402
0.295	0.000	8.883669	0.138289	0.000000	0.953873	8.473888
0.295	0.001	8.883669	0.138289	0.000000	0.953873	8.473888
0.295	0.002	8.883669	0.138289	0.000000	0.953873	8.473888
0.295	0.003	8.883669	0.138289	0.000000	0.953873	8.473888
0.295	0.004	8.883669	0.138289	0.000000	0.953873	8.473888
0.296	0.000	8.855501	0.141954	0.000000	0.952666	8.436333
0.296	0.001	8.855501	0.141954	0.000000	0.952666	8.436333
0.296	0.002	8.855501	0.141954	0.000000	0.952666	8.436333
0.296	0.003	8.855501	0.141954	0.000000	0.952666	8.436333
0.296	0.004	8.855501	0.141954	0.000000	0.952666	8.436333
0.297	0.000	8.827273	0.145635	0.000000	0.951454	8.398747
0.297	0.001	8.827273	0.145635	0.000000	0.951454	8.398747
0.297	0.002	8.827273	0.145635	0.000000	0.951454	8.398747
0.297	0.003	8.827273	0.145635	0.000000	0.951454	8.398747
0.297	0.004	8.827273	0.145635	0.000000	0.951454	8.398747
0.298	0.000	8.798993	0.149333	0.000000	0.950238	8.361137
0.298	0.001	8.798993	0.149333	0.000000	0.950238	8.361137
0.298	0.002	8.798993	0.149333	0.000000	0.950238	8.361137
0.298	0.003	8.798993	0.149333	0.000000	0.950238	8.361137
0.298	0.004	8.798993	0.149333	0.000000	0.950238	8.361137
0.299	0.000	8.770666	0.153046	0.000000	0.949018	8.323516
0.299	0.001	8.770666	0.153046	0.000000	0.949018	8.323516
0.299	0.002	8.770666	0.153046	0.000000	0.949018	8.323516
0.299	0.003	8.770666	0.153046	0.000000	0.949018	8.323516
0.299	0.004	8.770666	0.153046	0.000000	0.949018	8.323516
0.300	0.000	8.742298	0.156774	0.000000	0.947793	8.285889
0.300	0.001	8.742298	0.156774	0.000000	0.947793	8.285889
0.300	0.002	8.742298	0.156774	0.000000	0.947793	8.285889
0.300	0.003	8.742298	0.156774	0.000000	0.947793	8.285889
0.300	0.004	8.742298	0.156774	0.000000	0.947793	8.285889
0.301	0.000	8.713896	0.160517	0.000000	0.946564	8.248263
0.301	0.001	8.713896	0.160517	0.000000	0.946564	8.248263
0.301	0.002	8.713896	0.160517	0.000000	0.946564	8.248263
0.301	0.003	8.713896	0.160517	0.000000	0.946564	8.248263
0.301	0.004	8.713896	0.160517	0.000000	0.946564	8.248263
0.302	0.000	8.685463	0.164273	0.000000	0.945332	8.210648
0.302	0.001	8.685463	0.164273	0.000000	0.945332	8.210648
0.302	0.002	8.685463	0.164273	0.000000	0.945332	8.210648
0.302	0.003	8.685463	0.164273	0.000000	0.945332	8.210648
0.302	0.004	8.685463	0.164273	0.000000	0.945332	8.210648
0.303	0.000	8.657006	0.168043	0.000000	0.944097	8.173050
0.303	0.001	8.657006	0.168043	0.000000	0.944097	8.173050
0.303	0.002	8.657006	0.168043	0.000000	0.944097	8.173050
0.303	0.003	8.657006	0.168043	0.000000	0.944097	8.173050
0.303	0.004	8.657006	0.168043	0.000000	0.944097	8.173050
0.304	0.000	8.628530	0.171825	0.000000	0.942858	8.135474
0.304	0.001	8.628530	0.171825	0.000000	0.942858	8.135474
0.304	0.002	8.628530	0.171825	0.000000	0.942858	8.135474
0.304	0.003	8.628530	0.171825	0.000000	0.942858	8.135474
0.304	0.004	8.628530	0.171825	0.000000	0.942858	8.135474
0.305	0.000	8.600038	0.175619	0.000000	0.941615	8.097928
0.305	0.001	8.600038	0.175619	0.000000	0.941615	8.097928
0.305	0.002	8.600038	0.175619	0.000000	0.941615	8.097928
0.305	0.003	8.600038	0.175619	0.000000	0.941615	8.097928
0.305	0.004	8.600038	0.175619	0.000000	0.941615	8.097928
0.306	0.000	8.571533	0.179424	0.000000	0.940370	8.060415
0.306	0.001	8.571533	0.179424	0.000000	0.940370	8.060415
0.306	0.002	8.571533	0.179424	0.000000	0.940370	8.060415
0.306	0.003	8.571533	0.179424	0.000000	0.940370	8.060415
0.306	0.004	8.571533	0.179424	0.000000	0.940370	8.060415
0.307	0.000	8.543022	0.183241	0.000000	0.939123	8.022944
0.307	0.001	8.543022	0.183241	0.000000	0.939123	8.022944
0.307	0.002	8.543022	0.183241	0.000000	0.939123	8.022944
0.307	0.003	8.543022	0.183241	0.000000	0.939123	8.022944
0.307	0.004	8.543022	0.183241	0.000000	0.939123	8.022944
0.308	0.000	8.514507	0.187068	0.000000	0.937872	7.985519
0.308	0.001	8.514507	0.187068	0.000000	0.937872	7.985519
0.308	0.002	8.514507	0.187068	0.000000	0.937872	7.985519
0.308	0.003	8.514507	0.187068	0.000000	0.937872	7.985519
0.308	0.004	8.514507	0.187068	0.000000	0.937872	7.985519
0.309	0.000	8.485994	0.190906	0.000000	0.936619	7.948143
0.309	0.001	8.485994	0.190906	0.000000	0.936619	7.948143
0.309	0.002	8.485994	0.190906	0.000000	0.936619	7.948143
0.309	0.003	8.485994	0.190906	0.000000	0.936619	7.948143
0.309	0.004	8.485994	0.190906	0.000000	0.936619	7.948143
0.310	0.000	8.457484	0.194753	0.000000	0.935364	7.910824
0.310	0.001	8.457484	0.194753	0.000000	0.935364	7.910824
0.310	0.002	8.457484	0.194753	0.000000	0.935364	7.910824
0.310	0.003	8.457484	0.194753	0.000000	0.935364	7.910824
0.310	0.004	8.457484	0.194753	0.000000	0.935364	7.910824
0.311	0.000	8.428983	0.198610	0.000000	0.934106	7.873562
0.311	0.001	8.428983	0.198610	0.000000	0.934106	7.873562
0.311	0.002	8.428983	0.198610	0.000000	0.934106	7.873562
0.311	0.003	8.428983	0.198610	0.000000	0.934106	7.873562
0.311	0.004	8.428983	0.198610	0.000000	0.934106	7.873562
0.312	0.000	8.400491	0.202476	0.000000	0.932846	7.836366
0.312	0.001	8.400491	0.202476	0.000000	0.932846	7.836366
0.312	0.002	8.400491	0.202476	0.000000	0.932846	7.836366
0.312	0.003	8.400491	0.202476	0.000000	0.932846	7.836366
0.312	0.004	8.400491	0.202476	0.000000	0.932846	7.836366
0.312	0.000	8.372011	0.206351	0.000000	0.931585	7.799236
0.312	0.001	8.372011	0.206351	0.000000	0.931585	7.799236
0.312	0.002	8.372011	0.206351	0.000000	0.931585	7.799236
0.312	0.003	8.372011	0.206351	0.000000	0.931585	7.799236
0.312	0.004	8.372011	0.206351	0.000000	0.931585	7.799236
0.314	0.000	8.343546	0.210233	0.000000	0.930321	7.762179
0.314	0.001	8.343546	0.210233	0.000000	0.930321	7.762179
0.314	0.002	8.343546	0.210233	0.000000	0.930321	7.762179
0.314	0.003	8.343546	0.210233	0.000000	0.930321	7.762179
0.314	0.004	8.343546	0.210233	0.000000	0.930321	7.762179
0.315	0.000	8.315101	0.214125	0.000000	0.929056	7.725194
0.315	0.001	8.315101	0.214125	0.000000	0.929056	7.725194
0.315	0.002	8.315101	0.214125	0.000000	0.929056	7.725194
0.315	0.003	8.315101	0.214125	0.000000	0.929056	7.725194
0.315	0.004	8.315101	0.214125	0.000000	0.929056	7.725194
0.316	0.000	8.286675	0.218023	0.000000	0.927789	7.688289
0.316	0.001	8.286675	0.218023	0.000000	0.927789	7.688289
0.316	0.002	8.286675	0.218023	0.000000	0.927789	7.688289
0.316	0.003	8.286675	0.218023	0.000000	0.927789	7.688289
0.316	0.004	8.286675	0.218023	0.000000	0.927789	7.688289
0.317	0.000	8.258275	0.221930	0.000000	0.926521	7.651464
0.317	0.001	8.258275	0.221930	0.000000	0.926521	7.651464
0.317	0.002	8.258275	0.221930	0.000000	0.926521	7.651464
0.317	0.003	8.258275	0.221930	0.000000	0.926521	7.651464
0.317	0.004	8.258275	0.221930	0.000000	0.926521	7.651464
0.318	0.000	8.229899	0.225843	0.000000	0.925251	7.614724
0.318	0.001	8.229899	0.225843	0.000000	0.925251	7.614724
0.318	0.002	8.229899	0.225843	0.000000	0.925251	7.614724
0.318	0.003	8.229899	0.225843	0.000000	0.925251	7.614724
0.318	0.004	8.229899	0.225843	0.000000	0.925251	7.614724
0.319	0.000	8.201552	0.229763	0.000000	0.923980	7.578069
0.319	0.001	8.201552	0.229763	0.000000	0.923980	7.578069
0.319	0.002	8.201552	0.229763	0.000000	0.923980	7.578069
0.319	0.003	8.201552	0.229763	0.000000	0.923980	7.578069
0.319	0.004	8.201552	0.229763	0.000000	0.923980	7.578069
0.320	0.000	8.173235	0.233690	0.000000	0.922707	7.541504
0.320	0.001	8.173235	0.233690	0.000000	0.922707	7.541504
0.320	0.002	8.173235	0.233690	0.000000	0.922707	7.541504
0.320	0.003	8.173235	0.233690	0.000000	0.922707	7.541504
0.320	0.004	8.173235	0.233690	0.000000	0.922707	7.541504
0.321	0.000	8.144952	0.237624	0.000000	0.921433	7.505031
0.321	0.001	8.144952	0.237624	0.000000	0.921433	7.505031
0.321	0.002	8.144952	0.237624	0.000000	0.921433	7.505031
0.321	0.003	8.144952	0.237624	0.000000	0.921433	7.505031
0.321	0.004	8.144952	0.237624	0.000000	0.921433	7.505031
0.322	0.000	8.116700	0.241564	0.000000	0.920159	7.468651
0.322	0.001	8.116700	0.241564	0.000000	0.920159	7.468651
0.322	0.002	8.116700	0.241564	0.000000	0.920159	7.468651
0.322	0.003	8.116700	0.241564	0.000000	0.920159	7.468651
0.322	0.004	8.116700	0.241564	0.000000	0.920159	7.468651
0.323	0.000	8.088485	0.245509	0.000000	0.918883	7.432368
0.323	0.001	8.088485	0.245509	0.000000	0.918883	7.432368
0.323	0.002	8.088485	0.245509	0.000000	0.918883	7.432368
0.323	0.003	8.088485	0.245509	0.000000	0.918883	7.432368
0.323	0.004	8.088485	0.245509	0.000000	0.918883	7.432368
0.324	0.000	8.060307	0.249461	0.000000	0.917606	7.396184
0.324	0.001	8.060307	0.249461	0.000000	0.917606	7.396184
0.324	0.002	8.060307	0.249461	0.000000	0.917606	7.396184
0.324	0.003	8.060307	0.249461	0.000000	0.917606	7.396184
0.324	0.004	8.060307	0.249461	0.000000	0.917606	7.396184
0.325	0.000	8.032167	0.253418	0.000000	0.916328	7.360099
0.325	0.001	8.032167	0.253418	0.000000	0.916328	7.360099
0.325	0.002	8.032167	0.253418	0.000000	0.916328	7.360099
0.325	0.003	8.032167	0.253418	0.000000	0.916328	7.360099
0.325	0.004	8.032167	0.253418	0.000000	0.916328	7.360099
0.326	0.000	8.004068	0.257381	0.000000	0.915049	7.324117
0.326	0.001	8.004068	0.257381	0.000000	0.915049	7.324117
0.326	0.002	8.004068	0.257381	0.000000	0.915049	7.324117
0.326	0.003	8.004068	0.257381	0.000000	0.915049	7.324117
0.326	0.004	8.004068	0.257381	0.000000	0.915049	7.324117
0.327	0.000	7.976012	0.261349	0.000000	0.913770	7.288237
0.327	0.001	7.976012	0.261349	0.000000	0.913770	7.288237
0.327	0.002	7.976012	0.261349	0.000000	0.913770	7.288237
0.327	0.003	7.976012	0.261349	0.000000	0.913770	7.288237
0.327	0.004	7.976012	0.261349	0.000000	0.913770	7.288237
0.328	0.000	7.947998	0.265321	0.000000	0.912489	7.252464
0.328	0.001	7.947998	0.265321	0.000000	0.912489	7.252464
0.328	0.002	7.947998	0.265321	0.000000	0.912489	7.252464
0.328	0.003	7.947998	0.265321	0.000000	0.912489	7.252464
0.328	0.004	7.947998	0.265321	0.000000	0.912489	7.252464
0.329	0.000	7.920028	0.269299	0.000000	0.911209	7.216797
0.329	0.001	7.920028	0.269299	0.000000	0.911209	7.216797
0.329	0.002	7.920028	0.269299	0.000000	0.911209	7.216797
0.329	0.003	7.920028	0.269299	0.000000	0.911209	7.216797
0.329	0.004	7.920028	0.269299	0.000000	0.911209	7.216797
0.330	0.000	7.892104	0.273282	0.000000	0.909927	7.181240
0.330	0.001	7.892104	0.273282	0.000000	0.909927	7.181240
0.330	0.002	7.892104	0.273282	0.000000	0.909927	7.181240
0.330	0.003	7.892104	0.273282	0.000000	0.909927	7.181240
0.330	0.004	7.892104	0.273282	0.000000	0.909927	7.181240
0.331	0.000	7.864226	0.277269	0.000000	0.908645	7.145791
0.331	0.001	7.864226	0.277269	0.000000	0.908645	7.145791
0.331	0.002	7.864226	0.277269	0.000000	0.908645	7.145791
0.331	0.003	7.864226	0.277269	0.000000	0.908645	7.145791
0.331	0.004	7.864226	0.277269	0.000000	0.908645	7.145791
0.332	0.000	7.836397	0.281260	0.000000	0.907363	7.110455
0.332	0.001	7.836397	0.281260	0.000000	0.907363	7.110455
0.332	0.002	7.836397	0.281260	0.000000	0.907363	7.110455
0.332	0.003	7.836397	0.281260	0.000000	0.907363	7.110455
0.332	0.004	7.836397	0.281260	0.000000	0.907363	7.110455
0.333	0.000	7.808617	0.285256	0.000000	0.906080	7.075230
0.333	0.001	7.808617	0.285256	0.000000	0.906080	7.075230
0.333	0.002	7.808617	0.285256	0.000000	0.906080	7.075230
0.333	0.003	7.808617	0.285256	0.000000	0.906080	7.075230
0.333	0.004	7.808617	0.285256	0.000000	0.906080	7.075230
0.334	0.000	7.780887	0.289256	0.000000	0.904796	7.040118
0.334	0.001	7.780887	0.289256	0.000000	0.904796	7.040118
0.334	0.002	7.780887	0.289256	0.000000	0.904796	7.040118
0.334	0.003	7.780887	0.289256	0.000000	0.904796	7.040118
0.334	0.004	7.780887	0.289256	0.000000	0.904796	7.040118
0.335	0.000	7.753208	0.293260	0.000000	0.903513	7.005121
0.335	0.001	7.753208	0.293260	0.000000	0.903513	7.005121
0.335	0.002	7.753208	0.293260	0.000000	0.903513	7.005121
0.335	0.003	7.753208	0.293260	0.000000	0.903513	7.005121
0.335	0.004	7.753208	0.293260	0.000000	0.903513	7.005121
0.336	0.000	7.725580	0.297267	0.000000	0.902228	6.970239
0.336	0.001	7.725580	0.297267	0.000000	0.902228	6.970239
0.336	0.002	7.725580	0.297267	0.000000	0.902228	6.970239
0.336	0.003	7.725580	0.297267	0.000000	0.902228	6.970239
0.336	0.004	7.725580	0.297267	0.000000	0.902228	6.970239
0.337	0.000	7.698006	0.301279	0.000000	0.900944	6.935473
0.337	0.001	7.698006	0.301279	0.000000	0.900944	6.935473
0.337	0.002	7.698006	0.301279	0.000000	0.900944	6.935473
0.337	0.003	7.698006	0.301279	0.000000	0.900944	6.935473
0.337	0.004	7.698006	0.301279	0.000000	0.900944	6.935473
0.338	0.000	7.670485	0.305294	0.000000	0.899660	6.900826
0.338	0.001	7.670485	0.305294	0.000000	0.899660	6.900826
0.338	0.002	7.670485	0.305294	0.000000	0.899660	6.900826
0.338	0.003	7.670485	0.305294	0.000000	0.899660	6.900826
0.338	0.004	7.670485	0.305294	0.000000	0.899660	6.900826
0.339	0.000	7.643019	0.309313	0.000000	0.898375	6.866294
0.339	0.001	7.643019	0.309313	0.000000	0.898375	6.866294
0.339	0.002	7.643019	0.309313	0.000000	0.898375	6.866294
0.339	0.003	7.643019	0.309313	0.000000	0.898375	6.866294
0.339	0.004	7.643019	0.309313	0.000000	0.898375	6.866294
0.340	0.000	7.615608	0.313335	0.000000	0.897090	6.831882
0.340	0.001	7.615608	0.313335	0.000000	0.897090	6.831882
0.340	0.002	7.615608	0.313335	0.000000	0.897090	6.831882
0.340	0.003	7.615608	0.313335	0.000000	0.897090	6.831882
0.340	0.004	7.615608	0.313335	0.000000	0.897090	6.831882
0.341	0.000	7.588253	0.317361	0.000000	0.895804	6.797590
0.341	0.001	7.588253	0.317361	0.000000	0.895804	6.797590
0.341	0.002	7.588253	0.317361	0.000000	0.895804	6.797590
0.341	0.003	7.588253	0.317361	0.000000	0.895804	6.797590
0.341	0.004	7.588253	0.317361	0.000000	0.895804	6.797590
0.342	0.000	7.560954	0.321390	0.000000	0.894519	6.763420
0.342	0.001	7.560954	0.321390	0.000000	0.894519	6.763420
0.342	0.002	7.560954	0.321390	0.000000	0.894519	6.763420
0.342	0.003	7.560954	0.321390	0.000000	0.894519	6.763420
0.342	0.004	7.560954	0.321390	0.000000	0.894519	6.763420
0.343	0.000	7.533713	0.325422	0.000000	0.893234	6.729370
0.343	0.001	7.533713	0.325422	0.000000	0.893234	6.729370
0.343	0.002	7.533713	0.325422	0.000000	0.893234	6.729370
0.343	0.003	7.533713	0.325422	0.000000	0.893234	6.729370
0.343	0.004	7.533713	0.325422	0.000000	0.893234	6.729370
0.344	0.000	7.506529	0.329457	0.000000	0.891949	6.695439
0.344	0.001	7.506529	0.329457	0.000000	0.891949	6.695439
0.344	0.002	7.506529	0.329457	0.000000	0.891949	6.695439
0.344	0.003	7.506529	0.329457	0.000000	0.891949	6.695439
0.344	0.004	7.506529	0.329457	0.000000	0.891949	6.695439
0.345	0.000	7.479405	0.333495	0.000000	0.890663	6.661632
0.345	0.001	7.479405	0.333495	0.000000	0.890663	6.661632
0.345	0.002	7.479405	0.333495	0.000000	0.890663	6.661632
0.345	0.003	7.479405	0.333495	0.000000	0.890663	6.661632
0.345	0.004	7.479405	0.333495	0.000000	0.890663	6.661632
0.346	0.000	7.452339	0.337537	0.000000	0.889378	6.627946
0.346	0.001	7.452339	0.337537	0.000000	0.889378	6.627946
0.346	0.002	7.452339	0.337537	0.000000	0.889378	6.627946
0.346	0.003	7.452339	0.337537	0.000000	0.889378	6.627946
0.346	0.004	7.452339	0.337537	0.000000	0.889378	6.627946
0.347	0.000	7.425332	0.341580	0.000000	0.888093	6.594383
0.347	0.001	7.425332	0.341580	0.000000	0.888093	6.594383
0.347	0.002	7.425332	0.341580	0.000000	0.888093	6.594383
0.347	0.003	7.425332	0.341580	0.000000	0.888093	6.594383
0.347	0.004	7.425332	0.341580	0.000000	0.888093	6.594383
0.348	0.000	7.398386	0.345627	0.000000	0.886807	6.560942
0.348	0.001	7.398386	0.345627	0.000000	0.886807	6.560942
0.348	0.002	7.398386	0.345627	0.000000	0.886807	6.560942
0.348	0.003	7.398386	0.345627	0.000000	0.886807	6.560942
0.348	0.004	7.398386	0.345627	0.000000	0.886807	6.560942
0.349	0.000	7.371500	0.349676	0.000000	0.885522	6.527627
0.349	0.001	7.371500	0.349676	0.000000	0.885522	6.527627
0.349	0.002	7.371500	0.349676	0.000000	0.885522	6.527627
0.349	0.003	7.371500	0.349676	0.000000	0.885522	6.527627
0.349	0.004	7.371500	0.349676	0.000000	0.885522	6.527627
0.350	0.000	7.344676	0.353728	0.000000	0.884237	6.494435
0.350	0.001	7.344676	0.353728	0.000000	0.884237	6.494435
0.350	0.002	7.344676	0.353728	0.000000	0.884237	6.494435
0.350	0.003	7.344676	0.353728	0.000000	0.884237	6.494435
0.350	0.004	7.344676	0.353728	0.000000	0.884237	6.494435
0.351	0.000	7.317912	0.357783	0.000000	0.882952	6.461367
0.351	0.001	7.317912	0.357783	0.000000	0.882952	6.461367
0.351	0.002	7.317912	0.357783	0.000000	0.882952	6.461367
0.351	0.003	7.317912	0.357783	0.000000	0.882952	6.461367
0.351	0.004	7.317912	0.357783	0.000000	0.882952	6.461367
0.352	0.000	7.291210	0.361840	0.000000	0.881667	6.428422
0.352	0.001	7.291210	0.361840	0.000000	0.881667	6.428422
0.352	0.002	7.291210	0.361840	0.000000	0.881667	6.428422
0.352	0.003	7.291210	0.361840	0.000000	0.881667	6.428422
0.352	0.004	7.291210	0.361840	0.000000	0.881667	6.428422
0.353	0.000	7.264571	0.365899	0.000000	0.880383	6.395604
0.353	0.001	7.264571	0.365899	0.000000	0.880383	6.395604
0.353	0.002	7.264571	0.365899	0.000000	0.880383	6.395604
0.353	0.003	7.264571	0.365899	0.000000	0.880383	6.395604
0.353	0.004	7.264571	0.365899	0.000000	0.880383	6.395604
0.354	0.000	7.237994	0.369961	0.000000	0.879098	6.362909
0.354	0.001	7.237994	0.369961	0.000000	0.879098	6.362909
0.354	0.002	7.237994	0.369961	0.000000	0.879098	6.362909
0.354	0.003	7.237994	0.369961	0.000000	0.879098	6.362909
0.354	0.004	7.237994	0.369961	0.000000	0.879098	6.362909
0.355	0.000	7.211480	0.374025	0.000000	0.877814	6.330340
0.355	0.001	7.211480	0.374025	0.000000	0.877814	6.330340
0.355	0.002	7.211480	0.374025	0.000000	0.877814	6.330340
0.355	0.003	7.211480	0.374025	0.000000	0.877814	6.330340
0.355	0.004	7.211480	0.374025	0.000000	0.877814	6.330340
0.356	0.000	7.185030	0.378091	0.000000	0.876531	6.297899
0.356	0.001	7.185030	0.378091	0.000000	0.876531	6.297899
0.356	0.002	7.185030	0.378091	0.000000	0.876531	6.297899
0.356	0.003	7.185030	0.378091	0.000000	0.876531	6.297899
0.356	0.004	7.185030	0.378091	0.000000	0.876531	6.297899
0.357	0.000	7.158643	0.382159	0.000000	0.875247	6.265580
0.357	0.001	7.158643	0.382159	0.000000	0.875247	6.265580
0.357	0.002	7.158643	0.382159	0.000000	0.875247	6.265580
0.357	0.003	7.158643	0.382159	0.000000	0.875247	6.265580
0.357	0.004	7.158643	0.382159	0.000000	0.875247	6.265580
0.358	0.000	7.132320	0.386230	0.000000	0.873964	6.233388
0.358	0.001	7.132320	0.386230	0.000000	0.873964	6.233388
0.358	0.002	7.132320	0.386230	0.000000	0.873964	6.233388
0.358	0.003	7.132320	0.386230	0.000000	0.873964	6.233388
0.358	0.004	7.132320	0.386230	0.000000	0.873964	6.233388
0.359	0.000	7.106061	0.390302	0.000000	0.872680	6.201321
0.359	0.001	7.106061	0.390302	0.000000	0.872680	6.201321
0.359	0.002	7.106061	0.390302	0.000000	0.872680	6.201321
0.359	0.003	7.106061	0.390302	0.000000	0.872680	6.201321
0.359	0.004	7.106061	0.390302	0.000000	0.872680	6.201321
0.360	0.000	7.079867	0.394377	0.000000	0.871398	6.169380
0.360	0.001	7.079867	0.394377	0.000000	0.871398	6.169380
0.360	0.002	7.079867	0.394377	0.000000	0.871398	6.169380
0.360	0.003	7.079867	0.394377	0.000000	0.871398	6.169380
0.360	0.004	7.079867	0.394377	0.000000	0.871398	6.169380
0.361	0.000	7.053739	0.398454	0.000000	0.870115	6.137564
0.361	0.001	7.053739	0.398454	0.000000	0.870115	6.137564
0.361	0.002	7.053739	0.398454	0.000000	0.870115	6.137564
0.361	0.003	7.053739	0.398454	0.000000	0.870115	6.137564
0.361	0.004	7.053739	0.398454	0.000000	0.870115	6.137564
0.362	0.000	7.027675	0.402532	0.000000	0.868833	6.105876
0.362	0.001	7.027675	0.402532	0.000000	0.868833	6.105876
0.362	0.002	7.027675	0.402532	0.000000	0.868833	6.105876
0.362	0.003	7.027675	0.402532	0.000000	0.868833	6.105876
0.362	0.004	7.027675	0.402532	0.000000	0.868833	6.105876
0.363	0.000	7.001677	0.406612	0.000000	0.867551	6.074313
0.363	0.001	7.001677	0.406612	0.000000	0.867551	6.074313
0.363	0.002	7.001677	0.406612	0.000000	0.867551	6.074313
0.363	0.003	7.001677	0.406612	0.000000	0.867551	6.074313
0.363	0.004	7.001677	0.406612	0.000000	0.867551	6.074313
0.364	0.000	6.975743	0.410695	0.000000	0.866270	6.042875
0.364	0.001	6.975743	0.410695	0.000000	0.866270	6.042875
0.364	0.002	6.975743	0.410695	0.000000	0.866270	6.042875
0.364	0.003	6.975743	0.410695	0.000000	0.866270	6.042875
0.364	0.004	6.975743	0.410695	0.000000	0.866270	6.042875
0.365	0.000	6.949875	0.414779	0.000000	0.864989	6.011565
0.365	0.001	6.949875	0.414779	0.000000	0.864989	6.011565
0.365	0.002	6.949875	0.414779	0.000000	0.864989	6.011565
0.365	0.003	6.949875	0.414779	0.000000	0.864989	6.011565
0.365	0.004	6.949875	0.414779	0.000000	0.864989	6.011565
0.366	0.000	6.924073	0.418864	0.000000	0.863708	5.980380
0.366	0.001	6.924073	0.418864	0.000000	0.863708	5.980380
0.366	0.002	6.924073	0.418864	0.000000	0.863708	5.980380
0.366	0.003	6.924073	0.418864	0.000000	0.863708	5.980380
0.366	0.004	6.924073	0.418864	0.000000	0.863708	5.980380
0.367	0.000	6.898336	0.422952	0.000000	0.862428	5.949321
0.367	0.001	6.898336	0.422952	0.000000	0.862428	5.949321
0.367	0.002	6.898336	0.422952	0.000000	0.862428	5.949321
0.367	0.003	6.898336	0.422952	0.000000	0.862428	5.949321
0.367	0.004	6.898336	0.422952	0.000000	0.862428	5.949321
0.368	0.000	6.872667	0.427041	0.000000	0.861148	5.918386
0.368	0.001	6.872667	0.427041	0.000000	0.861148	5.918386
0.368	0.002	6.872667	0.427041	0.000000	0.861148	5.918386
0.368	0.003	6.872667	0.427041	0.000000	0.861148	5.918386
0.368	0.004	6.872667	0.427041	0.000000	0.861148	5.918386
0.369	0.000	6.847064	0.431132	0.000000	0.859869	5.887580
0.369	0.001	6.847064	0.431132	0.000000	0.859869	5.887580
0.369	0.002	6.847064	0.431132	0.000000	0.859869	5.887580
0.369	0.003	6.847064	0.431132	0.000000	0.859869	5.887580
0.369	0.004	6.847064	0.431132	0.000000	0.859869	5.887580
0.370	0.000	6.821527	0.435224	0.000000	0.858590	5.856897
0.370	0.001	6.821527	0.435224	0.000000	0.858590	5.856897
0.370	0.002	6.821527	0.435224	0.000000	0.858590	5.856897
0.370	0.003	6.821527	0.435224	0.000000	0.858590	5.856897
0.370	0.004	6.821527	0.435224	0.000000	0.858590	5.856897
0.371	0.000	6.796055	0.439318	0.000000	0.857312	5.826341
0.371	0.001	6.796055	0.439318	0.000000	0.857312	5.826341
0.371	0.002	6.796055	0.439318	0.000000	0.857312	5.826341
0.371	0.003	6.796055	0.439318	0.000000	0.857312	5.826341
0.371	0.004	6.796055	0.439318	0.000000	0.857312	5.826341
0.372	0.000	6.770652	0.443413	0.000000	0.856034	5.795909
0.372	0.001	6.770652	0.443413	0.000000	0.856034	5.795909
0.372	0.002	6.770652	0.443413	0.000000	0.856034	5.795909
0.372	0.003	6.770652	0.443413	0.000000	0.856034	5.795909
0.372	0.004	6.770652	0.443413	0.000000	0.856034	5.795909
0.373	0.000	6.745315	0.447510	0.000000	0.854757	5.765605
0.373	0.001	6.745315	0.447510	0.000000	0.854757	5.765605
0.373	0.002	6.745315	0.447510	0.000000	0.854757	5.765605
0.373	0.003	6.745315	0.447510	0.000000	0.854757	5.765605
0.373	0.004	6.745315	0.447510	0.000000	0.854757	5.765605
0.374	0.000	6.720045	0.451609	0.000000	0.853480	5.735425
0.374	0.001	6.720045	0.451609	0.000000	0.853480	5.735425
0.374	0.002	6.720045	0.451609	0.000000	0.853480	5.735425
0.374	0.003	6.720045	0.451609	0.000000	0.853480	5.735425
0.374	0.004	6.720045	0.451609	0.000000	0.853480	5.735425
0.375	0.000	6.694842	0.455708	0.000000	0.852204	5.705369
0.375	0.001	6.694842	0.455708	0.000000	0.852204	5.705369
0.375	0.002	6.694842	0.455708	0.000000	0.852204	5.705369
0.375	0.003	6.694842	0.455708	0.000000	0.852204	5.705369
0.375	0.004	6.694842	0.455708	0.000000	0.852204	5.705369
0.376	0.000	6.669707	0.459809	0.000000	0.850928	5.675439
0.376	0.001	6.669707	0.459809	0.000000	0.850928	5.675439
0.376	0.002	6.669707	0.459809	0.000000	0.850928	5.675439
0.376	0.003	6.669707	0.459809	0.000000	0.850928	5.675439
0.376	0.004	6.669707	0.459809	0.000000	0.850928	5.675439
0.377	0.000	6.644639	0.463912	0.000000	0.849653	5.645636
0.377	0.001	6.644639	0.463912	0.000000	0.849653	5.645636
0.377	0.002	6.644639	0.463912	0.000000	0.849653	5.645636
0.377	0.003	6.644639	0.463912	0.000000	0.849653	5.645636
0.377	0.004	6.644639	0.463912	0.000000	0.849653	5.645636
0.378	0.000	6.619638	0.468016	0.000000	0.848378	5.615954
0.378	0.001	6.619638	0.468016	0.000000	0.848378	5.615954
0.378	0.002	6.619638	0.468016	0.000000	0.848378	5.615954
0.378	0.003	6.619638	0.468016	0.000000	0.848378	5.615954
0.378	0.004	6.619638	0.468016	0.000000	0.848378	5.615954
0.379	0.000	6.594705	0.472121	0.000000	0.847104	5.586399
0.379	0.001	6.594705	0.472121	0.000000	0.847104	5.586399
0.379	0.002	6.594705	0.472121	0.000000	0.847104	5.586399
0.379	0.003	6.594705	0.472121	0.000000	0.847104	5.586399
0.379	0.004	6.594705	0.472121	0.000000	0.847104	5.586399
0.380	0.000	6.569839	0.476228	0.000000	0.845830	5.556967
0.380	0.001	6.569839	0.476228	0.000000	0.845830	5.556967
0.380	0.002	6.569839	0.476228	0.000000	0.845830	5.556967
0.380	0.003	6.569839	0.476228	0.000000	0.845830	5.556967
0.380	0.004	6.569839	0.476228	0.000000	0.845830	5.556967
0.381	0.000	6.545041	0.480335	0.000000	0.844557	5.527660
0.381	0.001	6.545041	0.480335	0.000000	0.844557	5.527660
0.381	0.002	6.545041	0.480335	0.000000	0.844557	5.527660
0.381	0.003	6.545041	0.480335	0.000000	0.844557	5.527660
0.381	0.004	6.545041	0.480335	0.000000	0.844557	5.527660
0.382	0.000	6.520311	0.484444	0.000000	0.843284	5.498477
0.382	0.001	6.520311	0.484444	0.000000	0.843284	5.498477
0.382	0.002	6.520311	0.484444	0.000000	0.843284	5.498477
0.382	0.003	6.520311	0.484444	0.000000	0.843284	5.498477
0.382	0.004	6.520311	0.484444	0.000000	0.843284	5.498477
0.383	0.000	6.495647	0.488555	0.000000	0.842013	5.469417
0.383	0.001	6.495647	0.488555	0.000000	0.842013	5.469417
0.383	0.002	6.495647	0.488555	0.000000	0.842013	5.469417
0.383	0.003	6.495647	0.488555	0.000000	0.842013	5.469417
0.383	0.004	6.495647	0.488555	0.000000	0.842013	5.469417
0.384	0.000	6.471052	0.492666	0.000000	0.840741	5.440481
0.384	0.001	6.471052	0.492666	0.000000	0.840741	5.440481
0.384	0.002	6.471052	0.492666	0.000000	0.840741	5.440481
0.384	0.003	6.471052	0.492666	0.000000	0.840741	5.440481
0.384	0.004	6.471052	0.492666	0.000000	0.840741	5.440481
0.385	0.000	6.446525	0.496778	0.000000	0.839471	5.411668
0.385	0.001	6.446525	0.496778	0.000000	0.839471	5.411668
0.385	0.002	6.446525	0.496778	0.000000	0.839471	5.411668
0.385	0.003	6.446525	0.496778	0.000000	0.839471	5.411668
0.385	0.004	6.446525	0.496778	0.000000	0.839471	5.411668
0.386	0.000	6.422065	0.500892	0.000000	0.838201	5.382979
0.386	0.001	6.422065	0.500892	0.000000	0.838201	5.382979
0.386	0.002	6.422065	0.500892	0.000000	0.838201	5.382979
0.386	0.003	6.422065	0.500892	0.000000	0.838201	5.382979
0.386	0.004	6.422065	0.500892	0.000000	0.838201	5.382979
0.387	0.000	6.397673	0.505007	0.000000	0.836931	5.354412
0.387	0.001	6.397673	0.505007	0.000000	0.836931	5.354412
0.387	0.002	6.397673	0.505007	0.000000	0.836931	5.354412
0.387	0.003	6.397673	0.505007	0.000000	0.836931	5.354412
0.387	0.004	6.397673	0.505007	0.000000	0.836931	5.354412
0.388	0.000	6.373350	0.509123	0.000000	0.835662	5.325969
0.388	0.001	6.373350	0.509123	0.000000	0.835662	5.325969
0.388	0.002	6.373350	0.509123	0.000000	0.835662	5.325969
0.388	0.003	6.373350	0.509123	0.000000	0.835662	5.325969
0.388	0.004	6.373350	0.509123	0.000000	0.835662	5.325969
0.389	0.000	6.349093	0.513240	0.000000	0.834394	5.297647
0.389	0.001	6.349093	0.513240	0.000000	0.834394	5.297647
0.389	0.002	6.349093	0.513240	0.000000	0.834394	5.297647
0.389	0.003	6.349093	0.513240	0.000000	0.834394	5.297647
0.389	0.004	6.349093	0.513240	0.000000	0.834394	5.297647
0.390	0.000	6.324904	0.517358	0.000000	0.833127	5.269448
0.390	0.001	6.324904	0.517358	0.000000	0.833127	5.269448
0.390	0.002	6.324904	0.517358	0.000000	0.833127	5.269448
0.390	0.003	6.324904	0.517358	0.000000	0.833127	5.269448
0.390	0.004	6.324904	0.517358	0.000000	0.833127	5.269448
0.391	0.000	6.300783	0.521476	0.000000	0.831860	5.241370
0.391	0.001	6.300783	0.521476	0.000000	0.831860	5.241370
0.391	0.002	6.300783	0.521476	0.000000	0.831860	5.241370
0.391	0.003	6.300783	0.521476	0.000000	0.831860	5.241370
0.391	0.004	6.300783	0.521476	0.000000	0.831860	5.241370
0.392	0.000	6.276730	0.525596	0.000000	0.830594	5.213414
0.392	0.001	6.276730	0.525596	0.000000	0.830594	5.213414
0.392	0.002	6.276730	0.525596	0.000000	0.830594	5.213414
0.392	0.003	6.276730	0.525596	0.000000	0.830594	5.213414
0.392	0.004	6.276730	0.525596	0.000000	0.830594	5.213414
0.393	0.000	6.252745	0.529717	0.000000	0.829328	5.185580
0.393	0.001	6.252745	0.529717	0.000000	0.829328	5.185580
0.393	0.002	6.252745	0.529717	0.000000	0.829328	5.185580
0.393	0.003	6.252745	0.529717	0.000000	0.829328	5.185580
0.393	0.004	6.252745	0.529717	0.000000	0.829328	5.185580
0.394	0.000	6.228828	0.533839	0.000000	0.828064	5.157866
0.394	0.001	6.228828	0.533839	0.000000	0.828064	5.157866
0.394	0.002	6.228828	0.533839	0.000000	0.828064	5.157866
0.394	0.003	6.228828	0.533839	0.000000	0.828064	5.157866
0.394	0.004	6.228828	0.533839	0.000000	0.828064	5.157866
0.395	0.000	6.204979	0.537962	0.000000	0.826800	5.130273
0.395	0.001	6.204979	0.537962	0.000000	0.826800	5.130273
0.395	0.002	6.204979	0.537962	0.000000	0.826800	5.130273
0.395	0.003	6.204979	0.537962	0.000000	0.826800	5.130273
0.395	0.004	6.204979	0.537962	0.000000	0.826800	5.130273
0.396	0.000	6.181197	0.542086	0.000000	0.825536	5.102802
0.396	0.001	6.181197	0.542086	0.000000	0.825536	5.102802
0.396	0.002	6.181197	0.542086	0.000000	0.825536	5.102802
0.396	0.003	6.181197	0.542086	0.000000	0.825536	5.102802
0.396	0.004	6.181197	0.542086	0.000000	0.825536	5.102802
0.397	0.000	6.157484	0.546211	0.000000	0.824274	5.075451
0.397	0.001	6.157484	0.546211	0.000000	0.824274	5.075451
0.397	0.002	6.157484	0.546211	0.000000	0.824274	5.075451
0.397	0.003	6.157484	0.546211	0.000000	0.824274	5.075451
0.397	0.004	6.157484	0.546211	0.000000	0.824274	5.075451
0.398	0.000	6.133839	0.550336	0.000000	0.823012	5.048220
0.398	0.001	6.133839	0.550336	0.000000	0.823012	5.048220
0.398	0.002	6.133839	0.550336	0.000000	0.823012	5.048220
0.398	0.003	6.133839	0.550336	0.000000	0.823012	5.048220
0.398	0.004	6.133839	0.550336	0.000000	0.823012	5.048220
0.399	0.000	6.110261	0.554463	0.000000	0.821750	5.021108
0.399	0.001	6.110261	0.554463	0.000000	0.821750	5.021108
0.399	0.002	6.110261	0.554463	0.000000	0.821750	5.021108
0.399	0.003	6.110261	0.554463	0.000000	0.821750	5.021108
0.399	0.004	6.110261	0.554463	0.000000	0.821750	5.021108
0.400	0.000	6.086751	0.558590	0.000000	0.820490	4.994116
0.400	0.001	6.086751	0.558590	0.000000	0.820490	4.994116
0.400	0.002	6.086751	0.558590	0.000000	0.820490	4.994116
0.400	0.003	6.086751	0.558590	0.000000	0.820490	4.994116
0.400	0.004	6.086751	0.558590	0.000000	0.820490	4.994116
0.401	0.000	6.063310	0.562718	0.000000	0.819230	4.967243
0.401	0.001	6.063310	0.562718	0.000000	0.819230	4.967243
0.401	0.002	6.063310	0.562718	0.000000	0.819230	4.967243
0.401	0.003	6.063310	0.562718	0.000000	0.819230	4.967243
0.401	0.004	6.063310	0.562718	0.000000	0.819230	4.967243
0.402	0.000	6.039936	0.566847	0.000000	0.817971	4.940490
0.402	0.001	6.039936	0.566847	0.000000	0.817971	4.940490
0.402	0.002	6.039936	0.566847	0.000000	0.817971	4.940490
0.402	0.003	6.039936	0.566847	0.000000	0.817971	4.940490
0.402	0.004	6.039936	0.566847	0.000000	0.817971	4.940490
0.403	0.000	6.016629	0.570976	0.000000	0.816712	4.913853
0.403	0.001	6.016629	0.570976	0.000000	0.816712	4.913853
0.403	0.002	6.016629	0.570976	0.000000	0.816712	4.913853
0.403	0.003	6.016629	0.570976	0.000000	0.816712	4.913853
0.403	0.004	6.016629	0.570976	0.000000	0.816712	4.913853
0.404	0.000	5.993391	0.575107	0.000000	0.815454	4.887337
0.404	0.001	5.993391	0.575107	0.000000	0.815454	4.887337
0.404	0.002	5.993391	0.575107	0.000000	0.815454	4.887337
0.404	0.003	5.993391	0.575107	0.000000	0.815454	4.887337
0.404	0.004	5.993391	0.575107	0.000000	0.815454	4.887337
0.405	0.000	5.970220	0.579238	0.000000	0.814197	4.860938
0.405	0.001	5.970220	0.579238	0.000000	0.814197	4.860938
0.405	0.002	5.970220	0.579238	0.000000	0.814197	4.860938
0.405	0.003	5.970220	0.579238	0.000000	0.814197	4.860938
0.405	0.004	5.970220	0.579238	0.000000	0.814197	4.860938
0.406	0.000	5.947117	0.583370	0.000000	0.812941	4.834656
0.406	0.001	5.947117	0.583370	0.000000	0.812941	4.834656
0.406	0.002	5.947117	0.583370	0.000000	0.812941	4.834656
0.406	0.003	5.947117	0.583370	0.000000	0.812941	4.834656
0.406	0.004	5.947117	0.583370	0.000000	0.812941	4.834656
0.407	0.000	5.924081	0.587503	0.000000	0.811686	4.808492
0.407	0.001	5.924081	0.587503	0.000000	0.811686	4.808492
0.407	0.002	5.924081	0.587503	0.000000	0.811686	4.808492
0.407	0.003	5.924081	0.587503	0.000000	0.811686	4.808492
0.407	0.004	5.924081	0.587503	0.000000	0.811686	4.808492
0.408	0.000	5.901113	0.591636	0.000000	0.810431	4.782445
0.408	0.001	5.901113	0.591636	0.000000	0.810431	4.782445
0.408	0.002	5.901113	0.591636	0.000000	0.810431	4.782445
0.408	0.003	5.901113	0.591636	0.000000	0.810431	4.782445
0.408	0.004	5.901113	0.591636	0.000000	0.810431	4.782445
0.409	0.000	5.878211	0.595770	0.000000	0.809177	4.756515
0.409	0.001	5.878211	0.595770	0.000000	0.809177	4.756515
0.409	0.002	5.878211	0.595770	0.000000	0.809177	4.756515
0.409	0.003	5.878211	0.595770	0.000000	0.809177	4.756515
0.409	0.004	5.878211	0.595770	0.000000	0.809177	4.756515
0.410	0.000	5.855378	0.599905	0.000000	0.807924	4.730700
0.410	0.001	5.855378	0.599905	0.000000	0.807924	4.730700
0.410	0.002	5.855378	0.599905	0.000000	0.807924	4.730700
0.410	0.003	5.855378	0.599905	0.000000	0.807924	4.730700
0.410	0.004	5.855378	0.599905	0.000000	0.807924	4.730700
0.411	0.000	5.832612	0.604041	0.000000	0.806672	4.705002
0.411	0.001	5.832612	0.604041	0.000000	0.806672	4.705002
0.411	0.002	5.832612	0.604041	0.000000	0.806672	4.705002
0.411	0.003	5.832612	0.604041	0.000000	0.806672	4.705002
0.411	0.004	5.832612	0.604041	0.000000	0.806672	4.705002
0.412	0.000	5.809914	0.608177	0.000000	0.805420	4.679420
0.412	0.001	5.809914	0.608177	0.000000	0.805420	4.679420
0.412	0.002	5.809914	0.608177	0.000000	0.805420	4.679420
0.412	0.003	5.809914	0.608177	0.000000	0.805420	4.679420
0.412	0.004	5.809914	0.608177	0.000000	0.805420	4.679420
0.413	0.000	5.787283	0.612314	0.000000	0.804169	4.653953
0.413	0.001	5.787283	0.612314	0.000000	0.804169	4.653953
0.413	0.002	5.787283	0.612314	0.000000	0.804169	4.653953
0.413	0.003	5.787283	0.612314	0.000000	0.804169	4.653953
0.413	0.004	5.787283	0.612314	0.000000	0.804169	4.653953
0.414	0.000	5.764720	0.616451	0.000000	0.802919	4.628603
0.414	0.001	5.764720	0.616451	0.000000	0.802919	4.628603
0.414	0.002	5.764720	0.616451	0.000000	0.802919	4.628603
0.414	0.003	5.764720	0.616451	0.000000	0.802919	4.628603
0.414	0.004	5.764720	0.616451	0.000000	0.802919	4.628603
0.415	0.000	5.742223	0.620589	0.000000	0.801670	4.603365
0.415	0.001	5.742223	0.620589	0.000000	0.801670	4.603365
0.415	0.002	5.742223	0.620589	0.000000	0.801670	4.603365
0.415	0.003	5.742223	0.620589	0.000000	0.801670	4.603365
0.415	0.004	5.742223	0.620589	0.000000	0.801670	4.603365
0.416	0.000	5.719793	0.624727	0.000000	0.800421	4.578244
0.416	0.001	5.719793	0.624727	0.000000	0.800421	4.578244
0.416	0.002	5.719793	0.624727	0.000000	0.800421	4.578244
0.416	0.003	5.719793	0.624727	0.000000	0.800421	4.578244
0.416	0.004	5.719793	0.624727	0.000000	0.800421	4.578244
0.417	0.000	5.697432	0.628867	0.000000	0.799174	4.553237
0.417	0.001	5.697432	0.628867	0.000000	0.799174	4.553237
0.417	0.002	5.697432	0.628867	0.000000	0.799174	4.553237
0.417	0.003	5.697432	0.628867	0.000000	0.799174	4.553237
0.417	0.004	5.697432	0.628867	0.000000	0.799174	4.553237
0.418	0.000	5.675137	0.633006	0.000000	0.797927	4.528344
0.418	0.001	5.675137	0.633006	0.000000	0.797927	4.528344
0.418	0.002	5.675137	0.633006	0.000000	0.797927	4.528344
0.418	0.003	5.675137	0.633006	0.000000	0.797927	4.528344
0.418	0.004	5.675137	0.633006	0.000000	0.797927	4.528344
0.419	0.000	5.652908	0.637146	0.000000	0.796681	4.503563
0.419	0.001	5.652908	0.637146	0.000000	0.796681	4.503563
0.419	0.002	5.652908	0.637146	0.000000	0.796681	4.503563
0.419	0.003	5.652908	0.637146	0.000000	0.796681	4.503563
0.419	0.004	5.652908	0.637146	0.000000	0.796681	4.503563
0.420	0.000	5.630747	0.641287	0.000000	0.795435	4.478896
0.420	0.001	5.630747	0.641287	0.000000	0.795435	4.478896
0.420	0.002	5.630747	0.641287	0.000000	0.795435	4.478896
0.420	0.003	5.630747	0.641287	0.000000	0.795435	4.478896
0.420	0.004	5.630747	0.641287	0.000000	0.795435	4.478896
0.421	0.000	5.608653	0.645429	0.000000	0.794191	4.454342
0.421	0.001	5.608653	0.645429	0.000000	0.794191	4.454342
0.421	0.002	5.608653	0.645429	0.000000	0.794191	4.454342
0.421	0.003	5.608653	0.645429	0.000000	0.794191	4.454342
0.421	0.004	5.608653	0.645429	0.000000	0.794191	4.454342
0.422	0.000	5.586626	0.649570	0.000000	0.792948	4.429902
0.422	0.001	5.586626	0.649570	0.000000	0.792948	4.429902
0.422	0.002	5.586626	0.649570	0.000000	0.792948	4.429902
0.422	0.003	5.586626	0.649570	0.000000	0.792948	4.429902
0.422	0.004	5.586626	0.649570	0.000000	0.792948	4.429902
0.423	0.000	5.564664	0.653712	0.000000	0.791705	4.405573
0.423	0.001	5.564664	0.653712	0.000000	0.791705	4.405573
0.423	0.002	5.564664	0.653712	0.000000	0.791705	4.405573
0.423	0.003	5.564664	0.653712	0.000000	0.791705	4.405573
0.423	0.004	5.564664	0.653712	0.000000	0.791705	4.405573
0.424	0.000	5.542771	0.657855	0.000000	0.790463	4.381356
0.424	0.001	5.542771	0.657855	0.000000	0.790463	4.381356
0.424	0.002	5.542771	0.657855	0.000000	0.790463	4.381356
0.424	0.003	5.542771	0.657855	0.000000	0.790463	4.381356
0.424	0.004	5.542771	0.657855	0.000000	0.790463	4.381356
0.425	0.000	5.520945	0.661998	0.000000	0.789222	4.357252
0.425	0.001	5.520945	0.661998	0.000000	0.789222	4.357252
0.425	0.002	5.520945	0.661998	0.000000	0.789222	4.357252
0.425	0.003	5.520945	0.661998	0.000000	0.789222	4.357252
0.425	0.004	5.520945	0.661998	0.000000	0.789222	4.357252
0.426	0.000	5.499185	0.666142	0.000000	0.787982	4.333258
0.426	0.001	5.499185	0.666142	0.000000	0.787982	4.333258
0.426	0.002	5.499185	0.666142	0.000000	0.787982	4.333258
0.426	0.003	5.499185	0.666142	0.000000	0.787982	4.333258
0.426	0.004	5.499185	0.666142	0.000000	0.787982	4.333258
0.427	0.000	5.477492	0.670286	0.000000	0.786743	4.309376
0.427	0.001	5.477492	0.670286	0.000000	0.786743	4.309376
0.427	0.002	5.477492	0.670286	0.000000	0.786743	4.309376
0.427	0.003	5.477492	0.670286	0.000000	0.786743	4.309376
0.427	0.004	5.477492	0.670286	0.000000	0.786743	4.309376
0.428	0.000	5.455865	0.674430	0.000000	0.785504	4.285604
0.428	0.001	5.455865	0.674430	0.000000	0.785504	4.285604
0.428	0.002	5.455865	0.674430	0.000000	0.785504	4.285604
0.428	0.003	5.455865	0.674430	0.000000	0.785504	4.285604
0.428	0.004	5.455865	0.674430	0.000000	0.785504	4.285604
0.429	0.000	5.434305	0.678575	0.000000	0.784266	4.261943
0.429	0.001	5.434305	0.678575	0.000000	0.784266	4.261943
0.429	0.002	5.434305	0.678575	0.000000	0.784266	4.261943
0.429	0.003	5.434305	0.678575	0.000000	0.784266	4.261943
0.429	0.004	5.434305	0.678575	0.000000	0.784266	4.261943
0.430	0.000	5.412812	0.682720	0.000000	0.783030	4.238392
0.430	0.001	5.412812	0.682720	0.000000	0.783030	4.238392
0.430	0.002	5.412812	0.682720	0.000000	0.783030	4.238392
0.430	0.003	5.412812	0.682720	0.000000	0.783030	4.238392
0.430	0.004	5.412812	0.682720	0.000000	0.783030	4.238392
0.431	0.000	5.391384	0.686866	0.000000	0.781794	4.214951
0.431	0.001	5.391384	0.686866	0.000000	0.781794	4.214951
0.431	0.002	5.391384	0.686866	0.000000	0.781794	4.214951
0.431	0.003	5.391384	0.686866	0.000000	0.781794	4.214951
0.431	0.004	5.391384	0.686866	0.000000	0.781794	4.214951
0.432	0.000	5.370023	0.691011	0.000000	0.780559	4.191619
0.432	0.001	5.370023	0.691011	0.000000	0.780559	4.191619
0.432	0.002	5.370023	0.691011	0.000000	0.780559	4.191619
0.432	0.003	5.370023	0.691011	0.000000	0.780559	4.191619
0.432	0.004	5.370023	0.691011	0.000000	0.780559	4.191619
0.433	0.000	5.348727	0.695157	0.000000	0.779325	4.168396
0.433	0.001	5.348727	0.695157	0.000000	0.779325	4.168396
0.433	0.002	5.348727	0.695157	0.000000	0.779325	4.168396
0.433	0.003	5.348727	0.695157	0.000000	0.779325	4.168396
0.433	0.004	5.348727	0.695157	0.000000	0.779325	4.168396
0.434	0.000	5.327498	0.699304	0.000000	0.778092	4.145282
0.434	0.001	5.327498	0.699304	0.000000	0.778092	4.145282
0.434	0.002	5.327498	0.699304	0.000000	0.778092	4.145282
0.434	0.003	5.327498	0.699304	0.000000	0.778092	4.145282
0.434	0.004	5.327498	0.699304	0.000000	0.778092	4.145282
0.435	0.000	5.306334	0.703451	0.000000	0.776859	4.122276
0.435	0.001	5.306334	0.703451	0.000000	0.776859	4.122276
0.435	0.002	5.306334	0.703451	0.000000	0.776859	4.122276
0.435	0.003	5.306334	0.703451	0.000000	0.776859	4.122276
0.435	0.004	5.306334	0.703451	0.000000	0.776859	4.122276
0.436	0.000	5.285239	0.707598	0.000000	0.775628	4.099380
0.436	0.001	5.285239	0.707598	0.000000	0.775628	4.099380
0.436	0.002	5.285239	0.707598	0.000000	0.775628	4.099380
0.436	0.003	5.285239	0.707598	0.000000	0.775628	4.099380
0.436	0.004	5.285239	0.707598	0.000000	0.775628	4.099380
0.437	0.000	5.264209	0.711745	0.000000	0.774397	4.076590
0.437	0.001	5.264209	0.711745	0.000000	0.774397	4.076590
0.437	0.002	5.264209	0.711745	0.000000	0.774397	4.076590
0.437	0.003	5.264209	0.711745	0.000000	0.774397	4.076590
0.437	0.004	5.264209	0.711745	0.000000	0.774397	4.076590
0.438	0.000	5.243245	0.715892	0.000000	0.773168	4.053908
0.438	0.001	5.243245	0.715892	0.000000	0.773168	4.053908
0.438	0.002	5.243245	0.715892	0.000000	0.773168	4.053908
0.438	0.003	5.243245	0.715892	0.000000	0.773168	4.053908
0.438	0.004	5.243245	0.715892	0.000000	0.773168	4.053908
0.439	0.000	5.222346	0.720040	0.000000	0.771939	4.031334
0.439	0.001	5.222346	0.720040	0.000000	0.771939	4.031334
0.439	0.002	5.222346	0.720040	0.000000	0.771939	4.031334
0.439	0.003	5.222346	0.720040	0.000000	0.771939	4.031334
0.439	0.004	5.222346	0.720040	0.000000	0.771939	4.031334
0.440	0.000	5.201514	0.724187	0.000000	0.770711	4.008866
0.440	0.001	5.201514	0.724187	0.000000	0.770711	4.008866
0.440	0.002	5.201514	0.724187	0.000000	0.770711	4.008866
0.440	0.003	5.201514	0.724187	0.000000	0.770711	4.008866
0.440	0.004	5.201514	0.724187	0.000000	0.770711	4.008866
0.441	0.000	5.180747	0.728335	0.000000	0.769485	3.986506
0.441	0.001	5.180747	0.728335	0.000000	0.769485	3.986506
0.441	0.002	5.180747	0.728335	0.000000	0.769485	3.986506
0.441	0.003	5.180747	0.728335	0.000000	0.769485	3.986506
0.441	0.004	5.180747	0.728335	0.000000	0.769485	3.986506
0.442	0.000	5.160046	0.732483	0.000000	0.768259	3.964251
0.442	0.001	5.160046	0.732483	0.000000	0.768259	3.964251
0.442	0.002	5.160046	0.732483	0.000000	0.768259	3.964251
0.442	0.003	5.160046	0.732483	0.000000	0.768259	3.964251
0.442	0.004	5.160046	0.732483	0.000000	0.768259	3.964251
0.443	0.000	5.139412	0.736631	0.000000	0.767034	3.942103
0.443	0.001	5.139412	0.736631	0.000000	0.767034	3.942103
0.443	0.002	5.139412	0.736631	0.000000	0.767034	3.942103
0.443	0.003	5.139412	0.736631	0.000000	0.767034	3.942103
0.443	0.004	5.139412	0.736631	0.000000	0.767034	3.942103
0.444	0.000	5.118843	0.740779	0.000000	0.765810	3.920061
0.444	0.001	5.118843	0.740779	0.000000	0.765810	3.920061
0.444	0.002	5.118843	0.740779	0.000000	0.765810	3.920061
0.444	0.003	5.118843	0.740779	0.000000	0.765810	3.920061
0.444	0.004	5.118843	0.740779	0.000000	0.765810	3.920061
0.445	0.000	5.098339	0.744928	0.000000	0.764587	3.898124
0.445	0.001	5.098339	0.744928	0.000000	0.764587	3.898124
0.445	0.002	5.098339	0.744928	0.000000	0.764587	3.898124
0.445	0.003	5.098339	0.744928	0.000000	0.764587	3.898124
0.445	0.004	5.098339	0.744928	0.000000	0.764587	3.898124
0.446	0.000	5.077902	0.749076	0.000000	0.763365	3.876292
0.446	0.001	5.077902	0.749076	0.000000	0.763365	3.876292
0.446	0.002	5.077902	0.749076	0.000000	0.763365	3.876292
0.446	0.003	5.077902	0.749076	0.000000	0.763365	3.876292
0.446	0.004	5.077902	0.749076	0.000000	0.763365	3.876292
0.447	0.000	5.057530	0.753224	0.000000	0.762144	3.854567
0.447	0.001	5.057530	0.753224	0.000000	0.762144	3.854567
0.447	0.002	5.057530	0.753224	0.000000	0.762144	3.854567
0.447	0.003	5.057530	0.753224	0.000000	0.762144	3.854567
0.447	0.004	5.057530	0.753224	0.000000	0.762144	3.854567
0.448	0.000	5.037224	0.757373	0.000000	0.760924	3.832945
0.448	0.001	5.037224	0.757373	0.000000	0.760924	3.832945
0.448	0.002	5.037224	0.757373	0.000000	0.760924	3.832945
0.448	0.003	5.037224	0.757373	0.000000	0.760924	3.832945
0.448	0.004	5.037224	0.757373	0.000000	0.760924	3.832945
0.449	0.000	5.016984	0.761521	0.000000	0.759705	3.811429
0.449	0.001	5.016984	0.761521	0.000000	0.759705	3.811429
0.449	0.002	5.016984	0.761521	0.000000	0.759705	3.811429
0.449	0.003	5.016984	0.761521	0.000000	0.759705	3.811429
0.449	0.004	5.016984	0.761521	0.000000	0.759705	3.811429
0.450	0.000	4.996810	0.765669	0.000000	0.758487	3.790016
0.450	0.001	4.996810	0.765669	0.000000	0.758487	3.790016
0.450	0.002	4.996810	0.765669	0.000000	0.758487	3.790016
0.450	0.003	4.996810	0.765669	0.000000	0.758487	3.790016
0.450	0.004	4.996810	0.765669	0.000000	0.758487	3.790016
0.451	0.000	4.976702	0.769816	0.000000	0.757270	3.768708
0.451	0.001	4.976702	0.769816	0.000000	0.757270	3.768708
0.451	0.002	4.976702	0.769816	0.000000	0.757270	3.768708
0.451	0.003	4.976702	0.769816	0.000000	0.757270	3.768708
0.451	0.004	4.976702	0.769816	0.000000	0.757270	3.768708
0.452	0.000	4.956659	0.773964	0.000000	0.756054	3.747503
0.452	0.001	4.956659	0.773964	0.000000	0.756054	3.747503
0.452	0.002	4.956659	0.773964	0.000000	0.756054	3.747503
0.452	0.003	4.956659	0.773964	0.000000	0.756054	3.747503
0.452	0.004	4.956659	0.773964	0.000000	0.756054	3.747503
0.453	0.000	4.936683	0.778111	0.000000	0.754839	3.726403
0.453	0.001	4.936683	0.778111	0.000000	0.754839	3.726403
0.453	0.002	4.936683	0.778111	0.000000	0.754839	3.726403
0.453	0.003	4.936683	0.778111	0.000000	0.754839	3.726403
0.453	0.004	4.936683	0.778111	0.000000	0.754839	3.726403
0.454	0.000	4.916772	0.782259	0.000000	0.753626	3.705406
0.454	0.001	4.916772	0.782259	0.000000	0.753626	3.705406
0.454	0.002	4.916772	0.782259	0.000000	0.753626	3.705406
0.454	0.003	4.916772	0.782259	0.000000	0.753626	3.705406
0.454	0.004	4.916772	0.782259	0.000000	0.753626	3.705406
0.455	0.000	4.896927	0.786406	0.000000	0.752413	3.684510
0.455	0.001	4.896927	0.786406	0.000000	0.752413	3.684510
0.455	0.002	4.896927	0.786406	0.000000	0.752413	3.684510
0.455	0.003	4.896927	0.786406	0.000000	0.752413	3.684510
0.455	0.004	4.896927	0.786406	0.000000	0.752413	3.684510
0.456	0.000	4.877148	0.790552	0.000000	0.751201	3.663719
0.456	0.001	4.877148	0.790552	0.000000	0.751201	3.663719
0.456	0.002	4.877148	0.790552	0.000000	0.751201	3.663719
0.456	0.003	4.877148	0.790552	0.000000	0.751201	3.663719
0.456	0.004	4.877148	0.790552	0.000000	0.751201	3.663719
0.457	0.000	4.857435	0.794698	0.000000	0.749990	3.643030
0.457	0.001	4.857435	0.794698	0.000000	0.749990	3.643030
0.457	0.002	4.857435	0.794698	0.000000	0.749990	3.643030
0.457	0.003	4.857435	0.794698	0.000000	0.749990	3.643030
0.457	0.004	4.857435	0.794698	0.000000	0.749990	3.643030
0.458	0.000	4.837789	0.798844	0.000000	0.748781	3.622444
0.458	0.001	4.837789	0.798844	0.000000	0.748781	3.622444
0.458	0.002	4.837789	0.798844	0.000000	0.748781	3.622444
0.458	0.003	4.837789	0.798844	0.000000	0.748781	3.622444
0.458	0.004	4.837789	0.798844	0.000000	0.748781	3.622444
0.459	0.000	4.818207	0.802989	0.000000	0.747573	3.601960
0.459	0.001	4.818207	0.802989	0.000000	0.747573	3.601960
0.459	0.002	4.818207	0.802989	0.000000	0.747573	3.601960
0.459	0.003	4.818207	0.802989	0.000000	0.747573	3.601960
0.459	0.004	4.818207	0.802989	0.000000	0.747573	3.601960
0.460	0.000	4.798691	0.807133	0.000000	0.746365	3.581578
0.460	0.001	4.798691	0.807133	0.000000	0.746365	3.581578
0.460	0.002	4.798691	0.807133	0.000000	0.746365	3.581578
0.460	0.003	4.798691	0.807133	0.000000	0.746365	3.581578
0.460	0.004	4.798691	0.807133	0.000000	0.746365	3.581578
0.461	0.000	4.779243	0.811278	0.000000	0.745160	3.561299
0.461	0.001	4.779243	0.811278	0.000000	0.745160	3.561299
0.461	0.002	4.779243	0.811278	0.000000	0.745160	3.561299
0.461	0.003	4.779243	0.811278	0.000000	0.745160	3.561299
0.461	0.004	4.779243	0.811278	0.000000	0.745160	3.561299
0.462	0.000	4.759860	0.815421	0.000000	0.743954	3.541119
0.462	0.001	4.759860	0.815421	0.000000	0.743954	3.541119
0.462	0.002	4.759860	0.815421	0.000000	0.743954	3.541119
0.462	0.003	4.759860	0.815421	0.000000	0.743954	3.541119
0.462	0.004	4.759860	0.815421	0.000000	0.743954	3.541119
0.463	0.000	4.740545	0.819563	0.000000	0.742751	3.521044
0.463	0.001	4.740545	0.819563	0.000000	0.742751	3.521044
0.463	0.002	4.740545	0.819563	0.000000	0.742751	3.521044
0.463	0.003	4.740545	0.819563	0.000000	0.742751	3.521044
0.463	0.004	4.740545	0.819563	0.000000	0.742751	3.521044
0.464	0.000	4.721297	0.823705	0.000000	0.741548	3.501070
0.464	0.001	4.721297	0.823705	0.000000	0.741548	3.501070
0.464	0.002	4.721297	0.823705	0.000000	0.741548	3.501070
0.464	0.003	4.721297	0.823705	0.000000	0.741548	3.501070
0.464	0.004	4.721297	0.823705	0.000000	0.741548	3.501070
0.465	0.000	4.702116	0.827846	0.000000	0.740347	3.481199
0.465	0.001	4.702116	0.827846	0.000000	0.740347	3.481199
0.465	0.002	4.702116	0.827846	0.000000	0.740347	3.481199
0.465	0.003	4.702116	0.827846	0.000000	0.740347	3.481199
0.465	0.004	4.702116	0.827846	0.000000	0.740347	3.481199
0.466	0.000	4.683002	0.831985	0.000000	0.739147	3.461429
0.466	0.001	4.683002	0.831985	0.000000	0.739147	3.461429
0.466	0.002	4.683002	0.831985	0.000000	0.739147	3.461429
0.466	0.003	4.683002	0.831985	0.000000	0.739147	3.461429
0.466	0.004	4.683002	0.831985	0.000000	0.739147	3.461429
0.467	0.000	4.663957	0.836124	0.000000	0.737949	3.441761
0.467	0.001	4.663957	0.836124	0.000000	0.737949	3.441761
0.467	0.002	4.663957	0.836124	0.000000	0.737949	3.441761
0.467	0.003	4.663957	0.836124	0.000000	0.737949	3.441761
0.467	0.004	4.663957	0.836124	0.000000	0.737949	3.441761
0.468	0.000	4.644977	0.840261	0.000000	0.736751	3.422193
0.468	0.001	4.644977	0.840261	0.000000	0.736751	3.422193
0.468	0.002	4.644977	0.840261	0.000000	0.736751	3.422193
0.468	0.003	4.644977	0.840261	0.000000	0.736751	3.422193
0.468	0.004	4.644977	0.840261	0.000000	0.736751	3.422193
0.469	0.000	4.626069	0.844397	0.000000	0.735556	3.402730
0.469	0.001	4.626069	0.844397	0.000000	0.735556	3.402730
0.469	0.002	4.626069	0.844397	0.000000	0.735556	3.402730
0.469	0.003	4.626069	0.844397	0.000000	0.735556	3.402730
0.469	0.004	4.626069	0.844397	0.000000	0.735556	3.402730
0.470	0.000	4.607228	0.848531	0.000000	0.734361	3.383369
0.470	0.001	4.607228	0.848531	0.000000	0.734361	3.383369
0.470	0.002	4.607228	0.848531	0.000000	0.734361	3.383369
0.470	0.003	4.607228	0.848531	0.000000	0.734361	3.383369
0.470	0.004	4.607228	0.848531	0.000000	0.734361	3.383369
0.471	0.000	4.588455	0.852664	0.000000	0.733168	3.364108
0.471	0.001	4.588455	0.852664	0.000000	0.733168	3.364108
0.471	0.002	4.588455	0.852664	0.000000	0.733168	3.364108
0.471	0.003	4.588455	0.852664	0.000000	0.733168	3.364108
0.471	0.004	4.588455	0.852664	0.000000	0.733168	3.364108
0.472	0.000	4.569753	0.856794	0.000000	0.731976	3.344952
0.472	0.001	4.569753	0.856794	0.000000	0.731976	3.344952
0.472	0.002	4.569753	0.856794	0.000000	0.731976	3.344952
0.472	0.003	4.569753	0.856794	0.000000	0.731976	3.344952
0.472	0.004	4.569753	0.856794	0.000000	0.731976	3.344952
0.473	0.000	4.551121	0.860923	0.000000	0.730786	3.325897
0.473	0.001	4.551121	0.860923	0.000000	0.730786	3.325897
0.473	0.002	4.551121	0.860923	0.000000	0.730786	3.325897
0.473	0.003	4.551121	0.860923	0.000000	0.730786	3.325897
0.473	0.004	4.551121	0.860923	0.000000	0.730786	3.325897
0.474	0.000	4.532561	0.865049	0.000000	0.729598	3.306949
0.474	0.001	4.532561	0.865049	0.000000	0.729598	3.306949
0.474	0.002	4.532561	0.865049	0.000000	0.729598	3.306949
0.474	0.003	4.532561	0.865049	0.000000	0.729598	3.306949
0.474	0.004	4.532561	0.865049	0.000000	0.729598	3.306949
0.475	0.000	4.514072	0.869173	0.000000	0.728411	3.288102
0.475	0.001	4.514072	0.869173	0.000000	0.728411	3.288102
0.475	0.002	4.514072	0.869173	0.000000	0.728411	3.288102
0.475	0.003	4.514072	0.869173	0.000000	0.728411	3.288102
0.475	0.004	4.514072	0.869173	0.000000	0.728411	3.288102
0.476	0.000	4.495657	0.873294	0.000000	0.727227	3.269362
0.476	0.001	4.495657	0.873294	0.000000	0.727227	3.269362
0.476	0.002	4.495657	0.873294	0.000000	0.727227	3.269362
0.476	0.003	4.495657	0.873294	0.000000	0.727227	3.269362
0.476	0.004	4.495657	0.873294	0.000000	0.727227	3.269362
0.477	0.000	4.477314	0.877412	0.000000	0.726044	3.250725
0.477	0.001	4.477314	0.877412	0.000000	0.726044	3.250725
0.477	0.002	4.477314	0.877412	0.000000	0.726044	3.250725
0.477	0.003	4.477314	0.877412	0.000000	0.726044	3.250725
0.477	0.004	4.477314	0.877412	0.000000	0.726044	3.250725
0.478	0.000	4.459048	0.881527	0.000000	0.724862	3.232196
0.478	0.001	4.459048	0.881527	0.000000	0.724862	3.232196
0.478	0.002	4.459048	0.881527	0.000000	0.724862	3.232196
0.478	0.003	4.459048	0.881527	0.000000	0.724862	3.232196
0.478	0.004	4.459048	0.881527	0.000000	0.724862	3.232196
0.479	0.000	4.440857	0.885638	0.000000	0.723683	3.213774
0.479	0.001	4.440857	0.885638	0.000000	0.723683	3.213774
0.479	0.002	4.440857	0.885638	0.000000	0.723683	3.213774
0.479	0.003	4.440857	0.885638	0.000000	0.723683	3.213774
0.479	0.004	4.440857	0.885638	0.000000	0.723683	3.213774
0.480	0.000	4.422746	0.889745	0.000000	0.722506	3.195462
0.480	0.001	4.422746	0.889745	0.000000	0.722506	3.195462
0.480	0.002	4.422746	0.889745	0.000000	0.722506	3.195462
0.480	0.003	4.422746	0.889745	0.000000	0.722506	3.195462
0.480	0.004	4.422746	0.889745	0.000000	0.722506	3.195462
0.481	0.000	4.404713	0.893847	0.000000	0.721332	3.177261
0.481	0.001	4.404713	0.893847	0.000000	0.721332	3.177261
0.481	0.002	4.404713	0.893847	0.000000	0.721332	3.177261
0.481	0.003	4.404713	0.893847	0.000000	0.721332	3.177261
0.481	0.004	4.404713	0.893847	0.000000	0.721332	3.177261
0.482	0.000	4.386763	0.897943	0.000000	0.720160	3.159171
0.482	0.001	4.386763	0.897943	0.000000	0.720160	3.159171
0.482	0.002	4.386763	0.897943	0.000000	0.720160	3.159171
0.482	0.003	4.386763	0.897943	0.000000	0.720160	3.159171
0.482	0.004	4.386763	0.897943	0.000000	0.720160	3.159171
0.483	0.000	4.368898	0.902034	0.000000	0.718990	3.141196
0.483	0.001	4.368898	0.902034	0.000000	0.718990	3.141196
0.483	0.002	4.368898	0.902034	0.000000	0.718990	3.141196
0.483	0.003	4.368898	0.902034	0.000000	0.718990	3.141196
0.483	0.004	4.368898	0.902034	0.000000	0.718990	3.141196
0.484	0.000	4.351123	0.906117	0.000000	0.717824	3.123340
0.484	0.001	4.351123	0.906117	0.000000	0.717824	3.123340
0.484	0.002	4.351123	0.906117	0.000000	0.717824	3.123340
0.484	0.003	4.351123	0.906117	0.000000	0.717824	3.123340
0.484	0.004	4.351123	0.906117	0.000000	0.717824	3.123340
0.485	0.000	4.333439	0.910193	0.000000	0.716661	3.105606
0.485	0.001	4.333439	0.910193	0.000000	0.716661	3.105606
0.485	0.002	4.333439	0.910193	0.000000	0.716661	3.105606
0.485	0.003	4.333439	0.910193	0.000000	0.716661	3.105606
0.485	0.004	4.333439	0.910193	0.000000	0.716661	3.105606
0.486	0.000	4.315851	0.914259	0.000000	0.715501	3.087996
0.486	0.001	4.315851	0.914259	0.000000	0.715501	3.087996
0.486	0.002	4.315851	0.914259	0.000000	0.715501	3.087996
0.486	0.003	4.315851	0.914259	0.000000	0.715501	3.087996
0.486	0.004	4.315851	0.914259	0.000000	0.715501	3.087996
0.487	0.000	4.298368	0.918316	0.000000	0.714345	3.070519
0.487	0.001	4.298368	0.918316	0.000000	0.714345	3.070519
0.487	0.002	4.298368	0.918316	0.000000	0.714345	3.070519
0.487	0.003	4.298368	0.918316	0.000000	0.714345	3.070519
0.487	0.004	4.298368	0.918316	0.000000	0.714345	3.070519
0.488	0.000	4.280994	0.922359	0.000000	0.713194	3.053180
0.488	0.001	4.280994	0.922359	0.000000	0.713194	3.053180
0.488	0.002	4.280994	0.922359	0.000000	0.713194	3.053180
0.488	0.003	4.280994	0.922359	0.000000	0.713194	3.053180
0.488	0.004	4.280994	0.922359	0.000000	0.713194	3.053180
0.489	0.000	4.263742	0.926387	0.000000	0.712048	3.035989
0.489	0.001	4.263742	0.926387	0.000000	0.712048	3.035989
0.489	0.002	4.263742	0.926387	0.000000	0.712048	3.035989
0.489	0.003	4.263742	0.926387	0.000000	0.712048	3.035989
0.489	0.004	4.263742	0.926387	0.000000	0.712048	3.035989
0.490	0.000	4.246619	0.930398	0.000000	0.710908	3.018956
0.490	0.001	4.246619	0.930398	0.000000	0.710908	3.018956
0.490	0.002	4.246619	0.930398	0.000000	0.710908	3.018956
0.490	0.003	4.246619	0.930398	0.000000	0.710908	3.018956
0.490	0.004	4.246619	0.930398	0.000000	0.710908	3.018956
0.491	0.000	4.229642	0.934387	0.000000	0.709775	3.002095
0.491	0.001	4.229642	0.934387	0.000000	0.709775	3.002095
0.491	0.002	4.229642	0.934387	0.000000	0.709775	3.002095
0.491	0.003	4.229642	0.934387	0.000000	0.709775	3.002095
0.491	0.004	4.229642	0.934387	0.000000	0.709775	3.002095
0.492	0.000	4.212830	0.938351	0.000000	0.708650	2.985423
0.492	0.001	4.212830	0.938351	0.000000	0.708650	2.985423
0.492	0.002	4.212830	0.938351	0.000000	0.708650	2.985423
0.492	0.003	4.212830	0.938351	0.000000	0.708650	2.985423
0.492	0.004	4.212830	0.938351	0.000000	0.708650	2.985423
0.493	0.000	4.196212	0.942281	0.000000	0.707536	2.968971
0.493	0.001	4.196212	0.942281	0.000000	0.707536	2.968971
0.493	0.002	4.196212	0.942281	0.000000	0.707536	2.968971
0.493	0.003	4.196212	0.942281	0.000000	0.707536	2.968971
0.493	0.004	4.196212	0.942281	0.000000	0.707536	2.968971
0.494	0.000	4.179826	0.946169	0.000000	0.706434	2.952773
0.494	0.001	4.179826	0.946169	0.000000	0.706434	2.952773
0.494	0.002	4.179826	0.946169	0.000000	0.706434	2.952773
0.494	0.003	4.179826	0.946169	0.000000	0.706434	2.952773
0.494	0.004	4.179826	0.946169	0.000000	0.706434	2.952773
0.495	0.000	4.163721	0.950002	0.000000	0.705349	2.936877
0.495	0.001	4.163721	0.950002	0.000000	0.705349	2.936877
0.495	0.002	4.163721	0.950002	0.000000	0.705349	2.936877
0.495	0.003	4.163721	0.950002	0.000000	0.705349	2.936877
0.495	0.004	4.163721	0.950002	0.000000	0.705349	2.936877
0.496	0.000	4.147974	0.953760	0.000000	0.704286	2.921360
0.496	0.001	4.147974	0.953760	0.000000	0.704286	2.921360
0.496	0.002	4.147974	0.953760	0.000000	0.704286	2.921360
0.496	0.003	4.147974	0.953760	0.000000	0.704286	2.921360
0.496	0.004	4.147974	0.953760	0.000000	0.704286	2.921360
0.497	0.000	4.132694	0.957419	0.000000	0.703252	2.906326
0.497	0.001	4.132694	0.957419	0.000000	0.703252	2.906326
0.497	0.002	4.132694	0.957419	0.000000	0.703252	2.906326
0.497	0.003	4.132694	0.957419	0.000000	0.703252	2.906326
0.497	0.004	4.132694	0.957419	0.000000	0.703252	2.906326
0.498	0.000	4.118061	0.960932	0.000000	0.702260	2.891949
0.498	0.001	4.118061	0.960932	0.000000	0.702260	2.891949
0.498	0.002	4.118061	0.960932	0.000000	0.702260	2.891949
0.498	0.003	4.118061	0.960932	0.000000	0.702260	2.891949
0.498	0.004	4.118061	0.960932	0.000000	0.702260	2.891949
0.499	0.000	4.104344	0.964234	0.000000	0.701328	2.878492
0.499	0.001	4.104344	0.964234	0.000000	0.701328	2.878492
0.499	0.002	4.104344	0.964234	0.000000	0.701328	2.878492
0.499	0.003	4.104344	0.964234	0.000000	0.701328	2.878492
0.499	0.004	4.104344	0.964234	0.000000	0.701328	2.878492
0.500	0.000	4.091975	0.967219	0.000000	0.700487	2.866375
0.500	0.001	4.091975	0.967219	0.000000	0.700487	2.866375
0.500	0.002	4.091975	0.967219	0.000000	0.700487	2.866375
0.500	0.003	4.091975	0.967219	0.000000	0.700487	2.866375
0.500	0.004	4.091975	0.967219	0.000000	0.700487	2.866375
0.501	0.000	4.081610	0.969725	0.000000	0.699782	2.856236
0.501	0.001	4.081610	0.969725	0.000000	0.699782	2.856236
0.501	0.002	4.081610	0.969725	0.000000	0.699782	2.856236
0.501	0.003	4.081610	0.969725	0.000000	0.699782	2.856236
0.501	0.004	4.081610	0.969725	0.000000	0.699782	2.856236
0.502	0.000	4.074112	0.971540	0.000000	0.699272	2.848912
0.502	0.001	4.074112	0.971540	0.000000	0.699272	2.848912
0.502	0.002	4.074112	0.971540	0.000000	0.699272	2.848912
0.502	0.003	4.074112	0.971540	0.000000	0.699272	2.848912
0.502	0.004	4.074112	0.971540	0.000000	0.699272	2.848912
0.502	0.000	4.070131	0.972502	0.000000	0.699004	2.845037
0.502	0.001	4.070131	0.972502	0.000000	0.699004	2.845037
0.502	0.002	4.070131	0.972502	0.000000	0.699004	2.845037
0.502	0.003	4.070131	0.972502	0.000000	0.699004	2.845037
0.502	0.004	4.070131	0.972502	0.000000	0.699004	2.845037
0.504	0.000	4.069124	0.972742	0.000000	0.698940	2.844072
0.504	0.001	4.069124	0.972742	0.000000	0.698940	2.844072
0.504	0.002	4.069124	0.972742	0.000000	0.698940	2.844072
0.504	0.003	4.069124	0.972742	0.000000	0.698940	2.844072
0.504	0.004	4.069124	0.972742	0.000000	0.698940	2.844072
0.505	0.000	4.069232	0.972711	0.000000	0.698952	2.844199
0.505	0.001	4.069232	0.972711	0.000000	0.698952	2.844199
0.505	0.002	4.069232	0.972711	0.000000	0.698952	2.844199
0.505	0.003	4.069232	0.972711	0.000000	0.698952	2.844199
0.505	0.004	4.069232	0.972711	0.000000	0.698952	2.844199
0.506	0.000	4.069379	0.972670	0.000000	0.698968	2.844364
0.506	0.001	4.069379	0.972670	0.000000	0.698968	2.844364
0.506	0.002	4.069379	0.972670	0.000000	0.698968	2.844364
0.506	0.003	4.069379	0.972670	0.000000	0.698968	2.844364
0.506	0.004	4.069379	0.972670	0.000000	0.698968	2.844364
0.507	0.000	4.069507	0.972634	0.000000	0.698982	2.844511
0.507	0.001	4.069507	0.972634	0.000000	0.698982	2.844511
0.507	0.002	4.069507	0.972634	0.000000	0.698982	2.844511
0.507	0.003	4.069507	0.972634	0.000000	0.698982	2.844511
0.507	0.004	4.069507	0.972634	0.000000	0.698982	2.844511
0.508	0.000	4.069657	0.972592	0.000000	0.698997	2.844678
0.508	0.001	4.069657	0.972592	0.000000	0.698997	2.844678
0.508	0.002	4.069657	0.972592	0.000000	0.698997	2.844678
0.508	0.003	4.069657	0.972592	0.000000	0.698997	2.844678
0.508	0.004	4.069657	0.972592	0.000000	0.698997	2.844678
0.509	0.000	4.069810	0.972550	0.000000	0.699013	2.844850
0.509	0.001	4.069810	0.972550	0.000000	0.699013	2.844850
0.509	0.002	4.069810	0.972550	0.000000	0.699013	2.844850
0.509	0.003	4.069810	0.972550	0.000000	0.699013	2.844850
0.509	0.004	4.069810	0.972550	0.000000	0.699013	2.844850
0.510	0.000	4.069974	0.972504	0.000000	0.699029	2.845032
0.510	0.001	4.069974	0.972504	0.000000	0.699029	2.845032
0.510	0.002	4.069974	0.972504	0.000000	0.699029	2.845032
0.510	0.003	4.069974	0.972504	0.000000	0.699029	2.845032
0.510	0.004	4.069974	0.972504	0.000000	0.699029	2.845032
0.511	0.000	4.070148	0.972457	0.000000	0.699047	2.845225
0.511	0.001	4.070148	0.972457	0.000000	0.699047	2.845225
0.511	0.002	4.070148	0.972457	0.000000	0.699047	2.845225
0.511	0.003	4.070148	0.972457	0.000000	0.699047	2.845225
0.511	0.004	4.070148	0.972457	0.000000	0.699047	2.845225
0.512	0.000	4.070321	0.972409	0.000000	0.699064	2.845417
0.512	0.001	4.070321	0.972409	0.000000	0.699064	2.845417
0.512	0.002	4.070321	0.972409	0.000000	0.699064	2.845417
0.512	0.003	4.070321	0.972409	0.000000	0.699064	2.845417
0.512	0.004	4.070321	0.972409	0.000000	0.699064	2.845417
0.513	0.000	4.070489	0.972363	0.000000	0.699082	2.845605
0.513	0.001	4.070489	0.972363	0.000000	0.699082	2.845605
0.513	0.002	4.070489	0.972363	0.000000	0.699082	2.845605
0.513	0.003	4.070489	0.972363	0.000000	0.699082	2.845605
0.513	0.004	4.070489	0.972363	0.000000	0.699082	2.845605
0.514	0.000	4.070651	0.972318	0.000000	0.699099	2.845786
0.514	0.001	4.070651	0.972318	0.000000	0.699099	2.845786
0.514	0.002	4.070651	0.972318	0.000000	0.699099	2.845786
0.514	0.003	4.070651	0.972318	0.000000	0.699099	2.845786
0.514	0.004	4.070651	0.972318	0.000000	0.699099	2.845786
0.515	0.000	4.070800	0.972276	0.000000	0.699114	2.845954
0.515	0.001	4.070800	0.972276	0.000000	0.699114	2.845954
0.515	0.002	4.070800	0.972276	0.000000	0.699114	2.845954
0.515	0.003	4.070800	0.972276	0.000000	0.699114	2.845954
0.515	0.004	4.070800	0.972276	0.000000	0.699114	2.845954
0.516	0.000	4.070940	0.972236	0.000000	0.699130	2.846116
0.516	0.001	4.070940	0.972236	0.000000	0.699130	2.846116
0.516	0.002	4.070940	0.972236	0.000000	0.699130	2.846116
0.516	0.003	4.070940	0.972236	0.000000	0.699130	2.846116
0.516	0.004	4.070940	0.972236	0.000000	0.699130	2.846116
0.516	0.000	4.071078	0.972197	0.000000	0.699145	2.846273
0.516	0.001	4.071078	0.972197	0.000000	0.699145	2.846273
0.516	0.002	4.071078	0.972197	0.000000	0.699145	2.846273
0.516	0.003	4.071078	0.972197	0.000000	0.699145	2.846273
0.516	0.004	4.071078	0.972197	0.000000	0.699145	2.846273
0.518	0.000	4.071200	0.972162	0.000000	0.699159	2.846417
0.518	0.001	4.071200	0.972162	0.000000	0.699159	2.846417
0.518	0.002	4.071200	0.972162	0.000000	0.699159	2.846417
0.518	0.003	4.071200	0.972162	0.000000	0.699159	2.846417
0.518	0.004	4.071200	0.972162	0.000000	0.699159	2.846417
0.519	0.000	4.071308	0.972130	0.000000	0.699172	2.846547
0.519	0.001	4.071308	0.972130	0.000000	0.699172	2.846547
0.519	0.002	4.071308	0.972130	0.000000	0.699172	2.846547
0.519	0.003	4.071308	0.972130	0.000000	0.699172	2.846547
0.519	0.004	4.071308	0.972130	0.000000	0.699172	2.846547
0.520	0.000	4.071414	0.972098	0.000000	0.699186	2.846674
0.520	0.001	4.071414	0.972098	0.000000	0.699186	2.846674
0.520	0.002	4.071414	0.972098	0.000000	0.699186	2.846674
0.520	0.003	4.071414	0.972098	0.000000	0.699186	2.846674
0.520	0.004	4.071414	0.972098	0.000000	0.699186	2.846674
0.521	0.000	4.071501	0.972071	0.000000	0.699198	2.846784
0.521	0.001	4.071501	0.972071	0.000000	0.699198	2.846784
0.521	0.002	4.071501	0.972071	0.000000	0.699198	2.846784
0.521	0.003	4.071501	0.972071	0.000000	0.699198	2.846784
0.521	0.004	4.071501	0.972071	0.000000	0.699198	2.846784
0.522	0.000	4.071581	0.972045	0.000000	0.699209	2.846888
0.522	0.001	4.071581	0.972045	0.000000	0.699209	2.846888
0.522	0.002	4.071581	0.972045	0.000000	0.699209	2.846888
0.522	0.003	4.071581	0.972045	0.000000	0.699209	2.846888
0.522	0.004	4.071581	0.972045	0.000000	0.699209	2.846888
0.523	0.000	4.071658	0.972020	0.000000	0.699221	2.846989
0.523	0.001	4.071658	0.972020	0.000000	0.699221	2.846989
0.523	0.002	4.071658	0.972020	0.000000	0.699221	2.846989
0.523	0.003	4.071658	0.972020	0.000000	0.699221	2.846989
0.523	0.004	4.071658	0.972020	0.000000	0.699221	2.846989
0.524	0.000	4.071718	0.972000	0.000000	0.699231	2.847072
0.524	0.001	4.071718	0.972000	0.000000	0.699231	2.847072
0.524	0.002	4.071718	0.972000	0.000000	0.699231	2.847072
0.524	0.003	4.071718	0.972000	0.000000	0.699231	2.847072
0.524	0.004	4.071718	0.972000	0.000000	0.699231	2.847072
0.525	0.000	4.071769	0.971981	0.000000	0.699241	2.847149
0.525	0.001	4.071769	0.971981	0.000000	0.699241	2.847149
0.525	0.002	4.071769	0.971981	0.000000	0.699241	2.847149
0.525	0.003	4.071769	0.971981	0.000000	0.699241	2.847149
0.525	0.004	4.071769	0.971981	0.000000	0.699241	2.847149
0.525	0.000	4.071819	0.971962	0.000000	0.699251	2.847224
0.525	0.001	4.071819	0.971962	0.000000	0.699251	2.847224
0.525	0.002	4.071819	0.971962	0.000000	0.699251	2.847224
0.525	0.003	4.071819	0.971962	0.000000	0.699251	2.847224
0.525	0.004	4.071819	0.971962	0.000000	0.699251	2.847224
0.527	0.000	4.071868	0.971944	0.000000	0.699261	2.847299
0.527	0.001	4.071868	0.971944	0.000000	0.699261	2.847299
0.527	0.002	4.071868	0.971944	0.000000	0.699261	2.847299
0.527	0.003	4.071868	0.971944	0.000000	0.699261	2.847299
0.527	0.004	4.071868	0.971944	0.000000	0.699261	2.847299
0.528	0.000	4.071896	0.971931	0.000000	0.699269	2.847352
0.528	0.001	4.071896	0.971931	0.000000	0.699269	2.847352
0.528	0.002	4.071896	0.971931	0.000000	0.699269	2.847352
0.528	0.003	4.071896	0.971931	0.000000	0.699269	2.847352
0.528	0.004	4.071896	0.971931	0.000000	0.699269	2.847352
0.529	0.000	4.071929	0.971917	0.000000	0.699278	2.847412
0.529	0.001	4.071929	0.971917	0.000000	0.699278	2.847412
0.529	0.002	4.071929	0.971917	0.000000	0.699278	2.847412
0.529	0.003	4.071929	0.971917	0.000000	0.699278	2.847412
0.529	0.004	4.071929	0.971917	0.000000	0.699278	2.847412
0.530	0.000	4.071951	0.971905	0.000000	0.699287	2.847461
0.530	0.001	4.071951	0.971905	0.000000	0.699287	2.847461
0.530	0.002	4.071951	0.971905	0.000000	0.699287	2.847461
0.530	0.003	4.071951	0.971905	0.000000	0.699287	2.847461
0.530	0.004	4.071951	0.971905	0.000000	0.699287	2.847461
0.531	0.000	4.071972	0.971893	0.000000	0.699295	2.847509
0.531	0.001	4.071972	0.971893	0.000000	0.699295	2.847509
0.531	0.002	4.071972	0.971893	0.000000	0.699295	2.847509
0.531	0.003	4.071972	0.971893	0.000000	0.699295	2.847509
0.531	0.004	4.071972	0.971893	0.000000	0.699295	2.847509
0.532	0.000	4.071993	0.971881	0.000000	0.699303	2.847558
0.532	0.001	4.071993	0.971881	0.000000	0.699303	2.847558
0.532	0.002	4.071993	0.971881	0.000000	0.699303	2.847558
0.532	0.003	4.071993	0.971881	0.000000	0.699303	2.847558
0.532	0.004	4.071993	0.971881	0.000000	0.699303	2.847558
0.533	0.000	4.072009	0.971870	0.000000	0.699311	2.847601
0.533	0.001	4.072009	0.971870	0.000000	0.699311	2.847601
0.533	0.002	4.072009	0.971870	0.000000	0.699311	2.847601
0.533	0.003	4.072009	0.971870	0.000000	0.699311	2.847601
0.533	0.004	4.072009	0.971870	0.000000	0.699311	2.847601
0.534	0.000	4.072016	0.971861	0.000000	0.699319	2.847638
0.534	0.001	4.072016	0.971861	0.000000	0.699319	2.847638
0.534	0.002	4.072016	0.971861	0.000000	0.699319	2.847638
0.534	0.003	4.072016	0.971861	0.000000	0.699319	2.847638
0.534	0.004	4.072016	0.971861	0.000000	0.699319	2.847638
0.535	0.000	4.072023	0.971852	0.000000	0.699327	2.847674
0.535	0.001	4.072023	0.971852	0.000000	0.699327	2.847674
0.535	0.002	4.072023	0.971852	0.000000	0.699327	2.847674
0.535	0.003	4.072023	0.971852	0.000000	0.699327	2.847674
0.535	0.004	4.072023	0.971852	0.000000	0.699327	2.847674
0.536	0.000	4.072022	0.971845	0.000000	0.699334	2.847703
0.536	0.001	4.072022	0.971845	0.000000	0.699334	2.847703
0.536	0.002	4.072022	0.971845	0.000000	0.699334	2.847703
0.536	0.003	4.072022	0.971845	0.000000	0.699334	2.847703
0.536	0.004	4.072022	0.971845	0.000000	0.699334	2.847703
0.537	0.000	4.072021	0.971839	0.000000	0.699341	2.847731
0.537	0.001	4.072021	0.971839	0.000000	0.699341	2.847731
0.537	0.002	4.072021	0.971839	0.000000	0.699341	2.847731
0.537	0.003	4.072021	0.971839	0.000000	0.699341	2.847731
0.537	0.004	4.072021	0.971839	0.000000	0.699341	2.847731
0.538	0.000	4.072015	0.971833	0.000000	0.699348	2.847756
0.538	0.001	4.072015	0.971833	0.000000	0.699348	2.847756
0.538	0.002	4.072015	0.971833	0.000000	0.699348	2.847756
0.538	0.003	4.072015	0.971833	0.000000	0.699348	2.847756
0.538	0.004	4.072015	0.971833	0.000000	0.699348	2.847756
0.539	0.000	4.072011	0.971826	0.000000	0.699355	2.847783
0.539	0.001	4.072011	0.971826	0.000000	0.699355	2.847783
0.539	0.002	4.072011	0.971826	0.000000	0.699355	2.847783
0.539	0.003	4.072011	0.971826	0.000000	0.699355	2.847783
0.539	0.004	4.072011	0.971826	0.000000	0.699355	2.847783
0.539	0.000	4.072003	0.971820	0.000000	0.699363	2.847806
0.539	0.001	4.072003	0.971820	0.000000	0.699363	2.847806
0.539	0.002	4.072003	0.971820	0.000000	0.699363	2.847806
0.539	0.003	4.072003	0.971820	0.000000	0.699363	2.847806
0.539	0.004	4.072003	0.971820	0.000000	0.699363	2.847806
0.541	0.000	4.071992	0.971815	0.000000	0.699369	2.847827
0.541	0.001	4.071992	0.971815	0.000000	0.699369	2.847827
0.541	0.002	4.071992	0.971815	0.000000	0.699369	2.847827
0.541	0.003	4.071992	0.971815	0.000000	0.699369	2.847827
0.541	0.004	4.071992	0.971815	0.000000	0.699369	2.847827
0.542	0.000	4.071981	0.971810	0.000000	0.699377	2.847849
0.542	0.001	4.071981	0.971810	0.000000	0.699377	2.847849
0.542	0.002	4.071981	0.971810	0.000000	0.699377	2.847849
0.542	0.003	4.071981	0.971810	0.000000	0.699377	2.847849
0.542	0.004	4.071981	0.971810	0.000000	0.699377	2.847849
0.543	0.000	4.071966	0.971806	0.000000	0.699384	2.847866
0.543	0.001	4.071966	0.971806	0.000000	0.699384	2.847866
0.543	0.002	4.071966	0.971806	0.000000	0.699384	2.847866
0.543	0.003	4.071966	0.971806	0.000000	0.699384	2.847866
0.543	0.004	4.071966	0.971806	0.000000	0.699384	2.847866
0.544	0.000	4.071952	0.971801	0.000000	0.699391	2.847886
0.544	0.001	4.071952	0.971801	0.000000	0.699391	2.847886
0.544	0.002	4.071952	0.971801	0.000000	0.699391	2.847886
0.544	0.003	4.071952	0.971801	0.000000	0.699391	2.847886
0.544	0.004	4.071952	0.971801	0.000000	0.699391	2.847886
0.545	0.000	4.071932	0.971798	0.000000	0.699397	2.847899
0.545	0.001	4.071932	0.971798	0.000000	0.699397	2.847899
0.545	0.002	4.071932	0.971798	0.000000	0.699397	2.847899
0.545	0.003	4.071932	0.971798	0.000000	0.699397	2.847899
0.545	0.004	4.071932	0.971798	0.000000	0.699397	2.847899
0.546	0.000	4.071914	0.971795	0.000000	0.699404	2.847913
0.546	0.001	4.071914	0.971795	0.000000	0.699404	2.847913
0.546	0.002	4.071914	0.971795	0.000000	0.699404	2.847913
0.546	0.003	4.071914	0.971795	0.000000	0.699404	2.847913
0.546	0.004	4.071914	0.971795	0.000000	0.699404	2.847913
0.547	0.000	4.071898	0.971791	0.000000	0.699411	2.847931
0.547	0.001	4.071898	0.971791	0.000000	0.699411	2.847931
0.547	0.002	4.071898	0.971791	0.000000	0.699411	2.847931
0.547	0.003	4.071898	0.971791	0.000000	0.699411	2.847931
0.547	0.004	4.071898	0.971791	0.000000	0.699411	2.847931
0.548	0.000	4.071872	0.971789	0.000000	0.699418	2.847939
0.548	0.001	4.071872	0.971789	0.000000	0.699418	2.847939
0.548	0.002	4.071872	0.971789	0.000000	0.699418	2.847939
0.548	0.003	4.071872	0.971789	0.000000	0.699418	2.847939
0.548	0.004	4.071872	0.971789	0.000000	0.699418	2.847939
0.549	0.000	4.071851	0.971785	0.000000	0.699425	2.847953
0.549	0.001	4.071851	0.971785	0.000000	0.699425	2.847953
0.549	0.002	4.071851	0.971785	0.000000	0.699425	2.847953
0.549	0.003	4.071851	0.971785	0.000000	0.699425	2.847953
0.549	0.004	4.071851	0.971785	0.000000	0.699425	2.847953
0.550	0.000	4.071820	0.971784	0.000000	0.699431	2.847958
0.550	0.001	4.071820	0.971784	0.000000	0.699431	2.847958
0.550	0.002	4.071820	0.971784	0.000000	0.699431	2.847958
0.550	0.003	4.071820	0.971784	0.000000	0.699431	2.847958
0.550	0.004	4.071820	0.971784	0.000000	0.699431	2.847958
0.551	0.000	4.071801	0.971780	0.000000	0.699439	2.847975
0.551	0.001	4.071801	0.971780	0.000000	0.699439	2.847975
0.551	0.002	4.071801	0.971780	0.000000	0.699439	2.847975
0.551	0.003	4.071801	0.971780	0.000000	0.699439	2.847975
0.551	0.004	4.071801	0.971780	0.000000	0.699439	2.847975
0.552	0.000	4.071772	0.971779	0.000000	0.699446	2.847983
0.552	0.001	4.071772	0.971779	0.000000	0.699446	2.847983
0.552	0.002	4.071772	0.971779	0.000000	0.699446	2.847983
0.552	0.003	4.071772	0.971779	0.000000	0.699446	2.847983
0.552	0.004	4.071772	0.971779	0.000000	0.699446	2.847983
0.553	0.000	4.071749	0.971775	0.000000	0.699453	2.847997
0.553	0.001	4.071749	0.971775	0.000000	0.699453	2.847997
0.553	0.002	4.071749	0.971775	0.000000	0.699453	2.847997
0.553	0.003	4.071749	0.971775	0.000000	0.699453	2.847997
0.553	0.004	4.071749	0.971775	0.000000	0.699453	2.847997
0.553	0.000	4.071719	0.971773	0.000000	0.699460	2.848006
0.553	0.001	4.071719	0.971773	0.000000	0.699460	2.848006
0.553	0.002	4.071719	0.971773	0.000000	0.699460	2.848006
0.553	0.003	4.071719	0.971773	0.000000	0.699460	2.848006
0.553	0.004	4.071719	0.971773	0.000000	0.699460	2.848006
0.555	0.000	4.071689	0.971772	0.000000	0.699467	2.848013
0.555	0.001	4.071689	0.971772	0.000000	0.699467	2.848013
0.555	0.002	4.071689	0.971772	0.000000	0.699467	2.848013
0.555	0.003	4.071689	0.971772	0.000000	0.699467	2.848013
0.555	0.004	4.071689	0.971772	0.000000	0.699467	2.848013
0.556	0.000	4.071653	0.971771	0.000000	0.699475	2.848018
0.556	0.001	4.071653	0.971771	0.000000	0.699475	2.848018
0.556	0.002	4.071653	0.971771	0.000000	0.699475	2.848018
0.556	0.003	4.071653	0.971771	0.000000	0.699475	2.848018
0.556	0.004	4.071653	0.971771	0.000000	0.699475	2.848018
0.557	0.000	4.071622	0.971769	0.000000	0.699482	2.848025
0.557	0.001	4.071622	0.971769	0.000000	0.699482	2.848025
0.557	0.002	4.071622	0.971769	0.000000	0.699482	2.848025
0.557	0.003	4.071622	0.971769	0.000000	0.699482	2.848025
0.557	0.004	4.071622	0.971769	0.000000	0.699482	2.848025
0.558	0.000	4.071591	0.971767	0.000000	0.699489	2.848034
0.558	0.001	4.071591	0.971767	0.000000	0.699489	2.848034
0.558	0.002	4.071591	0.971767	0.000000	0.699489	2.848034
0.558	0.003	4.071591	0.971767	0.000000	0.699489	2.848034
0.558	0.004	4.071591	0.971767	0.000000	0.699489	2.848034
0.559	0.000	4.071561	0.971764	0.000000	0.699497	2.848047
0.559	0.001	4.071561	0.971764	0.000000	0.699497	2.848047
0.559	0.002	4.071561	0.971764	0.000000	0.699497	2.848047
0.559	0.003	4.071561	0.971764	0.000000	0.699497	2.848047
0.559	0.004	4.071561	0.971764	0.000000	0.699497	2.848047
0.560	0.000	4.071525	0.971763	0.000000	0.699505	2.848050
0.560	0.001	4.071525	0.971763	0.000000	0.699505	2.848050
0.560	0.002	4.071525	0.971763	0.000000	0.699505	2.848050
0.560	0.003	4.071525	0.971763	0.000000	0.699505	2.848050
0.560	0.004	4.071525	0.971763	0.000000	0.699505	2.848050
0.561	0.000	4.071486	0.971763	0.000000	0.699512	2.848055
0.561	0.001	4.071486	0.971763	0.000000	0.699512	2.848055
0.561	0.002	4.071486	0.971763	0.000000	0.699512	2.848055
0.561	0.003	4.071486	0.971763	0.000000	0.699512	2.848055
0.561	0.004	4.071486	0.971763	0.000000	0.699512	2.848055
0.562	0.000	4.071446	0.971762	0.000000	0.699520	2.848057
0.562	0.001	4.071446	0.971762	0.000000	0.699520	2.848057
0.562	0.002	4.071446	0.971762	0.000000	0.699520	2.848057
0.562	0.003	4.071446	0.971762	0.000000	0.699520	2.848057
0.562	0.004	4.071446	0.971762	0.000000	0.699520	2.848057
0.562	0.000	4.071410	0.971761	0.000000	0.699528	2.848063
0.562	0.001	4.071410	0.971761	0.000000	0.699528	2.848063
0.562	0.002	4.071410	0.971761	0.000000	0.699528	2.848063
0.562	0.003	4.071410	0.971761	0.000000	0.699528	2.848063
0.562	0.004	4.071410	0.971761	0.000000	0.699528	2.848063
0.564	0.000	4.071377	0.971758	0.000000	0.699536	2.848074
0.564	0.001	4.071377	0.971758	0.000000	0.699536	2.848074
0.564	0.002	4.071377	0.971758	0.000000	0.699536	2.848074
0.564	0.003	4.071377	0.971758	0.000000	0.699536	2.848074
0.564	0.004	4.071377	0.971758	0.000000	0.699536	2.848074
0.565	0.000	4.071335	0.971758	0.000000	0.699544	2.848077
0.565	0.001	4.071335	0.971758	0.000000	0.699544	2.848077
0.565	0.002	4.071335	0.971758	0.000000	0.699544	2.848077
0.565	0.003	4.071335	0.971758	0.000000	0.699544	2.848077
0.565	0.004	4.071335	0.971758	0.000000	0.699544	2.848077
0.566	0.000	4.071300	0.971756	0.000000	0.699552	2.848085
0.566	0.001	4.071300	0.971756	0.000000	0.699552	2.848085
0.566	0.002	4.071300	0.971756	0.000000	0.699552	2.848085
0.566	0.003	4.071300	0.971756	0.000000	0.699552	2.848085
0.566	0.004	4.071300	0.971756	0.000000	0.699552	2.848085
0.567	0.000	4.071259	0.971756	0.000000	0.699560	2.848089
0.567	0.001	4.071259	0.971756	0.000000	0.699560	2.848089
0.567	0.002	4.071259	0.971756	0.000000	0.699560	2.848089
0.567	0.003	4.071259	0.971756	0.000000	0.699560	2.848089
0.567	0.004	4.071259	0.971756	0.000000	0.699560	2.848089
0.568	0.000	4.071215	0.971755	0.000000	0.699568	2.848091
0.568	0.001	4.071215	0.971755	0.000000	0.699568	2.848091
0.568	0.002	4.071215	0.971755	0.000000	0.699568	2.848091
0.568	0.003	4.071215	0.971755	0.000000	0.699568	2.848091
0.568	0.004	4.071215	0.971755	0.000000	0.699568	2.848091
0.569	0.000	4.071176	0.971753	0.000000	0.699576	2.848099
0.569	0.001	4.071176	0.971753	0.000000	0.699576	2.848099
0.569	0.002	4.071176	0.971753	0.000000	0.699576	2.848099
0.569	0.003	4.071176	0.971753	0.000000	0.699576	2.848099
0.569	0.004	4.071176	0.971753	0.000000	0.699576	2.848099
0.570	0.000	4.071134	0.971752	0.000000	0.699585	2.848104
0.570	0.001	4.071134	0.971752	0.000000	0.699585	2.848104
0.570	0.002	4.071134	0.971752	0.000000	0.699585	2.848104
0.570	0.003	4.071134	0.971752	0.000000	0.699585	2.848104
0.570	0.004	4.071134	0.971752	0.000000	0.699585	2.848104
0.571	0.000	4.071088	0.971752	0.000000	0.699594	2.848107
0.571	0.001	4.071088	0.971752	0.000000	0.699594	2.848107
0.571	0.002	4.071088	0.971752	0.000000	0.699594	2.848107
0.571	0.003	4.071088	0.971752	0.000000	0.699594	2.848107
0.571	0.004	4.071088	0.971752	0.000000	0.699594	2.848107
0.572	0.000	4.071043	0.971751	0.000000	0.699602	2.848110
0.572	0.001	4.071043	0.971751	0.000000	0.699602	2.848110
0.572	0.002	4.071043	0.971751	0.000000	0.699602	2.848110
0.572	0.003	4.071043	0.971751	0.000000	0.699602	2.848110
0.572	0.004	4.071043	0.971751	0.000000	0.699602	2.848110
0.573	0.000	4.070998	0.971750	0.000000	0.699611	2.848115
0.573	0.001	4.070998	0.971750	0.000000	0.699611	2.848115
0.573	0.002	4.070998	0.971750	0.000000	0.699611	2.848115
0.573	0.003	4.070998	0.971750	0.000000	0.699611	2.848115
0.573	0.004	4.070998	0.971750	0.000000	0.699611	2.848115
0.574	0.000	4.070948	0.971750	0.000000	0.699620	2.848117
0.574	0.001	4.070948	0.971750	0.000000	0.699620	2.848117
0.574	0.002	4.070948	0.971750	0.000000	0.699620	2.848117
0.574	0.003	4.070948	0.971750	0.000000	0.699620	2.848117
0.574	0.004	4.070948	0.971750	0.000000	0.699620	2.848117
0.575	0.000	4.070899	0.971749	0.000000	0.699629	2.848120
0.575	0.001	4.070899	0.971749	0.000000	0.699629	2.848120
0.575	0.002	4.070899	0.971749	0.000000	0.699629	2.848120
0.575	0.003	4.070899	0.971749	0.000000	0.699629	2.848120
0.575	0.004	4.070899	0.971749	0.000000	0.699629	2.848120
0.576	0.000	4.070851	0.971748	0.000000	0.699639	2.848125
0.576	0.001	4.070851	0.971748	0.000000	0.699639	2.848125
0.576	0.002	4.070851	0.971748	0.000000	0.699639	2.848125
0.576	0.003	4.070851	0.971748	0.000000	0.699639	2.848125
0.576	0.004	4.070851	0.971748	0.000000	0.699639	2.848125
0.576	0.000	4.070803	0.971747	0.000000	0.699648	2.848131
0.576	0.001	4.070803	0.971747	0.000000	0.699648	2.848131
0.576	0.002	4.070803	0.971747	0.000000	0.699648	2.848131
0.576	0.003	4.070803	0.971747	0.000000	0.699648	2.848131
0.576	0.004	4.070803	0.971747	0.000000	0.699648	2.848131
0.578	0.000	4.070751	0.971746	0.000000	0.699658	2.848132
0.578	0.001	4.070751	0.971746	0.000000	0.699658	2.848132
0.578	0.002	4.070751	0.971746	0.000000	0.699658	2.848132
0.578	0.003	4.070751	0.971746	0.000000	0.699658	2.848132
0.578	0.004	4.070751	0.971746	0.000000	0.699658	2.848132
0.579	0.000	4.070701	0.971745	0.000000	0.699667	2.848137
0.579	0.001	4.070701	0.971745	0.000000	0.699667	2.848137
0.579	0.002	4.070701	0.971745	0.000000	0.699667	2.848137
0.579	0.003	4.070701	0.971745	0.000000	0.699667	2.848137
0.579	0.004	4.070701	0.971745	0.000000	0.699667	2.848137
0.580	0.000	4.070645	0.971745	0.000000	0.699677	2.848138
0.580	0.001	4.070645	0.971745	0.000000	0.699677	2.848138
0.580	0.002	4.070645	0.971745	0.000000	0.699677	2.848138
0.580	0.003	4.070645	0.971745	0.000000	0.699677	2.848138
0.580	0.004	4.070645	0.971745	0.000000	0.699677	2.848138
0.581	0.000	4.070593	0.971744	0.000000	0.699687	2.848143
0.581	0.001	4.070593	0.971744	0.000000	0.699687	2.848143
0.581	0.002	4.070593	0.971744	0.000000	0.699687	2.848143
0.581	0.003	4.070593	0.971744	0.000000	0.699687	2.848143
0.581	0.004	4.070593	0.971744	0.000000	0.699687	2.848143
0.582	0.000	4.070538	0.971743	0.000000	0.699698	2.848146
0.582	0.001	4.070538	0.971743	0.000000	0.699698	2.848146
0.582	0.002	4.070538	0.971743	0.000000	0.699698	2.848146
0.582	0.003	4.070538	0.971743	0.000000	0.699698	2.848146
0.582	0.004	4.070538	0.971743	0.000000	0.699698	2.848146
0.583	0.000	4.070480	0.971743	0.000000	0.699708	2.848149
0.583	0.001	4.070480	0.971743	0.000000	0.699708	2.848149
0.583	0.002	4.070480	0.971743	0.000000	0.699708	2.848149
0.583	0.003	4.070480	0.971743	0.000000	0.699708	2.848149
0.583	0.004	4.070480	0.971743	0.000000	0.699708	2.848149
0.584	0.000	4.070420	0.971743	0.000000	0.699719	2.848151
0.584	0.001	4.070420	0.971743	0.000000	0.699719	2.848151
0.584	0.002	4.070420	0.971743	0.000000	0.699719	2.848151
0.584	0.003	4.070420	0.971743	0.000000	0.699719	2.848151
0.584	0.004	4.070420	0.971743	0.000000	0.699719	2.848151
0.585	0.000	4.070362	0.971742	0.000000	0.699730	2.848155
0.585	0.001	4.070362	0.971742	0.000000	0.699730	2.848155
0.585	0.002	4.070362	0.971742	0.000000	0.699730	2.848155
0.585	0.003	4.070362	0.971742	0.000000	0.699730	2.848155
0.585	0.004	4.070362	0.971742	0.000000	0.699730	2.848155
0.586	0.000	4.070301	0.971741	0.000000	0.699742	2.848158
0.586	0.001	4.070301	0.971741	0.000000	0.699742	2.848158
0.586	0.002	4.070301	0.971741	0.000000	0.699742	2.848158
0.586	0.003	4.070301	0.971741	0.000000	0.699742	2.848158
0.586	0.004	4.070301	0.971741	0.000000	0.699742	2.848158
0.587	0.000	4.070237	0.971741	0.000000	0.699753	2.848160
0.587	0.001	4.070237	0.971741	0.000000	0.699753	2.848160
0.587	0.002	4.070237	0.971741	0.000000	0.699753	2.848160
0.587	0.003	4.070237	0.971741	0.000000	0.699753	2.848160
0.587	0.004	4.070237	0.971741	0.000000	0.699753	2.848160
0.588	0.000	4.070174	0.971741	0.000000	0.699764	2.848163
0.588	0.001	4.070174	0.971741	0.000000	0.699764	2.848163
0.588	0.002	4.070174	0.971741	0.000000	0.699764	2.848163
0.588	0.003	4.070174	0.971741	0.000000	0.699764	2.848163
0.588	0.004	4.070174	0.971741	0.000000	0.699764	2.848163
0.589	0.000	4.070110	0.971740	0.000000	0.699776	2.848165
0.589	0.001	4.070110	0.971740	0.000000	0.699776	2.848165
0.589	0.002	4.070110	0.971740	0.000000	0.699776	2.848165
0.589	0.003	4.070110	0.971740	0.000000	0.699776	2.848165
0.589	0.004	4.070110	0.971740	0.000000	0.699776	2.848165
0.590	0.000	4.070044	0.971740	0.000000	0.699788	2.848168
0.590	0.001	4.070044	0.971740	0.000000	0.699788	2.848168
0.590	0.002	4.070044	0.971740	0.000000	0.699788	2.848168
0.590	0.003	4.070044	0.971740	0.000000	0.699788	2.848168
0.590	0.004	4.070044	0.971740	0.000000	0.699788	2.848168
0.591	0.000	4.069977	0.971740	0.000000	0.699800	2.848169
0.591	0.001	4.069977	0.971740	0.000000	0.699800	2.848169
0.591	0.002	4.069977	0.971740	0.000000	0.699800	2.848169
0.591	0.003	4.069977	0.971740	0.000000	0.699800	2.848169
0.591	0.004	4.069977	0.971740	0.000000	0.699800	2.848169
0.592	0.000	4.069909	0.971739	0.000000	0.699812	2.848171
0.592	0.001	4.069909	0.971739	0.000000	0.699812	2.848171
0.592	0.002	4.069909	0.971739	0.000000	0.699812	2.848171
0.592	0.003	4.069909	0.971739	0.000000	0.699812	2.848171
0.592	0.004	4.069909	0.971739	0.000000	0.699812	2.848171
0.593	0.000	4.069838	0.971739	0.000000	0.699825	2.848172
0.593	0.001	4.069838	0.971739	0.000000	0.699825	2.848172
0.593	0.002	4.069838	0.971739	0.000000	0.699825	2.848172
0.593	0.003	4.069838	0.971739	0.000000	0.699825	2.848172
0.593	0.004	4.069838	0.971739	0.000000	0.699825	2.848172
0.594	0.000	4.069768	0.971738	0.000000	0.699838	2.848176
0.594	0.001	4.069768	0.971738	0.000000	0.699838	2.848176
0.594	0.002	4.069768	0.971738	0.000000	0.699838	2.848176
0.594	0.003	4.069768	0.971738	0.000000	0.699838	2.848176
0.594	0.004	4.069768	0.971738	0.000000	0.699838	2.848176
0.595	0.000	4.069694	0.971738	0.000000	0.699850	2.848177
0.595	0.001	4.069694	0.971738	0.000000	0.699850	2.848177
0.595	0.002	4.069694	0.971738	0.000000	0.699850	2.848177
0.595	0.003	4.069694	0.971738	0.000000	0.699850	2.848177
0.595	0.004	4.069694	0.971738	0.000000	0.699850	2.848177
0.596	0.000	4.069622	0.971738	0.000000	0.699864	2.848181
0.596	0.001	4.069622	0.971738	0.000000	0.699864	2.848181
0.596	0.002	4.069622	0.971738	0.000000	0.699864	2.848181
0.596	0.003	4.069622	0.971738	0.000000	0.699864	2.848181
0.596	0.004	4.069622	0.971738	0.000000	0.699864	2.848181
0.597	0.000	4.069548	0.971737	0.000000	0.699877	2.848183
0.597	0.001	4.069548	0.971737	0.000000	0.699877	2.848183
0.597	0.002	4.069548	0.971737	0.000000	0.699877	2.848183
0.597	0.003	4.069548	0.971737	0.000000	0.699877	2.848183
0.597	0.004	4.069548	0.971737	0.000000	0.699877	2.848183
0.598	0.000	4.069468	0.971738	0.000000	0.699890	2.848182
0.598	0.001	4.069468	0.971738	0.000000	0.699890	2.848182
0.598	0.002	4.069468	0.971738	0.000000	0.699890	2.848182
0.598	0.003	4.069468	0.971738	0.000000	0.699890	2.848182
0.598	0.004	4.069468	0.971738	0.000000	0.699890	2.848182
0.599	0.000	4.069389	0.971738	0.000000	0.699904	2.848184
0.599	0.001	4.069389	0.971738	0.000000	0.699904	2.848184
0.599	0.002	4.069389	0.971738	0.000000	0.699904	2.848184
0.599	0.003	4.069389	0.971738	0.000000	0.699904	2.848184
0.599	0.004	4.069389	0.971738	0.000000	0.699904	2.848184
0.600	0.000	4.069312	0.971737	0.000000	0.699919	2.848189
0.600	0.001	4.069312	0.971737	0.000000	0.699919	2.848189
0.600	0.002	4.069312	0.971737	0.000000	0.699919	2.848189
0.600	0.003	4.069312	0.971737	0.000000	0.699919	2.848189
0.600	0.004	4.069312	0.971737	0.000000	0.699919	2.848189
0.601	0.000	4.069231	0.971736	0.000000	0.699933	2.848191
0.601	0.001	4.069231	0.971736	0.000000	0.699933	2.848191
0.601	0.002	4.069231	0.971736	0.000000	0.699933	2.848191
0.601	0.003	4.069231	0.971736	0.000000	0.699933	2.848191
0.601	0.004	4.069231	0.971736	0.000000	0.699933	2.848191
0.602	0.000	4.069146	0.971736	0.000000	0.699948	2.848192
0.602	0.001	4.069146	0.971736	0.000000	0.699948	2.848192
0.602	0.002	4.069146	0.971736	0.000000	0.699948	2.848192
0.602	0.003	4.069146	0.971736	0.000000	0.699948	2.848192
0.602	0.004	4.069146	0.971736	0.000000	0.699948	2.848192
0.603	0.000	4.069057	0.971736	0.000000	0.699963	2.848191
0.603	0.001	4.069057	0.971736	0.000000	0.699963	2.848191
0.603	0.002	4.069057	0.971736	0.000000	0.699963	2.848191
0.603	0.003	4.069057	0.971736	0.000000	0.699963	2.848191
0.603	0.004	4.069057	0.971736	0.000000	0.699963	2.848191
0.604	0.000	4.068973	0.971735	0.000000	0.699979	2.848196
0.604	0.001	4.068973	0.971735	0.000000	0.699979	2.848196
0.604	0.002	4.068973	0.971735	0.000000	0.699979	2.848196
0.604	0.003	4.068973	0.971735	0.000000	0.699979	2.848196
0.604	0.004	4.068973	0.971735	0.000000	0.699979	2.848196
0.605	0.000	4.068883	0.971735	0.000000	0.699995	2.848199
0.605	0.001	4.068883	0.971735	0.000000	0.699995	2.848199
0.605	0.002	4.068883	0.971735	0.000000	0.699995	2.848199
0.605	0.003	4.068883	0.971735	0.000000	0.699995	2.848199
0.605	0.004	4.068883	0.971735	0.000000	0.699995	2.848199
0.606	0.000	4.068789	0.971735	0.000000	0.700012	2.848200
0.606	0.001	4.068789	0.971735	0.000000	0.700012	2.848200
0.606	0.002	4.068789	0.971735	0.000000	0.700012	2.848200
0.606	0.003	4.068789	0.971735	0.000000	0.700012	2.848200
0.606	0.004	4.068789	0.971735	0.000000	0.700012	2.848200
0.607	0.000	4.068693	0.971735	0.000000	0.700028	2.848201
0.607	0.001	4.068693	0.971735	0.000000	0.700028	2.848201
0.607	0.002	4.068693	0.971735	0.000000	0.700028	2.848201
0.607	0.003	4.068693	0.971735	0.000000	0.700028	2.848201
0.607	0.004	4.068693	0.971735	0.000000	0.700028	2.848201
0.608	0.000	4.068595	0.971735	0.000000	0.700046	2.848202
0.608	0.001	4.068595	0.971735	0.000000	0.700046	2.848202
0.608	0.002	4.068595	0.971735	0.000000	0.700046	2.848202
0.608	0.003	4.068595	0.971735	0.000000	0.700046	2.848202
0.608	0.004	4.068595	0.971735	0.000000	0.700046	2.848202
0.609	0.000	4.068496	0.971734	0.000000	0.700063	2.848205
0.609	0.001	4.068496	0.971734	0.000000	0.700063	2.848205
0.609	0.002	4.068496	0.971734	0.000000	0.700063	2.848205
0.609	0.003	4.068496	0.971734	0.000000	0.700063	2.848205
0.609	0.004	4.068496	0.971734	0.000000	0.700063	2.848205
0.610	0.000	4.068393	0.971734	0.000000	0.700081	2.848207
0.610	0.001	4.068393	0.971734	0.000000	0.700081	2.848207
0.610	0.002	4.068393	0.971734	0.000000	0.700081	2.848207
0.610	0.003	4.068393	0.971734	0.000000	0.700081	2.848207
0.610	0.004	4.068393	0.971734	0.000000	0.700081	2.848207
0.611	0.000	4.068288	0.971734	0.000000	0.700100	2.848210
0.611	0.001	4.068288	0.971734	0.000000	0.700100	2.848210
0.611	0.002	4.068288	0.971734	0.000000	0.700100	2.848210
0.611	0.003	4.068288	0.971734	0.000000	0.700100	2.848210
0.611	0.004	4.068288	0.971734	0.000000	0.700100	2.848210
0.612	0.000	4.068179	0.971734	0.000000	0.700119	2.848211
0.612	0.001	4.068179	0.971734	0.000000	0.700119	2.848211
0.612	0.002	4.068179	0.971734	0.000000	0.700119	2.848211
0.612	0.003	4.068179	0.971734	0.000000	0.700119	2.848211
0.612	0.004	4.068179	0.971734	0.000000	0.700119	2.848211
0.613	0.000	4.068067	0.971734	0.000000	0.700139	2.848212
0.613	0.001	4.068067	0.971734	0.000000	0.700139	2.848212
0.613	0.002	4.068067	0.971734	0.000000	0.700139	2.848212
0.613	0.003	4.068067	0.971734	0.000000	0.700139	2.848212
0.613	0.004	4.068067	0.971734	0.000000	0.700139	2.848212
0.614	0.000	4.067954	0.971733	0.000000	0.700159	2.848215
0.614	0.001	4.067954	0.971733	0.000000	0.700159	2.848215
0.614	0.002	4.067954	0.971733	0.000000	0.700159	2.848215
0.614	0.003	4.067954	0.971733	0.000000	0.700159	2.848215
0.614	0.004	4.067954	0.971733	0.000000	0.700159	2.848215
0.615	0.000	4.067836	0.971733	0.000000	0.700180	2.848216
0.615	0.001	4.067836	0.971733	0.000000	0.700180	2.848216
0.615	0.002	4.067836	0.971733	0.000000	0.700180	2.848216
0.615	0.003	4.067836	0.971733	0.000000	0.700180	2.848216
0.615	0.004	4.067836	0.971733	0.000000	0.700180	2.848216
0.616	0.000	4.067714	0.971733	0.000000	0.700201	2.848217
0.616	0.001	4.067714	0.971733	0.000000	0.700201	2.848217
0.616	0.002	4.067714	0.971733	0.000000	0.700201	2.848217
0.616	0.003	4.067714	0.971733	0.000000	0.700201	2.848217
0.616	0.004	4.067714	0.971733	0.000000	0.700201	2.848217
0.617	0.000	4.067591	0.971732	0.000000	0.700223	2.848219
0.617	0.001	4.067591	0.971732	0.000000	0.700223	2.848219
0.617	0.002	4.067591	0.971732	0.000000	0.700223	2.848219
0.617	0.003	4.067591	0.971732	0.000000	0.700223	2.848219
0.617	0.004	4.067591	0.971732	0.000000	0.700223	2.848219
0.618	0.000	4.067461	0.971733	0.000000	0.700245	2.848218
0.618	0.001	4.067461	0.971733	0.000000	0.700245	2.848218
0.618	0.002	4.067461	0.971733	0.000000	0.700245	2.848218
0.618	0.003	4.067461	0.971733	0.000000	0.700245	2.848218
0.618	0.004	4.067461	0.971733	0.000000	0.700245	2.848218
0.619	0.000	4.067328	0.971733	0.000000	0.700268	2.848219
0.619	0.001	4.067328	0.971733	0.000000	0.700268	2.848219
0.619	0.002	4.067328	0.971733	0.000000	0.700268	2.848219
0.619	0.003	4.067328	0.971733	0.000000	0.700268	2.848219
0.619	0.004	4.067328	0.971733	0.000000	0.700268	2.848219
0.620	0.000	4.067194	0.971733	0.000000	0.700291	2.848221
0.620	0.001	4.067194	0.971733	0.000000	0.700291	2.848221
0.620	0.002	4.067194	0.971733	0.000000	0.700291	2.848221
0.620	0.003	4.067194	0.971733	0.000000	0.700291	2.848221
0.620	0.004	4.067194	0.971733	0.000000	0.700291	2.848221
0.621	0.000	4.067056	0.971732	0.000000	0.700316	2.848224
0.621	0.001	4.067056	0.971732	0.000000	0.700316	2.848224
0.621	0.002	4.067056	0.971732	0.000000	0.700316	2.848224
0.621	0.003	4.067056	0.971732	0.000000	0.700316	2.848224
0.621	0.004	4.067056	0.971732	0.000000	0.700316	2.848224
0.622	0.000	4.066911	0.971733	0.000000	0.700341	2.848223
0.622	0.001	4.066911	0.971733	0.000000	0.700341	2.848223
0.622	0.002	4.066911	0.971733	0.000000	0.700341	2.848223
0.622	0.003	4.066911	0.971733	0.000000	0.700341	2.848223
0.622	0.004	4.066911	0.971733	0.000000	0.700341	2.848223
0.623	0.000	4.066765	0.971732	0.000000	0.700366	2.848226
0.623	0.001	4.066765	0.971732	0.000000	0.700366	2.848226
0.623	0.002	4.066765	0.971732	0.000000	0.700366	2.848226
0.623	0.003	4.066765	0.971732	0.000000	0.700366	2.848226
0.623	0.004	4.066765	0.971732	0.000000	0.700366	2.848226
0.624	0.000	4.066615	0.971732	0.000000	0.700393	2.848227
0.624	0.001	4.066615	0.971732	0.000000	0.700393	2.848227
0.624	0.002	4.066615	0.971732	0.000000	0.700393	2.848227
0.624	0.003	4.066615	0.971732	0.000000	0.700393	2.848227
0.624	0.004	4.066615	0.971732	0.000000	0.700393	2.848227
0.625	0.000	4.066458	0.971733	0.000000	0.700420	2.848227
0.625	0.001	4.066458	0.971733	0.000000	0.700420	2.848227
0.625	0.002	4.066458	0.971733	0.000000	0.700420	2.848227
0.625	0.003	4.066458	0.971733	0.000000	0.700420	2.848227
0.625	0.004	4.066458	0.971733	0.000000	0.700420	2.848227
0.626	0.000	4.066300	0.971732	0.000000	0.700448	2.848230
0.626	0.001	4.066300	0.971732	0.000000	0.700448	2.848230
0.626	0.002	4.066300	0.971732	0.000000	0.700448	2.848230
0.626	0.003	4.066300	0.971732	0.000000	0.700448	2.848230
0.626	0.004	4.066300	0.971732	0.000000	0.700448	2.848230
0.627	0.000	4.066137	0.971731	0.000000	0.700477	2.848234
0.627	0.001	4.066137	0.971731	0.000000	0.700477	2.848234
0.627	0.002	4.066137	0.971731	0.000000	0.700477	2.848234
0.627	0.003	4.066137	0.971731	0.000000	0.700477	2.848234
0.627	0.004	4.066137	0.971731	0.000000	0.700477	2.848234
0.628	0.000	4.065965	0.971731	0.000000	0.700507	2.848236
0.628	0.001	4.065965	0.971731	0.000000	0.700507	2.848236
0.628	0.002	4.065965	0.971731	0.000000	0.700507	2.848236
0.628	0.003	4.065965	0.971731	0.000000	0.700507	2.848236
0.628	0.004	4.065965	0.971731	0.000000	0.700507	2.848236
0.629	0.000	4.065785	0.971732	0.000000	0.700537	2.848235
0.629	0.001	4.065785	0.971732	0.000000	0.700537	2.848235
0.629	0.002	4.065785	0.971732	0.000000	0.700537	2.848235
0.629	0.003	4.065785	0.971732	0.000000	0.700537	2.848235
0.629	0.004	4.065785	0.971732	0.000000	0.700537	2.848235
0.630	0.000	4.065602	0.971731	0.000000	0.700570	2.848237
0.630	0.001	4.065602	0.971731	0.000000	0.700570	2.848237
0.630	0.002	4.065602	0.971731	0.000000	0.700570	2.848237
0.630	0.003	4.065602	0.971731	0.000000	0.700570	2.848237
0.630	0.004	4.065602	0.971731	0.000000	0.700570	2.848237
0.631	0.000	4.065408	0.971732	0.000000	0.700603	2.848236
0.631	0.001	4.065408	0.971732	0.000000	0.700603	2.848236
0.631	0.002	4.065408	0.971732	0.000000	0.700603	2.848236
0.631	0.003	4.065408	0.971732	0.000000	0.700603	2.848236
0.631	0.004	4.065408	0.971732	0.000000	0.700603	2.848236
0.632	0.000	4.065209	0.971732	0.000000	0.700637	2.848237
0.632	0.001	4.065209	0.971732	0.000000	0.700637	2.848237
0.632	0.002	4.065209	0.971732	0.000000	0.700637	2.848237
0.632	0.003	4.065209	0.971732	0.000000	0.700637	2.848237
0.632	0.004	4.065209	0.971732	0.000000	0.700637	2.848237
0.633	0.000	4.065009	0.971731	0.000000	0.700673	2.848243
0.633	0.001	4.065009	0.971731	0.000000	0.700673	2.848243
0.633	0.002	4.065009	0.971731	0.000000	0.700673	2.848243
0.633	0.003	4.065009	0.971731	0.000000	0.700673	2.848243
0.633	0.004	4.065009	0.971731	0.000000	0.700673	2.848243
0.634	0.000	4.064792	0.971731	0.000000	0.700710	2.848242
0.634	0.001	4.064792	0.971731	0.000000	0.700710	2.848242
0.634	0.002	4.064792	0.971731	0.000000	0.700710	2.848242
0.634	0.003	4.064792	0.971731	0.000000	0.700710	2.848242
0.634	0.004	4.064792	0.971731	0.000000	0.700710	2.848242
0.635	0.000	4.064569	0.971731	0.000000	0.700749	2.848243
0.635	0.001	4.064569	0.971731	0.000000	0.700749	2.848243
0.635	0.002	4.064569	0.971731	0.000000	0.700749	2.848243
0.635	0.003	4.064569	0.971731	0.000000	0.700749	2.848243
0.635	0.004	4.064569	0.971731	0.000000	0.700749	2.848243
0.636	0.000	4.064340	0.971730	0.000000	0.700790	2.848247
0.636	0.001	4.064340	0.971730	0.000000	0.700790	2.848247
0.636	0.002	4.064340	0.971730	0.000000	0.700790	2.848247
0.636	0.003	4.064340	0.971730	0.000000	0.700790	2.848247
0.636	0.004	4.064340	0.971730	0.000000	0.700790	2.848247
0.637	0.000	4.064094	0.971731	0.000000	0.700832	2.848246
0.637	0.001	4.064094	0.971731	0.000000	0.700832	2.848246
0.637	0.002	4.064094	0.971731	0.000000	0.700832	2.848246
0.637	0.003	4.064094	0.971731	0.000000	0.700832	2.848246
0.637	0.004	4.064094	0.971731	0.000000	0.700832	2.848246
0.638	0.000	4.063839	0.971731	0.000000	0.700876	2.848248
0.638	0.001	4.063839	0.971731	0.000000	0.700876	2.848248
0.638	0.002	4.063839	0.971731	0.000000	0.700876	2.848248
0.638	0.003	4.063839	0.971731	0.000000	0.700876	2.848248
0.638	0.004	4.063839	0.971731	0.000000	0.700876	2.848248
0.639	0.000	4.063571	0.971731	0.000000	0.700922	2.848248
0.639	0.001	4.063571	0.971731	0.000000	0.700922	2.848248
0.639	0.002	4.063571	0.971731	0.000000	0.700922	2.848248
0.639	0.003	4.063571	0.971731	0.000000	0.700922	2.848248
0.639	0.004	4.063571	0.971731	0.000000	0.700922	2.848248
0.640	0.000	4.063292	0.971731	0.000000	0.700972	2.848252
0.640	0.001	4.063292	0.971731	0.000000	0.700972	2.848252
0.640	0.002	4.063292	0.971731	0.000000	0.700972	2.848252
0.640	0.003	4.063292	0.971731	0.000000	0.700972	2.848252
0.640	0.004	4.063292	0.971731	0.000000	0.700972	2.848252
0.641	0.000	4.062991	0.971731	0.000000	0.701023	2.848250
0.641	0.001	4.062991	0.971731	0.000000	0.701023	2.848250
0.641	0.002	4.062991	0.971731	0.000000	0.701023	2.848250
0.641	0.003	4.062991	0.971731	0.000000	0.701023	2.848250
0.641	0.004	4.062991	0.971731	0.000000	0.701023	2.848250
0.642	0.000	4.062676	0.971731	0.000000	0.701078	2.848252
0.642	0.001	4.062676	0.971731	0.000000	0.701078	2.848252
0.642	0.002	4.062676	0.971731	0.000000	0.701078	2.848252
0.642	0.003	4.062676	0.971731	0.000000	0.701078	2.848252
0.642	0.004	4.062676	0.971731	0.000000	0.701078	2.848252
0.643	0.000	4.062344	0.971730	0.000000	0.701136	2.848257
0.643	0.001	4.062344	0.971730	0.000000	0.701136	2.848257
0.643	0.002	4.062344	0.971730	0.000000	0.701136	2.848257
0.643	0.003	4.062344	0.971730	0.000000	0.701136	2.848257
0.643	0.004	4.062344	0.971730	0.000000	0.701136	2.848257
0.644	0.000	4.061984	0.971730	0.000000	0.701199	2.848258
0.644	0.001	4.061984	0.971730	0.000000	0.701199	2.848258
0.644	0.002	4.061984	0.971730	0.000000	0.701199	2.848258
0.644	0.003	4.061984	0.971730	0.000000	0.701199	2.848258
0.644	0.004	4.061984	0.971730	0.000000	0.701199	2.848258
0.645	0.000	4.061594	0.971731	0.000000	0.701266	2.848258
0.645	0.001	4.061594	0.971731	0.000000	0.701266	2.848258
0.645	0.002	4.061594	0.971731	0.000000	0.701266	2.848258
0.645	0.003	4.061594	0.971731	0.000000	0.701266	2.848258
0.645	0.004	4.061594	0.971731	0.000000	0.701266	2.848258
0.646	0.000	4.061171	0.971731	0.000000	0.701339	2.848255
0.646	0.001	4.061171	0.971731	0.000000	0.701339	2.848255
0.646	0.002	4.061171	0.971731	0.000000	0.701339	2.848255
0.646	0.003	4.061171	0.971731	0.000000	0.701339	2.848255
0.646	0.004	4.061171	0.971731	0.000000	0.701339	2.848255
0.647	0.000	4.060714	0.971731	0.000000	0.701418	2.848258
0.647	0.001	4.060714	0.971731	0.000000	0.701418	2.848258
0.647	0.002	4.060714	0.971731	0.000000	0.701418	2.848258
0.647	0.003	4.060714	0.971731	0.000000	0.701418	2.848258
0.647	0.004	4.060714	0.971731	0.000000	0.701418	2.848258
0.648	0.000	4.060209	0.971731	0.000000	0.701506	2.848260
0.648	0.001	4.060209	0.971731	0.000000	0.701506	2.848260
0.648	0.002	4.060209	0.971731	0.000000	0.701506	2.848260
0.648	0.003	4.060209	0.971731	0.000000	0.701506	2.848260
0.648	0.004	4.060209	0.971731	0.000000	0.701506	2.848260
0.649	0.000	4.059649	0.971731	0.000000	0.701603	2.848262
0.649	0.001	4.059649	0.971731	0.000000	0.701603	2.848262
0.649	0.002	4.059649	0.971731	0.000000	0.701603	2.848262
0.649	0.003	4.059649	0.971731	0.000000	0.701603	2.848262
0.649	0.004	4.059649	0.971731	0.000000	0.701603	2.848262
0.650	0.000	4.059022	0.971731	0.000000	0.701712	2.848263
0.650	0.001	4.059022	0.971731	0.000000	0.701712	2.848263
0.650	0.002	4.059022	0.971731	0.000000	0.701712	2.848263
0.650	0.003	4.059022	0.971731	0.000000	0.701712	2.848263
0.650	0.004	4.059022	0.971731	0.000000	0.701712	2.848263
0.651	0.000	4.058314	0.971731	0.000000	0.701835	2.848265
0.651	0.001	4.058314	0.971731	0.000000	0.701835	2.848265
0.651	0.002	4.058314	0.971731	0.000000	0.701835	2.848265
0.651	0.003	4.058314	0.971731	0.000000	0.701835	2.848265
0.651	0.004	4.058314	0.971731	0.000000	0.701835	2.848265
0.652	0.000	4.057510	0.971730	0.000000	0.701975	2.848269
0.652	0.001	4.057510	0.971730	0.000000	0.701975	2.848269
0.652	0.002	4.057510	0.971730	0.000000	0.701975	2.848269
0.652	0.003	4.057510	0.971730	0.000000	0.701975	2.848269
0.652	0.004	4.057510	0.971730	0.000000	0.701975	2.848269
0.653	0.000	4.056581	0.971731	0.000000	0.702135	2.848267
0.653	0.001	4.056581	0.971731	0.000000	0.702135	2.848267
0.653	0.002	4.056581	0.971731	0.000000	0.702135	2.848267
0.653	0.003	4.056581	0.971731	0.000000	0.702135	2.848267
0.653	0.004	4.056581	0.971731	0.000000	0.702135	2.848267
0.654	0.000	4.055511	0.971731	0.000000	0.702321	2.848269
0.654	0.001	4.055511	0.971731	0.000000	0.702321	2.848269
0.654	0.002	4.055511	0.971731	0.000000	0.702321	2.848269
0.654	0.003	4.055511	0.971731	0.000000	0.702321	2.848269
0.654	0.004	4.055511	0.971731	0.000000	0.702321	2.848269
0.655	0.000	4.054263	0.971730	0.000000	0.702538	2.848272
0.655	0.001	4.054263	0.971730	0.000000	0.702538	2.848272
0.655	0.002	4.054263	0.971730	0.000000	0.702538	2.848272
0.655	0.003	4.054263	0.971730	0.000000	0.702538	2.848272
0.655	0.004	4.054263	0.971730	0.000000	0.702538	2.848272
0.656	0.000	4.052799	0.971731	0.000000	0.702791	2.848272
0.656	0.001	4.052799	0.971731	0.000000	0.702791	2.848272
0.656	0.002	4.052799	0.971731	0.000000	0.702791	2.848272
0.656	0.003	4.052799	0.971731	0.000000	0.702791	2.848272
0.656	0.004	4.052799	0.971731	0.000000	0.702791	2.848272
0.657	0.000	4.051075	0.971731	0.000000	0.703090	2.848270
0.657	0.001	4.051075	0.971731	0.000000	0.703090	2.848270
0.657	0.002	4.051075	0.971731	0.000000	0.703090	2.848270
0.657	0.003	4.051075	0.971731	0.000000	0.703090	2.848270
0.657	0.004	4.051075	0.971731	0.000000	0.703090	2.848270
0.658	0.000	4.049045	0.971731	0.000000	0.703443	2.848274
0.658	0.001	4.049045	0.971731	0.000000	0.703443	2.848274
0.658	0.002	4.049045	0.971731	0.000000	0.703443	2.848274
0.658	0.003	4.049045	0.971731	0.000000	0.703443	2.848274
0.658	0.004	4.049045	0.971731	0.000000	0.703443	2.848274
0.659	0.000	4.046641	0.971731	0.000000	0.703861	2.848274
0.659	0.001	4.046641	0.971731	0.000000	0.703861	2.848274
0.659	0.002	4.046641	0.971731	0.000000	0.703861	2.848274
0.659	0.003	4.046641	0.971731	0.000000	0.703861	2.848274
0.659	0.004	4.046641	0.971731	0.000000	0.703861	2.848274
0.660	0.000	4.043794	0.971731	0.000000	0.704357	2.848276
0.660	0.001	4.043794	0.971731	0.000000	0.704357	2.848276
0.660	0.002	4.043794	0.971731	0.000000	0.704357	2.848276
0.660	0.003	4.043794	0.971731	0.000000	0.704357	2.848276
0.660	0.004	4.043794	0.971731	0.000000	0.704357	2.848276
0.661	0.000	4.040420	0.971731	0.000000	0.704946	2.848277
0.661	0.001	4.040420	0.971731	0.000000	0.704946	2.848277
0.661	0.002	4.040420	0.971731	0.000000	0.704946	2.848277
0.661	0.003	4.040420	0.971731	0.000000	0.704946	2.848277
0.661	0.004	4.040420	0.971731	0.000000	0.704946	2.848277
0.662	0.000	4.036429	0.971730	0.000000	0.705644	2.848281
0.662	0.001	4.036429	0.971730	0.000000	0.705644	2.848281
0.662	0.002	4.036429	0.971730	0.000000	0.705644	2.848281
0.662	0.003	4.036429	0.971730	0.000000	0.705644	2.848281
0.662	0.004	4.036429	0.971730	0.000000	0.705644	2.848281
0.663	0.000	4.031709	0.971731	0.000000	0.706470	2.848280
0.663	0.001	4.031709	0.971731	0.000000	0.706470	2.848280
0.663	0.002	4.031709	0.971731	0.000000	0.706470	2.848280
0.663	0.003	4.031709	0.971731	0.000000	0.706470	2.848280
0.663	0.004	4.031709	0.971731	0.000000	0.706470	2.848280
0.664	0.000	4.026147	0.971731	0.000000	0.707446	2.848281
0.664	0.001	4.026147	0.971731	0.000000	0.707446	2.848281
0.664	0.002	4.026147	0.971731	0.000000	0.707446	2.848281
0.664	0.003	4.026147	0.971731	0.000000	0.707446	2.848281
0.664	0.004	4.026147	0.971731	0.000000	0.707446	2.848281
0.665	0.000	4.019610	0.971731	0.000000	0.708596	2.848281
0.665	0.001	4.019610	0.971731	0.000000	0.708596	2.848281
0.665	0.002	4.019610	0.971731	0.000000	0.708596	2.848281
0.665	0.003	4.019610	0.971731	0.000000	0.708596	2.848281
0.665	0.004	4.019610	0.971731	0.000000	0.708596	2.848281
0.666	0.000	4.011961	0.971731	0.000000	0.709948	2.848284
0.666	0.001	4.011961	0.971731	0.000000	0.709948	2.848284
0.666	0.002	4.011961	0.971731	0.000000	0.709948	2.848284
0.666	0.003	4.011961	0.971731	0.000000	0.709948	2.848284
0.666	0.004	4.011961	0.971731	0.000000	0.709948	2.848284
0.667	0.000	4.003040	0.971731	0.000000	0.711530	2.848285
0.667	0.001	4.003040	0.971731	0.000000	0.711530	2.848285
0.667	0.002	4.003040	0.971731	0.000000	0.711530	2.848285
0.667	0.003	4.003040	0.971731	0.000000	0.711530	2.848285
0.667	0.004	4.003040	0.971731	0.000000	0.711530	2.848285
0.668	0.000	3.992692	0.971731	0.000000	0.713375	2.848287
0.668	0.001	3.992692	0.971731	0.000000	0.713375	2.848287
0.668	0.002	3.992692	0.971731	0.000000	0.713375	2.848287
0.668	0.003	3.992692	0.971731	0.000000	0.713375	2.848287
0.668	0.004	3.992692	0.971731	0.000000	0.713375	2.848287
0.669	0.000	3.980744	0.971731	0.000000	0.715517	2.848288
0.669	0.001	3.980744	0.971731	0.000000	0.715517	2.848288
0.669	0.002	3.980744	0.971731	0.000000	0.715517	2.848288
0.669	0.003	3.980744	0.971731	0.000000	0.715517	2.848288
0.669	0.004	3.980744	0.971731	0.000000	0.715517	2.848288
0.670	0.000	3.967025	0.971731	0.000000	0.717991	2.848289
0.670	0.001	3.967025	0.971731	0.000000	0.717991	2.848289
0.670	0.002	3.967025	0.971731	0.000000	0.717991	2.848289
0.670	0.003	3.967025	0.971731	0.000000	0.717991	2.848289
0.670	0.004	3.967025	0.971731	0.000000	0.717991	2.848289
0.671	0.000	3.951362	0.971731	0.000000	0.720837	2.848289
0.671	0.001	3.951362	0.971731	0.000000	0.720837	2.848289
0.671	0.002	3.951362	0.971731	0.000000	0.720837	2.848289
0.671	0.003	3.951362	0.971731	0.000000	0.720837	2.848289
0.671	0.004	3.951362	0.971731	0.000000	0.720837	2.848289
0.672	0.000	3.933585	0.971731	0.000000	0.724096	2.848292
0.672	0.001	3.933585	0.971731	0.000000	0.724096	2.848292
0.672	0.002	3.933585	0.971731	0.000000	0.724096	2.848292
0.672	0.003	3.933585	0.971731	0.000000	0.724096	2.848292
0.672	0.004	3.933585	0.971731	0.000000	0.724096	2.848292
0.673	0.000	3.913530	0.971732	0.000000	0.727806	2.848290
0.673	0.001	3.913530	0.971732	0.000000	0.727806	2.848290
0.673	0.002	3.913530	0.971732	0.000000	0.727806	2.848290
0.673	0.003	3.913530	0.971732	0.000000	0.727806	2.848290
0.673	0.004	3.913530	0.971732	0.000000	0.727806	2.848290
0.674	0.000	3.891052	0.971732	0.000000	0.732010	2.848290
0.674	0.001	3.891052	0.971732	0.000000	0.732010	2.848290
0.674	0.002	3.891052	0.971732	0.000000	0.732010	2.848290
0.674	0.003	3.891052	0.971732	0.000000	0.732010	2.848290
0.674	0.004	3.891052	0.971732	0.000000	0.732010	2.848290
0.675	0.000	3.866015	0.971732	0.000000	0.736751	2.848292
0.675	0.001	3.866015	0.971732	0.000000	0.736751	2.848292
0.675	0.002	3.866015	0.971732	0.000000	0.736751	2.848292
0.675	0.003	3.866015	0.971732	0.000000	0.736751	2.848292
0.675	0.004	3.866015	0.971732	0.000000	0.736751	2.848292
0.676	0.000	3.838312	0.971732	0.000000	0.742069	2.848294
0.676	0.001	3.838312	0.971732	0.000000	0.742069	2.848294
0.676	0.002	3.838312	0.971732	0.000000	0.742069	2.848294
0.676	0.003	3.838312	0.971732	0.000000	0.742069	2.848294
0.676	0.004	3.838312	0.971732	0.000000	0.742069	2.848294
0.677	0.000	3.807860	0.971732	0.000000	0.748005	2.848297
0.677	0.001	3.807860	0.971732	0.000000	0.748005	2.848297
0.677	0.002	3.807860	0.971732	0.000000	0.748005	2.848297
0.677	0.003	3.807860	0.971732	0.000000	0.748005	2.848297
0.677	0.004	3.807860	0.971732	0.000000	0.748005	2.848297
0.678	0.000	3.774607	0.971732	0.000000	0.754594	2.848296
0.678	0.001	3.774607	0.971732	0.000000	0.754594	2.848296
0.678	0.002	3.774607	0.971732	0.000000	0.754594	2.848296
0.678	0.003	3.774607	0.971732	0.000000	0.754594	2.848296
0.678	0.004	3.774607	0.971732	0.000000	0.754594	2.848296
0.679	0.000	3.738544	0.971732	0.000000	0.761874	2.848298
0.679	0.001	3.738544	0.971732	0.000000	0.761874	2.848298
0.679	0.002	3.738544	0.971732	0.000000	0.761874	2.848298
0.679	0.003	3.738544	0.971732	0.000000	0.761874	2.848298
0.679	0.004	3.738544	0.971732	0.000000	0.761874	2.848298
0.680	0.000	3.699693	0.971732	0.000000	0.769875	2.848299
0.680	0.001	3.699693	0.971732	0.000000	0.769875	2.848299
0.680	0.002	3.699693	0.971732	0.000000	0.769875	2.848299
0.680	0.003	3.699693	0.971732	0.000000	0.769875	2.848299
0.680	0.004	3.699693	0.971732	0.000000	0.769875	2.848299
0.681	0.000	3.658117	0.971732	0.000000	0.778625	2.848300
0.681	0.001	3.658117	0.971732	0.000000	0.778625	2.848300
0.681	0.002	3.658117	0.971732	0.000000	0.778625	2.848300
0.681	0.003	3.658117	0.971732	0.000000	0.778625	2.848300
0.681	0.004	3.658117	0.971732	0.000000	0.778625	2.848300
0.682	0.000	3.613923	0.971732	0.000000	0.788146	2.848300
0.682	0.001	3.613923	0.971732	0.000000	0.788146	2.848300
0.682	0.002	3.613923	0.971732	0.000000	0.788146	2.848300
0.682	0.003	3.613923	0.971732	0.000000	0.788146	2.848300
0.682	0.004	3.613923	0.971732	0.000000	0.788146	2.848300
0.683	0.000	3.567259	0.971732	0.000000	0.798457	2.848301
0.683	0.001	3.567259	0.971732	0.000000	0.798457	2.848301
0.683	0.002	3.567259	0.971732	0.000000	0.798457	2.848301
0.683	0.003	3.567259	0.971732	0.000000	0.798457	2.848301
0.683	0.004	3.567259	0.971732	0.000000	0.798457	2.848301
0.684	0.000	3.518306	0.971732	0.000000	0.809566	2.848302
0.684	0.001	3.518306	0.971732	0.000000	0.809566	2.848302
0.684	0.002	3.518306	0.971732	0.000000	0.809566	2.848302
0.684	0.003	3.518306	0.971732	0.000000	0.809566	2.848302
0.684	0.004	3.518306	0.971732	0.000000	0.809566	2.848302
0.685	0.000	3.467282	0.971732	0.000000	0.821480	2.848304
0.685	0.001	3.467282	0.971732	0.000000	0.821480	2.848304
0.685	0.002	3.467282	0.971732	0.000000	0.821480	2.848304
0.685	0.003	3.467282	0.971732	0.000000	0.821480	2.848304
0.685	0.004	3.467282	0.971732	0.000000	0.821480	2.848304
0.686	0.000	3.414439	0.971732	0.000000	0.834194	2.848306
0.686	0.001	3.414439	0.971732	0.000000	0.834194	2.848306
0.686	0.002	3.414439	0.971732	0.000000	0.834194	2.848306
0.686	0.003	3.414439	0.971732	0.000000	0.834194	2.848306
0.686	0.004	3.414439	0.971732	0.000000	0.834194	2.848306
0.687	0.000	3.360048	0.971733	0.000000	0.847698	2.848305
0.687	0.001	3.360048	0.971733	0.000000	0.847698	2.848305
0.687	0.002	3.360048	0.971733	0.000000	0.847698	2.848305
0.687	0.003	3.360048	0.971733	0.000000	0.847698	2.848305
0.687	0.004	3.360048	0.971733	0.000000	0.847698	2.848305
0.688	0.000	3.304407	0.971733	0.000000	0.861972	2.848307
0.688	0.001	3.304407	0.971733	0.000000	0.861972	2.848307
0.688	0.002	3.304407	0.971733	0.000000	0.861972	2.848307
0.688	0.003	3.304407	0.971733	0.000000	0.861972	2.848307
0.688	0.004	3.304407	0.971733	0.000000	0.861972	2.848307
0.689	0.000	3.247825	0.971733	0.000000	0.876989	2.848308
0.689	0.001	3.247825	0.971733	0.000000	0.876989	2.848308
0.689	0.002	3.247825	0.971733	0.000000	0.876989	2.848308
0.689	0.003	3.247825	0.971733	0.000000	0.876989	2.848308
0.689	0.004	3.247825	0.971733	0.000000	0.876989	2.848308
0.690	0.000	3.190617	0.971733	0.000000	0.892714	2.848308
0.690	0.001	3.190617	0.971733	0.000000	0.892714	2.848308
0.690	0.002	3.190617	0.971733	0.000000	0.892714	2.848308
0.690	0.003	3.190617	0.971733	0.000000	0.892714	2.848308
0.690	0.004	3.190617	0.971733	0.000000	0.892714	2.848308
0.691	0.000	3.133101	0.971733	0.000000	0.909102	2.848310
0.691	0.001	3.133101	0.971733	0.000000	0.909102	2.848310
0.691	0.002	3.133101	0.971733	0.000000	0.909102	2.848310
0.691	0.003	3.133101	0.971733	0.000000	0.909102	2.848310
0.691	0.004	3.133101	0.971733	0.000000	0.909102	2.848310
0.692	0.000	3.075593	0.971733	0.000000	0.926102	2.848311
0.692	0.001	3.075593	0.971733	0.000000	0.926102	2.848311
0.692	0.002	3.075593	0.971733	0.000000	0.926102	2.848311
0.692	0.003	3.075593	0.971733	0.000000	0.926102	2.848311
0.692	0.004	3.075593	0.971733	0.000000	0.926102	2.848311
0.693	0.000	3.018394	0.971733	0.000000	0.943652	2.848313
0.693	0.001	3.018394	0.971733	0.000000	0.943652	2.848313
0.693	0.002	3.018394	0.971733	0.000000	0.943652	2.848313
0.693	0.003	3.018394	0.971733	0.000000	0.943652	2.848313
0.693	0.004	3.018394	0.971733	0.000000	0.943652	2.848313
0.694	0.000	2.961794	0.971733	0.000000	0.961685	2.848314
0.694	0.001	2.961794	0.971733	0.000000	0.961685	2.848314
0.694	0.002	2.961794	0.971733	0.000000	0.961685	2.848314
0.694	0.003	2.961794	0.971733	0.000000	0.961685	2.848314
0.694	0.004	2.961794	0.971733	0.000000	0.961685	2.848314
0.695	0.000	2.906065	0.971733	0.000000	0.980128	2.848315
0.695	0.001	2.906065	0.971733	0.000000	0.980128	2.848315
0.695	0.002	2.906065	0.971733	0.000000	0.980128	2.848315
0.695	0.003	2.906065	0.971733	0.000000	0.980128	2.848315
0.695	0.004	2.906065	0.971733	0.000000	0.980128	2.848315
0.696	0.000	2.851457	0.971733	0.000000	0.998898	2.848315
0.696	0.001	2.851457	0.971733	0.000000	0.998898	2.848315
0.696	0.002	2.851457	0.971733	0.000000	0.998898	2.848315
0.696	0.003	2.851457	0.971733	0.000000	0.998898	2.848315
0.696	0.004	2.851457	0.971733	0.000000	0.998898	2.848315
0.697	0.000	2.798195	0.971734	0.000000	1.017912	2.848315
0.697	0.001	2.798195	0.971734	0.000000	1.017912	2.848315
0.697	0.002	2.798195	0.971734	0.000000	1.017912	2.848315
0.697	0.003	2.798195	0.971734	0.000000	1.017912	2.848315
0.697	0.004	2.798195	0.971734	0.000000	1.017912	2.848315
0.698	0.000	2.746478	0.971734	0.000000	1.037079	2.848315
0.698	0.001	2.746478	0.971734	0.000000	1.037079	2.848315
0.698	0.002	2.746478	0.971734	0.000000	1.037079	2.848315
0.698	0.003	2.746478	0.971734	0.000000	1.037079	2.848315
0.698	0.004	2.746478	0.971734	0.000000	1.037079	2.848315
0.699	0.000	2.696481	0.971734	0.000000	1.056308	2.848316
0.699	0.001	2.696481	0.971734	0.000000	1.056308	2.848316
0.699	0.002	2.696481	0.971734	0.000000	1.056308	2.848316
0.699	0.003	2.696481	0.971734	0.000000	1.056308	2.848316
0.699	0.004	2.696481	0.971734	0.000000	1.056308	2.848316
0.700	0.000	2.648350	0.971735	0.000000	1.075506	2.848316
0.700	0.001	2.648350	0.971735	0.000000	1.075506	2.848316
0.700	0.002	2.648350	0.971735	0.000000	1.075506	2.848316
0.700	0.003	2.648350	0.971735	0.000000	1.075506	2.848316
0.700	0.004	2.648350	0.971735	0.000000	1.075506	2.848316
0.701	0.000	2.602204	0.971735	0.000000	1.094579	2.848317
0.701	0.001	2.602204	0.971735	0.000000	1.094579	2.848317
0.701	0.002	2.602204	0.971735	0.000000	1.094579	2.848317
0.701	0.003	2.602204	0.971735	0.000000	1.094579	2.848317
0.701	0.004	2.602204	0.971735	0.000000	1.094579	2.848317
0.702	0.000	2.558139	0.971735	0.000000	1.113433	2.848318
0.702	0.001	2.558139	0.971735	0.000000	1.113433	2.848318
0.702	0.002	2.558139	0.971735	0.000000	1.113433	2.848318
0.702	0.003	2.558139	0.971735	0.000000	1.113433	2.848318
0.702	0.004	2.558139	0.971735	0.000000	1.113433	2.848318
0.703	0.000	2.516222	0.971735	0.000000	1.131982	2.848319
0.703	0.001	2.516222	0.971735	0.000000	1.131982	2.848319
0.703	0.002	2.516222	0.971735	0.000000	1.131982	2.848319
0.703	0.003	2.516222	0.971735	0.000000	1.131982	2.848319
0.703	0.004	2.516222	0.971735	0.000000	1.131982	2.848319
0.704	0.000	2.476500	0.971736	0.000000	1.150138	2.848318
0.704	0.001	2.476500	0.971736	0.000000	1.150138	2.848318
0.704	0.002	2.476500	0.971736	0.000000	1.150138	2.848318
0.704	0.003	2.476500	0.971736	0.000000	1.150138	2.848318
0.704	0.004	2.476500	0.971736	0.000000	1.150138	2.848318
0.705	0.000	2.438999	0.971736	0.000000	1.167823	2.848320
0.705	0.001	2.438999	0.971736	0.000000	1.167823	2.848320
0.705	0.002	2.438999	0.971736	0.000000	1.167823	2.848320
0.705	0.003	2.438999	0.971736	0.000000	1.167823	2.848320
0.705	0.004	2.438999	0.971736	0.000000	1.167823	2.848320
0.706	0.000	2.403720	0.971736	0.000000	1.184963	2.848319
0.706	0.001	2.403720	0.971736	0.000000	1.184963	2.848319
0.706	0.002	2.403720	0.971736	0.000000	1.184963	2.848319
0.706	0.003	2.403720	0.971736	0.000000	1.184963	2.848319
0.706	0.004	2.403720	0.971736	0.000000	1.184963	2.848319
0.707	0.000	2.370654	0.971736	0.000000	1.201491	2.848320
0.707	0.001	2.370654	0.971736	0.000000	1.201491	2.848320
0.707	0.002	2.370654	0.971736	0.000000	1.201491	2.848320
0.707	0.003	2.370654	0.971736	0.000000	1.201491	2.848320
0.707	0.004	2.370654	0.971736	0.000000	1.201491	2.848320
0.708	0.000	2.339771	0.971737	0.000000	1.217351	2.848321
0.708	0.001	2.339771	0.971737	0.000000	1.217351	2.848321
0.708	0.002	2.339771	0.971737	0.000000	1.217351	2.848321
0.708	0.003	2.339771	0.971737	0.000000	1.217351	2.848321
0.708	0.004	2.339771	0.971737	0.000000	1.217351	2.848321
0.709	0.000	2.311027	0.971737	0.000000	1.232492	2.848323
0.709	0.001	2.311027	0.971737	0.000000	1.232492	2.848323
0.709	0.002	2.311027	0.971737	0.000000	1.232492	2.848323
0.709	0.003	2.311027	0.971737	0.000000	1.232492	2.848323
0.709	0.004	2.311027	0.971737	0.000000	1.232492	2.848323
0.710	0.000	2.284366	0.971737	0.000000	1.246877	2.848323
0.710	0.001	2.284366	0.971737	0.000000	1.246877	2.848323
0.710	0.002	2.284366	0.971737	0.000000	1.246877	2.848323
0.710	0.003	2.284366	0.971737	0.000000	1.246877	2.848323
0.710	0.004	2.284366	0.971737	0.000000	1.246877	2.848323
0.711	0.000	2.259724	0.971737	0.000000	1.260474	2.848324
0.711	0.001	2.259724	0.971737	0.000000	1.260474	2.848324
0.711	0.002	2.259724	0.971737	0.000000	1.260474	2.848324
0.711	0.003	2.259724	0.971737	0.000000	1.260474	2.848324
0.711	0.004	2.259724	0.971737	0.000000	1.260474	2.848324
0.712	0.000	2.237027	0.971737	0.000000	1.273264	2.848325
0.712	0.001	2.237027	0.971737	0.000000	1.273264	2.848325
0.712	0.002	2.237027	0.971737	0.000000	1.273264	2.848325
0.712	0.003	2.237027	0.971737	0.000000	1.273264	2.848325
0.712	0.004	2.237027	0.971737	0.000000	1.273264	2.848325
0.713	0.000	2.216193	0.971737	0.000000	1.285234	2.848326
0.713	0.001	2.216193	0.971737	0.000000	1.285234	2.848326
0.713	0.002	2.216193	0.971737	0.000000	1.285234	2.848326
0.713	0.003	2.216193	0.971737	0.000000	1.285234	2.848326
0.713	0.004	2.216193	0.971737	0.000000	1.285234	2.848326
0.714	0.000	2.197135	0.971738	0.000000	1.296382	2.848327
0.714	0.001	2.197135	0.971738	0.000000	1.296382	2.848327
0.714	0.002	2.197135	0.971738	0.000000	1.296382	2.848327
0.714	0.003	2.197135	0.971738	0.000000	1.296382	2.848327
0.714	0.004	2.197135	0.971738	0.000000	1.296382	2.848327
0.715	0.000	2.179763	0.971738	0.000000	1.306714	2.848328
0.715	0.001	2.179763	0.971738	0.000000	1.306714	2.848328
0.715	0.002	2.179763	0.971738	0.000000	1.306714	2.848328
0.715	0.003	2.179763	0.971738	0.000000	1.306714	2.848328
0.715	0.004	2.179763	0.971738	0.000000	1.306714	2.848328
0.716	0.000	2.163984	0.971738	0.000000	1.316243	2.848329
0.716	0.001	2.163984	0.971738	0.000000	1.316243	2.848329
0.716	0.002	2.163984	0.971738	0.000000	1.316243	2.848329
0.716	0.003	2.163984	0.971738	0.000000	1.316243	2.848329
0.716	0.004	2.163984	0.971738	0.000000	1.316243	2.848329
0.717	0.000	2.149700	0.971738	0.000000	1.324989	2.848330
0.717	0.001	2.149700	0.971738	0.000000	1.324989	2.848330
0.717	0.002	2.149700	0.971738	0.000000	1.324989	2.848330
0.717	0.003	2.149700	0.971738	0.000000	1.324989	2.848330
0.717	0.004	2.149700	0.971738	0.000000	1.324989	2.848330
0.718	0.000	2.136817	0.971738	0.000000	1.332978	2.848330
0.718	0.001	2.136817	0.971738	0.000000	1.332978	2.848330
0.718	0.002	2.136817	0.971738	0.000000	1.332978	2.848330
0.718	0.003	2.136817	0.971738	0.000000	1.332978	2.848330
0.718	0.004	2.136817	0.971738	0.000000	1.332978	2.848330
0.719	0.000	2.125239	0.971738	0.000000	1.340240	2.848331
0.719	0.001	2.125239	0.971738	0.000000	1.340240	2.848331
0.719	0.002	2.125239	0.971738	0.000000	1.340240	2.848331
0.719	0.003	2.125239	0.971738	0.000000	1.340240	2.848331
0.719	0.004	2.125239	0.971738	0.000000	1.340240	2.848331
0.720	0.000	2.114872	0.971738	0.000000	1.346811	2.848332
0.720	0.001	2.114872	0.971738	0.000000	1.346811	2.848332
0.720	0.002	2.114872	0.971738	0.000000	1.346811	2.848332
0.720	0.003	2.114872	0.971738	0.000000	1.346811	2.848332
0.720	0.004	2.114872	0.971738	0.000000	1.346811	2.848332
0.721	0.000	2.105621	0.971739	0.000000	1.352728	2.848333
0.721	0.001	2.105621	0.971739	0.000000	1.352728	2.848333
0.721	0.002	2.105621	0.971739	0.000000	1.352728	2.848333
0.721	0.003	2.105621	0.971739	0.000000	1.352728	2.848333
0.721	0.004	2.105621	0.971739	0.000000	1.352728	2.848333
0.722	0.000	2.097399	0.971739	0.000000	1.358031	2.848333
0.722	0.001	2.097399	0.971739	0.000000	1.358031	2.848333
0.722	0.002	2.097399	0.971739	0.000000	1.358031	2.848333
0.722	0.003	2.097399	0.971739	0.000000	1.358031	2.848333
0.722	0.004	2.097399	0.971739	0.000000	1.358031	2.848333
0.723	0.000	2.090118	0.971739	0.000000	1.362762	2.848334
0.723	0.001	2.090118	0.971739	0.000000	1.362762	2.848334
0.723	0.002	2.090118	0.971739	0.000000	1.362762	2.848334
0.723	0.003	2.090118	0.971739	0.000000	1.362762	2.848334
0.723	0.004	2.090118	0.971739	0.000000	1.362762	2.848334
0.724	0.000	2.083694	0.971740	0.000000	1.366964	2.848335
0.724	0.001	2.083694	0.971740	0.000000	1.366964	2.848335
0.724	0.002	2.083694	0.971740	0.000000	1.366964	2.848335
0.724	0.003	2.083694	0.971740	0.000000	1.366964	2.848335
0.724	0.004	2.083694	0.971740	0.000000	1.366964	2.848335
0.725	0.000	2.078049	0.971740	0.000000	1.370678	2.848336
0.725	0.001	2.078049	0.971740	0.000000	1.370678	2.848336
0.725	0.002	2.078049	0.971740	0.000000	1.370678	2.848336
0.725	0.003	2.078049	0.971740	0.000000	1.370678	2.848336
0.725	0.004	2.078049	0.971740	0.000000	1.370678	2.848336
0.726	0.000	2.073107	0.971740	0.000000	1.373946	2.848337
0.726	0.001	2.073107	0.971740	0.000000	1.373946	2.848337
0.726	0.002	2.073107	0.971740	0.000000	1.373946	2.848337
0.726	0.003	2.073107	0.971740	0.000000	1.373946	2.848337
0.726	0.004	2.073107	0.971740	0.000000	1.373946	2.848337
0.727	0.000	2.068796	0.971740	0.000000	1.376809	2.848337
0.727	0.001	2.068796	0.971740	0.000000	1.376809	2.848337
0.727	0.002	2.068796	0.971740	0.000000	1.376809	2.848337
0.727	0.003	2.068796	0.971740	0.000000	1.376809	2.848337
0.727	0.004	2.068796	0.971740	0.000000	1.376809	2.848337
0.728	0.000	2.065052	0.971740	0.000000	1.379306	2.848338
0.728	0.001	2.065052	0.971740	0.000000	1.379306	2.848338
0.728	0.002	2.065052	0.971740	0.000000	1.379306	2.848338
0.728	0.003	2.065052	0.971740	0.000000	1.379306	2.848338
0.728	0.004	2.065052	0.971740	0.000000	1.379306	2.848338
0.729	0.000	2.061813	0.971740	0.000000	1.381473	2.848338
0.729	0.001	2.061813	0.971740	0.000000	1.381473	2.848338
0.729	0.002	2.061813	0.971740	0.000000	1.381473	2.848338
0.729	0.003	2.061813	0.971740	0.000000	1.381473	2.848338
0.729	0.004	2.061813	0.971740	0.000000	1.381473	2.848338
0.730	0.000	2.059022	0.971741	0.000000	1.383346	2.848340
0.730	0.001	2.059022	0.971741	0.000000	1.383346	2.848340
0.730	0.002	2.059022	0.971741	0.000000	1.383346	2.848340
0.730	0.003	2.059022	0.971741	0.000000	1.383346	2.848340
0.730	0.004	2.059022	0.971741	0.000000	1.383346	2.848340
0.731	0.000	2.056627	0.971741	0.000000	1.384958	2.848341
0.731	0.001	2.056627	0.971741	0.000000	1.384958	2.848341
0.731	0.002	2.056627	0.971741	0.000000	1.384958	2.848341
0.731	0.003	2.056627	0.971741	0.000000	1.384958	2.848341
0.731	0.004	2.056627	0.971741	0.000000	1.384958	2.848341
0.732	0.000	2.054579	0.971741	0.000000	1.386338	2.848341
0.732	0.001	2.054579	0.971741	0.000000	1.386338	2.848341
0.732	0.002	2.054579	0.971741	0.000000	1.386338	2.848341
0.732	0.003	2.054579	0.971741	0.000000	1.386338	2.848341
0.732	0.004	2.054579	0.971741	0.000000	1.386338	2.848341
0.733	0.000	2.052837	0.971741	0.000000	1.387515	2.848342
0.733	0.001	2.052837	0.971741	0.000000	1.387515	2.848342
0.733	0.002	2.052837	0.971741	0.000000	1.387515	2.848342
0.733	0.003	2.052837	0.971741	0.000000	1.387515	2.848342
0.733	0.004	2.052837	0.971741	0.000000	1.387515	2.848342
0.734	0.000	2.051361	0.971741	0.000000	1.388514	2.848343
0.734	0.001	2.051361	0.971741	0.000000	1.388514	2.848343
0.734	0.002	2.051361	0.971741	0.000000	1.388514	2.848343
0.734	0.003	2.051361	0.971741	0.000000	1.388514	2.848343
0.734	0.004	2.051361	0.971741	0.000000	1.388514	2.848343
0.735	0.000	2.050114	0.971742	0.000000	1.389359	2.848344
0.735	0.001	2.050114	0.971742	0.000000	1.389359	2.848344
0.735	0.002	2.050114	0.971742	0.000000	1.389359	2.848344
0.735	0.003	2.050114	0.971742	0.000000	1.389359	2.848344
0.735	0.004	2.050114	0.971742	0.000000	1.389359	2.848344
0.736	0.000	2.049067	0.971742	0.000000	1.390069	2.848344
0.736	0.001	2.049067	0.971742	0.000000	1.390069	2.848344
0.736	0.002	2.049067	0.971742	0.000000	1.390069	2.848344
0.736	0.003	2.049067	0.971742	0.000000	1.390069	2.848344
0.736	0.004	2.049067	0.971742	0.000000	1.390069	2.848344
0.737	0.000	2.048191	0.971742	0.000000	1.390664	2.848344
0.737	0.001	2.048191	0.971742	0.000000	1.390664	2.848344
0.737	0.002	2.048191	0.971742	0.000000	1.390664	2.848344
0.737	0.003	2.048191	0.971742	0.000000	1.390664	2.848344
0.737	0.004	2.048191	0.971742	0.000000	1.390664	2.848344
0.738	0.000	2.047461	0.971742	0.000000	1.391160	2.848346
0.738	0.001	2.047461	0.971742	0.000000	1.391160	2.848346
0.738	0.002	2.047461	0.971742	0.000000	1.391160	2.848346
0.738	0.003	2.047461	0.971742	0.000000	1.391160	2.848346
0.738	0.004	2.047461	0.971742	0.000000	1.391160	2.848346
0.739	0.000	2.046856	0.971743	0.000000	1.391571	2.848346
0.739	0.001	2.046856	0.971743	0.000000	1.391571	2.848346
0.739	0.002	2.046856	0.971743	0.000000	1.391571	2.848346
0.739	0.003	2.046856	0.971743	0.000000	1.391571	2.848346
0.739	0.004	2.046856	0.971743	0.000000	1.391571	2.848346
0.740	0.000	2.046357	0.971743	0.000000	1.391911	2.848346
0.740	0.001	2.046357	0.971743	0.000000	1.391911	2.848346
0.740	0.002	2.046357	0.971743	0.000000	1.391911	2.848346
0.740	0.003	2.046357	0.971743	0.000000	1.391911	2.848346
0.740	0.004	2.046357	0.971743	0.000000	1.391911	2.848346
0.741	0.000	2.045948	0.971743	0.000000	1.392190	2.848347
0.741	0.001	2.045948	0.971743	0.000000	1.392190	2.848347
0.741	0.002	2.045948	0.971743	0.000000	1.392190	2.848347
0.741	0.003	2.045948	0.971743	0.000000	1.392190	2.848347
0.741	0.004	2.045948	0.971743	0.000000	1.392190	2.848347
0.742	0.000	2.045613	0.971743	0.000000	1.392418	2.848347
0.742	0.001	2.045613	0.971743	0.000000	1.392418	2.848347
0.742	0.002	2.045613	0.971743	0.000000	1.392418	2.848347
0.742	0.003	2.045613	0.971743	0.000000	1.392418	2.848347
0.742	0.004	2.045613	0.971743	0.000000	1.392418	2.848347
0.743	0.000	2.045341	0.971743	0.000000	1.392603	2.848349
0.743	0.001	2.045341	0.971743	0.000000	1.392603	2.848349
0.743	0.002	2.045341	0.971743	0.000000	1.392603	2.848349
0.743	0.003	2.045341	0.971743	0.000000	1.392603	2.848349
0.743	0.004	2.045341	0.971743	0.000000	1.392603	2.848349
0.744	0.000	2.045121	0.971744	0.000000	1.392753	2.848349
0.744	0.001	2.045121	0.971744	0.000000	1.392753	2.848349
0.744	0.002	2.045121	0.971744	0.000000	1.392753	2.848349
0.744	0.003	2.045121	0.971744	0.000000	1.392753	2.848349
0.744	0.004	2.045121	0.971744	0.000000	1.392753	2.848349
0.745	0.000	2.044944	0.971744	0.000000	1.392874	2.848351
0.745	0.001	2.044944	0.971744	0.000000	1.392874	2.848351
0.745	0.002	2.044944	0.971744	0.000000	1.392874	2.848351
0.745	0.003	2.044944	0.971744	0.000000	1.392874	2.848351
0.745	0.004	2.044944	0.971744	0.000000	1.392874	2.848351
0.746	0.000	2.044803	0.971744	0.000000	1.392971	2.848351
0.746	0.001	2.044803	0.971744	0.000000	1.392971	2.848351
0.746	0.002	2.044803	0.971744	0.000000	1.392971	2.848351
0.746	0.003	2.044803	0.971744	0.000000	1.392971	2.848351
0.746	0.004	2.044803	0.971744	0.000000	1.392971	2.848351
0.747	0.000	2.044691	0.971744	0.000000	1.393048	2.848352
0.747	0.001	2.044691	0.971744	0.000000	1.393048	2.848352
0.747	0.002	2.044691	0.971744	0.000000	1.393048	2.848352
0.747	0.003	2.044691	0.971744	0.000000	1.393048	2.848352
0.747	0.004	2.044691	0.971744	0.000000	1.393048	2.848352
0.748	0.000	2.044603	0.971745	0.000000	1.393108	2.848353
0.748	0.001	2.044603	0.971745	0.000000	1.393108	2.848353
0.748	0.002	2.044603	0.971745	0.000000	1.393108	2.848353
0.748	0.003	2.044603	0.971745	0.000000	1.393108	2.848353
0.748	0.004	2.044603	0.971745	0.000000	1.393108	2.848353
0.749	0.000	2.044534	0.971745	0.000000	1.393155	2.848353
0.749	0.001	2.044534	0.971745	0.000000	1.393155	2.848353
0.749	0.002	2.044534	0.971745	0.000000	1.393155	2.848353
0.749	0.003	2.044534	0.971745	0.000000	1.393155	2.848353
0.749	0.004	2.044534	0.971745	0.000000	1.393155	2.848353
0.750	0.000	2.044480	0.971745	0.000000	1.393192	2.848354
0.750	0.001	2.044480	0.971745	0.000000	1.393192	2.848354
0.750	0.002	2.044480	0.971745	0.000000	1.393192	2.848354
0.750	0.003	2.044480	0.971745	0.000000	1.393192	2.848354
0.750	0.004	2.044480	0.971745	0.000000	1.393192	2.848354
0.751	0.000	2.044439	0.971746	0.000000	1.393221	2.848355
0.751	0.001	2.044439	0.971746	0.000000	1.393221	2.848355
0.751	0.002	2.044439	0.971746	0.000000	1.393221	2.848355
0.751	0.003	2.044439	0.971746	0.000000	1.393221	2.848355
0.751	0.004	2.044439	0.971746	0.000000	1.393221	2.848355
0.752	0.000	2.044409	0.971746	0.000000	1.393242	2.848356
0.752	0.001	2.044409	0.971746	0.000000	1.393242	2.848356
0.752	0.002	2.044409	0.971746	0.000000	1.393242	2.848356
0.752	0.003	2.044409	0.971746	0.000000	1.393242	2.848356
0.752	0.004	2.044409	0.971746	0.000000	1.393242	2.848356
0.753	0.000	2.044386	0.971746	0.000000	1.393258	2.848356
0.753	0.001	2.044386	0.971746	0.000000	1.393258	2.848356
0.753	0.002	2.044386	0.971746	0.000000	1.393258	2.848356
0.753	0.003	2.044386	0.971746	0.000000	1.393258	2.848356
0.753	0.004	2.044386	0.971746	0.000000	1.393258	2.848356
0.754	0.000	2.044369	0.971746	0.000000	1.393270	2.848357
0.754	0.001	2.044369	0.971746	0.000000	1.393270	2.848357
0.754	0.002	2.044369	0.971746	0.000000	1.393270	2.848357
0.754	0.003	2.044369	0.971746	0.000000	1.393270	2.848357
0.754	0.004	2.044369	0.971746	0.000000	1.393270	2.848357
0.755	0.000	2.044357	0.971747	0.000000	1.393278	2.848358
0.755	0.001	2.044357	0.971747	0.000000	1.393278	2.848358
0.755	0.002	2.044357	0.971747	0.000000	1.393278	2.848358
0.755	0.003	2.044357	0.971747	0.000000	1.393278	2.848358
0.755	0.004	2.044357	0.971747	0.000000	1.393278	2.848358
0.756	0.000	2.044349	0.971747	0.000000	1.393284	2.848359
0.756	0.001	2.044349	0.971747	0.000000	1.393284	2.848359
0.756	0.002	2.044349	0.971747	0.000000	1.393284	2.848359
0.756	0.003	2.044349	0.971747	0.000000	1.393284	2.848359
0.756	0.004	2.044349	0.971747	0.000000	1.393284	2.848359
0.757	0.000	2.044344	0.971747	0.000000	1.393288	2.848360
0.757	0.001	2.044344	0.971747	0.000000	1.393288	2.848360
0.757	0.002	2.044344	0.971747	0.000000	1.393288	2.848360
0.757	0.003	2.044344	0.971747	0.000000	1.393288	2.848360
0.757	0.004	2.044344	0.971747	0.000000	1.393288	2.848360
0.758	0.000	2.044342	0.971748	0.000000	1.393290	2.848361
0.758	0.001	2.044342	0.971748	0.000000	1.393290	2.848361
0.758	0.002	2.044342	0.971748	0.000000	1.393290	2.848361
0.758	0.003	2.044342	0.971748	0.000000	1.393290	2.848361
0.758	0.004	2.044342	0.971748	0.000000	1.393290	2.848361
0.759	0.000	2.044342	0.971748	0.000000	1.393290	2.848361
0.759	0.001	2.044342	0.971748	0.000000	1.393290	2.848361
0.759	0.002	2.044342	0.971748	0.000000	1.393290	2.848361
0.759	0.003	2.044342	0.971748	0.000000	1.393290	2.848361
0.759	0.004	2.044342	0.971748	0.000000	1.393290	2.848361
0.760	0.000	2.044342	0.971748	0.000000	1.393291	2.848363
0.760	0.001	2.044342	0.971748	0.000000	1.393291	2.848363
0.760	0.002	2.044342	0.971748	0.000000	1.393291	2.848363
0.760	0.003	2.044342	0.971748	0.000000	1.393291	2.848363
0.760	0.004	2.044342	0.971748	0.000000	1.393291	2.848363
0.761	0.000	2.044344	0.971749	0.000000	1.393290	2.848363
0.761	0.001	2.044344	0.971749	0.000000	1.393290	2.848363
0.761	0.002	2.044344	0.971749	0.000000	1.393290	2.848363
0.761	0.003	2.044344	0.971749	0.000000	1.393290	2.848363
0.761	0.004	2.044344	0.971749	0.000000	1.393290	2.848363
0.762	0.000	2.044346	0.971749	0.000000	1.393289	2.848365
0.762	0.001	2.044346	0.971749	0.000000	1.393289	2.848365
0.762	0.002	2.044346	0.971749	0.000000	1.393289	2.848365
0.762	0.003	2.044346	0.971749	0.000000	1.393289	2.848365
0.762	0.004	2.044346	0.971749	0.000000	1.393289	2.848365
0.763	0.000	2.044349	0.971749	0.000000	1.393287	2.848366
0.763	0.001	2.044349	0.971749	0.000000	1.393287	2.848366
0.763	0.002	2.044349	0.971749	0.000000	1.393287	2.848366
0.763	0.003	2.044349	0.971749	0.000000	1.393287	2.848366
0.763	0.004	2.044349	0.971749	0.000000	1.393287	2.848366
0.764	0.000	2.044353	0.971749	0.000000	1.393286	2.848367
0.764	0.001	2.044353	0.971749	0.000000	1.393286	2.848367
0.764	0.002	2.044353	0.971749	0.000000	1.393286	2.848367
0.764	0.003	2.044353	0.971749	0.000000	1.393286	2.848367
0.764	0.004	2.044353	0.971749	0.000000	1.393286	2.848367
0.765	0.000	2.044356	0.971749	0.000000	1.393284	2.848368
0.765	0.001	2.044356	0.971749	0.000000	1.393284	2.848368
0.765	0.002	2.044356	0.971749	0.000000	1.393284	2.848368
0.765	0.003	2.044356	0.971749	0.000000	1.393284	2.848368
0.765	0.004	2.044356	0.971749	0.000000	1.393284	2.848368
0.766	0.000	2.044359	0.971750	0.000000	1.393282	2.848368
0.766	0.001	2.044359	0.971750	0.000000	1.393282	2.848368
0.766	0.002	2.044359	0.971750	0.000000	1.393282	2.848368
0.766	0.003	2.044359	0.971750	0.000000	1.393282	2.848368
0.766	0.004	2.044359	0.971750	0.000000	1.393282	2.848368
0.767	0.000	2.044362	0.971750	0.000000	1.393280	2.848369
0.767	0.001	2.044362	0.971750	0.000000	1.393280	2.848369
0.767	0.002	2.044362	0.971750	0.000000	1.393280	2.848369
0.767	0.003	2.044362	0.971750	0.000000	1.393280	2.848369
0.767	0.004	2.044362	0.971750	0.000000	1.393280	2.848369
0.768	0.000	2.044365	0.971751	0.000000	1.393279	2.848370
0.768	0.001	2.044365	0.971751	0.000000	1.393279	2.848370
0.768	0.002	2.044365	0.971751	0.000000	1.393279	2.848370
0.768	0.003	2.044365	0.971751	0.000000	1.393279	2.848370
0.768	0.004	2.044365	0.971751	0.000000	1.393279	2.848370
0.769	0.000	2.044368	0.971751	0.000000	1.393277	2.848371
0.769	0.001	2.044368	0.971751	0.000000	1.393277	2.848371
0.769	0.002	2.044368	0.971751	0.000000	1.393277	2.848371
0.769	0.003	2.044368	0.971751	0.000000	1.393277	2.848371
0.769	0.004	2.044368	0.971751	0.000000	1.393277	2.848371
0.770	0.000	2.044371	0.971751	0.000000	1.393275	2.848372
0.770	0.001	2.044371	0.971751	0.000000	1.393275	2.848372
0.770	0.002	2.044371	0.971751	0.000000	1.393275	2.848372
0.770	0.003	2.044371	0.971751	0.000000	1.393275	2.848372
0.770	0.004	2.044371	0.971751	0.000000	1.393275	2.848372
0.771	0.000	2.044374	0.971752	0.000000	1.393274	2.848372
0.771	0.001	2.044374	0.971752	0.000000	1.393274	2.848372
0.771	0.002	2.044374	0.971752	0.000000	1.393274	2.848372
0.771	0.003	2.044374	0.971752	0.000000	1.393274	2.848372
0.771	0.004	2.044374	0.971752	0.000000	1.393274	2.848372
0.772	0.000	2.044376	0.971752	0.000000	1.393272	2.848372
0.772	0.001	2.044376	0.971752	0.000000	1.393272	2.848372
0.772	0.002	2.044376	0.971752	0.000000	1.393272	2.848372
0.772	0.003	2.044376	0.971752	0.000000	1.393272	2.848372
0.772	0.004	2.044376	0.971752	0.000000	1.393272	2.848372
0.773	0.000	2.044379	0.971753	0.000000	1.393271	2.848373
0.773	0.001	2.044379	0.971753	0.000000	1.393271	2.848373
0.773	0.002	2.044379	0.971753	0.000000	1.393271	2.848373
0.773	0.003	2.044379	0.971753	0.000000	1.393271	2.848373
0.773	0.004	2.044379	0.971753	0.000000	1.393271	2.848373
0.774	0.000	2.044381	0.971753	0.000000	1.393270	2.848374
0.774	0.001	2.044381	0.971753	0.000000	1.393270	2.848374
0.774	0.002	2.044381	0.971753	0.000000	1.393270	2.848374
0.774	0.003	2.044381	0.971753	0.000000	1.393270	2.848374
0.774	0.004	2.044381	0.971753	0.000000	1.393270	2.848374
0.775	0.000	2.044384	0.971753	0.000000	1.393268	2.848375
0.775	0.001	2.044384	0.971753	0.000000	1.393268	2.848375
0.775	0.002	2.044384	0.971753	0.000000	1.393268	2.848375
0.775	0.003	2.044384	0.971753	0.000000	1.393268	2.848375
0.775	0.004	2.044384	0.971753	0.000000	1.393268	2.848375
0.776	0.000	2.044386	0.971753	0.000000	1.393268	2.848377
0.776	0.001	2.044386	0.971753	0.000000	1.393268	2.848377
0.776	0.002	2.044386	0.971753	0.000000	1.393268	2.848377
0.776	0.003	2.044386	0.971753	0.000000	1.393268	2.848377
0.776	0.004	2.044386	0.971753	0.000000	1.393268	2.848377
0.777	0.000	2.044389	0.971754	0.000000	1.393266	2.848377
0.777	0.001	2.044389	0.971754	0.000000	1.393266	2.848377
0.777	0.002	2.044389	0.971754	0.000000	1.393266	2.848377
0.777	0.003	2.044389	0.971754	0.000000	1.393266	2.848377
0.777	0.004	2.044389	0.971754	0.000000	1.393266	2.848377
0.778	0.000	2.044391	0.971755	0.000000	1.393265	2.848378
0.778	0.001	2.044391	0.971755	0.000000	1.393265	2.848378
0.778	0.002	2.044391	0.971755	0.000000	1.393265	2.848378
0.778	0.003	2.044391	0.971755	0.000000	1.393265	2.848378
0.778	0.004	2.044391	0.971755	0.000000	1.393265	2.848378
0.779	0.000	2.044393	0.971755	0.000000	1.393264	2.848379
0.779	0.001	2.044393	0.971755	0.000000	1.393264	2.848379
0.779	0.002	2.044393	0.971755	0.000000	1.393264	2.848379
0.779	0.003	2.044393	0.971755	0.000000	1.393264	2.848379
0.779	0.004	2.044393	0.971755	0.000000	1.393264	2.848379
0.780	0.000	2.044396	0.971755	0.000000	1.393263	2.848381
0.780	0.001	2.044396	0.971755	0.000000	1.393263	2.848381
0.780	0.002	2.044396	0.971755	0.000000	1.393263	2.848381
0.780	0.003	2.044396	0.971755	0.000000	1.393263	2.848381
0.780	0.004	2.044396	0.971755	0.000000	1.393263	2.848381
0.781	0.000	2.044398	0.971755	0.000000	1.393262	2.848383
0.781	0.001	2.044398	0.971755	0.000000	1.393262	2.848383
0.781	0.002	2.044398	0.971755	0.000000	1.393262	2.848383
0.781	0.003	2.044398	0.971755	0.000000	1.393262	2.848383
0.781	0.004	2.044398	0.971755	0.000000	1.393262	2.848383
0.782	0.000	2.044401	0.971755	0.000000	1.393261	2.848385
0.782	0.001	2.044401	0.971755	0.000000	1.393261	2.848385
0.782	0.002	2.044401	0.971755	0.000000	1.393261	2.848385
0.782	0.003	2.044401	0.971755	0.000000	1.393261	2.848385
0.782	0.004	2.044401	0.971755	0.000000	1.393261	2.848385
0.783	0.000	2.044403	0.971756	0.000000	1.393260	2.848386
0.783	0.001	2.044403	0.971756	0.000000	1.393260	2.848386
0.783	0.002	2.044403	0.971756	0.000000	1.393260	2.848386
0.783	0.003	2.044403	0.971756	0.000000	1.393260	2.848386
0.783	0.004	2.044403	0.971756	0.000000	1.393260	2.848386
0.784	0.000	2.044405	0.971756	0.000000	1.393259	2.848387
0.784	0.001	2.044405	0.971756	0.000000	1.393259	2.848387
0.784	0.002	2.044405	0.971756	0.000000	1.393259	2.848387
0.784	0.003	2.044405	0.971756	0.000000	1.393259	2.848387
0.784	0.004	2.044405	0.971756	0.000000	1.393259	2.848387
0.785	0.000	2.044408	0.971756	0.000000	1.393258	2.848388
0.785	0.001	2.044408	0.971756	0.000000	1.393258	2.848388
0.785	0.002	2.044408	0.971756	0.000000	1.393258	2.848388
0.785	0.003	2.044408	0.971756	0.000000	1.393258	2.848388
0.785	0.004	2.044408	0.971756	0.000000	1.393258	2.848388
0.786	0.000	2.044411	0.971757	0.000000	1.393257	2.848390
0.786	0.001	2.044411	0.971757	0.000000	1.393257	2.848390
0.786	0.002	2.044411	0.971757	0.000000	1.393257	2.848390
0.786	0.003	2.044411	0.971757	0.000000	1.393257	2.848390
0.786	0.004	2.044411	0.971757	0.000000	1.393257	2.848390
0.787	0.000	2.044414	0.971757	0.000000	1.393256	2.848392
0.787	0.001	2.044414	0.971757	0.000000	1.393256	2.848392
0.787	0.002	2.044414	0.971757	0.000000	1.393256	2.848392
0.787	0.003	2.044414	0.971757	0.000000	1.393256	2.848392
0.787	0.004	2.044414	0.971757	0.000000	1.393256	2.848392
0.788	0.000	2.044416	0.971757	0.000000	1.393255	2.848393
0.788	0.001	2.044416	0.971757	0.000000	1.393255	2.848393
0.788	0.002	2.044416	0.971757	0.000000	1.393255	2.848393
0.788	0.003	2.044416	0.971757	0.000000	1.393255	2.848393
0.788	0.004	2.044416	0.971757	0.000000	1.393255	2.848393
0.789	0.000	2.044418	0.971758	0.000000	1.393254	2.848394
0.789	0.001	2.044418	0.971758	0.000000	1.393254	2.848394
0.789	0.002	2.044418	0.971758	0.000000	1.393254	2.848394
0.789	0.003	2.044418	0.971758	0.000000	1.393254	2.848394
0.789	0.004	2.044418	0.971758	0.000000	1.393254	2.848394
0.790	0.000	2.044420	0.971758	0.000000	1.393253	2.848395
0.790	0.001	2.044420	0.971758	0.000000	1.393253	2.848395
0.790	0.002	2.044420	0.971758	0.000000	1.393253	2.848395
0.790	0.003	2.044420	0.971758	0.000000	1.393253	2.848395
0.790	0.004	2.044420	0.971758	0.000000	1.393253	2.848395
0.791	0.000	2.044422	0.971758	0.000000	1.393252	2.848396
0.791	0.001	2.044422	0.971758	0.000000	1.393252	2.848396
0.791	0.002	2.044422	0.971758	0.000000	1.393252	2.848396
0.791	0.003	2.044422	0.971758	0.000000	1.393252	2.848396
0.791	0.004	2.044422	0.971758	0.000000	1.393252	2.848396
0.792	0.000	2.044424	0.971759	0.000000	1.393251	2.848396
0.792	0.001	2.044424	0.971759	0.000000	1.393251	2.848396
0.792	0.002	2.044424	0.971759	0.000000	1.393251	2.848396
0.792	0.003	2.044424	0.971759	0.000000	1.393251	2.848396
0.792	0.004	2.044424	0.971759	0.000000	1.393251	2.848396
0.793	0.000	2.044426	0.971759	0.000000	1.393250	2.848397
0.793	0.001	2.044426	0.971759	0.000000	1.393250	2.848397
0.793	0.002	2.044426	0.971759	0.000000	1.393250	2.848397
0.793	0.003	2.044426	0.971759	0.000000	1.393250	2.848397
0.793	0.004	2.044426	0.971759	0.000000	1.393250	2.848397
0.794	0.000	2.044428	0.971759	0.000000	1.393250	2.848399
0.794	0.001	2.044428	0.971759	0.000000	1.393250	2.848399
0.794	0.002	2.044428	0.971759	0.000000	1.393250	2.848399
0.794	0.003	2.044428	0.971759	0.000000	1.393250	2.848399
0.794	0.004	2.044428	0.971759	0.000000	1.393250	2.848399
0.795	0.000	2.044430	0.971759	0.000000	1.393249	2.848400
0.795	0.001	2.044430	0.971759	0.000000	1.393249	2.848400
0.795	0.002	2.044430	0.971759	0.000000	1.393249	2.848400
0.795	0.003	2.044430	0.971759	0.000000	1.393249	2.848400
0.795	0.004	2.044430	0.971759	0.000000	1.393249	2.848400
0.796	0.000	2.044432	0.971760	0.000000	1.393248	2.848402
0.796	0.001	2.044432	0.971760	0.000000	1.393248	2.848402
0.796	0.002	2.044432	0.971760	0.000000	1.393248	2.848402
0.796	0.003	2.044432	0.971760	0.000000	1.393248	2.848402
0.796	0.004	2.044432	0.971760	0.000000	1.393248	2.848402
0.797	0.000	2.044434	0.971760	0.000000	1.393247	2.848403
0.797	0.001	2.044434	0.971760	0.000000	1.393247	2.848403
0.797	0.002	2.044434	0.971760	0.000000	1.393247	2.848403
0.797	0.003	2.044434	0.971760	0.000000	1.393247	2.848403
0.797	0.004	2.044434	0.971760	0.000000	1.393247	2.848403
0.798	0.000	2.044436	0.971760	0.000000	1.393247	2.848403
0.798	0.001	2.044436	0.971760	0.000000	1.393247	2.848403
0.798	0.002	2.044436	0.971760	0.000000	1.393247	2.848403
0.798	0.003	2.044436	0.971760	0.000000	1.393247	2.848403
0.798	0.004	2.044436	0.971760	0.000000	1.393247	2.848403
0.799	0.000	2.044437	0.971761	0.000000	1.393246	2.848403
0.799	0.001	2.044437	0.971761	0.000000	1.393246	2.848403
0.799	0.002	2.044437	0.971761	0.000000	1.393246	2.848403
0.799	0.003	2.044437	0.971761	0.000000	1.393246	2.848403
0.799	0.004	2.044437	0.971761	0.000000	1.393246	2.848403
0.800	0.000	2.044439	0.971762	0.000000	1.393245	2.848405
0.800	0.001	2.044439	0.971762	0.000000	1.393245	2.848405
0.800	0.002	2.044439	0.971762	0.000000	1.393245	2.848405
0.800	0.003	2.044439	0.971762	0.000000	1.393245	2.848405
0.800	0.004	2.044439	0.971762	0.000000	1.393245	2.848405
0.801	0.000	2.044441	0.971762	0.000000	1.393245	2.848406
0.801	0.001	2.044441	0.971762	0.000000	1.393245	2.848406
0.801	0.002	2.044441	0.971762	0.000000	1.393245	2.848406
0.801	0.003	2.044441	0.971762	0.000000	1.393245	2.848406
0.801	0.004	2.044441	0.971762	0.000000	1.393245	2.848406
0.802	0.000	2.044443	0.971762	0.000000	1.393244	2.848408
0.802	0.001	2.044443	0.971762	0.000000	1.393244	2.848408
0.802	0.002	2.044443	0.971762	0.000000	1.393244	2.848408
0.802	0.003	2.044443	0.971762	0.000000	1.393244	2.848408
0.802	0.004	2.044443	0.971762	0.000000	1.393244	2.848408
0.803	0.000	2.044445	0.971763	0.000000	1.393244	2.848410
0.803	0.001	2.044445	0.971763	0.000000	1.393244	2.848410
0.803	0.002	2.044445	0.971763	0.000000	1.393244	2.848410
0.803	0.003	2.044445	0.971763	0.000000	1.393244	2.848410
0.803	0.004	2.044445	0.971763	0.000000	1.393244	2.848410
0.804	0.000	2.044446	0.971763	0.000000	1.393243	2.848411
0.804	0.001	2.044446	0.971763	0.000000	1.393243	2.848411
0.804	0.002	2.044446	0.971763	0.000000	1.393243	2.848411
0.804	0.003	2.044446	0.971763	0.000000	1.393243	2.848411
0.804	0.004	2.044446	0.971763	0.000000	1.393243	2.848411
0.805	0.000	2.044448	0.971764	0.000000	1.393243	2.848412
0.805	0.001	2.044448	0.971764	0.000000	1.393243	2.848412
0.805	0.002	2.044448	0.971764	0.000000	1.393243	2.848412
0.805	0.003	2.044448	0.971764	0.000000	1.393243	2.848412
0.805	0.004	2.044448	0.971764	0.000000	1.393243	2.848412
0.806	0.000	2.044449	0.971764	0.000000	1.393242	2.848413
0.806	0.001	2.044449	0.971764	0.000000	1.393242	2.848413
0.806	0.002	2.044449	0.971764	0.000000	1.393242	2.848413
0.806	0.003	2.044449	0.971764	0.000000	1.393242	2.848413
0.806	0.004	2.044449	0.971764	0.000000	1.393242	2.848413
0.807	0.000	2.044450	0.971765	0.000000	1.393242	2.848415
0.807	0.001	2.044450	0.971765	0.000000	1.393242	2.848415
0.807	0.002	2.044450	0.971765	0.000000	1.393242	2.848415
0.807	0.003	2.044450	0.971765	0.000000	1.393242	2.848415
0.807	0.004	2.044450	0.971765	0.000000	1.393242	2.848415
0.808	0.000	2.044452	0.971765	0.000000	1.393242	2.848416
0.808	0.001	2.044452	0.971765	0.000000	1.393242	2.848416
0.808	0.002	2.044452	0.971765	0.000000	1.393242	2.848416
0.808	0.003	2.044452	0.971765	0.000000	1.393242	2.848416
0.808	0.004	2.044452	0.971765	0.000000	1.393242	2.848416
0.809	0.000	2.044453	0.971765	0.000000	1.393242	2.848417
0.809	0.001	2.044453	0.971765	0.000000	1.393242	2.848417
0.809	0.002	2.044453	0.971765	0.000000	1.393242	2.848417
0.809	0.003	2.044453	0.971765	0.000000	1.393242	2.848417
0.809	0.004	2.044453	0.971765	0.000000	1.393242	2.848417
0.810	0.000	2.044454	0.971766	0.000000	1.393242	2.848419
0.810	0.001	2.044454	0.971766	0.000000	1.393242	2.848419
0.810	0.002	2.044454	0.971766	0.000000	1.393242	2.848419
0.810	0.003	2.044454	0.971766	0.000000	1.393242	2.848419
0.810	0.004	2.044454	0.971766	0.000000	1.393242	2.848419
0.811	0.000	2.044456	0.971766	0.000000	1.393242	2.848421
0.811	0.001	2.044456	0.971766	0.000000	1.393242	2.848421
0.811	0.002	2.044456	0.971766	0.000000	1.393242	2.848421
0.811	0.003	2.044456	0.971766	0.000000	1.393242	2.848421
0.811	0.004	2.044456	0.971766	0.000000	1.393242	2.848421
0.812	0.000	2.044457	0.971767	0.000000	1.393242	2.848423
0.812	0.001	2.044457	0.971767	0.000000	1.393242	2.848423
0.812	0.002	2.044457	0.971767	0.000000	1.393242	2.848423
0.812	0.003	2.044457	0.971767	0.000000	1.393242	2.848423
0.812	0.004	2.044457	0.971767	0.000000	1.393242	2.848423
0.813	0.000	2.044459	0.971767	0.000000	1.393241	2.848424
0.813	0.001	2.044459	0.971767	0.000000	1.393241	2.848424
0.813	0.002	2.044459	0.971767	0.000000	1.393241	2.848424
0.813	0.003	2.044459	0.971767	0.000000	1.393241	2.848424
0.813	0.004	2.044459	0.971767	0.000000	1.393241	2.848424
0.814	0.000	2.044460	0.971768	0.000000	1.393241	2.848425
0.814	0.001	2.044460	0.971768	0.000000	1.393241	2.848425
0.814	0.002	2.044460	0.971768	0.000000	1.393241	2.848425
0.814	0.003	2.044460	0.971768	0.000000	1.393241	2.848425
0.814	0.004	2.044460	0.971768	0.000000	1.393241	2.848425
0.815	0.000	2.044461	0.971768	0.000000	1.393241	2.848427
0.815	0.001	2.044461	0.971768	0.000000	1.393241	2.848427
0.815	0.002	2.044461	0.971768	0.000000	1.393241	2.848427
0.815	0.003	2.044461	0.971768	0.000000	1.393241	2.848427
0.815	0.004	2.044461	0.971768	0.000000	1.393241	2.848427
0.816	0.000	2.044462	0.971769	0.000000	1.393241	2.848428
0.816	0.001	2.044462	0.971769	0.000000	1.393241	2.848428
0.816	0.002	2.044462	0.971769	0.000000	1.393241	2.848428
0.816	0.003	2.044462	0.971769	0.000000	1.393241	2.848428
0.816	0.004	2.044462	0.971769	0.000000	1.393241	2.848428
0.817	0.000	2.044464	0.971769	0.000000	1.393241	2.848430
0.817	0.001	2.044464	0.971769	0.000000	1.393241	2.848430
0.817	0.002	2.044464	0.971769	0.000000	1.393241	2.848430
0.817	0.003	2.044464	0.971769	0.000000	1.393241	2.848430
0.817	0.004	2.044464	0.971769	0.000000	1.393241	2.848430
0.818	0.000	2.044465	0.971770	0.000000	1.393240	2.848432
0.818	0.001	2.044465	0.971770	0.000000	1.393240	2.848432
0.818	0.002	2.044465	0.971770	0.000000	1.393240	2.848432
0.818	0.003	2.044465	0.971770	0.000000	1.393240	2.848432
0.818	0.004	2.044465	0.971770	0.000000	1.393240	2.848432
0.819	0.000	2.044466	0.971770	0.000000	1.393240	2.848433
0.819	0.001	2.044466	0.971770	0.000000	1.393240	2.848433
0.819	0.002	2.044466	0.971770	0.000000	1.393240	2.848433
0.819	0.003	2.044466	0.971770	0.000000	1.393240	2.848433
0.819	0.004	2.044466	0.971770	0.000000	1.393240	2.848433
0.820	0.000	2.044467	0.971771	0.000000	1.393240	2.848434
0.820	0.001	2.044467	0.971771	0.000000	1.393240	2.848434
0.820	0.002	2.044467	0.971771	0.000000	1.393240	2.848434
0.820	0.003	2.044467	0.971771	0.000000	1.393240	2.848434
0.820	0.004	2.044467	0.971771	0.000000	1.393240	2.848434
0.821	0.000	2.044469	0.971771	0.000000	1.393240	2.848436
0.821	0.001	2.044469	0.971771	0.000000	1.393240	2.848436
0.821	0.002	2.044469	0.971771	0.000000	1.393240	2.848436
0.821	0.003	2.044469	0.971771	0.000000	1.393240	2.848436
0.821	0.004	2.044469	0.971771	0.000000	1.393240	2.848436
0.822	0.000	2.044470	0.971772	0.000000	1.393240	2.848438
0.822	0.001	2.044470	0.971772	0.000000	1.393240	2.848438
0.822	0.002	2.044470	0.971772	0.000000	1.393240	2.848438
0.822	0.003	2.044470	0.971772	0.000000	1.393240	2.848438
0.822	0.004	2.044470	0.971772	0.000000	1.393240	2.848438
0.823	0.000	2.044472	0.971772	0.000000	1.393240	2.848440
0.823	0.001	2.044472	0.971772	0.000000	1.393240	2.848440
0.823	0.002	2.044472	0.971772	0.000000	1.393240	2.848440
0.823	0.003	2.044472	0.971772	0.000000	1.393240	2.848440
0.823	0.004	2.044472	0.971772	0.000000	1.393240	2.848440
0.824	0.000	2.044474	0.971773	0.000000	1.393240	2.848443
0.824	0.001	2.044474	0.971773	0.000000	1.393240	2.848443
0.824	0.002	2.044474	0.971773	0.000000	1.393240	2.848443
0.824	0.003	2.044474	0.971773	0.000000	1.393240	2.848443
0.824	0.004	2.044474	0.971773	0.000000	1.393240	2.848443
0.825	0.000	2.044476	0.971773	0.000000	1.393240	2.848445
0.825	0.001	2.044476	0.971773	0.000000	1.393240	2.848445
0.825	0.002	2.044476	0.971773	0.000000	1.393240	2.848445
0.825	0.003	2.044476	0.971773	0.000000	1.393240	2.848445
0.825	0.004	2.044476	0.971773	0.000000	1.393240	2.848445
0.826	0.000	2.044477	0.971774	0.000000	1.393240	2.848447
0.826	0.001	2.044477	0.971774	0.000000	1.393240	2.848447
0.826	0.002	2.044477	0.971774	0.000000	1.393240	2.848447
0.826	0.003	2.044477	0.971774	0.000000	1.393240	2.848447
0.826	0.004	2.044477	0.971774	0.000000	1.393240	2.848447
0.827	0.000	2.044478	0.971775	0.000000	1.393240	2.848448
0.827	0.001	2.044478	0.971775	0.000000	1.393240	2.848448
0.827	0.002	2.044478	0.971775	0.000000	1.393240	2.848448
0.827	0.003	2.044478	0.971775	0.000000	1.393240	2.848448
0.827	0.004	2.044478	0.971775	0.000000	1.393240	2.848448
0.828	0.000	2.044480	0.971776	0.000000	1.393239	2.848450
0.828	0.001	2.044480	0.971776	0.000000	1.393239	2.848450
0.828	0.002	2.044480	0.971776	0.000000	1.393239	2.848450
0.828	0.003	2.044480	0.971776	0.000000	1.393239	2.848450
0.828	0.004	2.044480	0.971776	0.000000	1.393239	2.848450
0.829	0.000	2.044481	0.971776	0.000000	1.393239	2.848451
0.829	0.001	2.044481	0.971776	0.000000	1.393239	2.848451
0.829	0.002	2.044481	0.971776	0.000000	1.393239	2.848451
0.829	0.003	2.044481	0.971776	0.000000	1.393239	2.848451
0.829	0.004	2.044481	0.971776	0.000000	1.393239	2.848451
0.830	0.000	2.044483	0.971777	0.000000	1.393239	2.848454
0.830	0.001	2.044483	0.971777	0.000000	1.393239	2.848454
0.830	0.002	2.044483	0.971777	0.000000	1.393239	2.848454
0.830	0.003	2.044483	0.971777	0.000000	1.393239	2.848454
0.830	0.004	2.044483	0.971777	0.000000	1.393239	2.848454
0.831	0.000	2.044485	0.971777	0.000000	1.393239	2.848456
0.831	0.001	2.044485	0.971777	0.000000	1.393239	2.848456
0.831	0.002	2.044485	0.971777	0.000000	1.393239	2.848456
0.831	0.003	2.044485	0.971777	0.000000	1.393239	2.848456
0.831	0.004	2.044485	0.971777	0.000000	1.393239	2.848456
0.832	0.000	2.044486	0.971778	0.000000	1.393239	2.848457
0.832	0.001	2.044486	0.971778	0.000000	1.393239	2.848457
0.832	0.002	2.044486	0.971778	0.000000	1.393239	2.848457
0.832	0.003	2.044486	0.971778	0.000000	1.393239	2.848457
0.832	0.004	2.044486	0.971778	0.000000	1.393239	2.848457
0.833	0.000	2.044487	0.971779	0.000000	1.393239	2.848460
0.833	0.001	2.044487	0.971779	0.000000	1.393239	2.848460
0.833	0.002	2.044487	0.971779	0.000000	1.393239	2.848460
0.833	0.003	2.044487	0.971779	0.000000	1.393239	2.848460
0.833	0.004	2.044487	0.971779	0.000000	1.393239	2.848460
0.834	0.000	2.044489	0.971780	0.000000	1.393239	2.848462
0.834	0.001	2.044489	0.971780	0.000000	1.393239	2.848462
0.834	0.002	2.044489	0.971780	0.000000	1.393239	2.848462
0.834	0.003	2.044489	0.971780	0.000000	1.393239	2.848462
0.834	0.004	2.044489	0.971780	0.000000	1.393239	2.848462
0.835	0.000	2.044491	0.971781	0.000000	1.393239	2.848464
0.835	0.001	2.044491	0.971781	0.000000	1.393239	2.848464
0.835	0.002	2.044491	0.971781	0.000000	1.393239	2.848464
0.835	0.003	2.044491	0.971781	0.000000	1.393239	2.848464
0.835	0.004	2.044491	0.971781	0.000000	1.393239	2.848464
0.836	0.000	2.044492	0.971781	0.000000	1.393239	2.848466
0.836	0.001	2.044492	0.971781	0.000000	1.393239	2.848466
0.836	0.002	2.044492	0.971781	0.000000	1.393239	2.848466
0.836	0.003	2.044492	0.971781	0.000000	1.393239	2.848466
0.836	0.004	2.044492	0.971781	0.000000	1.393239	2.848466
0.837	0.000	2.044494	0.971782	0.000000	1.393239	2.848469
0.837	0.001	2.044494	0.971782	0.000000	1.393239	2.848469
0.837	0.002	2.044494	0.971782	0.000000	1.393239	2.848469
0.837	0.003	2.044494	0.971782	0.000000	1.393239	2.848469
0.837	0.004	2.044494	0.971782	0.000000	1.393239	2.848469
0.838	0.000	2.044496	0.971783	0.000000	1.393239	2.848471
0.838	0.001	2.044496	0.971783	0.000000	1.393239	2.848471
0.838	0.002	2.044496	0.971783	0.000000	1.393239	2.848471
0.838	0.003	2.044496	0.971783	0.000000	1.393239	2.848471
0.838	0.004	2.044496	0.971783	0.000000	1.393239	2.848471
0.839	0.000	2.044497	0.971784	0.000000	1.393239	2.848474
0.839	0.001	2.044497	0.971784	0.000000	1.393239	2.848474
0.839	0.002	2.044497	0.971784	0.000000	1.393239	2.848474
0.839	0.003	2.044497	0.971784	0.000000	1.393239	2.848474
0.839	0.004	2.044497	0.971784	0.000000	1.393239	2.848474
0.840	0.000	2.044498	0.971784	0.000000	1.393239	2.848475
0.840	0.001	2.044498	0.971784	0.000000	1.393239	2.848475
0.840	0.002	2.044498	0.971784	0.000000	1.393239	2.848475
0.840	0.003	2.044498	0.971784	0.000000	1.393239	2.848475
0.840	0.004	2.044498	0.971784	0.000000	1.393239	2.848475
0.841	0.000	2.044500	0.971785	0.000000	1.393239	2.848478
0.841	0.001	2.044500	0.971785	0.000000	1.393239	2.848478
0.841	0.002	2.044500	0.971785	0.000000	1.393239	2.848478
0.841	0.003	2.044500	0.971785	0.000000	1.393239	2.848478
0.841	0.004	2.044500	0.971785	0.000000	1.393239	2.848478
0.842	0.000	2.044502	0.971786	0.000000	1.393239	2.848480
0.842	0.001	2.044502	0.971786	0.000000	1.393239	2.848480
0.842	0.002	2.044502	0.971786	0.000000	1.393239	2.848480
0.842	0.003	2.044502	0.971786	0.000000	1.393239	2.848480
0.842	0.004	2.044502	0.971786	0.000000	1.393239	2.848480
0.843	0.000	2.044503	0.971787	0.000000	1.393239	2.848482
0.843	0.001	2.044503	0.971787	0.000000	1.393239	2.848482
0.843	0.002	2.044503	0.971787	0.000000	1.393239	2.848482
0.843	0.003	2.044503	0.971787	0.000000	1.393239	2.848482
0.843	0.004	2.044503	0.971787	0.000000	1.393239	2.848482
0.844	0.000	2.044505	0.971788	0.000000	1.393239	2.848484
0.844	0.001	2.044505	0.971788	0.000000	1.393239	2.848484
0.844	0.002	2.044505	0.971788	0.000000	1.393239	2.848484
0.844	0.003	2.044505	0.971788	0.000000	1.393239	2.848484
0.844	0.004	2.044505	0.971788	0.000000	1.393239	2.848484
0.845	0.000	2.044507	0.971789	0.000000	1.393239	2.848487
0.845	0.001	2.044507	0.971789	0.000000	1.393239	2.848487
0.845	0.002	2.044507	0.971789	0.000000	1.393239	2.848487
0.845	0.003	2.044507	0.971789	0.000000	1.393239	2.848487
0.845	0.004	2.044507	0.971789	0.000000	1.393239	2.848487
0.846	0.000	2.044509	0.971790	0.000000	1.393240	2.848491
0.846	0.001	2.044509	0.971790	0.000000	1.393240	2.848491
0.846	0.002	2.044509	0.971790	0.000000	1.393240	2.848491
0.846	0.003	2.044509	0.971790	0.000000	1.393240	2.848491
0.846	0.004	2.044509	0.971790	0.000000	1.393240	2.848491
0.847	0.000	2.044511	0.971791	0.000000	1.393240	2.848494
0.847	0.001	2.044511	0.971791	0.000000	1.393240	2.848494
0.847	0.002	2.044511	0.971791	0.000000	1.393240	2.848494
0.847	0.003	2.044511	0.971791	0.000000	1.393240	2.848494
0.847	0.004	2.044511	0.971791	0.000000	1.393240	2.848494
0.848	0.000	2.044513	0.971792	0.000000	1.393240	2.848497
0.848	0.001	2.044513	0.971792	0.000000	1.393240	2.848497
0.848	0.002	2.044513	0.971792	0.000000	1.393240	2.848497
0.848	0.003	2.044513	0.971792	0.000000	1.393240	2.848497
0.848	0.004	2.044513	0.971792	0.000000	1.393240	2.848497
0.849	0.000	2.044514	0.971793	0.000000	1.393240	2.848499
0.849	0.001	2.044514	0.971793	0.000000	1.393240	2.848499
0.849	0.002	2.044514	0.971793	0.000000	1.393240	2.848499
0.849	0.003	2.044514	0.971793	0.000000	1.393240	2.848499
0.849	0.004	2.044514	0.971793	0.000000	1.393240	2.848499
0.850	0.000	2.044515	0.971794	0.000000	1.393240	2.848501
0.850	0.001	2.044515	0.971794	0.000000	1.393240	2.848501
0.850	0.002	2.044515	0.971794	0.000000	1.393240	2.848501
0.850	0.003	2.044515	0.971794	0.000000	1.393240	2.848501
0.850	0.004	2.044515	0.971794	0.000000	1.393240	2.848501
0.851	0.000	2.044517	0.971795	0.000000	1.393241	2.848505
0.851	0.001	2.044517	0.971795	0.000000	1.393241	2.848505
0.851	0.002	2.044517	0.971795	0.000000	1.393241	2.848505
0.851	0.003	2.044517	0.971795	0.000000	1.393241	2.848505
0.851	0.004	2.044517	0.971795	0.000000	1.393241	2.848505
0.852	0.000	2.044519	0.971796	0.000000	1.393241	2.848507
0.852	0.001	2.044519	0.971796	0.000000	1.393241	2.848507
0.852	0.002	2.044519	0.971796	0.000000	1.393241	2.848507
0.852	0.003	2.044519	0.971796	0.000000	1.393241	2.848507
0.852	0.004	2.044519	0.971796	0.000000	1.393241	2.848507
0.853	0.000	2.044521	0.971797	0.000000	1.393241	2.848511
0.853	0.001	2.044521	0.971797	0.000000	1.393241	2.848511
0.853	0.002	2.044521	0.971797	0.000000	1.393241	2.848511
0.853	0.003	2.044521	0.971797	0.000000	1.393241	2.848511
0.853	0.004	2.044521	0.971797	0.000000	1.393241	2.848511
0.854	0.000	2.044523	0.971798	0.000000	1.393241	2.848513
0.854	0.001	2.044523	0.971798	0.000000	1.393241	2.848513
0.854	0.002	2.044523	0.971798	0.000000	1.393241	2.848513
0.854	0.003	2.044523	0.971798	0.000000	1.393241	2.848513
0.854	0.004	2.044523	0.971798	0.000000	1.393241	2.848513
0.855	0.000	2.044524	0.971799	0.000000	1.393242	2.848516
0.855	0.001	2.044524	0.971799	0.000000	1.393242	2.848516
0.855	0.002	2.044524	0.971799	0.000000	1.393242	2.848516
0.855	0.003	2.044524	0.971799	0.000000	1.393242	2.848516
0.855	0.004	2.044524	0.971799	0.000000	1.393242	2.848516
0.856	0.000	2.044526	0.971800	0.000000	1.393242	2.848519
0.856	0.001	2.044526	0.971800	0.000000	1.393242	2.848519
0.856	0.002	2.044526	0.971800	0.000000	1.393242	2.848519
0.856	0.003	2.044526	0.971800	0.000000	1.393242	2.848519
0.856	0.004	2.044526	0.971800	0.000000	1.393242	2.848519
0.857	0.000	2.044528	0.971801	0.000000	1.393242	2.848522
0.857	0.001	2.044528	0.971801	0.000000	1.393242	2.848522
0.857	0.002	2.044528	0.971801	0.000000	1.393242	2.848522
0.857	0.003	2.044528	0.971801	0.000000	1.393242	2.848522
0.857	0.004	2.044528	0.971801	0.000000	1.393242	2.848522
0.858	0.000	2.044530	0.971802	0.000000	1.393242	2.848526
0.858	0.001	2.044530	0.971802	0.000000	1.393242	2.848526
0.858	0.002	2.044530	0.971802	0.000000	1.393242	2.848526
0.858	0.003	2.044530	0.971802	0.000000	1.393242	2.848526
0.858	0.004	2.044530	0.971802	0.000000	1.393242	2.848526
0.859	0.000	2.044531	0.971803	0.000000	1.393243	2.848529
0.859	0.001	2.044531	0.971803	0.000000	1.393243	2.848529
0.859	0.002	2.044531	0.971803	0.000000	1.393243	2.848529
0.859	0.003	2.044531	0.971803	0.000000	1.393243	2.848529
0.859	0.004	2.044531	0.971803	0.000000	1.393243	2.848529
0.860	0.000	2.044533	0.971804	0.000000	1.393243	2.848531
0.860	0.001	2.044533	0.971804	0.000000	1.393243	2.848531
0.860	0.002	2.044533	0.971804	0.000000	1.393243	2.848531
0.860	0.003	2.044533	0.971804	0.000000	1.393243	2.848531
0.860	0.004	2.044533	0.971804	0.000000	1.393243	2.848531
0.861	0.000	2.044534	0.971806	0.000000	1.393244	2.848534
0.861	0.001	2.044534	0.971806	0.000000	1.393244	2.848534
0.861	0.002	2.044534	0.971806	0.000000	1.393244	2.848534
0.861	0.003	2.044534	0.971806	0.000000	1.393244	2.848534
0.861	0.004	2.044534	0.971806	0.000000	1.393244	2.848534
0.862	0.000	2.044536	0.971806	0.000000	1.393244	2.848536
0.862	0.001	2.044536	0.971806	0.000000	1.393244	2.848536
0.862	0.002	2.044536	0.971806	0.000000	1.393244	2.848536
0.862	0.003	2.044536	0.971806	0.000000	1.393244	2.848536
0.862	0.004	2.044536	0.971806	0.000000	1.393244	2.848536
0.863	0.000	2.044537	0.971807	0.000000	1.393244	2.848539
0.863	0.001	2.044537	0.971807	0.000000	1.393244	2.848539
0.863	0.002	2.044537	0.971807	0.000000	1.393244	2.848539
0.863	0.003	2.044537	0.971807	0.000000	1.393244	2.848539
0.863	0.004	2.044537	0.971807	0.000000	1.393244	2.848539
0.864	0.000	2.044539	0.971808	0.000000	1.393244	2.848541
0.864	0.001	2.044539	0.971808	0.000000	1.393244	2.848541
0.864	0.002	2.044539	0.971808	0.000000	1.393244	2.848541
0.864	0.003	2.044539	0.971808	0.000000	1.393244	2.848541
0.864	0.004	2.044539	0.971808	0.000000	1.393244	2.848541
0.865	0.000	2.044539	0.971808	0.000000	1.393244	2.848541
0.865	0.001	2.044539	0.971808	0.000000	1.393244	2.848541
0.865	0.002	2.044539	0.971808	0.000000	1.393244	2.848541
0.865	0.003	2.044539	0.971808	0.000000	1.393244	2.848541
0.865	0.004	2.044539	0.971808	0.000000	1.393244	2.848541
0.866	0.000	2.044537	0.971806	0.000000	1.393243	2.848536
0.866	0.001	2.044537	0.971806	0.000000	1.393243	2.848536
0.866	0.002	2.044537	0.971806	0.000000	1.393243	2.848536
0.866	0.003	2.044537	0.971806	0.000000	1.393243	2.848536
0.866	0.004	2.044537	0.971806	0.000000	1.393243	2.848536
0.867	0.000	2.044529	0.971801	0.000000	1.393240	2.848521
0.867	0.001	2.044529	0.971801	0.000000	1.393240	2.848521
0.867	0.002	2.044529	0.971801	0.000000	1.393240	2.848521
0.867	0.003	2.044529	0.971801	0.000000	1.393240	2.848521
0.867	0.004	2.044529	0.971801	0.000000	1.393240	2.848521
0.868	0.000	2.044509	0.971787	0.000000	1.393235	2.848483
0.868	0.001	2.044509	0.971787	0.000000	1.393235	2.848483
0.868	0.002	2.044509	0.971787	0.000000	1.393235	2.848483
0.868	0.003	2.044509	0.971787	0.000000	1.393235	2.848483
0.868	0.004	2.044509	0.971787	0.000000	1.393235	2.848483
0.869	0.000	2.044463	0.971755	0.000000	1.393222	2.848392
0.869	0.001	2.044463	0.971755	0.000000	1.393222	2.848392
0.869	0.002	2.044463	0.971755	0.000000	1.393222	2.848392
0.869	0.003	2.044463	0.971755	0.000000	1.393222	2.848392
0.869	0.004	2.044463	0.971755	0.000000	1.393222	2.848392
0.870	0.000	2.044356	0.971683	0.000000	1.393193	2.848183
0.870	0.001	2.044356	0.971683	0.000000	1.393193	2.848183
0.870	0.002	2.044356	0.971683	0.000000	1.393193	2.848183
0.870	0.003	2.044356	0.971683	0.000000	1.393193	2.848183
0.870	0.004	2.044356	0.971683	0.000000	1.393193	2.848183
0.871	0.000	2.044114	0.971517	0.000000	1.393127	2.847710
0.871	0.001	2.044114	0.971517	0.000000	1.393127	2.847710
0.871	0.002	2.044114	0.971517	0.000000	1.393127	2.847710
0.871	0.003	2.044114	0.971517	0.000000	1.393127	2.847710
0.871	0.004	2.044114	0.971517	0.000000	1.393127	2.847710
0.872	0.000	2.043568	0.971143	0.000000	1.392978	2.846645
0.872	0.001	2.043568	0.971143	0.000000	1.392978	2.846645
0.872	0.002	2.043568	0.971143	0.000000	1.392978	2.846645
0.872	0.003	2.043568	0.971143	0.000000	1.392978	2.846645
0.872	0.004	2.043568	0.971143	0.000000	1.392978	2.846645
0.873	0.000	2.042341	0.970304	0.000000	1.392643	2.844251
0.873	0.001	2.042341	0.970304	0.000000	1.392643	2.844251
0.873	0.002	2.042341	0.970304	0.000000	1.392643	2.844251
0.873	0.003	2.042341	0.970304	0.000000	1.392643	2.844251
0.873	0.004	2.042341	0.970304	0.000000	1.392643	2.844251
0.874	0.000	2.039594	0.968425	0.000000	1.391892	2.838895
0.874	0.001	2.039594	0.968425	0.000000	1.391892	2.838895
0.874	0.002	2.039594	0.968425	0.000000	1.391892	2.838895
0.874	0.003	2.039594	0.968425	0.000000	1.391892	2.838895
0.874	0.004	2.039594	0.968425	0.000000	1.391892	2.838895
0.875	0.000	2.033474	0.964228	0.000000	1.390217	2.826970
0.875	0.001	2.033474	0.964228	0.000000	1.390217	2.826970
0.875	0.002	2.033474	0.964228	0.000000	1.390217	2.826970
0.875	0.003	2.033474	0.964228	0.000000	1.390217	2.826970
0.875	0.004	2.033474	0.964228	0.000000	1.390217	2.826970
0.876	0.000	2.019979	0.954931	0.000000	1.386504	2.800708
0.876	0.001	2.019979	0.954931	0.000000	1.386504	2.800708
0.876	0.002	2.019979	0.954931	0.000000	1.386504	2.800708
0.876	0.003	2.019979	0.954931	0.000000	1.386504	2.800708
0.876	0.004	2.019979	0.954931	0.000000	1.386504	2.800708
0.877	0.000	1.990857	0.934661	0.000000	1.378399	2.744197
0.877	0.001	1.990857	0.934661	0.000000	1.378399	2.744197
0.877	0.002	1.990857	0.934661	0.000000	1.378399	2.744197
0.877	0.003	1.990857	0.934661	0.000000	1.378399	2.744197
0.877	0.004	1.990857	0.934661	0.000000	1.378399	2.744197
0.878	0.000	1.930805	0.891937	0.000000	1.361278	2.628362
0.878	0.001	1.930805	0.891937	0.000000	1.361278	2.628362
0.878	0.002	1.930805	0.891937	0.000000	1.361278	2.628362
0.878	0.003	1.930805	0.891937	0.000000	1.361278	2.628362
0.878	0.004	1.930805	0.891937	0.000000	1.361278	2.628362
0.879	0.000	1.817502	0.807688	0.000000	1.327346	2.412454
0.879	0.001	1.817502	0.807688	0.000000	1.327346	2.412454
0.879	0.002	1.817502	0.807688	0.000000	1.327346	2.412454
0.879	0.003	1.817502	0.807688	0.000000	1.327346	2.412454
0.879	0.004	1.817502	0.807688	0.000000	1.327346	2.412454
0.880	0.000	1.634675	0.660355	0.000000	1.267449	2.071867
0.880	0.001	1.634675	0.660355	0.000000	1.267449	2.071867
0.880	0.002	1.634675	0.660355	0.000000	1.267449	2.071867
0.880	0.003	1.634675	0.660355	0.000000	1.267449	2.071867
0.880	0.004	1.634675	0.660355	0.000000	1.267449	2.071867
0.881	0.000	1.403179	0.449306	0.000000	1.180548	1.656520
0.881	0.001	1.403179	0.449306	0.000000	1.180548	1.656520
0.881	0.002	1.403179	0.449306	0.000000	1.180548	1.656520
0.881	0.003	1.403179	0.449306	0.000000	1.180548	1.656520
0.881	0.004	1.403179	0.449306	0.000000	1.180548	1.656520
0.882	0.000	1.194108	0.229345	0.000000	1.089597	1.301095
0.882	0.001	1.194108	0.229345	0.000000	1.089597	1.301095
0.882	0.002	1.194108	0.229345	0.000000	1.089597	1.301095
0.882	0.003	1.194108	0.229345	0.000000	1.089597	1.301095
0.882	0.004	1.194108	0.229345	0.000000	1.089597	1.301095
0.883	0.000	1.069760	0.084039	0.000000	1.031147	1.103081
0.883	0.001	1.069760	0.084039	0.000000	1.031147	1.103081
0.883	0.002	1.069760	0.084039	0.000000	1.031147	1.103081
0.883	0.003	1.069760	0.084039	0.000000	1.031147	1.103081
0.883	0.004	1.069760	0.084039	0.000000	1.031147	1.103081
0.884	0.000	1.020404	0.024432	0.000000	1.008616	1.029196
0.884	0.001	1.020404	0.024432	0.000000	1.008616	1.029196
0.884	0.002	1.020404	0.024432	0.000000	1.008616	1.029196
0.884	0.003	1.020404	0.024432	0.000000	1.008616	1.029196
0.884	0.004	1.020404	0.024432	0.000000	1.008616	1.029196
0.885	0.000	1.005426	0.006451	0.000000	1.002214	1.007652
0.885	0.001	1.005426	0.006451	0.000000	1.002214	1.007652
0.885	0.002	1.005426	0.006451	0.000000	1.002214	1.007652
0.885	0.003	1.005426	0.006451	0.000000	1.002214	1.007652
0.885	0.004	1.005426	0.006451	0.000000	1.002214	1.007652
0.886	0.000	1.001396	0.001655	0.000000	1.000562	1.001959
0.886	0.001	1.001396	0.001655	0.000000	1.000562	1.001959
0.886	0.002	1.001396	0.001655	0.000000	1.000562	1.001959
0.886	0.003	1.001396	0.001655	0.000000	1.000562	1.001959
0.886	0.004	1.001396	0.001655	0.000000	1.000562	1.001959
0.887	0.000	1.000356	0.000421	0.000000	1.000143	1.000498
0.887	0.001	1.000356	0.000421	0.000000	1.000143	1.000498
0.887	0.002	1.000356	0.000421	0.000000	1.000143	1.000498
0.887	0.003	1.000356	0.000421	0.000000	1.000143	1.000498
0.887	0.004	1.000356	0.000421	0.000000	1.000143	1.000498
0.888	0.000	1.000090	0.000107	0.000000	1.000036	1.000126
0.888	0.001	1.000090	0.000107	0.000000	1.000036	1.000126
0.888	0.002	1.000090	0.000107	0.000000	1.000036	1.000126
0.888	0.003	1.000090	0.000107	0.000000	1.000036	1.000126
0.888	0.004	1.000090	0.000107	0.000000	1.000036	1.000126
0.889	0.000	1.000023	0.000027	0.000000	1.000009	1.000032
0.889	0.001	1.000023	0.000027	0.000000	1.000009	1.000032
0.889	0.002	1.000023	0.000027	0.000000	1.000009	1.000032
0.889	0.003	1.000023	0.000027	0.000000	1.000009	1.000032
0.889	0.004	1.000023	0.000027	0.000000	1.000009	1.000032
0.890	0.000	1.000006	0.000007	0.000000	1.000002	1.000008
0.890	0.001	1.000006	0.000007	0.000000	1.000002	1.000008
0.890	0.002	1.000006	0.000007	0.000000	1.000002	1.000008
0.890	0.003	1.000006	0.000007	0.000000	1.000002	1.000008
0.890	0.004	1.000006	0.000007	0.000000	1.000002	1.000008
0.891	0.000	1.000001	0.000002	0.000000	1.000000	1.000002
0.891	0.001	1.000001	0.000002	0.000000	1.000000	1.000002
0.891	0.002	1.000001	0.000002	0.000000	1.000000	1.000002
0.891	0.003	1.000001	0.000002	0.000000	1.000000	1.000002
0.891	0.004	1.000001	0.000002	0.000000	1.000000	1.000002
0.892	0.000	1.000000	0.000000	0.000000	1.000000	1.000000
0.892	0.001	1.000000	0.000000	0.000000	1.000000	1.000000
0.892	0.002	1.000000	0.000000	0.000000	1.000000	1.000000
0.892	0.003	1.000000	0.000000	0.000000	1.000000	1.000000
0.892	0.004	1.000000	0.000000	0.000000	1.000000	1.000000
0.893	0.000	1.000000	0.000000	0.000000	1.000000	1.000000
0.893	0.001	1.000000	0.000000	0.000000	1.000000	1.000000
0.893	0.002	1.000000	0.000000	0.000000	1.000000	1.000000
0.893	0.003	1.000000	0.000000	0.000000	1.000000	1.000000
0.893	0.004	1.000000	0.000000	0.000000	1.000000	1.000000
0.894	0.000	1.000000	0.000000	0.000000	1.000000	1.000000
0.894	0.001	1.000000	0.000000	0.000000	1.000000	1.000000
0.894	0.002	1.000000	0.000000	0.000000	1.000000	1.000000
0.894	0.003	1.000000	0.000000	0.000000	1.000000	1.000000
0.894	0.004	1.000000	0.000000	0.000000	1.000000	1.000000
0.895	0.000	1.000000	0.000000	0.000000	1.000000	1.000000
0.895	0.001	1.000000	0.000000	0.000000	1.000000	1.000000
0.895	0.002	1.000000	0.000000	0.000000	1.000000	1.000000
0.895	0.003	1.000000	0.000000	0.000000	1.000000	1.000000
0.895	0.004	1.000000	0.000000	0.000000	1.000000	1.000000
0.896	0.000	1.000000	0.000000	0.000000	1.000000	1.000000
0.896	0.001	1.000000	0.000000	0.000000	1.000000	1.000000
0.896	0.002	1.000000	0.000000	0.000000	1.000000	1.000000
0.896	0.003	1.000000	0.000000	0.000000	1.000000	1.000000
0.896	0.004	1.000000	0.000000	0.000000	1.000000	1.000000
0.897	0.000	1.000000	0.000000	0.000000	1.000000	1.000000
0.897	0.001	1.000000	0.000000	0.000000	1.000000	1.000000
0.897	0.002	1.000000	0.000000	0.000000	1.000000	1.000000
0.897	0.003	1.000000	0.000000	0.000000	1.000000	1.000000
0.897	0.004	1.000000	0.000000	0.000000	1.000000	1.000000
0.898	0.000	1.000000	0.000000	0.000000	1.000000	1.000000
0.898	0.001	1.000000	0.000000	0.000000	1.000000	1.000000
0.898	0.002	1.000000	0.000000	0.000000	1.000000	1.000000
0.898	0.003	1.000000	0.000000	0.000000	1.000000	1.000000
0.898	0.004	1.000000	0.000000	0.000000	1.000000	1.000000
0.899	0.000	1.000000	0.000000	0.000000	1.000000	1.000000
0.899	0.001	1.000000	0.000000	0.000000	1.000000	1.000000
0.899	0.002	1.000000	0.000000	0.000000	1.000000	1.000000
0.899	0.003	1.000000	0.000000	0.000000	1.000000	1.000000
0.899	0.004	1.000000	0.000000	0.000000	1.000000	1.000000
0.900	0.000	1.000000	0.000000	0.000000	1.000000	1.000000
0.900	0.001	1.000000	0.000000	0.000000	1.000000	1.000000
0.900	0.002	1.000000	0.000000	0.000000	1.000000	1.000000
0.900	0.003	1.000000	0.000000	0.000000	1.000000	1.000000
0.900	0.004	1.000000	0.000000	0.000000	1.000000	1.000000
0.901	0.000	1.000000	0.000000	0.000000	1.000000	1.000000
0.901	0.001	1.000000	0.000000	0.000000	1.000000	1.000000
0.901	0.002	1.000000	0.000000	0.000000	1.000000	1.000000
0.901	0.003	1.000000	0.000000	0.000000	1.000000	1.000000
0.901	0.004	1.000000	0.000000	0.000000	1.000000	1.000000
0.902	0.000	1.000000	0.000000	0.000000	1.000000	1.000000
0.902	0.001	1.000000	0.000000	0.000000	1.000000	1.000000
0.902	0.002	1.000000	0.000000	0.000000	1.000000	1.000000
0.902	0.003	1.000000	0.000000	0.000000	1.000000	1.000000
0.902	0.004	1.000000	0.000000	0.000000	1.000000	1.000000
0.903	0.000	1.000000	0.000000	0.000000	1.000000	1.000000
0.903	0.001	1.000000	0.000000	0.000000	1.000000	1.000000
0.903	0.002	1.000000	0.000000	0.000000	1.000000	1.000000
0.903	0.003	1.000000	0.000000	0.000000	1.000000	1.000000
0.903	0.004	1.000000	0.000000	0.000000	1.000000	1.000000
0.904	0.000	1.000000	0.000000	0.000000	1.000000	1.000000
0.904	0.001	1.000000	0.000000	0.000000	1.000000	1.000000
0.904	0.002	1.000000	0.000000	0.000000	1.000000	1.000000
0.904	0.003	1.000000	0.000000	0.000000	1.000000	1.000000
0.904	0.004	1.000000	0.000000	0.000000	1.000000	1.000000
0.905	0.000	1.000000	0.000000	0.000000	1.000000	1.000000
0.905	0.001	1.000000	0.000000	0.000000	1.000000	1.000000
0.905	0.002	1.000000	0.000000	0.000000	1.000000	1.000000
0.905	0.003	1.000000	0.000000	0.000000	1.000000	1.000000
0.905	0.004	1.000000	0.000000	0.000000	1.000000	1.000000
0.906	0.000	1.000000	0.000000	0.000000	1.000000	1.000000
0.906	0.001	1.000000	0.000000	0.000000	1.000000	1.000000
0.906	0.002	1.000000	0.000000	0.000000	1.000000	1.000000
0.906	0.003	1.000000	0.000000	0.000000	1.000000	1.000000
0.906	0.004	1.000000	0.000000	0.000000	1.000000	1.000000
0.907	0.000	1.000000	0.000000	0.000000	1.000000	1.000000
0.907	0.001	1.000000	0.000000	0.000000	1.000000	1.000000
0.907	0.002	1.000000	0.000000	0.000000	1.000000	1.000000
0.907	0.003	1.000000	0.000000	0.000000	1.000000	1.000000
0.907	0.004	1.000000	0.000000	0.000000	1.000000	1.000000
0.908	0.000	1.000000	0.000000	0.000000	1.000000	1.000000
0.908	0.001	1.000000	0.000000	0.000000	1.000000	1.000000
0.908	0.002	1.000000	0.000000	0.000000	1.000000	1.000000
0.908	0.003	1.000000	0.000000	0.000000	1.000000	1.000000
0.908	0.004	1.000000	0.000000	0.000000	1.000000	1.000000
0.909	0.000	1.000000	0.000000	0.000000	1.000000	1.000000
0.909	0.001	1.000000	0.000000	0.000000	1.000000	1.000000
0.909	0.002	1.000000	0.000000	0.000000	1.000000	1.000000
0.909	0.003	1.000000	0.000000	0.000000	1.000000	1.000000
0.909	0.004	1.000000	0.000000	0.000000	1.000000	1.000000
0.910	0.000	1.000000	0.000000	0.000000	1.000000	1.000000
0.910	0.001	1.000000	0.000000	0.000000	1.000000	1.000000
0.910	0.002	1.000000	0.000000	0.000000	1.000000	1.000000
0.910	0.003	1.000000	0.000000	0.000000	1.000000	1.000000
0.910	0.004	1.000000	0.000000	0.000000	1.000000	1.000000
0.911	0.000	1.000000	0.000000	0.000000	1.000000	1.000000
0.911	0.001	1.000000	0.000000	0.000000	1.000000	1.000000
0.911	0.002	1.000000	0.000000	0.000000	1.000000	1.000000
0.911	0.003	1.000000	0.000000	0.000000	1.000000	1.000000
0.911	0.004	1.000000	0.000000	0.000000	1.000000	1.000000
0.912	0.000	1.000000	0.000000	0.000000	1.000000	1.000000
0.912	0.001	1.000000	0.000000	0.000000	1.000000	1.000000
0.912	0.002	1.000000	0.000000	0.000000	1.000000	1.000000
0.912	0.003	1.000000	0.000000	0.000000	1.000000	1.000000
0.912	0.004	1.000000	0.000000	0.000000	1.000000	1.000000
0.913	0.000	1.000000	0.000000	0.000000	1.000000	1.000000
0.913	0.001	1.000000	0.000000	0.000000	1.000000	1.000000
0.913	0.002	1.000000	0.000000	0.000000	1.000000	1.000000
0.913	0.003	1.000000	0.000000	0.000000	1.000000	1.000000
0.913	0.004	1.000000	0.000000	0.000000	1.000000	1.000000
0.914	0.000	1.000000	0.000000	0.000000	1.000000	1.000000
0.914	0.001	1.000000	0.000000	0.000000	1.000000	1.000000
0.914	0.002	1.000000	0.000000	0.000000	1.000000	1.000000
0.914	0.003	1.000000	0.000000	0.000000	1.000000	1.000000
0.914	0.004	1.000000	0.000000	0.000000	1.000000	1.000000
0.915	0.000	1.000000	0.000000	0.000000	1.000000	1.000000
0.915	0.001	1.000000	0.000000	0.000000	1.000000	1.000000
0.915	0.002	1.000000	0.000000	0.000000	1.000000	1.000000
0.915	0.003	1.000000	0.000000	0.000000	1.000000	1.000000
0.915	0.004	1.000000	0.000000	0.000000	1.000000	1.000000
0.916	0.000	1.000000	0.000000	0.000000	1.000000	1.000000
0.916	0.001	1.000000	0.000000	0.000000	1.000000	1.000000
0.916	0.002	1.000000	0.000000	0.000000	1.000000	1.000000
0.916	0.003	1.000000	0.000000	0.000000	1.000000	1.000000
0.916	0.004	1.000000	0.000000	0.000000	1.000000	1.000000
0.917	0.000	1.000000	0.000000	0.000000	1.000000	1.000000
0.917	0.001	1.000000	0.000000	0.000000	1.000000	1.000000
0.917	0.002	1.000000	0.000000	0.000000	1.000000	1.000000
0.917	0.003	1.000000	0.000000	0.000000	1.000000	1.000000
0.917	0.004	1.000000	0.000000	0.000000	1.000000	1.000000
0.918	0.000	1.000000	0.000000	0.000000	1.000000	1.000000
0.918	0.001	1.000000	0.000000	0.000000	1.000000	1.000000
0.918	0.002	1.000000	0.000000	0.000000	1.000000	1.000000
0.918	0.003	1.000000	0.000000	0.000000	1.000000	1.000000
0.918	0.004	1.000000	0.000000	0.000000	1.000000	1.000000
0.919	0.000	1.000000	0.000000	0.000000	1.000000	1.000000
0.919	0.001	1.000000	0.000000	0.000000	1.000000	1.000000
0.919	0.002	1.000000	0.000000	0.000000	1.000000	1.000000
0.919	0.003	1.000000	0.000000	0.000000	1.000000	1.000000
0.919	0.004	1.000000	0.000000	0.000000	1.000000	1.000000
0.920	0.000	1.000000	0.000000	0.000000	1.000000	1.000000
0.920	0.001	1.000000	0.000000	0.000000	1.000000	1.000000
0.920	0.002	1.000000	0.000000	0.000000	1.000000	1.000000
0.920	0.003	1.000000	0.000000	0.000000	1.000000	1.000000
0.920	0.004	1.000000	0.000000	0.000000	1.000000	1.000000
0.921	0.000	1.000000	0.000000	0.000000	1.000000	1.000000
0.921	0.001	1.000000	0.000000	0.000000	1.000000	1.000000
0.921	0.002	1.000000	0.000000	0.000000	1.000000	1.000000
0.921	0.003	1.000000	0.000000	0.000000	1.000000	1.000000
0.921	0.004	1.000000	0.000000	0.000000	1.000000	1.000000
0.922	0.000	1.000000	0.000000	0.000000	1.000000	1.000000
0.922	0.001	1.000000	0.000000	0.000000	1.000000	1.000000
0.922	0.002	1.000000	0.000000	0.000000	1.000000	1.000000
0.922	0.003	1.000000	0.000000	0.000000	1.000000	1.000000
0.922	0.004	1.000000	0.000000	0.000000	1.000000	1.000000
0.923	0.000	1.000000	0.000000	0.000000	1.000000	1.000000
0.923	0.001	1.000000	0.000000	0.000000	1.000000	1.000000
0.923	0.002	1.000000	0.000000	0.000000	1.000000	1.000000
0.923	0.003	1.000000	0.000000	0.000000	1.000000	1.000000
0.923	0.004	1.000000	0.000000	0.000000	1.000000	1.000000
0.924	0.000	1.000000	0.000000	0.000000	1.000000	1.000000
0.924	0.001	1.000000	0.000000	0.000000	1.000000	1.000000
0.924	0.002	1.000000	0.000000	0.000000	1.000000	1.000000
0.924	0.003	1.000000	0.000000	0.000000	1.000000	1.000000
0.924	0.004	1.000000	0.000000	0.000000	1.000000	1.000000
0.925	0.000	1.000000	0.000000	0.000000	1.000000	1.000000
0.925	0.001	1.000000	0.000000	0.000000	1.000000	1.000000
0.925	0.002	1.000000	0.000000	0.000000	1.000000	1.000000
0.925	0.003	1.000000	0.000000	0.000000	1.000000	1.000000
0.925	0.004	1.000000	0.000000	0.000000	1.000000	1.000000
0.926	0.000	1.000000	0.000000	0.000000	1.000000	1.000000
0.926	0.001	1.000000	0.000000	0.000000	1.000000	1.000000
0.926	0.002	1.000000	0.000000	0.000000	1.000000	1.000000
0.926	0.003	1.000000	0.000000	0.000000	1.000000	1.000000
0.926	0.004	1.000000	0.000000	0.000000	1.000000	1.000000
0.927	0.000	1.000000	0.000000	0.000000	1.000000	1.000000
0.927	0.001	1.000000	0.000000	0.000000	1.000000	1.000000
0.927	0.002	1.000000	0.000000	0.000000	1.000000	1.000000
0.927	0.003	1.000000	0.000000	0.000000	1.000000	1.000000
0.927	0.004	1.000000	0.000000	0.000000	1.000000	1.000000
0.928	0.000	1.000000	0.000000	0.000000	1.000000	1.000000
0.928	0.001	1.000000	0.000000	0.000000	1.000000	1.000000
0.928	0.002	1.000000	0.000000	0.000000	1.000000	1.000000
0.928	0.003	1.000000	0.000000	0.000000	1.000000	1.000000
0.928	0.004	1.000000	0.000000	0.000000	1.000000	1.000000
0.929	0.000	1.000000	0.000000	0.000000	1.000000	1.000000
0.929	0.001	1.000000	0.000000	0.000000	1.000000	1.000000
0.929	0.002	1.000000	0.000000	0.000000	1.000000	1.000000
0.929	0.003	1.000000	0.000000	0.000000	1.000000	1.000000
0.929	0.004	1.000000	0.000000	0.000000	1.000000	1.000000
0.930	0.000	1.000000	0.000000	0.000000	1.000000	1.000000
0.930	0.001	1.000000	0.000000	0.000000	1.000000	1.000000
0.930	0.002	1.000000	0.000000	0.000000	1.000000	1.000000
0.930	0.003	1.000000	0.000000	0.000000	1.000000	1.000000
0.930	0.004	1.000000	0.000000	0.000000	1.000000	1.000000
0.931	0.000	1.000000	0.000000	0.000000	1.000000	1.000000
0.931	0.001	1.000000	0.000000	0.000000	1.000000	1.000000
0.931	0.002	1.000000	0.000000	0.000000	1.000000	1.000000
0.931	0.003	1.000000	0.000000	0.000000	1.000000	1.000000
0.931	0.004	1.000000	0.000000	0.000000	1.000000	1.000000
0.932	0.000	1.000000	0.000000	0.000000	1.000000	1.000000
0.932	0.001	1.000000	0.000000	0.000000	1.000000	1.000000
0.932	0.002	1.000000	0.000000	0.000000	1.000000	1.000000
0.932	0.003	1.000000	0.000000	0.000000	1.000000	1.000000
0.932	0.004	1.000000	0.000000	0.000000	1.000000	1.000000
0.933	0.000	1.000000	0.000000	0.000000	1.000000	1.000000
0.933	0.001	1.000000	0.000000	0.000000	1.000000	1.000000
0.933	0.002	1.000000	0.000000	0.000000	1.000000	1.000000
0.933	0.003	1.000000	0.000000	0.000000	1.000000	1.000000
0.933	0.004	1.000000	0.000000	0.000000	1.000000	1.000000
0.934	0.000	1.000000	0.000000	0.000000	1.000000	1.000000
0.934	0.001	1.000000	0.000000	0.000000	1.000000	1.000000
0.934	0.002	1.000000	0.000000	0.000000	1.000000	1.000000
0.934	0.003	1.000000	0.000000	0.000000	1.000000	1.000000
0.934	0.004	1.000000	0.000000	0.000000	1.000000	1.000000
0.935	0.000	1.000000	0.000000	0.000000	1.000000	1.000000
0.935	0.001	1.000000	0.000000	0.000000	1.000000	1.000000
0.935	0.002	1.000000	0.000000	0.000000	1.000000	1.000000
0.935	0.003	1.000000	0.000000	0.000000	1.000000	1.000000
0.935	0.004	1.000000	0.000000	0.000000	1.000000	1.000000
0.936	0.000	1.000000	0.000000	0.000000	1.000000	1.000000
0.936	0.001	1.000000	0.000000	0.000000	1.000000	1.000000
0.936	0.002	1.000000	0.000000	0.000000	1.000000	1.000000
0.936	0.003	1.000000	0.000000	0.000000	1.000000	1.000000
0.936	0.004	1.000000	0.000000	0.000000	1.000000	1.000000
0.937	0.000	1.000000	0.000000	0.000000	1.000000	1.000000
0.937	0.001	1.000000	0.000000	0.000000	1.000000	1.000000
0.937	0.002	1.000000	0.000000	0.000000	1.000000	1.000000
0.937	0.003	1.000000	0.000000	0.000000	1.000000	1.000000
0.937	0.004	1.000000	0.000000	0.000000	1.000000	1.000000
0.938	0.000	1.000000	0.000000	0.000000	1.000000	1.000000
0.938	0.001	1.000000	0.000000	0.000000	1.000000	1.000000
0.938	0.002	1.000000	0.000000	0.000000	1.000000	1.000000
0.938	0.003	1.000000	0.000000	0.000000	1.000000	1.000000
0.938	0.004	1.000000	0.000000	0.000000	1.000000	1.000000
0.939	0.000	1.000000	0.000000	0.000000	1.000000	1.000000
0.939	0.001	1.000000	0.000000	0.000000	1.000000	1.000000
0.939	0.002	1.000000	0.000000	0.000000	1.000000	1.000000
0.939	0.003	1.000000	0.000000	0.000000	1.000000	1.000000
0.939	0.004	1.000000	0.000000	0.000000	1.000000	1.000000
0.940	0.000	1.000000	0.000000	0.000000	1.000000	1.000000
0.940	0.001	1.000000	0.000000	0.000000	1.000000	1.000000
0.940	0.002	1.000000	0.000000	0.000000	1.000000	1.000000
0.940	0.003	1.000000	0.000000	0.000000	1.000000	1.000000
0.940	0.004	1.000000	0.000000	0.000000	1.000000	1.000000
0.941	0.000	1.000000	0.000000	0.000000	1.000000	1.000000
0.941	0.001	1.000000	0.000000	0.000000	1.000000	1.000000
0.941	0.002	1.000000	0.000000	0.000000	1.000000	1.000000
0.941	0.003	1.000000	0.000000	0.000000	1.000000	1.000000
0.941	0.004	1.000000	0.000000	0.000000	1.000000	1.000000
0.942	0.000	1.000000	0.000000	0.000000	1.000000	1.000000
0.942	0.001	1.000000	0.000000	0.000000	1.000000	1.000000
0.942	0.002	1.000000	0.000000	0.000000	1.000000	1.000000
0.942	0.003	1.000000	0.000000	0.000000	1.000000	1.000000
0.942	0.004	1.000000	0.000000	0.000000	1.000000	1.000000
0.943	0.000	1.000000	0.000000	0.000000	1.000000	1.000000
0.943	0.001	1.000000	0.000000	0.000000	1.000000	1.000000
0.943	0.002	1.000000	0.000000	0.000000	1.000000	1.000000
0.943	0.003	1.000000	0.000000	0.000000	1.000000	1.000000
0.943	0.004	1.000000	0.000000	0.000000	1.000000	1.000000
0.944	0.000	1.000000	0.000000	0.000000	1.000000	1.000000
0.944	0.001	1.000000	0.000000	0.000000	1.000000	1.000000
0.944	0.002	1.000000	0.000000	0.000000	1.000000	1.000000
0.944	0.003	1.000000	0.000000	0.000000	1.000000	1.000000
0.944	0.004	1.000000	0.000000	0.000000	1.000000	1.000000
0.945	0.000	1.000000	0.000000	0.000000	1.000000	1.000000
0.945	0.001	1.000000	0.000000	0.000000	1.000000	1.000000
0.945	0.002	1.000000	0.000000	0.000000	1.000000	1.000000
0.945	0.003	1.000000	0.000000	0.000000	1.000000	1.000000
0.945	0.004	1.000000	0.000000	0.000000	1.000000	1.000000
0.946	0.000	1.000000	0.000000	0.000000	1.000000	1.000000
0.946	0.001	1.000000	0.000000	0.000000	1.000000	1.000000
0.946	0.002	1.000000	0.000000	0.000000	1.000000	1.000000
0.946	0.003	1.000000	0.000000	0.000000	1.000000	1.000000
0.946	0.004	1.000000	0.000000	0.000000	1.000000	1.000000
0.947	0.000	1.000000	0.000000	0.000000	1.000000	1.000000
0.947	0.001	1.000000	0.000000	0.000000	1.000000	1.000000
0.947	0.002	1.000000	0.000000	0.000000	1.000000	1.000000
0.947	0.003	1.000000	0.000000	0.000000	1.000000	1.000000
0.947	0.004	1.000000	0.000000	0.000000	1.000000	1.000000
0.948	0.000	1.000000	0.000000	0.000000	1.000000	1.000000
0.948	0.001	1.000000	0.000000	0.000000	1.000000	1.000000
0.948	0.002	1.000000	0.000000	0.000000	1.000000	1.000000
0.948	0.003	1.000000	0.000000	0.000000	1.000000	1.000000
0.948	0.004	1.000000	0.000000	0.000000	1.000000	1.000000
0.949	0.000	1.000000	0.000000	0.000000	1.000000	1.000000
0.949	0.001	1.000000	0.000000	0.000000	1.000000	1.000000
0.949	0.002	1.000000	0.000000	0.000000	1.000000	1.000000
0.949	0.003	1.000000	0.000000	0.000000	1.000000	1.000000
0.949	0.004	1.000000	0.000000	0.000000	1.000000	1.000000
0.950	0.000	1.000000	0.000000	0.000000	1.000000	1.000000
0.950	0.001	1.000000	0.000000	0.000000	1.000000	1.000000
0.950	0.002	1.000000	0.000000	0.000000	1.000000	1.000000
0.950	0.003	1.000000	0.000000	0.000000	1.000000	1.000000
0.950	0.004	1.000000	0.000000	0.000000	1.000000	1.000000
0.951	0.000	1.000000	0.000000	0.000000	1.000000	1.000000
0.951	0.001	1.000000	0.000000	0.000000	1.000000	1.000000
0.951	0.002	1.000000	0.000000	0.000000	1.000000	1.000000
0.951	0.003	1.000000	0.000000	0.000000	1.000000	1.000000
0.951	0.004	1.000000	0.000000	0.000000	1.000000	1.000000
0.952	0.000	1.000000	0.000000	0.000000	1.000000	1.000000
0.952	0.001	1.000000	0.000000	0.000000	1.000000	1.000000
0.952	0.002	1.000000	0.000000	0.000000	1.000000	1.000000
0.952	0.003	1.000000	0.000000	0.000000	1.000000	1.000000
0.952	0.004	1.000000	0.000000	0.000000	1.000000	1.000000
0.953	0.000	1.000000	0.000000	0.000000	1.000000	1.000000
0.953	0.001	1.000000	0.000000	0.000000	1.000000	1.000000
0.953	0.002	1.000000	0.000000	0.000000	1.000000	1.000000
0.953	0.003	1.000000	0.000000	0.000000	1.000000	1.000000
0.953	0.004	1.000000	0.000000	0.000000	1.000000	1.000000
0.954	0.000	1.000000	0.000000	0.000000	1.000000	1.000000
0.954	0.001	1.000000	0.000000	0.000000	1.000000	1.000000
0.954	0.002	1.000000	0.000000	0.000000	1.000000	1.000000
0.954	0.003	1.000000	0.000000	0.000000	1.000000	1.000000
0.954	0.004	1.000000	0.000000	0.000000	1.000000	1.000000
0.955	0.000	1.000000	0.000000	0.000000	1.000000	1.000000
0.955	0.001	1.000000	0.000000	0.000000	1.000000	1.000000
0.955	0.002	1.000000	0.000000	0.000000	1.000000	1.000000
0.955	0.003	1.000000	0.000000	0.000000	1.000000	1.000000
0.955	0.004	1.000000	0.000000	0.000000	1.000000	1.000000
0.956	0.000	1.000000	0.000000	0.000000	1.000000	1.000000
0.956	0.001	1.000000	0.000000	0.000000	1.000000	1.000000
0.956	0.002	1.000000	0.000000	0.000000	1.000000	1.000000
0.956	0.003	1.000000	0.000000	0.000000	1.000000	1.000000
0.956	0.004	1.000000	0.000000	0.000000	1.000000	1.000000
0.957	0.000	1.000000	0.000000	0.000000	1.000000	1.000000
0.957	0.001	1.000000	0.000000	0.000000	1.000000	1.000000
0.957	0.002	1.000000	0.000000	0.000000	1.000000	1.000000
0.957	0.003	1.000000	0.000000	0.000000	1.000000	1.000000
0.957	0.004	1.000000	0.000000	0.000000	1.000000	1.000000
0.958	0.000	1.000000	0.000000	0.000000	1.000000	1.000000
0.958	0.001	1.000000	0.000000	0.000000	1.000000	1.000000
0.958	0.002	1.000000	0.000000	0.000000	1.000000	1.000000
0.958	0.003	1.000000	0.000000	0.000000	1.000000	1.000000
0.958	0.004	1.000000	0.000000	0.000000	1.000000	1.000000
0.959	0.000	1.000000	0.000000	0.000000	1.000000	1.000000
0.959	0.001	1.000000	0.000000	0.000000	1.000000	1.000000
0.959	0.002	1.000000	0.000000	0.000000	1.000000	1.000000
0.959	0.003	1.000000	0.000000	0.000000	1.000000	1.000000
0.959	0.004	1.000000	0.000000	0.000000	1.000000	1.000000
0.960	0.000	1.000000	0.000000	0.000000	1.000000	1.000000
0.960	0.001	1.000000	0.000000	0.000000	1.000000	1.000000
0.960	0.002	1.000000	0.000000	0.000000	1.000000	1.000000
0.960	0.003	1.000000	0.000000	0.000000	1.000000	1.000000
0.960	0.004	1.000000	0.000000	0.000000	1.000000	1.000000
0.961	0.000	1.000000	0.000000	0.000000	1.000000	1.000000
0.961	0.001	1.000000	0.000000	0.000000	1.000000	1.000000
0.961	0.002	1.000000	0.000000	0.000000	1.000000	1.000000
0.961	0.003	1.000000	0.000000	0.000000	1.000000	1.000000
0.961	0.004	1.000000	0.000000	0.000000	1.000000	1.000000
0.962	0.000	1.000000	0.000000	0.000000	1.000000	1.000000
0.962	0.001	1.000000	0.000000	0.000000	1.000000	1.000000
0.962	0.002	1.000000	0.000000	0.000000	1.000000	1.000000
0.962	0.003	1.000000	0.000000	0.000000	1.000000	1.000000
0.962	0.004	1.000000	0.000000	0.000000	1.000000	1.000000
0.963	0.000	1.000000	0.000000	0.000000	1.000000	1.000000
0.963	0.001	1.000000	0.000000	0.000000	1.000000	1.000000
0.963	0.002	1.000000	0.000000	0.000000	1.000000	1.000000
0.963	0.003	1.000000	0.000000	0.000000	1.000000	1.000000
0.963	0.004	1.000000	0.000000	0.000000	1.000000	1.000000
0.964	0.000	1.000000	0.000000	0.000000	1.000000	1.000000
0.964	0.001	1.000000	0.000000	0.000000	1.000000	1.000000
0.964	0.002	1.000000	0.000000	0.000000	1.000000	1.000000
0.964	0.003	1.000000	0.000000	0.000000	1.000000	1.000000
0.964	0.004	1.000000	0.000000	0.000000	1.000000	1.000000
0.965	0.000	1.000000	0.000000	0.000000	1.000000	1.000000
0.965	0.001	1.000000	0.000000	0.000000	1.000000	1.000000
0.965	0.002	1.000000	0.000000	0.000000	1.000000	1.000000
0.965	0.003	1.000000	0.000000	0.000000	1.000000	1.000000
0.965	0.004	1.000000	0.000000	0.000000	1.000000	1.000000
0.966	0.000	1.000000	0.000000	0.000000	1.000000	1.000000
0.966	0.001	1.000000	0.000000	0.000000	1.000000	1.000000
0.966	0.002	1.000000	0.000000	0.000000	1.000000	1.000000
0.966	0.003	1.000000	0.000000	0.000000	1.000000	1.000000
0.966	0.004	1.000000	0.000000	0.000000	1.000000	1.000000
0.967	0.000	1.000000	0.000000	0.000000	1.000000	1.000000
0.967	0.001	1.000000	0.000000	0.000000	1.000000	1.000000
0.967	0.002	1.000000	0.000000	0.000000	1.000000	1.000000
0.967	0.003	1.000000	0.000000	0.000000	1.000000	1.000000
0.967	0.004	1.000000	0.000000	0.000000	1.000000	1.000000
0.968	0.000	1.000000	0.000000	0.000000	1.000000	1.000000
0.968	0.001	1.000000	0.000000	0.000000	1.000000	1.000000
0.968	0.002	1.000000	0.000000	0.000000	1.000000	1.000000
0.968	0.003	1.000000	0.000000	0.000000	1.000000	1.000000
0.968	0.004	1.000000	0.000000	0.000000	1.000000	1.000000
0.969	0.000	1.000000	0.000000	0.000000	1.000000	1.000000
0.969	0.001	1.000000	0.000000	0.000000	1.000000	1.000000
0.969	0.002	1.000000	0.000000	0.000000	1.000000	1.000000
0.969	0.003	1.000000	0.000000	0.000000	1.000000	1.000000
0.969	0.004	1.000000	0.000000	0.000000	1.000000	1.000000
0.970	0.000	1.000000	0.000000	0.000000	1.000000	1.000000
0.970	0.001	1.000000	0.000000	0.000000	1.000000	1.000000
0.970	0.002	1.000000	0.000000	0.000000	1.000000	1.000000
0.970	0.003	1.000000	0.000000	0.000000	1.000000	1.000000
0.970	0.004	1.000000	0.000000	0.000000	1.000000	1.000000
0.971	0.000	1.000000	0.000000	0.000000	1.000000	1.000000
0.971	0.001	1.000000	0.000000	0.000000	1.000000	1.000000
0.971	0.002	1.000000	0.000000	0.000000	1.000000	1.000000
0.971	0.003	1.000000	0.000000	0.000000	1.000000	1.000000
0.971	0.004	1.000000	0.000000	0.000000	1.000000	1.000000
0.972	0.000	1.000000	0.000000	0.000000	1.000000	1.000000
0.972	0.001	1.000000	0.000000	0.000000	1.000000	1.000000
0.972	0.002	1.000000	0.000000	0.000000	1.000000	1.000000
0.972	0.003	1.000000	0.000000	0.000000	1.000000	1.000000
0.972	0.004	1.000000	0.000000	0.000000	1.000000	1.000000
0.973	0.000	1.000000	0.000000	0.000000	1.000000	1.000000
0.973	0.001	1.000000	0.000000	0.000000	1.000000	1.000000
0.973	0.002	1.000000	0.000000	0.000000	1.000000	1.000000
0.973	0.003	1.000000	0.000000	0.000000	1.000000	1.000000
0.973	0.004	1.000000	0.000000	0.000000	1.000000	1.000000
0.974	0.000	1.000000	0.000000	0.000000	1.000000	1.000000
0.974	0.001	1.000000	0.000000	0.000000	1.000000	1.000000
0.974	0.002	1.000000	0.000000	0.000000	1.000000	1.000000
0.974	0.003	1.000000	0.000000	0.000000	1.000000	1.000000
0.974	0.004	1.000000	0.000000	0.000000	1.000000	1.000000
0.975	0.000	1.000000	0.000000	0.000000	1.000000	1.000000
0.975	0.001	1.000000	0.000000	0.000000	1.000000	1.000000
0.975	0.002	1.000000	0.000000	0.000000	1.000000	1.000000
0.975	0.003	1.000000	0.000000	0.000000	1.000000	1.000000
0.975	0.004	1.000000	0.000000	0.000000	1.000000	1.000000
0.976	0.000	1.000000	0.000000	0.000000	1.000000	1.000000
0.976	0.001	1.000000	0.000000	0.000000	1.000000	1.000000
0.976	0.002	1.000000	0.000000	0.000000	1.000000	1.000000
0.976	0.003	1.000000	0.000000	0.000000	1.000000	1.000000
0.976	0.004	1.000000	0.000000	0.000000	1.000000	1.000000
0.977	0.000	1.000000	0.000000	0.000000	1.000000	1.000000
0.977	0.001	1.000000	0.000000	0.000000	1.000000	1.000000
0.977	0.002	1.000000	0.000000	0.000000	1.000000	1.000000
0.977	0.003	1.000000	0.000000	0.000000	1.000000	1.000000
0.977	0.004	1.000000	0.000000	0.000000	1.000000	1.000000
0.978	0.000	1.000000	0.000000	0.000000	1.000000	1.000000
0.978	0.001	1.000000	0.000000	0.000000	1.000000	1.000000
0.978	0.002	1.000000	0.000000	0.000000	1.000000	1.000000
0.978	0.003	1.000000	0.000000	0.000000	1.000000	1.000000
0.978	0.004	1.000000	0.000000	0.000000	1.000000	1.000000
0.979	0.000	1.000000	0.000000	0.000000	1.000000	1.000000
0.979	0.001	1.000000	0.000000	0.000000	1.000000	1.000000
0.979	0.002	1.000000	0.000000	0.000000	1.000000	1.000000
0.979	0.003	1.000000	0.000000	0.000000	1.000000	1.000000
0.979	0.004	1.000000	0.000000	0.000000	1.000000	1.000000
0.980	0.000	1.000000	0.000000	0.000000	1.000000	1.000000
0.980	0.001	1.000000	0.000000	0.000000	1.000000	1.000000
0.980	0.002	1.000000	0.000000	0.000000	1.000000	1.000000
0.980	0.003	1.000000	0.000000	0.000000	1.000000	1.000000
0.980	0.004	1.000000	0.000000	0.000000	1.000000	1.000000
0.981	0.000	1.000000	0.000000	0.000000	1.000000	1.000000
0.981	0.001	1.000000	0.000000	0.000000	1.000000	1.000000
0.981	0.002	1.000000	0.000000	0.000000	1.000000	1.000000
0.981	0.003	1.000000	0.000000	0.000000	1.000000	1.000000
0.981	0.004	1.000000	0.000000	0.000000	1.000000	1.000000
0.982	0.000	1.000000	0.000000	0.000000	1.000000	1.000000
0.982	0.001	1.000000	0.000000	0.000000	1.000000	1.000000
0.982	0.002	1.000000	0.000000	0.000000	1.000000	1.000000
0.982	0.003	1.000000	0.000000	0.000000	1.000000	1.000000
0.982	0.004	1.000000	0.000000	0.000000	1.000000	1.000000
0.983	0.000	1.000000	0.000000	0.000000	1.000000	1.000000
0.983	0.001	1.000000	0.000000	0.000000	1.000000	1.000000
0.983	0.002	1.000000	0.000000	0.000000	1.000000	1.000000
0.983	0.003	1.000000	0.000000	0.000000	1.000000	1.000000
0.983	0.004	1.000000	0.000000	0.000000	1.000000	1.000000
0.984	0.000	1.000000	0.000000	0.000000	1.000000	1.000000
0.984	0.001	1.000000	0.000000	0.000000	1.000000	1.000000
0.984	0.002	1.000000	0.000000	0.000000	1.000000	1.000000
0.984	0.003	1.000000	0.000000	0.000000	1.000000	1.000000
0.984	0.004	1.000000	0.000000	0.000000	1.000000	1.000000
0.985	0.000	1.000000	0.000000	0.000000	1.000000	1.000000
0.985	0.001	1.000000	0.000000	0.000000	1.000000	1.000000
0.985	0.002	1.000000	0.000000	0.000000	1.000000	1.000000
0.985	0.003	1.000000	0.000000	0.000000	1.000000	1.000000
0.985	0.004	1.000000	0.000000	0.000000	1.000000	1.000000
0.986	0.000	1.000000	0.000000	0.000000	1.000000	1.000000
0.986	0.001	1.000000	0.000000	0.000000	1.000000	1.000000
0.986	0.002	1.000000	0.000000	0.000000	1.000000	1.000000
0.986	0.003	1.000000	0.000000	0.000000	1.000000	1.000000
0.986	0.004	1.000000	0.000000	0.000000	1.000000	1.000000
0.987	0.000	1.000000	0.000000	0.000000	1.000000	1.000000
0.987	0.001	1.000000	0.000000	0.000000	1.000000	1.000000
0.987	0.002	1.000000	0.000000	0.000000	1.000000	1.000000
0.987	0.003	1.000000	0.000000	0.000000	1.000000	1.000000
0.987	0.004	1.000000	0.000000	0.000000	1.000000	1.000000
0.988	0.000	1.000000	0.000000	0.000000	1.000000	1.000000
0.988	0.001	1.000000	0.000000	0.000000	1.000000	1.000000
0.988	0.002	1.000000	0.000000	0.000000	1.000000	1.000000
0.988	0.003	1.000000	0.000000	0.000000	1.000000	1.000000
0.988	0.004	1.000000	0.000000	0.000000	1.000000	1.000000
0.989	0.000	1.000000	0.000000	0.000000	1.000000	1.000000
0.989	0.001	1.000000	0.000000	0.000000	1.000000	1.000000
0.989	0.002	1.000000	0.000000	0.000000	1.000000	1.000000
0.989	0.003	1.000000	0.000000	0.000000	1.000000	1.000000
0.989	0.004	1.000000	0.000000	0.000000	1.000000	1.000000
0.990	0.000	1.000000	0.000000	0.000000	1.000000	1.000000
0.990	0.001	1.000000	0.000000	0.000000	1.000000	1.000000
0.990	0.002	1.000000	0.000000	0.000000	1.000000	1.000000
0.990	0.003	1.000000	0.000000	0.000000	1.000000	1.000000
0.990	0.004	1.000000	0.000000	0.000000	1.000000	1.000000
0.991	0.000	1.000000	0.000000	0.000000	1.000000	1.000000
0.991	0.001	1.000000	0.000000	0.000000	1.000000	1.000000
0.991	0.002	1.000000	0.000000	0.000000	1.000000	1.000000
0.991	0.003	1.000000	0.000000	0.000000	1.000000	1.000000
0.991	0.004	1.000000	0.000000	0.000000	1.000000	1.000000
0.992	0.000	1.000000	0.000000	0.000000	1.000000	1.000000
0.992	0.001	1.000000	0.000000	0.000000	1.000000	1.000000
0.992	0.002	1.000000	0.000000	0.000000	1.000000	1.000000
0.992	0.003	1.000000	0.000000	0.000000	1.000000	1.000000
0.992	0.004	1.000000	0.000000	0.000000	1.000000	1.000000
0.993	0.000	1.000000	0.000000	0.000000	1.000000	1.000000
0.993	0.001	1.000000	0.000000	0.000000	1.000000	1.000000
0.993	0.002	1.000000	0.000000	0.000000	1.000000	1.000000
0.993	0.003	1.000000	0.000000	0.000000	1.000000	1.000000
0.993	0.004	1.000000	0.000000	0.000000	1.000000	1.000000
0.994	0.000	1.000000	0.000000	0.000000	1.000000	1.000000
0.994	0.001	1.000000	0.000000	0.000000	1.000000	1.000000
0.994	0.002	1.000000	0.000000	0.000000	1.000000	1.000000
0.994	0.003	1.000000	0.000000	0.000000	1.000000	1.000000
0.994	0.004	1.000000	0.000000	0.000000	1.000000	1.000000
0.995	0.000	1.000000	0.000000	0.000000	1.000000	1.000000
0.995	0.001	1.000000	0.000000	0.000000	1.000000	1.000000
0.995	0.002	1.000000	0.000000	0.000000	1.000000	1.000000
0.995	0.003	1.000000	0.000000	0.000000	1.000000	1.000000
0.995	0.004	1.000000	0.000000	0.000000	1.000000	1.000000
0.996	0.000	1.000000	0.000000	0.000000	1.000000	1.000000
0.996	0.001	1.000000	0.000000	0.000000	1.000000	1.000000
0.996	0.002	1.000000	0.000000	0.000000	1.000000	1.000000
0.996	0.003	1.000000	0.000000	0.000000	1.000000	1.000000
0.996	0.004	1.000000	0.000000	0.000000	1.000000	1.000000
0.997	0.000	1.000000	0.000000	0.000000	1.000000	1.000000
0.997	0.001	1.000000	0.000000	0.000000	1.000000	1.000000
0.997	0.002	1.000000	0.000000	0.000000	1.000000	1.000000
0.997	0.003	1.000000	0.000000	0.000000	1.000000	1.000000
0.997	0.004	1.000000	0.000000	0.000000	1.000000	1.000000
0.998	0.000	1.000000	0.000000	0.000000	1.000000	1.000000
0.998	0.001	1.000000	0.000000	0.000000	1.000000	1.000000
0.998	0.002	1.000000	0.000000	0.000000	1.000000	1.000000
0.998	0.003	1.000000	0.000000	0.000000	1.000000	1.000000
0.998	0.004	1.000000	0.000000	0.000000	1.000000	1.000000
0.999	0.000	1.000000	0.000000	0.000000	1.000000	1.000000
0.999	0.001	1.000000	0.000000	0.000000	1.000000	1.000000
0.999	0.002	1.000000	0.000000	0.000000	1.000000	1.000000
0.999	0.003	1.000000	0.000000	0.000000	1.000000	1.000000
0.999	0.004	1.000000	0.000000	0.000000	1.000000	1.000000
1.000	0.000	1.000000	0.000000	0.000000	1.000000	1.000000
1.000	0.001	1.000000	0.000000	0.000000	1.000000	1.000000
1.000	0.002	1.000000	0.000000	0.000000	1.000000	1.000000
1.000	0.003	1.000000	0.000000	0.000000	1.000000	1.000000
1.000	0.004	1.000000	0.000000	0.000000	1.000000	1.000000
