0.000	0.001	10.000000	0.000000	0.000000	1.000000	10.000000
0.001	0.001	10.000000	0.000000	0.000000	1.000000	10.000000
0.002	0.001	10.000000	0.000000	0.000000	1.000000	10.000000
0.003	0.001	10.000000	0.000000	0.000000	1.000000	10.000000
0.004	0.001	10.000000	0.000000	0.000000	1.000000	10.000000
0.000	0.002	10.000000	0.000000	0.000000	1.000000	10.000000
0.001	0.002	10.000000	0.000000	0.000000	1.000000	10.000000
0.002	0.002	10.000000	0.000000	0.000000	1.000000	10.000000
0.003	0.002	10.000000	0.000000	0.000000	1.000000	10.000000
0.004	0.002	10.000000	0.000000	0.000000	1.000000	10.000000
0.000	0.003	10.000000	0.000000	0.000000	1.000000	10.000000
0.001	0.003	10.000000	0.000000	0.000000	1.000000	10.000000
0.002	0.003	10.000000	0.000000	0.000000	1.000000	10.000000
0.003	0.003	10.000000	0.000000	0.000000	1.000000	10.000000
0.004	0.003	10.000000	0.000000	0.000000	1.000000	10.000000
0.000	0.004	10.000000	0.000000	0.000000	1.000000	10.000000
0.001	0.004	10.000000	0.000000	0.000000	1.000000	10.000000
0.002	0.004	10.000000	0.000000	0.000000	1.000000	10.000000
0.003	0.004	10.000000	0.000000	0.000000	1.000000	10.000000
0.004	0.004	10.000000	0.000000	0.000000	1.000000	10.000000
0.000	0.005	10.000000	0.000000	0.000000	1.000000	10.000000
0.001	0.005	10.000000	0.000000	0.000000	1.000000	10.000000
0.002	0.005	10.000000	0.000000	0.000000	1.000000	10.000000
0.003	0.005	10.000000	0.000000	0.000000	1.000000	10.000000
0.004	0.005	10.000000	0.000000	0.000000	1.000000	10.000000
0.000	0.006	10.000000	0.000000	0.000000	1.000000	10.000000
0.001	0.006	10.000000	0.000000	0.000000	1.000000	10.000000
0.002	0.006	10.000000	0.000000	0.000000	1.000000	10.000000
0.003	0.006	10.000000	0.000000	0.000000	1.000000	10.000000
0.004	0.006	10.000000	0.000000	0.000000	1.000000	10.000000
0.000	0.007	10.000000	0.000000	0.000000	1.000000	10.000000
0.001	0.007	10.000000	0.000000	0.000000	1.000000	10.000000
0.002	0.007	10.000000	0.000000	0.000000	1.000000	10.000000
0.003	0.007	10.000000	0.000000	0.000000	1.000000	10.000000
0.004	0.007	10.000000	0.000000	0.000000	1.000000	10.000000
0.000	0.008	10.000000	0.000000	0.000000	1.000000	10.000000
0.001	0.008	10.000000	0.000000	0.000000	1.000000	10.000000
0.002	0.008	10.000000	0.000000	0.000000	1.000000	10.000000
0.003	0.008	10.000000	0.000000	0.000000	1.000000	10.000000
0.004	0.008	10.000000	0.000000	0.000000	1.000000	10.000000
0.000	0.009	10.000000	0.000000	0.000000	1.000000	10.000000
0.001	0.009	10.000000	0.000000	0.000000	1.000000	10.000000
0.002	0.009	10.000000	0.000000	0.000000	1.000000	10.000000
0.003	0.009	10.000000	0.000000	0.000000	1.000000	10.000000
0.004	0.009	10.000000	0.000000	0.000000	1.000000	10.000000
0.000	0.010	10.000000	0.000000	0.000000	1.000000	10.000000
0.001	0.010	10.000000	0.000000	0.000000	1.000000	10.000000
0.002	0.010	10.000000	0.000000	0.000000	1.000000	10.000000
0.003	0.010	10.000000	0.000000	0.000000	1.000000	10.000000
0.004	0.010	10.000000	0.000000	0.000000	1.000000	10.000000
0.000	0.011	10.000000	0.000000	0.000000	1.000000	10.000000
0.001	0.011	10.000000	0.000000	0.000000	1.000000	10.000000
0.002	0.011	10.000000	0.000000	0.000000	1.000000	10.000000
0.003	0.011	10.000000	0.000000	0.000000	1.000000	10.000000
0.004	0.011	10.000000	0.000000	0.000000	1.000000	10.000000
0.000	0.012	10.000000	0.000000	0.000000	1.000000	10.000000
0.001	0.012	10.000000	0.000000	0.000000	1.000000	10.000000
0.002	0.012	10.000000	0.000000	0.000000	1.000000	10.000000
0.003	0.012	10.000000	0.000000	0.000000	1.000000	10.000000
0.004	0.012	10.000000	0.000000	0.000000	1.000000	10.000000
0.000	0.013	10.000000	0.000000	0.000000	1.000000	10.000000
0.001	0.013	10.000000	0.000000	0.000000	1.000000	10.000000
0.002	0.013	10.000000	0.000000	0.000000	1.000000	10.000000
0.003	0.013	10.000000	0.000000	0.000000	1.000000	10.000000
0.004	0.013	10.000000	0.000000	0.000000	1.000000	10.000000
0.000	0.014	10.000000	0.000000	0.000000	1.000000	10.000000
0.001	0.014	10.000000	0.000000	0.000000	1.000000	10.000000
0.002	0.014	10.000000	0.000000	0.000000	1.000000	10.000000
0.003	0.014	10.000000	0.000000	0.000000	1.000000	10.000000
0.004	0.014	10.000000	0.000000	0.000000	1.000000	10.000000
0.000	0.015	10.000000	0.000000	0.000000	1.000000	10.000000
0.001	0.015	10.000000	0.000000	0.000000	1.000000	10.000000
0.002	0.015	10.000000	0.000000	0.000000	1.000000	10.000000
0.003	0.015	10.000000	0.000000	0.000000	1.000000	10.000000
0.004	0.015	10.000000	0.000000	0.000000	1.000000	10.000000
0.000	0.016	10.000000	0.000000	0.000000	1.000000	10.000000
0.001	0.016	10.000000	0.000000	0.000000	1.000000	10.000000
0.002	0.016	10.000000	0.000000	0.000000	1.000000	10.000000
0.003	0.016	10.000000	0.000000	0.000000	1.000000	10.000000
0.004	0.016	10.000000	0.000000	0.000000	1.000000	10.000000
0.000	0.016	10.000000	0.000000	0.000000	1.000000	10.000000
0.001	0.016	10.000000	0.000000	0.000000	1.000000	10.000000
0.002	0.016	10.000000	0.000000	0.000000	1.000000	10.000000
0.003	0.016	10.000000	0.000000	0.000000	1.000000	10.000000
0.004	0.016	10.000000	0.000000	0.000000	1.000000	10.000000
0.000	0.018	10.000000	0.000000	0.000000	1.000000	10.000000
0.001	0.018	10.000000	0.000000	0.000000	1.000000	10.000000
0.002	0.018	10.000000	0.000000	0.000000	1.000000	10.000000
0.003	0.018	10.000000	0.000000	0.000000	1.000000	10.000000
0.004	0.018	10.000000	0.000000	0.000000	1.000000	10.000000
0.000	0.019	10.000000	0.000000	0.000000	1.000000	10.000000
0.001	0.019	10.000000	0.000000	0.000000	1.000000	10.000000
0.002	0.019	10.000000	0.000000	0.000000	1.000000	10.000000
0.003	0.019	10.000000	0.000000	0.000000	1.000000	10.000000
0.004	0.019	10.000000	0.000000	0.000000	1.000000	10.000000
0.000	0.020	10.000000	0.000000	0.000000	1.000000	10.000000
0.001	0.020	10.000000	0.000000	0.000000	1.000000	10.000000
0.002	0.020	10.000000	0.000000	0.000000	1.000000	10.000000
0.003	0.020	10.000000	0.000000	0.000000	1.000000	10.000000
0.004	0.020	10.000000	0.000000	0.000000	1.000000	10.000000
0.000	0.021	10.000000	0.000000	0.000000	1.000000	10.000000
0.001	0.021	10.000000	0.000000	0.000000	1.000000	10.000000
0.002	0.021	10.000000	0.000000	0.000000	1.000000	10.000000
0.003	0.021	10.000000	0.000000	0.000000	1.000000	10.000000
0.004	0.021	10.000000	0.000000	0.000000	1.000000	10.000000
0.000	0.022	10.000000	0.000000	0.000000	1.000000	10.000000
0.001	0.022	10.000000	0.000000	0.000000	1.000000	10.000000
0.002	0.022	10.000000	0.000000	0.000000	1.000000	10.000000
0.003	0.022	10.000000	0.000000	0.000000	1.000000	10.000000
0.004	0.022	10.000000	0.000000	0.000000	1.000000	10.000000
0.000	0.023	10.000000	0.000000	0.000000	1.000000	10.000000
0.001	0.023	10.000000	0.000000	0.000000	1.000000	10.000000
0.002	0.023	10.000000	0.000000	0.000000	1.000000	10.000000
0.003	0.023	10.000000	0.000000	0.000000	1.000000	10.000000
0.004	0.023	10.000000	0.000000	0.000000	1.000000	10.000000
0.000	0.024	10.000000	0.000000	0.000000	1.000000	10.000000
0.001	0.024	10.000000	0.000000	0.000000	1.000000	10.000000
0.002	0.024	10.000000	0.000000	0.000000	1.000000	10.000000
0.003	0.024	10.000000	0.000000	0.000000	1.000000	10.000000
0.004	0.024	10.000000	0.000000	0.000000	1.000000	10.000000
0.000	0.025	10.000000	0.000000	0.000000	1.000000	10.000000
0.001	0.025	10.000000	0.000000	0.000000	1.000000	10.000000
0.002	0.025	10.000000	0.000000	0.000000	1.000000	10.000000
0.003	0.025	10.000000	0.000000	0.000000	1.000000	10.000000
0.004	0.025	10.000000	0.000000	0.000000	1.000000	10.000000
0.000	0.026	10.000000	0.000000	0.000000	1.000000	10.000000
0.001	0.026	10.000000	0.000000	0.000000	1.000000	10.000000
0.002	0.026	10.000000	0.000000	0.000000	1.000000	10.000000
0.003	0.026	10.000000	0.000000	0.000000	1.000000	10.000000
0.004	0.026	10.000000	0.000000	0.000000	1.000000	10.000000
0.000	0.027	10.000000	0.000000	0.000000	1.000000	10.000000
0.001	0.027	10.000000	0.000000	0.000000	1.000000	10.000000
0.002	0.027	10.000000	0.000000	0.000000	1.000000	10.000000
0.003	0.027	10.000000	0.000000	0.000000	1.000000	10.000000
0.004	0.027	10.000000	0.000000	0.000000	1.000000	10.000000
0.000	0.028	10.000000	0.000000	0.000000	1.000000	10.000000
0.001	0.028	10.000000	0.000000	0.000000	1.000000	10.000000
0.002	0.028	10.000000	0.000000	0.000000	1.000000	10.000000
0.003	0.028	10.000000	0.000000	0.000000	1.000000	10.000000
0.004	0.028	10.000000	0.000000	0.000000	1.000000	10.000000
0.000	0.029	10.000000	0.000000	0.000000	1.000000	10.000000
0.001	0.029	10.000000	0.000000	0.000000	1.000000	10.000000
0.002	0.029	10.000000	0.000000	0.000000	1.000000	10.000000
0.003	0.029	10.000000	0.000000	0.000000	1.000000	10.000000
0.004	0.029	10.000000	0.000000	0.000000	1.000000	10.000000
0.000	0.030	10.000000	0.000000	0.000000	1.000000	10.000000
0.001	0.030	10.000000	0.000000	0.000000	1.000000	10.000000
0.002	0.030	10.000000	0.000000	0.000000	1.000000	10.000000
0.003	0.030	10.000000	0.000000	0.000000	1.000000	10.000000
0.004	0.030	10.000000	0.000000	0.000000	1.000000	10.000000
0.000	0.031	10.000000	0.000000	0.000000	1.000000	10.000000
0.001	0.031	10.000000	0.000000	0.000000	1.000000	10.000000
0.002	0.031	10.000000	0.000000	0.000000	1.000000	10.000000
0.003	0.031	10.000000	0.000000	0.000000	1.000000	10.000000
0.004	0.031	10.000000	0.000000	0.000000	1.000000	10.000000
0.000	0.032	10.000000	0.000000	0.000000	1.000000	10.000000
0.001	0.032	10.000000	0.000000	0.000000	1.000000	10.000000
0.002	0.032	10.000000	0.000000	0.000000	1.000000	10.000000
0.003	0.032	10.000000	0.000000	0.000000	1.000000	10.000000
0.004	0.032	10.000000	0.000000	0.000000	1.000000	10.000000
0.000	0.033	10.000000	0.000000	0.000000	1.000000	10.000000
0.001	0.033	10.000000	0.000000	0.000000	1.000000	10.000000
0.002	0.033	10.000000	0.000000	0.000000	1.000000	10.000000
0.003	0.033	10.000000	0.000000	0.000000	1.000000	10.000000
0.004	0.033	10.000000	0.000000	0.000000	1.000000	10.000000
0.000	0.034	10.000000	0.000000	0.000000	1.000000	10.000000
0.001	0.034	10.000000	0.000000	0.000000	1.000000	10.000000
0.002	0.034	10.000000	0.000000	0.000000	1.000000	10.000000
0.003	0.034	10.000000	0.000000	0.000000	1.000000	10.000000
0.004	0.034	10.000000	0.000000	0.000000	1.000000	10.000000
0.000	0.035	10.000000	0.000000	0.000000	1.000000	10.000000
0.001	0.035	10.000000	0.000000	0.000000	1.000000	10.000000
0.002	0.035	10.000000	0.000000	0.000000	1.000000	10.000000
0.003	0.035	10.000000	0.000000	0.000000	1.000000	10.000000
0.004	0.035	10.000000	0.000000	0.000000	1.000000	10.000000
0.000	0.036	10.000000	0.000000	0.000000	1.000000	10.000000
0.001	0.036	10.000000	0.000000	0.000000	1.000000	10.000000
0.002	0.036	10.000000	0.000000	0.000000	1.000000	10.000000
0.003	0.036	10.000000	0.000000	0.000000	1.000000	10.000000
0.004	0.036	10.000000	0.000000	0.000000	1.000000	10.000000
0.000	0.037	10.000000	0.000000	0.000000	1.000000	10.000000
0.001	0.037	10.000000	0.000000	0.000000	1.000000	10.000000
0.002	0.037	10.000000	0.000000	0.000000	1.000000	10.000000
0.003	0.037	10.000000	0.000000	0.000000	1.000000	10.000000
0.004	0.037	10.000000	0.000000	0.000000	1.000000	10.000000
0.000	0.038	10.000000	0.000000	0.000000	1.000000	10.000000
0.001	0.038	10.000000	0.000000	0.000000	1.000000	10.000000
0.002	0.038	10.000000	0.000000	0.000000	1.000000	10.000000
0.003	0.038	10.000000	0.000000	0.000000	1.000000	10.000000
0.004	0.038	10.000000	0.000000	0.000000	1.000000	10.000000
0.000	0.039	10.000000	0.000000	0.000000	1.000000	10.000000
0.001	0.039	10.000000	0.000000	0.000000	1.000000	10.000000
0.002	0.039	10.000000	0.000000	0.000000	1.000000	10.000000
0.003	0.039	10.000000	0.000000	0.000000	1.000000	10.000000
0.004	0.039	10.000000	0.000000	0.000000	1.000000	10.000000
0.000	0.040	10.000000	0.000000	0.000000	1.000000	10.000000
0.001	0.040	10.000000	0.000000	0.000000	1.000000	10.000000
0.002	0.040	10.000000	0.000000	0.000000	1.000000	10.000000
0.003	0.040	10.000000	0.000000	0.000000	1.000000	10.000000
0.004	0.040	10.000000	0.000000	0.000000	1.000000	10.000000
0.000	0.041	10.000000	0.000000	0.000000	1.000000	10.000000
0.001	0.041	10.000000	0.000000	0.000000	1.000000	10.000000
0.002	0.041	10.000000	0.000000	0.000000	1.000000	10.000000
0.003	0.041	10.000000	0.000000	0.000000	1.000000	10.000000
0.004	0.041	10.000000	0.000000	0.000000	1.000000	10.000000
0.000	0.042	10.000000	0.000000	0.000000	1.000000	10.000000
0.001	0.042	10.000000	0.000000	0.000000	1.000000	10.000000
0.002	0.042	10.000000	0.000000	0.000000	1.000000	10.000000
0.003	0.042	10.000000	0.000000	0.000000	1.000000	10.000000
0.004	0.042	10.000000	0.000000	0.000000	1.000000	10.000000
0.000	0.043	10.000000	0.000000	0.000000	1.000000	10.000000
0.001	0.043	10.000000	0.000000	0.000000	1.000000	10.000000
0.002	0.043	10.000000	0.000000	0.000000	1.000000	10.000000
0.003	0.043	10.000000	0.000000	0.000000	1.000000	10.000000
0.004	0.043	10.000000	0.000000	0.000000	1.000000	10.000000
0.000	0.044	10.000000	0.000000	0.000000	1.000000	10.000000
0.001	0.044	10.000000	0.000000	0.000000	1.000000	10.000000
0.002	0.044	10.000000	0.000000	0.000000	1.000000	10.000000
0.003	0.044	10.000000	0.000000	0.000000	1.000000	10.000000
0.004	0.044	10.000000	0.000000	0.000000	1.000000	10.000000
0.000	0.045	10.000000	0.000000	0.000000	1.000000	10.000000
0.001	0.045	10.000000	0.000000	0.000000	1.000000	10.000000
0.002	0.045	10.000000	0.000000	0.000000	1.000000	10.000000
0.003	0.045	10.000000	0.000000	0.000000	1.000000	10.000000
0.004	0.045	10.000000	0.000000	0.000000	1.000000	10.000000
0.000	0.046	10.000000	0.000000	0.000000	1.000000	10.000000
0.001	0.046	10.000000	0.000000	0.000000	1.000000	10.000000
0.002	0.046	10.000000	0.000000	0.000000	1.000000	10.000000
0.003	0.046	10.000000	0.000000	0.000000	1.000000	10.000000
0.004	0.046	10.000000	0.000000	0.000000	1.000000	10.000000
0.000	0.047	10.000000	0.000000	0.000000	1.000000	10.000000
0.001	0.047	10.000000	0.000000	0.000000	1.000000	10.000000
0.002	0.047	10.000000	0.000000	0.000000	1.000000	10.000000
0.003	0.047	10.000000	0.000000	0.000000	1.000000	10.000000
0.004	0.047	10.000000	0.000000	0.000000	1.000000	10.000000
0.000	0.048	10.000000	0.000000	0.000000	1.000000	10.000000
0.001	0.048	10.000000	0.000000	0.000000	1.000000	10.000000
0.002	0.048	10.000000	0.000000	0.000000	1.000000	10.000000
0.003	0.048	10.000000	0.000000	0.000000	1.000000	10.000000
0.004	0.048	10.000000	0.000000	0.000000	1.000000	10.000000
0.000	0.049	10.000000	0.000000	0.000000	1.000000	10.000000
0.001	0.049	10.000000	0.000000	0.000000	1.000000	10.000000
0.002	0.049	10.000000	0.000000	0.000000	1.000000	10.000000
0.003	0.049	10.000000	0.000000	0.000000	1.000000	10.000000
0.004	0.049	10.000000	0.000000	0.000000	1.000000	10.000000
0.000	0.050	10.000000	0.000000	0.000000	1.000000	10.000000
0.001	0.050	10.000000	0.000000	0.000000	1.000000	10.000000
0.002	0.050	10.000000	0.000000	0.000000	1.000000	10.000000
0.003	0.050	10.000000	0.000000	0.000000	1.000000	10.000000
0.004	0.050	10.000000	0.000000	0.000000	1.000000	10.000000
0.000	0.051	10.000000	0.000000	0.000000	1.000000	10.000000
0.001	0.051	10.000000	0.000000	0.000000	1.000000	10.000000
0.002	0.051	10.000000	0.000000	0.000000	1.000000	10.000000
0.003	0.051	10.000000	0.000000	0.000000	1.000000	10.000000
0.004	0.051	10.000000	0.000000	0.000000	1.000000	10.000000
0.000	0.052	10.000000	0.000000	0.000000	1.000000	10.000000
0.001	0.052	10.000000	0.000000	0.000000	1.000000	10.000000
0.002	0.052	10.000000	0.000000	0.000000	1.000000	10.000000
0.003	0.052	10.000000	0.000000	0.000000	1.000000	10.000000
0.004	0.052	10.000000	0.000000	0.000000	1.000000	10.000000
0.000	0.053	10.000000	0.000000	0.000000	1.000000	10.000000
0.001	0.053	10.000000	0.000000	0.000000	1.000000	10.000000
0.002	0.053	10.000000	0.000000	0.000000	1.000000	10.000000
0.003	0.053	10.000000	0.000000	0.000000	1.000000	10.000000
0.004	0.053	10.000000	0.000000	0.000000	1.000000	10.000000
0.000	0.054	10.000000	0.000000	0.000000	1.000000	10.000000
0.001	0.054	10.000000	0.000000	0.000000	1.000000	10.000000
0.002	0.054	10.000000	0.000000	0.000000	1.000000	10.000000
0.003	0.054	10.000000	0.000000	0.000000	1.000000	10.000000
0.004	0.054	10.000000	0.000000	0.000000	1.000000	10.000000
0.000	0.055	10.000000	0.000000	0.000000	1.000000	10.000000
0.001	0.055	10.000000	0.000000	0.000000	1.000000	10.000000
0.002	0.055	10.000000	0.000000	0.000000	1.000000	10.000000
0.003	0.055	10.000000	0.000000	0.000000	1.000000	10.000000
0.004	0.055	10.000000	0.000000	0.000000	1.000000	10.000000
0.000	0.056	10.000000	0.000000	0.000000	1.000000	10.000000
0.001	0.056	10.000000	0.000000	0.000000	1.000000	10.000000
0.002	0.056	10.000000	0.000000	0.000000	1.000000	10.000000
0.003	0.056	10.000000	0.000000	0.000000	1.000000	10.000000
0.004	0.056	10.000000	0.000000	0.000000	1.000000	10.000000
0.000	0.057	10.000000	0.000000	0.000000	1.000000	10.000000
0.001	0.057	10.000000	0.000000	0.000000	1.000000	10.000000
0.002	0.057	10.000000	0.000000	0.000000	1.000000	10.000000
0.003	0.057	10.000000	0.000000	0.000000	1.000000	10.000000
0.004	0.057	10.000000	0.000000	0.000000	1.000000	10.000000
0.000	0.058	10.000000	0.000000	0.000000	1.000000	10.000000
0.001	0.058	10.000000	0.000000	0.000000	1.000000	10.000000
0.002	0.058	10.000000	0.000000	0.000000	1.000000	10.000000
0.003	0.058	10.000000	0.000000	0.000000	1.000000	10.000000
0.004	0.058	10.000000	0.000000	0.000000	1.000000	10.000000
0.000	0.059	10.000000	0.000000	0.000000	1.000000	10.000000
0.001	0.059	10.000000	0.000000	0.000000	1.000000	10.000000
0.002	0.059	10.000000	0.000000	0.000000	1.000000	10.000000
0.003	0.059	10.000000	0.000000	0.000000	1.000000	10.000000
0.004	0.059	10.000000	0.000000	0.000000	1.000000	10.000000
0.000	0.060	10.000000	0.000000	0.000000	1.000000	10.000000
0.001	0.060	10.000000	0.000000	0.000000	1.000000	10.000000
0.002	0.060	10.000000	0.000000	0.000000	1.000000	10.000000
0.003	0.060	10.000000	0.000000	0.000000	1.000000	10.000000
0.004	0.060	10.000000	0.000000	0.000000	1.000000	10.000000
0.000	0.061	10.000000	0.000000	0.000000	1.000000	10.000000
0.001	0.061	10.000000	0.000000	0.000000	1.000000	10.000000
0.002	0.061	10.000000	0.000000	0.000000	1.000000	10.000000
0.003	0.061	10.000000	0.000000	0.000000	1.000000	10.000000
0.004	0.061	10.000000	0.000000	0.000000	1.000000	10.000000
0.000	0.062	10.000000	0.000000	0.000000	1.000000	10.000000
0.001	0.062	10.000000	0.000000	0.000000	1.000000	10.000000
0.002	0.062	10.000000	0.000000	0.000000	1.000000	10.000000
0.003	0.062	10.000000	0.000000	0.000000	1.000000	10.000000
0.004	0.062	10.000000	0.000000	0.000000	1.000000	10.000000
0.000	0.062	10.000000	0.000000	0.000000	1.000000	10.000000
0.001	0.062	10.000000	0.000000	0.000000	1.000000	10.000000
0.002	0.062	10.000000	0.000000	0.000000	1.000000	10.000000
0.003	0.062	10.000000	0.000000	0.000000	1.000000	10.000000
0.004	0.062	10.000000	0.000000	0.000000	1.000000	10.000000
0.000	0.064	10.000000	0.000000	0.000000	1.000000	10.000000
0.001	0.064	10.000000	0.000000	0.000000	1.000000	10.000000
0.002	0.064	10.000000	0.000000	0.000000	1.000000	10.000000
0.003	0.064	10.000000	0.000000	0.000000	1.000000	10.000000
0.004	0.064	10.000000	0.000000	0.000000	1.000000	10.000000
0.000	0.065	10.000000	0.000000	0.000000	1.000000	10.000000
0.001	0.065	10.000000	0.000000	0.000000	1.000000	10.000000
0.002	0.065	10.000000	0.000000	0.000000	1.000000	10.000000
0.003	0.065	10.000000	0.000000	0.000000	1.000000	10.000000
0.004	0.065	10.000000	0.000000	0.000000	1.000000	10.000000
0.000	0.066	10.000000	0.000000	0.000000	1.000000	10.000000
0.001	0.066	10.000000	0.000000	0.000000	1.000000	10.000000
0.002	0.066	10.000000	0.000000	0.000000	1.000000	10.000000
0.003	0.066	10.000000	0.000000	0.000000	1.000000	10.000000
0.004	0.066	10.000000	0.000000	0.000000	1.000000	10.000000
0.000	0.067	10.000000	0.000000	0.000000	1.000000	10.000000
0.001	0.067	10.000000	0.000000	0.000000	1.000000	10.000000
0.002	0.067	10.000000	0.000000	0.000000	1.000000	10.000000
0.003	0.067	10.000000	0.000000	0.000000	1.000000	10.000000
0.004	0.067	10.000000	0.000000	0.000000	1.000000	10.000000
0.000	0.068	10.000000	0.000000	0.000000	1.000000	10.000000
0.001	0.068	10.000000	0.000000	0.000000	1.000000	10.000000
0.002	0.068	10.000000	0.000000	0.000000	1.000000	10.000000
0.003	0.068	10.000000	0.000000	0.000000	1.000000	10.000000
0.004	0.068	10.000000	0.000000	0.000000	1.000000	10.000000
0.000	0.069	10.000000	0.000000	0.000000	1.000000	10.000000
0.001	0.069	10.000000	0.000000	0.000000	1.000000	10.000000
0.002	0.069	10.000000	0.000000	0.000000	1.000000	10.000000
0.003	0.069	10.000000	0.000000	0.000000	1.000000	10.000000
0.004	0.069	10.000000	0.000000	0.000000	1.000000	10.000000
0.000	0.070	10.000000	0.000000	0.000000	1.000000	10.000000
0.001	0.070	10.000000	0.000000	0.000000	1.000000	10.000000
0.002	0.070	10.000000	0.000000	0.000000	1.000000	10.000000
0.003	0.070	10.000000	0.000000	0.000000	1.000000	10.000000
0.004	0.070	10.000000	0.000000	0.000000	1.000000	10.000000
0.000	0.071	10.000000	0.000000	0.000000	1.000000	10.000000
0.001	0.071	10.000000	0.000000	0.000000	1.000000	10.000000
0.002	0.071	10.000000	0.000000	0.000000	1.000000	10.000000
0.003	0.071	10.000000	0.000000	0.000000	1.000000	10.000000
0.004	0.071	10.000000	0.000000	0.000000	1.000000	10.000000
0.000	0.072	10.000000	0.000000	0.000000	1.000000	10.000000
0.001	0.072	10.000000	0.000000	0.000000	1.000000	10.000000
0.002	0.072	10.000000	0.000000	0.000000	1.000000	10.000000
0.003	0.072	10.000000	0.000000	0.000000	1.000000	10.000000
0.004	0.072	10.000000	0.000000	0.000000	1.000000	10.000000
0.000	0.073	10.000000	0.000000	0.000000	1.000000	10.000000
0.001	0.073	10.000000	0.000000	0.000000	1.000000	10.000000
0.002	0.073	10.000000	0.000000	0.000000	1.000000	10.000000
0.003	0.073	10.000000	0.000000	0.000000	1.000000	10.000000
0.004	0.073	10.000000	0.000000	0.000000	1.000000	10.000000
0.000	0.073	10.000000	0.000000	0.000000	1.000000	10.000000
0.001	0.073	10.000000	0.000000	0.000000	1.000000	10.000000
0.002	0.073	10.000000	0.000000	0.000000	1.000000	10.000000
0.003	0.073	10.000000	0.000000	0.000000	1.000000	10.000000
0.004	0.073	10.000000	0.000000	0.000000	1.000000	10.000000
0.000	0.075	10.000000	0.000000	0.000000	1.000000	10.000000
0.001	0.075	10.000000	0.000000	0.000000	1.000000	10.000000
0.002	0.075	10.000000	0.000000	0.000000	1.000000	10.000000
0.003	0.075	10.000000	0.000000	0.000000	1.000000	10.000000
0.004	0.075	10.000000	0.000000	0.000000	1.000000	10.000000
0.000	0.076	10.000000	0.000000	0.000000	1.000000	10.000000
0.001	0.076	10.000000	0.000000	0.000000	1.000000	10.000000
0.002	0.076	10.000000	0.000000	0.000000	1.000000	10.000000
0.003	0.076	10.000000	0.000000	0.000000	1.000000	10.000000
0.004	0.076	10.000000	0.000000	0.000000	1.000000	10.000000
0.000	0.077	10.000000	0.000000	0.000000	1.000000	10.000000
0.001	0.077	10.000000	0.000000	0.000000	1.000000	10.000000
0.002	0.077	10.000000	0.000000	0.000000	1.000000	10.000000
0.003	0.077	10.000000	0.000000	0.000000	1.000000	10.000000
0.004	0.077	10.000000	0.000000	0.000000	1.000000	10.000000
0.000	0.078	10.000000	0.000000	0.000000	1.000000	10.000000
0.001	0.078	10.000000	0.000000	0.000000	1.000000	10.000000
0.002	0.078	10.000000	0.000000	0.000000	1.000000	10.000000
0.003	0.078	10.000000	0.000000	0.000000	1.000000	10.000000
0.004	0.078	10.000000	0.000000	0.000000	1.000000	10.000000
0.000	0.079	10.000000	0.000000	0.000000	1.000000	10.000000
0.001	0.079	10.000000	0.000000	0.000000	1.000000	10.000000
0.002	0.079	10.000000	0.000000	0.000000	1.000000	10.000000
0.003	0.079	10.000000	0.000000	0.000000	1.000000	10.000000
0.004	0.079	10.000000	0.000000	0.000000	1.000000	10.000000
0.000	0.080	10.000000	0.000000	0.000000	1.000000	10.000000
0.001	0.080	10.000000	0.000000	0.000000	1.000000	10.000000
0.002	0.080	10.000000	0.000000	0.000000	1.000000	10.000000
0.003	0.080	10.000000	0.000000	0.000000	1.000000	10.000000
0.004	0.080	10.000000	0.000000	0.000000	1.000000	10.000000
0.000	0.081	10.000000	0.000000	0.000000	1.000000	10.000000
0.001	0.081	10.000000	0.000000	0.000000	1.000000	10.000000
0.002	0.081	10.000000	0.000000	0.000000	1.000000	10.000000
0.003	0.081	10.000000	0.000000	0.000000	1.000000	10.000000
0.004	0.081	10.000000	0.000000	0.000000	1.000000	10.000000
0.000	0.082	10.000000	0.000000	0.000000	1.000000	10.000000
0.001	0.082	10.000000	0.000000	0.000000	1.000000	10.000000
0.002	0.082	10.000000	0.000000	0.000000	1.000000	10.000000
0.003	0.082	10.000000	0.000000	0.000000	1.000000	10.000000
0.004	0.082	10.000000	0.000000	0.000000	1.000000	10.000000
0.000	0.083	10.000000	0.000000	0.000000	1.000000	10.000000
0.001	0.083	10.000000	0.000000	0.000000	1.000000	10.000000
0.002	0.083	10.000000	0.000000	0.000000	1.000000	10.000000
0.003	0.083	10.000000	0.000000	0.000000	1.000000	10.000000
0.004	0.083	10.000000	0.000000	0.000000	1.000000	10.000000
0.000	0.084	10.000000	0.000000	0.000000	1.000000	10.000000
0.001	0.084	10.000000	0.000000	0.000000	1.000000	10.000000
0.002	0.084	10.000000	0.000000	0.000000	1.000000	10.000000
0.003	0.084	10.000000	0.000000	0.000000	1.000000	10.000000
0.004	0.084	10.000000	0.000000	0.000000	1.000000	10.000000
0.000	0.085	10.000000	0.000000	0.000000	1.000000	10.000000
0.001	0.085	10.000000	0.000000	0.000000	1.000000	10.000000
0.002	0.085	10.000000	0.000000	0.000000	1.000000	10.000000
0.003	0.085	10.000000	0.000000	0.000000	1.000000	10.000000
0.004	0.085	10.000000	0.000000	0.000000	1.000000	10.000000
0.000	0.086	10.000000	0.000000	0.000000	1.000000	10.000000
0.001	0.086	10.000000	0.000000	0.000000	1.000000	10.000000
0.002	0.086	10.000000	0.000000	0.000000	1.000000	10.000000
0.003	0.086	10.000000	0.000000	0.000000	1.000000	10.000000
0.004	0.086	10.000000	0.000000	0.000000	1.000000	10.000000
0.000	0.087	10.000000	0.000000	0.000000	1.000000	10.000000
0.001	0.087	10.000000	0.000000	0.000000	1.000000	10.000000
0.002	0.087	10.000000	0.000000	0.000000	1.000000	10.000000
0.003	0.087	10.000000	0.000000	0.000000	1.000000	10.000000
0.004	0.087	10.000000	0.000000	0.000000	1.000000	10.000000
0.000	0.088	10.000000	0.000000	0.000000	1.000000	10.000000
0.001	0.088	10.000000	0.000000	0.000000	1.000000	10.000000
0.002	0.088	10.000000	0.000000	0.000000	1.000000	10.000000
0.003	0.088	10.000000	0.000000	0.000000	1.000000	10.000000
0.004	0.088	10.000000	0.000000	0.000000	1.000000	10.000000
0.000	0.089	10.000000	0.000000	0.000000	1.000000	10.000000
0.001	0.089	10.000000	0.000000	0.000000	1.000000	10.000000
0.002	0.089	10.000000	0.000000	0.000000	1.000000	10.000000
0.003	0.089	10.000000	0.000000	0.000000	1.000000	10.000000
0.004	0.089	10.000000	0.000000	0.000000	1.000000	10.000000
0.000	0.090	10.000000	0.000000	0.000000	1.000000	10.000000
0.001	0.090	10.000000	0.000000	0.000000	1.000000	10.000000
0.002	0.090	10.000000	0.000000	0.000000	1.000000	10.000000
0.003	0.090	10.000000	0.000000	0.000000	1.000000	10.000000
0.004	0.090	10.000000	0.000000	0.000000	1.000000	10.000000
0.000	0.091	10.000000	0.000000	0.000000	1.000000	10.000000
0.001	0.091	10.000000	0.000000	0.000000	1.000000	10.000000
0.002	0.091	10.000000	0.000000	0.000000	1.000000	10.000000
0.003	0.091	10.000000	0.000000	0.000000	1.000000	10.000000
0.004	0.091	10.000000	0.000000	0.000000	1.000000	10.000000
0.000	0.092	10.000000	0.000000	0.000000	1.000000	10.000000
0.001	0.092	10.000000	0.000000	0.000000	1.000000	10.000000
0.002	0.092	10.000000	0.000000	0.000000	1.000000	10.000000
0.003	0.092	10.000000	0.000000	0.000000	1.000000	10.000000
0.004	0.092	10.000000	0.000000	0.000000	1.000000	10.000000
0.000	0.093	10.000000	0.000000	0.000000	1.000000	10.000000
0.001	0.093	10.000000	0.000000	0.000000	1.000000	10.000000
0.002	0.093	10.000000	0.000000	0.000000	1.000000	10.000000
0.003	0.093	10.000000	0.000000	0.000000	1.000000	10.000000
0.004	0.093	10.000000	0.000000	0.000000	1.000000	10.000000
0.000	0.094	10.000000	0.000000	0.000000	1.000000	10.000000
0.001	0.094	10.000000	0.000000	0.000000	1.000000	10.000000
0.002	0.094	10.000000	0.000000	0.000000	1.000000	10.000000
0.003	0.094	10.000000	0.000000	0.000000	1.000000	10.000000
0.004	0.094	10.000000	0.000000	0.000000	1.000000	10.000000
0.000	0.095	10.000000	0.000000	0.000000	1.000000	10.000000
0.001	0.095	10.000000	0.000000	0.000000	1.000000	10.000000
0.002	0.095	10.000000	0.000000	0.000000	1.000000	10.000000
0.003	0.095	10.000000	0.000000	0.000000	1.000000	10.000000
0.004	0.095	10.000000	0.000000	0.000000	1.000000	10.000000
0.000	0.096	10.000000	0.000000	0.000000	1.000000	10.000000
0.001	0.096	10.000000	0.000000	0.000000	1.000000	10.000000
0.002	0.096	10.000000	0.000000	0.000000	1.000000	10.000000
0.003	0.096	10.000000	0.000000	0.000000	1.000000	10.000000
0.004	0.096	10.000000	0.000000	0.000000	1.000000	10.000000
0.000	0.097	10.000000	0.000000	0.000000	1.000000	10.000000
0.001	0.097	10.000000	0.000000	0.000000	1.000000	10.000000
0.002	0.097	10.000000	0.000000	0.000000	1.000000	10.000000
0.003	0.097	10.000000	0.000000	0.000000	1.000000	10.000000
0.004	0.097	10.000000	0.000000	0.000000	1.000000	10.000000
0.000	0.098	10.000000	0.000000	0.000000	1.000000	10.000000
0.001	0.098	10.000000	0.000000	0.000000	1.000000	10.000000
0.002	0.098	10.000000	0.000000	0.000000	1.000000	10.000000
0.003	0.098	10.000000	0.000000	0.000000	1.000000	10.000000
0.004	0.098	10.000000	0.000000	0.000000	1.000000	10.000000
0.000	0.099	10.000000	0.000000	0.000000	1.000000	10.000000
0.001	0.099	10.000000	0.000000	0.000000	1.000000	10.000000
0.002	0.099	10.000000	0.000000	0.000000	1.000000	10.000000
0.003	0.099	10.000000	0.000000	0.000000	1.000000	10.000000
0.004	0.099	10.000000	0.000000	0.000000	1.000000	10.000000
0.000	0.100	10.000000	0.000000	0.000000	1.000000	10.000000
0.001	0.100	10.000000	0.000000	0.000000	1.000000	10.000000
0.002	0.100	10.000000	0.000000	0.000000	1.000000	10.000000
0.003	0.100	10.000000	0.000000	0.000000	1.000000	10.000000
0.004	0.100	10.000000	0.000000	0.000000	1.000000	10.000000
0.000	0.101	10.000000	0.000000	0.000000	1.000000	10.000000
0.001	0.101	10.000000	0.000000	0.000000	1.000000	10.000000
0.002	0.101	10.000000	0.000000	0.000000	1.000000	10.000000
0.003	0.101	10.000000	0.000000	0.000000	1.000000	10.000000
0.004	0.101	10.000000	0.000000	0.000000	1.000000	10.000000
0.000	0.102	10.000000	0.000000	0.000000	1.000000	10.000000
0.001	0.102	10.000000	0.000000	0.000000	1.000000	10.000000
0.002	0.102	10.000000	0.000000	0.000000	1.000000	10.000000
0.003	0.102	10.000000	0.000000	0.000000	1.000000	10.000000
0.004	0.102	10.000000	0.000000	0.000000	1.000000	10.000000
0.000	0.103	10.000000	0.000000	0.000000	1.000000	10.000000
0.001	0.103	10.000000	0.000000	0.000000	1.000000	10.000000
0.002	0.103	10.000000	0.000000	0.000000	1.000000	10.000000
0.003	0.103	10.000000	0.000000	0.000000	1.000000	10.000000
0.004	0.103	10.000000	0.000000	0.000000	1.000000	10.000000
0.000	0.104	10.000000	0.000000	0.000000	1.000000	10.000000
0.001	0.104	10.000000	0.000000	0.000000	1.000000	10.000000
0.002	0.104	10.000000	0.000000	0.000000	1.000000	10.000000
0.003	0.104	10.000000	0.000000	0.000000	1.000000	10.000000
0.004	0.104	10.000000	0.000000	0.000000	1.000000	10.000000
0.000	0.105	10.000000	0.000000	0.000000	1.000000	10.000000
0.001	0.105	10.000000	0.000000	0.000000	1.000000	10.000000
0.002	0.105	10.000000	0.000000	0.000000	1.000000	10.000000
0.003	0.105	10.000000	0.000000	0.000000	1.000000	10.000000
0.004	0.105	10.000000	0.000000	0.000000	1.000000	10.000000
0.000	0.106	10.000000	0.000000	0.000000	1.000000	10.000000
0.001	0.106	10.000000	0.000000	0.000000	1.000000	10.000000
0.002	0.106	10.000000	0.000000	0.000000	1.000000	10.000000
0.003	0.106	10.000000	0.000000	0.000000	1.000000	10.000000
0.004	0.106	10.000000	0.000000	0.000000	1.000000	10.000000
0.000	0.107	10.000000	0.000000	0.000000	1.000000	10.000000
0.001	0.107	10.000000	0.000000	0.000000	1.000000	10.000000
0.002	0.107	10.000000	0.000000	0.000000	1.000000	10.000000
0.003	0.107	10.000000	0.000000	0.000000	1.000000	10.000000
0.004	0.107	10.000000	0.000000	0.000000	1.000000	10.000000
0.000	0.108	10.000000	0.000000	0.000000	1.000000	10.000000
0.001	0.108	10.000000	0.000000	0.000000	1.000000	10.000000
0.002	0.108	10.000000	0.000000	0.000000	1.000000	10.000000
0.003	0.108	10.000000	0.000000	0.000000	1.000000	10.000000
0.004	0.108	10.000000	0.000000	0.000000	1.000000	10.000000
0.000	0.109	10.000000	0.000000	0.000000	1.000000	10.000000
0.001	0.109	10.000000	0.000000	0.000000	1.000000	10.000000
0.002	0.109	10.000000	0.000000	0.000000	1.000000	10.000000
0.003	0.109	10.000000	0.000000	0.000000	1.000000	10.000000
0.004	0.109	10.000000	0.000000	0.000000	1.000000	10.000000
0.000	0.110	10.000000	0.000000	0.000000	1.000000	10.000000
0.001	0.110	10.000000	0.000000	0.000000	1.000000	10.000000
0.002	0.110	10.000000	0.000000	0.000000	1.000000	10.000000
0.003	0.110	10.000000	0.000000	0.000000	1.000000	10.000000
0.004	0.110	10.000000	0.000000	0.000000	1.000000	10.000000
0.000	0.111	10.000000	0.000000	0.000000	1.000000	10.000000
0.001	0.111	10.000000	0.000000	0.000000	1.000000	10.000000
0.002	0.111	10.000000	0.000000	0.000000	1.000000	10.000000
0.003	0.111	10.000000	0.000000	0.000000	1.000000	10.000000
0.004	0.111	10.000000	0.000000	0.000000	1.000000	10.000000
0.000	0.112	10.000000	0.000000	0.000000	1.000000	10.000000
0.001	0.112	10.000000	0.000000	0.000000	1.000000	10.000000
0.002	0.112	10.000000	0.000000	0.000000	1.000000	10.000000
0.003	0.112	10.000000	0.000000	0.000000	1.000000	10.000000
0.004	0.112	10.000000	0.000000	0.000000	1.000000	10.000000
0.000	0.113	10.000000	0.000000	0.000000	1.000000	10.000000
0.001	0.113	10.000000	0.000000	0.000000	1.000000	10.000000
0.002	0.113	10.000000	0.000000	0.000000	1.000000	10.000000
0.003	0.113	10.000000	0.000000	0.000000	1.000000	10.000000
0.004	0.113	10.000000	0.000000	0.000000	1.000000	10.000000
0.000	0.114	10.000000	0.000000	0.000000	1.000000	10.000000
0.001	0.114	10.000000	0.000000	0.000000	1.000000	10.000000
0.002	0.114	10.000000	0.000000	0.000000	1.000000	10.000000
0.003	0.114	10.000000	0.000000	0.000000	1.000000	10.000000
0.004	0.114	10.000000	0.000000	0.000000	1.000000	10.000000
0.000	0.115	10.000000	0.000000	0.000000	1.000000	10.000000
0.001	0.115	10.000000	0.000000	0.000000	1.000000	10.000000
0.002	0.115	10.000000	0.000000	0.000000	1.000000	10.000000
0.003	0.115	10.000000	0.000000	0.000000	1.000000	10.000000
0.004	0.115	10.000000	0.000000	0.000000	1.000000	10.000000
0.000	0.116	10.000000	0.000000	0.000000	1.000000	10.000000
0.001	0.116	10.000000	0.000000	0.000000	1.000000	10.000000
0.002	0.116	10.000000	0.000000	0.000000	1.000000	10.000000
0.003	0.116	10.000000	0.000000	0.000000	1.000000	10.000000
0.004	0.116	10.000000	0.000000	0.000000	1.000000	10.000000
0.000	0.117	10.000000	0.000000	0.000000	1.000000	10.000000
0.001	0.117	10.000000	0.000000	0.000000	1.000000	10.000000
0.002	0.117	10.000000	0.000000	0.000000	1.000000	10.000000
0.003	0.117	10.000000	0.000000	0.000000	1.000000	10.000000
0.004	0.117	10.000000	0.000000	0.000000	1.000000	10.000000
0.000	0.118	10.000000	0.000000	0.000000	1.000000	10.000000
0.001	0.118	10.000000	0.000000	0.000000	1.000000	10.000000
0.002	0.118	10.000000	0.000000	0.000000	1.000000	10.000000
0.003	0.118	10.000000	0.000000	0.000000	1.000000	10.000000
0.004	0.118	10.000000	0.000000	0.000000	1.000000	10.000000
0.000	0.119	10.000000	0.000000	0.000000	1.000000	10.000000
0.001	0.119	10.000000	0.000000	0.000000	1.000000	10.000000
0.002	0.119	10.000000	0.000000	0.000000	1.000000	10.000000
0.003	0.119	10.000000	0.000000	0.000000	1.000000	10.000000
0.004	0.119	10.000000	0.000000	0.000000	1.000000	10.000000
0.000	0.120	10.000000	0.000000	0.000000	1.000000	10.000000
0.001	0.120	10.000000	0.000000	0.000000	1.000000	10.000000
0.002	0.120	10.000000	0.000000	0.000000	1.000000	10.000000
0.003	0.120	10.000000	0.000000	0.000000	1.000000	10.000000
0.004	0.120	10.000000	0.000000	0.000000	1.000000	10.000000
0.000	0.121	10.000000	0.000000	0.000000	1.000000	10.000000
0.001	0.121	10.000000	0.000000	0.000000	1.000000	10.000000
0.002	0.121	10.000000	0.000000	0.000000	1.000000	10.000000
0.003	0.121	10.000000	0.000000	0.000000	1.000000	10.000000
0.004	0.121	10.000000	0.000000	0.000000	1.000000	10.000000
0.000	0.122	10.000000	0.000000	0.000000	1.000000	10.000000
0.001	0.122	10.000000	0.000000	0.000000	1.000000	10.000000
0.002	0.122	10.000000	0.000000	0.000000	1.000000	10.000000
0.003	0.122	10.000000	0.000000	0.000000	1.000000	10.000000
0.004	0.122	10.000000	0.000000	0.000000	1.000000	10.000000
0.000	0.123	10.000000	0.000000	0.000000	1.000000	10.000000
0.001	0.123	10.000000	0.000000	0.000000	1.000000	10.000000
0.002	0.123	10.000000	0.000000	0.000000	1.000000	10.000000
0.003	0.123	10.000000	0.000000	0.000000	1.000000	10.000000
0.004	0.123	10.000000	0.000000	0.000000	1.000000	10.000000
0.000	0.124	10.000000	0.000000	0.000000	1.000000	10.000000
0.001	0.124	10.000000	0.000000	0.000000	1.000000	10.000000
0.002	0.124	10.000000	0.000000	0.000000	1.000000	10.000000
0.003	0.124	10.000000	0.000000	0.000000	1.000000	10.000000
0.004	0.124	10.000000	0.000000	0.000000	1.000000	10.000000
0.000	0.125	10.000000	0.000000	0.000000	1.000000	10.000000
0.001	0.125	10.000000	0.000000	0.000000	1.000000	10.000000
0.002	0.125	10.000000	0.000000	0.000000	1.000000	10.000000
0.003	0.125	10.000000	0.000000	0.000000	1.000000	10.000000
0.004	0.125	10.000000	0.000000	0.000000	1.000000	10.000000
0.000	0.126	10.000000	0.000000	0.000000	1.000000	10.000000
0.001	0.126	10.000000	0.000000	0.000000	1.000000	10.000000
0.002	0.126	10.000000	0.000000	0.000000	1.000000	10.000000
0.003	0.126	10.000000	0.000000	0.000000	1.000000	10.000000
0.004	0.126	10.000000	0.000000	0.000000	1.000000	10.000000
0.000	0.127	10.000000	0.000000	0.000000	1.000000	10.000000
0.001	0.127	10.000000	0.000000	0.000000	1.000000	10.000000
0.002	0.127	10.000000	0.000000	0.000000	1.000000	10.000000
0.003	0.127	10.000000	0.000000	0.000000	1.000000	10.000000
0.004	0.127	10.000000	0.000000	0.000000	1.000000	10.000000
0.000	0.128	10.000000	0.000000	0.000000	1.000000	10.000000
0.001	0.128	10.000000	0.000000	0.000000	1.000000	10.000000
0.002	0.128	10.000000	0.000000	0.000000	1.000000	10.000000
0.003	0.128	10.000000	0.000000	0.000000	1.000000	10.000000
0.004	0.128	10.000000	0.000000	0.000000	1.000000	10.000000
0.000	0.128	10.000000	0.000000	0.000000	1.000000	10.000000
0.001	0.128	10.000000	0.000000	0.000000	1.000000	10.000000
0.002	0.128	10.000000	0.000000	0.000000	1.000000	10.000000
0.003	0.128	10.000000	0.000000	0.000000	1.000000	10.000000
0.004	0.128	10.000000	0.000000	0.000000	1.000000	10.000000
0.000	0.130	10.000000	0.000000	0.000000	1.000000	10.000000
0.001	0.130	10.000000	0.000000	0.000000	1.000000	10.000000
0.002	0.130	10.000000	0.000000	0.000000	1.000000	10.000000
0.003	0.130	10.000000	0.000000	0.000000	1.000000	10.000000
0.004	0.130	10.000000	0.000000	0.000000	1.000000	10.000000
0.000	0.131	10.000000	0.000000	0.000000	1.000000	10.000000
0.001	0.131	10.000000	0.000000	0.000000	1.000000	10.000000
0.002	0.131	10.000000	0.000000	0.000000	1.000000	10.000000
0.003	0.131	10.000000	0.000000	0.000000	1.000000	10.000000
0.004	0.131	10.000000	0.000000	0.000000	1.000000	10.000000
0.000	0.132	10.000000	0.000000	0.000000	1.000000	10.000000
0.001	0.132	10.000000	0.000000	0.000000	1.000000	10.000000
0.002	0.132	10.000000	0.000000	0.000000	1.000000	10.000000
0.003	0.132	10.000000	0.000000	0.000000	1.000000	10.000000
0.004	0.132	10.000000	0.000000	0.000000	1.000000	10.000000
0.000	0.133	10.000000	0.000000	0.000000	1.000000	10.000000
0.001	0.133	10.000000	0.000000	0.000000	1.000000	10.000000
0.002	0.133	10.000000	0.000000	0.000000	1.000000	10.000000
0.003	0.133	10.000000	0.000000	0.000000	1.000000	10.000000
0.004	0.133	10.000000	0.000000	0.000000	1.000000	10.000000
0.000	0.134	10.000000	0.000000	0.000000	1.000000	10.000000
0.001	0.134	10.000000	0.000000	0.000000	1.000000	10.000000
0.002	0.134	10.000000	0.000000	0.000000	1.000000	10.000000
0.003	0.134	10.000000	0.000000	0.000000	1.000000	10.000000
0.004	0.134	10.000000	0.000000	0.000000	1.000000	10.000000
0.000	0.135	10.000000	0.000000	0.000000	1.000000	10.000000
0.001	0.135	10.000000	0.000000	0.000000	1.000000	10.000000
0.002	0.135	10.000000	0.000000	0.000000	1.000000	10.000000
0.003	0.135	10.000000	0.000000	0.000000	1.000000	10.000000
0.004	0.135	10.000000	0.000000	0.000000	1.000000	10.000000
0.000	0.136	10.000000	0.000000	0.000000	1.000000	10.000000
0.001	0.136	10.000000	0.000000	0.000000	1.000000	10.000000
0.002	0.136	10.000000	0.000000	0.000000	1.000000	10.000000
0.003	0.136	10.000000	0.000000	0.000000	1.000000	10.000000
0.004	0.136	10.000000	0.000000	0.000000	1.000000	10.000000
0.000	0.137	10.000000	0.000000	0.000000	1.000000	10.000000
0.001	0.137	10.000000	0.000000	0.000000	1.000000	10.000000
0.002	0.137	10.000000	0.000000	0.000000	1.000000	10.000000
0.003	0.137	10.000000	0.000000	0.000000	1.000000	10.000000
0.004	0.137	10.000000	0.000000	0.000000	1.000000	10.000000
0.000	0.138	10.000000	0.000000	0.000000	1.000000	10.000000
0.001	0.138	10.000000	0.000000	0.000000	1.000000	10.000000
0.002	0.138	10.000000	0.000000	0.000000	1.000000	10.000000
0.003	0.138	10.000000	0.000000	0.000000	1.000000	10.000000
0.004	0.138	10.000000	0.000000	0.000000	1.000000	10.000000
0.000	0.139	10.000000	0.000000	0.000000	1.000000	10.000000
0.001	0.139	10.000000	0.000000	0.000000	1.000000	10.000000
0.002	0.139	10.000000	0.000000	0.000000	1.000000	10.000000
0.003	0.139	10.000000	0.000000	0.000000	1.000000	10.000000
0.004	0.139	10.000000	0.000000	0.000000	1.000000	10.000000
0.000	0.140	10.000000	0.000000	0.000000	1.000000	10.000000
0.001	0.140	10.000000	0.000000	0.000000	1.000000	10.000000
0.002	0.140	10.000000	0.000000	0.000000	1.000000	10.000000
0.003	0.140	10.000000	0.000000	0.000000	1.000000	10.000000
0.004	0.140	10.000000	0.000000	0.000000	1.000000	10.000000
0.000	0.141	10.000000	0.000000	0.000000	1.000000	10.000000
0.001	0.141	10.000000	0.000000	0.000000	1.000000	10.000000
0.002	0.141	10.000000	0.000000	0.000000	1.000000	10.000000
0.003	0.141	10.000000	0.000000	0.000000	1.000000	10.000000
0.004	0.141	10.000000	0.000000	0.000000	1.000000	10.000000
0.000	0.142	10.000000	0.000000	0.000000	1.000000	10.000000
0.001	0.142	10.000000	0.000000	0.000000	1.000000	10.000000
0.002	0.142	10.000000	0.000000	0.000000	1.000000	10.000000
0.003	0.142	10.000000	0.000000	0.000000	1.000000	10.000000
0.004	0.142	10.000000	0.000000	0.000000	1.000000	10.000000
0.000	0.143	10.000000	0.000000	0.000000	1.000000	10.000000
0.001	0.143	10.000000	0.000000	0.000000	1.000000	10.000000
0.002	0.143	10.000000	0.000000	0.000000	1.000000	10.000000
0.003	0.143	10.000000	0.000000	0.000000	1.000000	10.000000
0.004	0.143	10.000000	0.000000	0.000000	1.000000	10.000000
0.000	0.144	10.000000	0.000000	0.000000	1.000000	10.000000
0.001	0.144	10.000000	0.000000	0.000000	1.000000	10.000000
0.002	0.144	10.000000	0.000000	0.000000	1.000000	10.000000
0.003	0.144	10.000000	0.000000	0.000000	1.000000	10.000000
0.004	0.144	10.000000	0.000000	0.000000	1.000000	10.000000
0.000	0.145	10.000000	0.000000	0.000000	1.000000	10.000000
0.001	0.145	10.000000	0.000000	0.000000	1.000000	10.000000
0.002	0.145	10.000000	0.000000	0.000000	1.000000	10.000000
0.003	0.145	10.000000	0.000000	0.000000	1.000000	10.000000
0.004	0.145	10.000000	0.000000	0.000000	1.000000	10.000000
0.000	0.146	10.000000	0.000000	0.000000	1.000000	10.000000
0.001	0.146	10.000000	0.000000	0.000000	1.000000	10.000000
0.002	0.146	10.000000	0.000000	0.000000	1.000000	10.000000
0.003	0.146	10.000000	0.000000	0.000000	1.000000	10.000000
0.004	0.146	10.000000	0.000000	0.000000	1.000000	10.000000
0.000	0.147	10.000000	0.000000	0.000000	1.000000	10.000000
0.001	0.147	10.000000	0.000000	0.000000	1.000000	10.000000
0.002	0.147	10.000000	0.000000	0.000000	1.000000	10.000000
0.003	0.147	10.000000	0.000000	0.000000	1.000000	10.000000
0.004	0.147	10.000000	0.000000	0.000000	1.000000	10.000000
0.000	0.148	10.000000	0.000000	0.000000	1.000000	10.000000
0.001	0.148	10.000000	0.000000	0.000000	1.000000	10.000000
0.002	0.148	10.000000	0.000000	0.000000	1.000000	10.000000
0.003	0.148	10.000000	0.000000	0.000000	1.000000	10.000000
0.004	0.148	10.000000	0.000000	0.000000	1.000000	10.000000
0.000	0.149	10.000000	0.000000	0.000000	1.000000	10.000000
0.001	0.149	10.000000	0.000000	0.000000	1.000000	10.000000
0.002	0.149	10.000000	0.000000	0.000000	1.000000	10.000000
0.003	0.149	10.000000	0.000000	0.000000	1.000000	10.000000
0.004	0.149	10.000000	0.000000	0.000000	1.000000	10.000000
0.000	0.150	10.000000	0.000000	0.000000	1.000000	10.000000
0.001	0.150	10.000000	0.000000	0.000000	1.000000	10.000000
0.002	0.150	10.000000	0.000000	0.000000	1.000000	10.000000
0.003	0.150	10.000000	0.000000	0.000000	1.000000	10.000000
0.004	0.150	10.000000	0.000000	0.000000	1.000000	10.000000
0.000	0.151	10.000000	0.000000	0.000000	1.000000	10.000000
0.001	0.151	10.000000	0.000000	0.000000	1.000000	10.000000
0.002	0.151	10.000000	0.000000	0.000000	1.000000	10.000000
0.003	0.151	10.000000	0.000000	0.000000	1.000000	10.000000
0.004	0.151	10.000000	0.000000	0.000000	1.000000	10.000000
0.000	0.152	10.000000	0.000000	0.000000	1.000000	10.000000
0.001	0.152	10.000000	0.000000	0.000000	1.000000	10.000000
0.002	0.152	10.000000	0.000000	0.000000	1.000000	10.000000
0.003	0.152	10.000000	0.000000	0.000000	1.000000	10.000000
0.004	0.152	10.000000	0.000000	0.000000	1.000000	10.000000
0.000	0.153	10.000000	0.000000	0.000000	1.000000	10.000000
0.001	0.153	10.000000	0.000000	0.000000	1.000000	10.000000
0.002	0.153	10.000000	0.000000	0.000000	1.000000	10.000000
0.003	0.153	10.000000	0.000000	0.000000	1.000000	10.000000
0.004	0.153	10.000000	0.000000	0.000000	1.000000	10.000000
0.000	0.154	10.000000	0.000000	0.000000	1.000000	10.000000
0.001	0.154	10.000000	0.000000	0.000000	1.000000	10.000000
0.002	0.154	10.000000	0.000000	0.000000	1.000000	10.000000
0.003	0.154	10.000000	0.000000	0.000000	1.000000	10.000000
0.004	0.154	10.000000	0.000000	0.000000	1.000000	10.000000
0.000	0.155	10.000000	0.000000	0.000000	1.000000	10.000000
0.001	0.155	10.000000	0.000000	0.000000	1.000000	10.000000
0.002	0.155	10.000000	0.000000	0.000000	1.000000	10.000000
0.003	0.155	10.000000	0.000000	0.000000	1.000000	10.000000
0.004	0.155	10.000000	0.000000	0.000000	1.000000	10.000000
0.000	0.156	10.000000	0.000000	0.000000	1.000000	10.000000
0.001	0.156	10.000000	0.000000	0.000000	1.000000	10.000000
0.002	0.156	10.000000	0.000000	0.000000	1.000000	10.000000
0.003	0.156	10.000000	0.000000	0.000000	1.000000	10.000000
0.004	0.156	10.000000	0.000000	0.000000	1.000000	10.000000
0.000	0.157	10.000000	0.000000	0.000000	1.000000	10.000000
0.001	0.157	10.000000	0.000000	0.000000	1.000000	10.000000
0.002	0.157	10.000000	0.000000	0.000000	1.000000	10.000000
0.003	0.157	10.000000	0.000000	0.000000	1.000000	10.000000
0.004	0.157	10.000000	0.000000	0.000000	1.000000	10.000000
0.000	0.158	10.000000	0.000000	0.000000	1.000000	10.000000
0.001	0.158	10.000000	0.000000	0.000000	1.000000	10.000000
0.002	0.158	10.000000	0.000000	0.000000	1.000000	10.000000
0.003	0.158	10.000000	0.000000	0.000000	1.000000	10.000000
0.004	0.158	10.000000	0.000000	0.000000	1.000000	10.000000
0.000	0.159	10.000000	0.000000	0.000000	1.000000	10.000000
0.001	0.159	10.000000	0.000000	0.000000	1.000000	10.000000
0.002	0.159	10.000000	0.000000	0.000000	1.000000	10.000000
0.003	0.159	10.000000	0.000000	0.000000	1.000000	10.000000
0.004	0.159	10.000000	0.000000	0.000000	1.000000	10.000000
0.000	0.160	10.000000	0.000000	0.000000	1.000000	10.000000
0.001	0.160	10.000000	0.000000	0.000000	1.000000	10.000000
0.002	0.160	10.000000	0.000000	0.000000	1.000000	10.000000
0.003	0.160	10.000000	0.000000	0.000000	1.000000	10.000000
0.004	0.160	10.000000	0.000000	0.000000	1.000000	10.000000
0.000	0.161	10.000000	0.000000	0.000000	1.000000	10.000000
0.001	0.161	10.000000	0.000000	0.000000	1.000000	10.000000
0.002	0.161	10.000000	0.000000	0.000000	1.000000	10.000000
0.003	0.161	10.000000	0.000000	0.000000	1.000000	10.000000
0.004	0.161	10.000000	0.000000	0.000000	1.000000	10.000000
0.000	0.162	10.000000	0.000000	0.000000	1.000000	10.000000
0.001	0.162	10.000000	0.000000	0.000000	1.000000	10.000000
0.002	0.162	10.000000	0.000000	0.000000	1.000000	10.000000
0.003	0.162	10.000000	0.000000	0.000000	1.000000	10.000000
0.004	0.162	10.000000	0.000000	0.000000	1.000000	10.000000
0.000	0.163	10.000000	0.000000	0.000000	1.000000	10.000000
0.001	0.163	10.000000	0.000000	0.000000	1.000000	10.000000
0.002	0.163	10.000000	0.000000	0.000000	1.000000	10.000000
0.003	0.163	10.000000	0.000000	0.000000	1.000000	10.000000
0.004	0.163	10.000000	0.000000	0.000000	1.000000	10.000000
0.000	0.164	10.000000	0.000000	0.000000	1.000000	10.000000
0.001	0.164	10.000000	0.000000	0.000000	1.000000	10.000000
0.002	0.164	10.000000	0.000000	0.000000	1.000000	10.000000
0.003	0.164	10.000000	0.000000	0.000000	1.000000	10.000000
0.004	0.164	10.000000	0.000000	0.000000	1.000000	10.000000
0.000	0.165	10.000000	0.000000	0.000000	1.000000	10.000000
0.001	0.165	10.000000	0.000000	0.000000	1.000000	10.000000
0.002	0.165	10.000000	0.000000	0.000000	1.000000	10.000000
0.003	0.165	10.000000	0.000000	0.000000	1.000000	10.000000
0.004	0.165	10.000000	0.000000	0.000000	1.000000	10.000000
0.000	0.166	10.000000	0.000000	0.000000	1.000000	10.000000
0.001	0.166	10.000000	0.000000	0.000000	1.000000	10.000000
0.002	0.166	10.000000	0.000000	0.000000	1.000000	10.000000
0.003	0.166	10.000000	0.000000	0.000000	1.000000	10.000000
0.004	0.166	10.000000	0.000000	0.000000	1.000000	10.000000
0.000	0.167	10.000000	0.000000	0.000000	1.000000	10.000000
0.001	0.167	10.000000	0.000000	0.000000	1.000000	10.000000
0.002	0.167	10.000000	0.000000	0.000000	1.000000	10.000000
0.003	0.167	10.000000	0.000000	0.000000	1.000000	10.000000
0.004	0.167	10.000000	0.000000	0.000000	1.000000	10.000000
0.000	0.168	10.000000	0.000000	0.000000	1.000000	10.000000
0.001	0.168	10.000000	0.000000	0.000000	1.000000	10.000000
0.002	0.168	10.000000	0.000000	0.000000	1.000000	10.000000
0.003	0.168	10.000000	0.000000	0.000000	1.000000	10.000000
0.004	0.168	10.000000	0.000000	0.000000	1.000000	10.000000
0.000	0.169	10.000000	0.000000	0.000000	1.000000	10.000000
0.001	0.169	10.000000	0.000000	0.000000	1.000000	10.000000
0.002	0.169	10.000000	0.000000	0.000000	1.000000	10.000000
0.003	0.169	10.000000	0.000000	0.000000	1.000000	10.000000
0.004	0.169	10.000000	0.000000	0.000000	1.000000	10.000000
0.000	0.170	10.000000	0.000000	0.000000	1.000000	10.000000
0.001	0.170	10.000000	0.000000	0.000000	1.000000	10.000000
0.002	0.170	10.000000	0.000000	0.000000	1.000000	10.000000
0.003	0.170	10.000000	0.000000	0.000000	1.000000	10.000000
0.004	0.170	10.000000	0.000000	0.000000	1.000000	10.000000
0.000	0.171	10.000000	0.000000	0.000000	1.000000	10.000000
0.001	0.171	10.000000	0.000000	0.000000	1.000000	10.000000
0.002	0.171	10.000000	0.000000	0.000000	1.000000	10.000000
0.003	0.171	10.000000	0.000000	0.000000	1.000000	10.000000
0.004	0.171	10.000000	0.000000	0.000000	1.000000	10.000000
0.000	0.172	10.000000	0.000000	0.000000	1.000000	10.000000
0.001	0.172	10.000000	0.000000	0.000000	1.000000	10.000000
0.002	0.172	10.000000	0.000000	0.000000	1.000000	10.000000
0.003	0.172	10.000000	0.000000	0.000000	1.000000	10.000000
0.004	0.172	10.000000	0.000000	0.000000	1.000000	10.000000
0.000	0.173	10.000000	0.000000	0.000000	1.000000	10.000000
0.001	0.173	10.000000	0.000000	0.000000	1.000000	10.000000
0.002	0.173	10.000000	0.000000	0.000000	1.000000	10.000000
0.003	0.173	10.000000	0.000000	0.000000	1.000000	10.000000
0.004	0.173	10.000000	0.000000	0.000000	1.000000	10.000000
0.000	0.174	10.000000	0.000000	0.000000	1.000000	10.000000
0.001	0.174	10.000000	0.000000	0.000000	1.000000	10.000000
0.002	0.174	10.000000	0.000000	0.000000	1.000000	10.000000
0.003	0.174	10.000000	0.000000	0.000000	1.000000	10.000000
0.004	0.174	10.000000	0.000000	0.000000	1.000000	10.000000
0.000	0.175	10.000000	0.000000	0.000000	1.000000	10.000000
0.001	0.175	10.000000	0.000000	0.000000	1.000000	10.000000
0.002	0.175	10.000000	0.000000	0.000000	1.000000	10.000000
0.003	0.175	10.000000	0.000000	0.000000	1.000000	10.000000
0.004	0.175	10.000000	0.000000	0.000000	1.000000	10.000000
0.000	0.176	10.000000	0.000000	0.000000	1.000000	10.000000
0.001	0.176	10.000000	0.000000	0.000000	1.000000	10.000000
0.002	0.176	10.000000	0.000000	0.000000	1.000000	10.000000
0.003	0.176	10.000000	0.000000	0.000000	1.000000	10.000000
0.004	0.176	10.000000	0.000000	0.000000	1.000000	10.000000
0.000	0.177	10.000000	0.000000	0.000000	1.000000	10.000000
0.001	0.177	10.000000	0.000000	0.000000	1.000000	10.000000
0.002	0.177	10.000000	0.000000	0.000000	1.000000	10.000000
0.003	0.177	10.000000	0.000000	0.000000	1.000000	10.000000
0.004	0.177	10.000000	0.000000	0.000000	1.000000	10.000000
0.000	0.178	10.000000	0.000000	0.000000	1.000000	10.000000
0.001	0.178	10.000000	0.000000	0.000000	1.000000	10.000000
0.002	0.178	10.000000	0.000000	0.000000	1.000000	10.000000
0.003	0.178	10.000000	0.000000	0.000000	1.000000	10.000000
0.004	0.178	10.000000	0.000000	0.000000	1.000000	10.000000
0.000	0.179	10.000000	0.000000	0.000000	1.000000	10.000000
0.001	0.179	10.000000	0.000000	0.000000	1.000000	10.000000
0.002	0.179	10.000000	0.000000	0.000000	1.000000	10.000000
0.003	0.179	10.000000	0.000000	0.000000	1.000000	10.000000
0.004	0.179	10.000000	0.000000	0.000000	1.000000	10.000000
0.000	0.180	10.000000	0.000000	0.000000	1.000000	10.000000
0.001	0.180	10.000000	0.000000	0.000000	1.000000	10.000000
0.002	0.180	10.000000	0.000000	0.000000	1.000000	10.000000
0.003	0.180	10.000000	0.000000	0.000000	1.000000	10.000000
0.004	0.180	10.000000	0.000000	0.000000	1.000000	10.000000
0.000	0.181	10.000000	0.000000	0.000000	1.000000	10.000000
0.001	0.181	10.000000	0.000000	0.000000	1.000000	10.000000
0.002	0.181	10.000000	0.000000	0.000000	1.000000	10.000000
0.003	0.181	10.000000	0.000000	0.000000	1.000000	10.000000
0.004	0.181	10.000000	0.000000	0.000000	1.000000	10.000000
0.000	0.182	10.000000	0.000000	0.000000	1.000000	10.000000
0.001	0.182	10.000000	0.000000	0.000000	1.000000	10.000000
0.002	0.182	10.000000	0.000000	0.000000	1.000000	10.000000
0.003	0.182	10.000000	0.000000	0.000000	1.000000	10.000000
0.004	0.182	10.000000	0.000000	0.000000	1.000000	10.000000
0.000	0.183	10.000000	0.000000	0.000000	1.000000	10.000000
0.001	0.183	10.000000	0.000000	0.000000	1.000000	10.000000
0.002	0.183	10.000000	0.000000	0.000000	1.000000	10.000000
0.003	0.183	10.000000	0.000000	0.000000	1.000000	10.000000
0.004	0.183	10.000000	0.000000	0.000000	1.000000	10.000000
0.000	0.184	10.000000	0.000000	0.000000	1.000000	10.000000
0.001	0.184	10.000000	0.000000	0.000000	1.000000	10.000000
0.002	0.184	10.000000	0.000000	0.000000	1.000000	10.000000
0.003	0.184	10.000000	0.000000	0.000000	1.000000	10.000000
0.004	0.184	10.000000	0.000000	0.000000	1.000000	10.000000
0.000	0.185	10.000000	0.000000	0.000000	1.000000	10.000000
0.001	0.185	10.000000	0.000000	0.000000	1.000000	10.000000
0.002	0.185	10.000000	0.000000	0.000000	1.000000	10.000000
0.003	0.185	10.000000	0.000000	0.000000	1.000000	10.000000
0.004	0.185	10.000000	0.000000	0.000000	1.000000	10.000000
0.000	0.186	10.000000	0.000000	0.000000	1.000000	10.000000
0.001	0.186	10.000000	0.000000	0.000000	1.000000	10.000000
0.002	0.186	10.000000	0.000000	0.000000	1.000000	10.000000
0.003	0.186	10.000000	0.000000	0.000000	1.000000	10.000000
0.004	0.186	10.000000	0.000000	0.000000	1.000000	10.000000
0.000	0.187	10.000000	0.000000	0.000000	1.000000	10.000000
0.001	0.187	10.000000	0.000000	0.000000	1.000000	10.000000
0.002	0.187	10.000000	0.000000	0.000000	1.000000	10.000000
0.003	0.187	10.000000	0.000000	0.000000	1.000000	10.000000
0.004	0.187	10.000000	0.000000	0.000000	1.000000	10.000000
0.000	0.188	10.000000	0.000000	0.000000	1.000000	10.000000
0.001	0.188	10.000000	0.000000	0.000000	1.000000	10.000000
0.002	0.188	10.000000	0.000000	0.000000	1.000000	10.000000
0.003	0.188	10.000000	0.000000	0.000000	1.000000	10.000000
0.004	0.188	10.000000	0.000000	0.000000	1.000000	10.000000
0.000	0.189	10.000000	0.000000	0.000000	1.000000	10.000000
0.001	0.189	10.000000	0.000000	0.000000	1.000000	10.000000
0.002	0.189	10.000000	0.000000	0.000000	1.000000	10.000000
0.003	0.189	10.000000	0.000000	0.000000	1.000000	10.000000
0.004	0.189	10.000000	0.000000	0.000000	1.000000	10.000000
0.000	0.190	10.000000	0.000000	0.000000	1.000000	10.000000
0.001	0.190	10.000000	0.000000	0.000000	1.000000	10.000000
0.002	0.190	10.000000	0.000000	0.000000	1.000000	10.000000
0.003	0.190	10.000000	0.000000	0.000000	1.000000	10.000000
0.004	0.190	10.000000	0.000000	0.000000	1.000000	10.000000
0.000	0.191	10.000000	0.000000	0.000000	1.000000	10.000000
0.001	0.191	10.000000	0.000000	0.000000	1.000000	10.000000
0.002	0.191	10.000000	0.000000	0.000000	1.000000	10.000000
0.003	0.191	10.000000	0.000000	0.000000	1.000000	10.000000
0.004	0.191	10.000000	0.000000	0.000000	1.000000	10.000000
0.000	0.192	10.000000	0.000000	0.000000	1.000000	10.000000
0.001	0.192	10.000000	0.000000	0.000000	1.000000	10.000000
0.002	0.192	10.000000	0.000000	0.000000	1.000000	10.000000
0.003	0.192	10.000000	0.000000	0.000000	1.000000	10.000000
0.004	0.192	10.000000	0.000000	0.000000	1.000000	10.000000
0.000	0.193	10.000000	0.000000	0.000000	1.000000	10.000000
0.001	0.193	10.000000	0.000000	0.000000	1.000000	10.000000
0.002	0.193	10.000000	0.000000	0.000000	1.000000	10.000000
0.003	0.193	10.000000	0.000000	0.000000	1.000000	10.000000
0.004	0.193	10.000000	0.000000	0.000000	1.000000	10.000000
0.000	0.194	10.000000	0.000000	0.000000	1.000000	10.000000
0.001	0.194	10.000000	0.000000	0.000000	1.000000	10.000000
0.002	0.194	10.000000	0.000000	0.000000	1.000000	10.000000
0.003	0.194	10.000000	0.000000	0.000000	1.000000	10.000000
0.004	0.194	10.000000	0.000000	0.000000	1.000000	10.000000
0.000	0.195	10.000000	0.000000	0.000000	1.000000	10.000000
0.001	0.195	10.000000	0.000000	0.000000	1.000000	10.000000
0.002	0.195	10.000000	0.000000	0.000000	1.000000	10.000000
0.003	0.195	10.000000	0.000000	0.000000	1.000000	10.000000
0.004	0.195	10.000000	0.000000	0.000000	1.000000	10.000000
0.000	0.196	10.000000	0.000000	0.000000	1.000000	10.000000
0.001	0.196	10.000000	0.000000	0.000000	1.000000	10.000000
0.002	0.196	10.000000	0.000000	0.000000	1.000000	10.000000
0.003	0.196	10.000000	0.000000	0.000000	1.000000	10.000000
0.004	0.196	10.000000	0.000000	0.000000	1.000000	10.000000
0.000	0.197	10.000000	0.000000	0.000000	1.000000	10.000000
0.001	0.197	10.000000	0.000000	0.000000	1.000000	10.000000
0.002	0.197	10.000000	0.000000	0.000000	1.000000	10.000000
0.003	0.197	10.000000	0.000000	0.000000	1.000000	10.000000
0.004	0.197	10.000000	0.000000	0.000000	1.000000	10.000000
0.000	0.198	10.000000	0.000000	0.000000	1.000000	10.000000
0.001	0.198	10.000000	0.000000	0.000000	1.000000	10.000000
0.002	0.198	10.000000	0.000000	0.000000	1.000000	10.000000
0.003	0.198	10.000000	0.000000	0.000000	1.000000	10.000000
0.004	0.198	10.000000	0.000000	0.000000	1.000000	10.000000
0.000	0.199	10.000000	0.000000	0.000000	1.000000	10.000000
0.001	0.199	10.000000	0.000000	0.000000	1.000000	10.000000
0.002	0.199	10.000000	0.000000	0.000000	1.000000	10.000000
0.003	0.199	10.000000	0.000000	0.000000	1.000000	10.000000
0.004	0.199	10.000000	0.000000	0.000000	1.000000	10.000000
0.000	0.200	10.000000	0.000000	0.000000	1.000000	9.999999
0.001	0.200	10.000000	0.000000	0.000000	1.000000	9.999999
0.002	0.200	10.000000	0.000000	0.000000	1.000000	9.999999
0.003	0.200	10.000000	0.000000	0.000000	1.000000	9.999999
0.004	0.200	10.000000	0.000000	0.000000	1.000000	9.999999
0.000	0.201	10.000000	0.000000	0.000000	1.000000	9.999998
0.001	0.201	10.000000	0.000000	0.000000	1.000000	9.999998
0.002	0.201	10.000000	0.000000	0.000000	1.000000	9.999998
0.003	0.201	10.000000	0.000000	0.000000	1.000000	9.999998
0.004	0.201	10.000000	0.000000	0.000000	1.000000	9.999998
0.000	0.202	9.999997	0.000000	0.000000	1.000000	9.999997
0.001	0.202	9.999997	0.000000	0.000000	1.000000	9.999997
0.002	0.202	9.999997	0.000000	0.000000	1.000000	9.999997
0.003	0.202	9.999997	0.000000	0.000000	1.000000	9.999997
0.004	0.202	9.999997	0.000000	0.000000	1.000000	9.999997
0.000	0.203	9.999994	0.000000	0.000001	1.000000	9.999993
0.001	0.203	9.999994	0.000000	0.000001	1.000000	9.999993
0.002	0.203	9.999994	0.000000	0.000001	1.000000	9.999993
0.003	0.203	9.999994	0.000000	0.000001	1.000000	9.999993
0.004	0.203	9.999994	0.000000	0.000001	1.000000	9.999993
0.000	0.204	9.999991	0.000000	0.000001	1.000000	9.999989
0.001	0.204	9.999991	0.000000	0.000001	1.000000	9.999989
0.002	0.204	9.999991	0.000000	0.000001	1.000000	9.999989
0.003	0.204	9.999991	0.000000	0.000001	1.000000	9.999989
0.004	0.204	9.999991	0.000000	0.000001	1.000000	9.999989
0.000	0.205	9.999987	0.000000	0.000002	1.000000	9.999982
0.001	0.205	9.999987	0.000000	0.000002	1.000000	9.999982
0.002	0.205	9.999987	0.000000	0.000002	1.000000	9.999982
0.003	0.205	9.999987	0.000000	0.000002	1.000000	9.999982
0.004	0.205	9.999987	0.000000	0.000002	1.000000	9.999982
0.000	0.206	9.999980	0.000000	0.000002	0.999999	9.999974
0.001	0.206	9.999980	0.000000	0.000002	0.999999	9.999974
0.002	0.206	9.999980	0.000000	0.000002	0.999999	9.999974
0.003	0.206	9.999980	0.000000	0.000002	0.999999	9.999974
0.004	0.206	9.999980	0.000000	0.000002	0.999999	9.999974
0.000	0.207	9.999972	0.000000	0.000003	0.999999	9.999964
0.001	0.207	9.999972	0.000000	0.000003	0.999999	9.999964
0.002	0.207	9.999972	0.000000	0.000003	0.999999	9.999964
0.003	0.207	9.999972	0.000000	0.000003	0.999999	9.999964
0.004	0.207	9.999972	0.000000	0.000003	0.999999	9.999964
0.000	0.208	9.999962	0.000000	0.000004	0.999999	9.999949
0.001	0.208	9.999962	0.000000	0.000004	0.999999	9.999949
0.002	0.208	9.999962	0.000000	0.000004	0.999999	9.999949
0.003	0.208	9.999962	0.000000	0.000004	0.999999	9.999949
0.004	0.208	9.999962	0.000000	0.000004	0.999999	9.999949
0.000	0.209	9.999949	0.000000	0.000006	0.999998	9.999931
0.001	0.209	9.999949	0.000000	0.000006	0.999998	9.999931
0.002	0.209	9.999949	0.000000	0.000006	0.999998	9.999931
0.003	0.209	9.999949	0.000000	0.000006	0.999998	9.999931
0.004	0.209	9.999949	0.000000	0.000006	0.999998	9.999931
0.000	0.210	9.999931	0.000000	0.000008	0.999998	9.999907
0.001	0.210	9.999931	0.000000	0.000008	0.999998	9.999907
0.002	0.210	9.999931	0.000000	0.000008	0.999998	9.999907
0.003	0.210	9.999931	0.000000	0.000008	0.999998	9.999907
0.004	0.210	9.999931	0.000000	0.000008	0.999998	9.999907
0.000	0.211	9.999908	0.000000	0.000011	0.999997	9.999875
0.001	0.211	9.999908	0.000000	0.000011	0.999997	9.999875
0.002	0.211	9.999908	0.000000	0.000011	0.999997	9.999875
0.003	0.211	9.999908	0.000000	0.000011	0.999997	9.999875
0.004	0.211	9.999908	0.000000	0.000011	0.999997	9.999875
0.000	0.212	9.999879	0.000000	0.000014	0.999996	9.999835
0.001	0.212	9.999879	0.000000	0.000014	0.999996	9.999835
0.002	0.212	9.999879	0.000000	0.000014	0.999996	9.999835
0.003	0.212	9.999879	0.000000	0.000014	0.999996	9.999835
0.004	0.212	9.999879	0.000000	0.000014	0.999996	9.999835
0.000	0.213	9.999841	0.000000	0.000018	0.999994	9.999783
0.001	0.213	9.999841	0.000000	0.000018	0.999994	9.999783
0.002	0.213	9.999841	0.000000	0.000018	0.999994	9.999783
0.003	0.213	9.999841	0.000000	0.000018	0.999994	9.999783
0.004	0.213	9.999841	0.000000	0.000018	0.999994	9.999783
0.000	0.214	9.999793	0.000000	0.000024	0.999992	9.999714
0.001	0.214	9.999793	0.000000	0.000024	0.999992	9.999714
0.002	0.214	9.999793	0.000000	0.000024	0.999992	9.999714
0.003	0.214	9.999793	0.000000	0.000024	0.999992	9.999714
0.004	0.214	9.999793	0.000000	0.000024	0.999992	9.999714
0.000	0.215	9.999730	0.000000	0.000032	0.999990	9.999627
0.001	0.215	9.999730	0.000000	0.000032	0.999990	9.999627
0.002	0.215	9.999730	0.000000	0.000032	0.999990	9.999627
0.003	0.215	9.999730	0.000000	0.000032	0.999990	9.999627
0.004	0.215	9.999730	0.000000	0.000032	0.999990	9.999627
0.000	0.216	9.999651	0.000000	0.000041	0.999987	9.999516
0.001	0.216	9.999651	0.000000	0.000041	0.999987	9.999516
0.002	0.216	9.999651	0.000000	0.000041	0.999987	9.999516
0.003	0.216	9.999651	0.000000	0.000041	0.999987	9.999516
0.004	0.216	9.999651	0.000000	0.000041	0.999987	9.999516
0.000	0.217	9.999552	0.000000	0.000053	0.999982	9.999375
0.001	0.217	9.999552	0.000000	0.000053	0.999982	9.999375
0.002	0.217	9.999552	0.000000	0.000053	0.999982	9.999375
0.003	0.217	9.999552	0.000000	0.000053	0.999982	9.999375
0.004	0.217	9.999552	0.000000	0.000053	0.999982	9.999375
0.000	0.218	9.999426	0.000000	0.000068	0.999977	9.999200
0.001	0.218	9.999426	0.000000	0.000068	0.999977	9.999200
0.002	0.218	9.999426	0.000000	0.000068	0.999977	9.999200
0.003	0.218	9.999426	0.000000	0.000068	0.999977	9.999200
0.004	0.218	9.999426	0.000000	0.000068	0.999977	9.999200
0.000	0.219	9.999270	0.000000	0.000086	0.999971	9.998981
0.001	0.219	9.999270	0.000000	0.000086	0.999971	9.998981
0.002	0.219	9.999270	0.000000	0.000086	0.999971	9.998981
0.003	0.219	9.999270	0.000000	0.000086	0.999971	9.998981
0.004	0.219	9.999270	0.000000	0.000086	0.999971	9.998981
0.000	0.220	9.999076	0.000000	0.000109	0.999963	9.998708
0.001	0.220	9.999076	0.000000	0.000109	0.999963	9.998708
0.002	0.220	9.999076	0.000000	0.000109	0.999963	9.998708
0.003	0.220	9.999076	0.000000	0.000109	0.999963	9.998708
0.004	0.220	9.999076	0.000000	0.000109	0.999963	9.998708
0.000	0.221	9.998835	0.000000	0.000138	0.999954	9.998371
0.001	0.221	9.998835	0.000000	0.000138	0.999954	9.998371
0.002	0.221	9.998835	0.000000	0.000138	0.999954	9.998371
0.003	0.221	9.998835	0.000000	0.000138	0.999954	9.998371
0.004	0.221	9.998835	0.000000	0.000138	0.999954	9.998371
0.000	0.222	9.998538	0.000000	0.000173	0.999942	9.997956
0.001	0.222	9.998538	0.000000	0.000173	0.999942	9.997956
0.002	0.222	9.998538	0.000000	0.000173	0.999942	9.997956
0.003	0.222	9.998538	0.000000	0.000173	0.999942	9.997956
0.004	0.222	9.998538	0.000000	0.000173	0.999942	9.997956
0.000	0.223	9.998176	0.000000	0.000216	0.999927	9.997450
0.001	0.223	9.998176	0.000000	0.000216	0.999927	9.997450
0.002	0.223	9.998176	0.000000	0.000216	0.999927	9.997450
0.003	0.223	9.998176	0.000000	0.000216	0.999927	9.997450
0.004	0.223	9.998176	0.000000	0.000216	0.999927	9.997450
0.000	0.224	9.997735	0.000000	0.000268	0.999910	9.996834
0.001	0.224	9.997735	0.000000	0.000268	0.999910	9.996834
0.002	0.224	9.997735	0.000000	0.000268	0.999910	9.996834
0.003	0.224	9.997735	0.000000	0.000268	0.999910	9.996834
0.004	0.224	9.997735	0.000000	0.000268	0.999910	9.996834
0.000	0.225	9.997201	0.000000	0.000331	0.999889	9.996087
0.001	0.225	9.997201	0.000000	0.000331	0.999889	9.996087
0.002	0.225	9.997201	0.000000	0.000331	0.999889	9.996087
0.003	0.225	9.997201	0.000000	0.000331	0.999889	9.996087
0.004	0.225	9.997201	0.000000	0.000331	0.999889	9.996087
0.000	0.226	9.996559	0.000000	0.000407	0.999863	9.995190
0.001	0.226	9.996559	0.000000	0.000407	0.999863	9.995190
0.002	0.226	9.996559	0.000000	0.000407	0.999863	9.995190
0.003	0.226	9.996559	0.000000	0.000407	0.999863	9.995190
0.004	0.226	9.996559	0.000000	0.000407	0.999863	9.995190
0.000	0.227	9.995790	0.000000	0.000498	0.999832	9.994111
0.001	0.227	9.995790	0.000000	0.000498	0.999832	9.994111
0.002	0.227	9.995790	0.000000	0.000498	0.999832	9.994111
0.003	0.227	9.995790	0.000000	0.000498	0.999832	9.994111
0.004	0.227	9.995790	0.000000	0.000498	0.999832	9.994111
0.000	0.228	9.994877	0.000000	0.000606	0.999795	9.992832
0.001	0.228	9.994877	0.000000	0.000606	0.999795	9.992832
0.002	0.228	9.994877	0.000000	0.000606	0.999795	9.992832
0.003	0.228	9.994877	0.000000	0.000606	0.999795	9.992832
0.004	0.228	9.994877	0.000000	0.000606	0.999795	9.992832
0.000	0.229	9.993795	0.000000	0.000734	0.999752	9.991319
0.001	0.229	9.993795	0.000000	0.000734	0.999752	9.991319
0.002	0.229	9.993795	0.000000	0.000734	0.999752	9.991319
0.003	0.229	9.993795	0.000000	0.000734	0.999752	9.991319
0.004	0.229	9.993795	0.000000	0.000734	0.999752	9.991319
0.000	0.230	9.992521	0.000000	0.000885	0.999701	9.989535
0.001	0.230	9.992521	0.000000	0.000885	0.999701	9.989535
0.002	0.230	9.992521	0.000000	0.000885	0.999701	9.989535
0.003	0.230	9.992521	0.000000	0.000885	0.999701	9.989535
0.004	0.230	9.992521	0.000000	0.000885	0.999701	9.989535
0.000	0.231	9.991031	0.000000	0.001061	0.999642	9.987450
0.001	0.231	9.991031	0.000000	0.001061	0.999642	9.987450
0.002	0.231	9.991031	0.000000	0.001061	0.999642	9.987450
0.003	0.231	9.991031	0.000000	0.001061	0.999642	9.987450
0.004	0.231	9.991031	0.000000	0.001061	0.999642	9.987450
0.000	0.232	9.989293	0.000000	0.001267	0.999572	9.985019
0.001	0.232	9.989293	0.000000	0.001267	0.999572	9.985019
0.002	0.232	9.989293	0.000000	0.001267	0.999572	9.985019
0.003	0.232	9.989293	0.000000	0.001267	0.999572	9.985019
0.004	0.232	9.989293	0.000000	0.001267	0.999572	9.985019
0.000	0.233	9.987282	0.000000	0.001505	0.999492	9.982204
0.001	0.233	9.987282	0.000000	0.001505	0.999492	9.982204
0.002	0.233	9.987282	0.000000	0.001505	0.999492	9.982204
0.003	0.233	9.987282	0.000000	0.001505	0.999492	9.982204
0.004	0.233	9.987282	0.000000	0.001505	0.999492	9.982204
0.000	0.234	9.984964	0.000000	0.001780	0.999399	9.978960
0.001	0.234	9.984964	0.000000	0.001780	0.999399	9.978960
0.002	0.234	9.984964	0.000000	0.001780	0.999399	9.978960
0.003	0.234	9.984964	0.000000	0.001780	0.999399	9.978960
0.004	0.234	9.984964	0.000000	0.001780	0.999399	9.978960
0.000	0.235	9.982308	0.000000	0.002094	0.999293	9.975246
0.001	0.235	9.982308	0.000000	0.002094	0.999293	9.975246
0.002	0.235	9.982308	0.000000	0.002094	0.999293	9.975246
0.003	0.235	9.982308	0.000000	0.002094	0.999293	9.975246
0.004	0.235	9.982308	0.000000	0.002094	0.999293	9.975246
0.000	0.236	9.979282	0.000000	0.002453	0.999171	9.971012
0.001	0.236	9.979282	0.000000	0.002453	0.999171	9.971012
0.002	0.236	9.979282	0.000000	0.002453	0.999171	9.971012
0.003	0.236	9.979282	0.000000	0.002453	0.999171	9.971012
0.004	0.236	9.979282	0.000000	0.002453	0.999171	9.971012
0.000	0.237	9.975850	0.000000	0.002860	0.999034	9.966216
0.001	0.237	9.975850	0.000000	0.002860	0.999034	9.966216
0.002	0.237	9.975850	0.000000	0.002860	0.999034	9.966216
0.003	0.237	9.975850	0.000000	0.002860	0.999034	9.966216
0.004	0.237	9.975850	0.000000	0.002860	0.999034	9.966216
0.000	0.238	9.971981	0.000000	0.003318	0.998879	9.960802
0.001	0.238	9.971981	0.000000	0.003318	0.998879	9.960802
0.002	0.238	9.971981	0.000000	0.003318	0.998879	9.960802
0.003	0.238	9.971981	0.000000	0.003318	0.998879	9.960802
0.004	0.238	9.971981	0.000000	0.003318	0.998879	9.960802
0.000	0.239	9.967638	0.000000	0.003833	0.998705	9.954732
0.001	0.239	9.967638	0.000000	0.003833	0.998705	9.954732
0.002	0.239	9.967638	0.000000	0.003833	0.998705	9.954732
0.003	0.239	9.967638	0.000000	0.003833	0.998705	9.954732
0.004	0.239	9.967638	0.000000	0.003833	0.998705	9.954732
0.000	0.240	9.962790	0.000000	0.004408	0.998511	9.947954
0.001	0.240	9.962790	0.000000	0.004408	0.998511	9.947954
0.002	0.240	9.962790	0.000000	0.004408	0.998511	9.947954
0.003	0.240	9.962790	0.000000	0.004408	0.998511	9.947954
0.004	0.240	9.962790	0.000000	0.004408	0.998511	9.947954
0.000	0.241	9.957405	0.000000	0.005048	0.998295	9.940428
0.001	0.241	9.957405	0.000000	0.005048	0.998295	9.940428
0.002	0.241	9.957405	0.000000	0.005048	0.998295	9.940428
0.003	0.241	9.957405	0.000000	0.005048	0.998295	9.940428
0.004	0.241	9.957405	0.000000	0.005048	0.998295	9.940428
0.000	0.242	9.951451	0.000000	0.005754	0.998056	9.932109
0.001	0.242	9.951451	0.000000	0.005754	0.998056	9.932109
0.002	0.242	9.951451	0.000000	0.005754	0.998056	9.932109
0.003	0.242	9.951451	0.000000	0.005754	0.998056	9.932109
0.004	0.242	9.951451	0.000000	0.005754	0.998056	9.932109
0.000	0.243	9.944899	0.000000	0.006533	0.997794	9.922958
0.001	0.243	9.944899	0.000000	0.006533	0.997794	9.922958
0.002	0.243	9.944899	0.000000	0.006533	0.997794	9.922958
0.003	0.243	9.944899	0.000000	0.006533	0.997794	9.922958
0.004	0.243	9.944899	0.000000	0.006533	0.997794	9.922958
0.000	0.244	9.937724	0.000000	0.007385	0.997506	9.912940
0.001	0.244	9.937724	0.000000	0.007385	0.997506	9.912940
0.002	0.244	9.937724	0.000000	0.007385	0.997506	9.912940
0.003	0.244	9.937724	0.000000	0.007385	0.997506	9.912940
0.004	0.244	9.937724	0.000000	0.007385	0.997506	9.912940
0.000	0.245	9.929903	0.000000	0.008315	0.997192	9.902022
0.001	0.245	9.929903	0.000000	0.008315	0.997192	9.902022
0.002	0.245	9.929903	0.000000	0.008315	0.997192	9.902022
0.003	0.245	9.929903	0.000000	0.008315	0.997192	9.902022
0.004	0.245	9.929903	0.000000	0.008315	0.997192	9.902022
0.000	0.246	9.921412	0.000000	0.009326	0.996852	9.890176
0.001	0.246	9.921412	0.000000	0.009326	0.996852	9.890176
0.002	0.246	9.921412	0.000000	0.009326	0.996852	9.890176
0.003	0.246	9.921412	0.000000	0.009326	0.996852	9.890176
0.004	0.246	9.921412	0.000000	0.009326	0.996852	9.890176
0.000	0.247	9.912237	0.000000	0.010418	0.996483	9.877375
0.001	0.247	9.912237	0.000000	0.010418	0.996483	9.877375
0.002	0.247	9.912237	0.000000	0.010418	0.996483	9.877375
0.003	0.247	9.912237	0.000000	0.010418	0.996483	9.877375
0.004	0.247	9.912237	0.000000	0.010418	0.996483	9.877375
0.000	0.248	9.902361	0.000000	0.011595	0.996086	9.863603
0.001	0.248	9.902361	0.000000	0.011595	0.996086	9.863603
0.002	0.248	9.902361	0.000000	0.011595	0.996086	9.863603
0.003	0.248	9.902361	0.000000	0.011595	0.996086	9.863603
0.004	0.248	9.902361	0.000000	0.011595	0.996086	9.863603
0.000	0.249	9.891774	0.000000	0.012858	0.995660	9.848846
0.001	0.249	9.891774	0.000000	0.012858	0.995660	9.848846
0.002	0.249	9.891774	0.000000	0.012858	0.995660	9.848846
0.003	0.249	9.891774	0.000000	0.012858	0.995660	9.848846
0.004	0.249	9.891774	0.000000	0.012858	0.995660	9.848846
0.000	0.250	9.880467	0.000000	0.014207	0.995206	9.833097
0.001	0.250	9.880467	0.000000	0.014207	0.995206	9.833097
0.002	0.250	9.880467	0.000000	0.014207	0.995206	9.833097
0.003	0.250	9.880467	0.000000	0.014207	0.995206	9.833097
0.004	0.250	9.880467	0.000000	0.014207	0.995206	9.833097
0.000	0.251	9.868438	0.000000	0.015644	0.994722	9.816347
0.001	0.251	9.868438	0.000000	0.015644	0.994722	9.816347
0.002	0.251	9.868438	0.000000	0.015644	0.994722	9.816347
0.003	0.251	9.868438	0.000000	0.015644	0.994722	9.816347
0.004	0.251	9.868438	0.000000	0.015644	0.994722	9.816347
0.000	0.252	9.855684	0.000000	0.017169	0.994208	9.798599
0.001	0.252	9.855684	0.000000	0.017169	0.994208	9.798599
0.002	0.252	9.855684	0.000000	0.017169	0.994208	9.798599
0.003	0.252	9.855684	0.000000	0.017169	0.994208	9.798599
0.004	0.252	9.855684	0.000000	0.017169	0.994208	9.798599
0.000	0.252	9.842209	0.000000	0.018782	0.993665	9.779856
0.001	0.252	9.842209	0.000000	0.018782	0.993665	9.779856
0.002	0.252	9.842209	0.000000	0.018782	0.993665	9.779856
0.003	0.252	9.842209	0.000000	0.018782	0.993665	9.779856
0.004	0.252	9.842209	0.000000	0.018782	0.993665	9.779856
0.000	0.254	9.828018	0.000000	0.020483	0.993092	9.760129
0.001	0.254	9.828018	0.000000	0.020483	0.993092	9.760129
0.002	0.254	9.828018	0.000000	0.020483	0.993092	9.760129
0.003	0.254	9.828018	0.000000	0.020483	0.993092	9.760129
0.004	0.254	9.828018	0.000000	0.020483	0.993092	9.760129
0.000	0.255	9.813119	0.000000	0.022270	0.992491	9.739431
0.001	0.255	9.813119	0.000000	0.022270	0.992491	9.739431
0.002	0.255	9.813119	0.000000	0.022270	0.992491	9.739431
0.003	0.255	9.813119	0.000000	0.022270	0.992491	9.739431
0.004	0.255	9.813119	0.000000	0.022270	0.992491	9.739431
0.000	0.256	9.797523	0.000000	0.024144	0.991861	9.717781
0.001	0.256	9.797523	0.000000	0.024144	0.991861	9.717781
0.002	0.256	9.797523	0.000000	0.024144	0.991861	9.717781
0.003	0.256	9.797523	0.000000	0.024144	0.991861	9.717781
0.004	0.256	9.797523	0.000000	0.024144	0.991861	9.717781
0.000	0.257	9.781246	0.000000	0.026102	0.991203	9.695196
0.001	0.257	9.781246	0.000000	0.026102	0.991203	9.695196
0.002	0.257	9.781246	0.000000	0.026102	0.991203	9.695196
0.003	0.257	9.781246	0.000000	0.026102	0.991203	9.695196
0.004	0.257	9.781246	0.000000	0.026102	0.991203	9.695196
0.000	0.258	9.764299	0.000000	0.028142	0.990517	9.671702
0.001	0.258	9.764299	0.000000	0.028142	0.990517	9.671702
0.002	0.258	9.764299	0.000000	0.028142	0.990517	9.671702
0.003	0.258	9.764299	0.000000	0.028142	0.990517	9.671702
0.004	0.258	9.764299	0.000000	0.028142	0.990517	9.671702
0.000	0.259	9.746702	0.000000	0.030265	0.989804	9.647324
0.001	0.259	9.746702	0.000000	0.030265	0.989804	9.647324
0.002	0.259	9.746702	0.000000	0.030265	0.989804	9.647324
0.003	0.259	9.746702	0.000000	0.030265	0.989804	9.647324
0.004	0.259	9.746702	0.000000	0.030265	0.989804	9.647324
0.000	0.260	9.728475	0.000000	0.032466	0.989065	9.622090
0.001	0.260	9.728475	0.000000	0.032466	0.989065	9.622090
0.002	0.260	9.728475	0.000000	0.032466	0.989065	9.622090
0.003	0.260	9.728475	0.000000	0.032466	0.989065	9.622090
0.004	0.260	9.728475	0.000000	0.032466	0.989065	9.622090
0.000	0.261	9.709635	0.000000	0.034745	0.988300	9.596029
0.001	0.261	9.709635	0.000000	0.034745	0.988300	9.596029
0.002	0.261	9.709635	0.000000	0.034745	0.988300	9.596029
0.003	0.261	9.709635	0.000000	0.034745	0.988300	9.596029
0.004	0.261	9.709635	0.000000	0.034745	0.988300	9.596029
0.000	0.262	9.690204	0.000000	0.037098	0.987510	9.569174
0.001	0.262	9.690204	0.000000	0.037098	0.987510	9.569174
0.002	0.262	9.690204	0.000000	0.037098	0.987510	9.569174
0.003	0.262	9.690204	0.000000	0.037098	0.987510	9.569174
0.004	0.262	9.690204	0.000000	0.037098	0.987510	9.569174
0.000	0.263	9.670206	0.000000	0.039525	0.986696	9.541557
0.001	0.263	9.670206	0.000000	0.039525	0.986696	9.541557
0.002	0.263	9.670206	0.000000	0.039525	0.986696	9.541557
0.003	0.263	9.670206	0.000000	0.039525	0.986696	9.541557
0.004	0.263	9.670206	0.000000	0.039525	0.986696	9.541557
0.000	0.264	9.649661	0.000000	0.042022	0.985860	9.513210
0.001	0.264	9.649661	0.000000	0.042022	0.985860	9.513210
0.002	0.264	9.649661	0.000000	0.042022	0.985860	9.513210
0.003	0.264	9.649661	0.000000	0.042022	0.985860	9.513210
0.004	0.264	9.649661	0.000000	0.042022	0.985860	9.513210
0.000	0.265	9.628594	0.000000	0.044586	0.985000	9.484168
0.001	0.265	9.628594	0.000000	0.044586	0.985000	9.484168
0.002	0.265	9.628594	0.000000	0.044586	0.985000	9.484168
0.003	0.265	9.628594	0.000000	0.044586	0.985000	9.484168
0.004	0.265	9.628594	0.000000	0.044586	0.985000	9.484168
0.000	0.266	9.607029	0.000000	0.047217	0.984120	9.454465
0.001	0.266	9.607029	0.000000	0.047217	0.984120	9.454465
0.002	0.266	9.607029	0.000000	0.047217	0.984120	9.454465
0.003	0.266	9.607029	0.000000	0.047217	0.984120	9.454465
0.004	0.266	9.607029	0.000000	0.047217	0.984120	9.454465
0.000	0.267	9.584986	0.000000	0.049910	0.983218	9.424131
0.001	0.267	9.584986	0.000000	0.049910	0.983218	9.424131
0.002	0.267	9.584986	0.000000	0.049910	0.983218	9.424131
0.003	0.267	9.584986	0.000000	0.049910	0.983218	9.424131
0.004	0.267	9.584986	0.000000	0.049910	0.983218	9.424131
0.000	0.268	9.562490	0.000000	0.052663	0.982297	9.393203
0.001	0.268	9.562490	0.000000	0.052663	0.982297	9.393203
0.002	0.268	9.562490	0.000000	0.052663	0.982297	9.393203
0.003	0.268	9.562490	0.000000	0.052663	0.982297	9.393203
0.004	0.268	9.562490	0.000000	0.052663	0.982297	9.393203
0.000	0.269	9.539562	0.000000	0.055475	0.981357	9.361713
0.001	0.269	9.539562	0.000000	0.055475	0.981357	9.361713
0.002	0.269	9.539562	0.000000	0.055475	0.981357	9.361713
0.003	0.269	9.539562	0.000000	0.055475	0.981357	9.361713
0.004	0.269	9.539562	0.000000	0.055475	0.981357	9.361713
0.000	0.270	9.516226	0.000000	0.058342	0.980398	9.329693
0.001	0.270	9.516226	0.000000	0.058342	0.980398	9.329693
0.002	0.270	9.516226	0.000000	0.058342	0.980398	9.329693
0.003	0.270	9.516226	0.000000	0.058342	0.980398	9.329693
0.004	0.270	9.516226	0.000000	0.058342	0.980398	9.329693
0.000	0.271	9.492503	0.000000	0.061262	0.979423	9.297175
0.001	0.271	9.492503	0.000000	0.061262	0.979423	9.297175
0.002	0.271	9.492503	0.000000	0.061262	0.979423	9.297175
0.003	0.271	9.492503	0.000000	0.061262	0.979423	9.297175
0.004	0.271	9.492503	0.000000	0.061262	0.979423	9.297175
0.000	0.272	9.468414	0.000000	0.064234	0.978431	9.264191
0.001	0.272	9.468414	0.000000	0.064234	0.978431	9.264191
0.002	0.272	9.468414	0.000000	0.064234	0.978431	9.264191
0.003	0.272	9.468414	0.000000	0.064234	0.978431	9.264191
0.004	0.272	9.468414	0.000000	0.064234	0.978431	9.264191
0.000	0.273	9.443982	0.000000	0.067254	0.977423	9.230768
0.001	0.273	9.443982	0.000000	0.067254	0.977423	9.230768
0.002	0.273	9.443982	0.000000	0.067254	0.977423	9.230768
0.003	0.273	9.443982	0.000000	0.067254	0.977423	9.230768
0.004	0.273	9.443982	0.000000	0.067254	0.977423	9.230768
0.000	0.274	9.419223	0.000000	0.070320	0.976401	9.196939
0.001	0.274	9.419223	0.000000	0.070320	0.976401	9.196939
0.002	0.274	9.419223	0.000000	0.070320	0.976401	9.196939
0.003	0.274	9.419223	0.000000	0.070320	0.976401	9.196939
0.004	0.274	9.419223	0.000000	0.070320	0.976401	9.196939
0.000	0.275	9.394159	0.000000	0.073431	0.975364	9.162726
0.001	0.275	9.394159	0.000000	0.073431	0.975364	9.162726
0.002	0.275	9.394159	0.000000	0.073431	0.975364	9.162726
0.003	0.275	9.394159	0.000000	0.073431	0.975364	9.162726
0.004	0.275	9.394159	0.000000	0.073431	0.975364	9.162726
0.000	0.275	9.368809	0.000000	0.076584	0.974314	9.128160
0.001	0.275	9.368809	0.000000	0.076584	0.974314	9.128160
0.002	0.275	9.368809	0.000000	0.076584	0.974314	9.128160
0.003	0.275	9.368809	0.000000	0.076584	0.974314	9.128160
0.004	0.275	9.368809	0.000000	0.076584	0.974314	9.128160
0.000	0.277	9.343189	0.000000	0.079778	0.973251	9.093268
0.001	0.277	9.343189	0.000000	0.079778	0.973251	9.093268
0.002	0.277	9.343189	0.000000	0.079778	0.973251	9.093268
0.003	0.277	9.343189	0.000000	0.079778	0.973251	9.093268
0.004	0.277	9.343189	0.000000	0.079778	0.973251	9.093268
0.000	0.278	9.317318	0.000000	0.083010	0.972176	9.058070
0.001	0.278	9.317318	0.000000	0.083010	0.972176	9.058070
0.002	0.278	9.317318	0.000000	0.083010	0.972176	9.058070
0.003	0.278	9.317318	0.000000	0.083010	0.972176	9.058070
0.004	0.278	9.317318	0.000000	0.083010	0.972176	9.058070
0.000	0.279	9.291213	0.000000	0.086278	0.971089	9.022593
0.001	0.279	9.291213	0.000000	0.086278	0.971089	9.022593
0.002	0.279	9.291213	0.000000	0.086278	0.971089	9.022593
0.003	0.279	9.291213	0.000000	0.086278	0.971089	9.022593
0.004	0.279	9.291213	0.000000	0.086278	0.971089	9.022593
0.000	0.280	9.264889	0.000000	0.089582	0.969991	8.986859
0.001	0.280	9.264889	0.000000	0.089582	0.969991	8.986859
0.002	0.280	9.264889	0.000000	0.089582	0.969991	8.986859
0.003	0.280	9.264889	0.000000	0.089582	0.969991	8.986859
0.004	0.280	9.264889	0.000000	0.089582	0.969991	8.986859
0.000	0.281	9.238358	0.000000	0.092918	0.968883	8.950888
0.001	0.281	9.238358	0.000000	0.092918	0.968883	8.950888
0.002	0.281	9.238358	0.000000	0.092918	0.968883	8.950888
0.003	0.281	9.238358	0.000000	0.092918	0.968883	8.950888
0.004	0.281	9.238358	0.000000	0.092918	0.968883	8.950888
0.000	0.282	9.211638	0.000000	0.096287	0.967765	8.914701
0.001	0.282	9.211638	0.000000	0.096287	0.967765	8.914701
0.002	0.282	9.211638	0.000000	0.096287	0.967765	8.914701
0.003	0.282	9.211638	0.000000	0.096287	0.967765	8.914701
0.004	0.282	9.211638	0.000000	0.096287	0.967765	8.914701
0.000	0.282	9.184742	0.000000	0.099685	0.966638	8.878318
0.001	0.282	9.184742	0.000000	0.099685	0.966638	8.878318
0.002	0.282	9.184742	0.000000	0.099685	0.966638	8.878318
0.003	0.282	9.184742	0.000000	0.099685	0.966638	8.878318
0.004	0.282	9.184742	0.000000	0.099685	0.966638	8.878318
0.000	0.284	9.157682	0.000000	0.103112	0.965502	8.841757
0.001	0.284	9.157682	0.000000	0.103112	0.965502	8.841757
0.002	0.284	9.157682	0.000000	0.103112	0.965502	8.841757
0.003	0.284	9.157682	0.000000	0.103112	0.965502	8.841757
0.004	0.284	9.157682	0.000000	0.103112	0.965502	8.841757
0.000	0.285	9.130472	0.000000	0.106566	0.964357	8.805036
0.001	0.285	9.130472	0.000000	0.106566	0.964357	8.805036
0.002	0.285	9.130472	0.000000	0.106566	0.964357	8.805036
0.003	0.285	9.130472	0.000000	0.106566	0.964357	8.805036
0.004	0.285	9.130472	0.000000	0.106566	0.964357	8.805036
0.000	0.286	9.103122	0.000000	0.110047	0.963205	8.768170
0.001	0.286	9.103122	0.000000	0.110047	0.963205	8.768170
0.002	0.286	9.103122	0.000000	0.110047	0.963205	8.768170
0.003	0.286	9.103122	0.000000	0.110047	0.963205	8.768170
0.004	0.286	9.103122	0.000000	0.110047	0.963205	8.768170
0.000	0.287	9.075643	0.000000	0.113552	0.962045	8.731175
0.001	0.287	9.075643	0.000000	0.113552	0.962045	8.731175
0.002	0.287	9.075643	0.000000	0.113552	0.962045	8.731175
0.003	0.287	9.075643	0.000000	0.113552	0.962045	8.731175
0.004	0.287	9.075643	0.000000	0.113552	0.962045	8.731175
0.000	0.288	9.048045	0.000000	0.117080	0.960878	8.694069
0.001	0.288	9.048045	0.000000	0.117080	0.960878	8.694069
0.002	0.288	9.048045	0.000000	0.117080	0.960878	8.694069
0.003	0.288	9.048045	0.000000	0.117080	0.960878	8.694069
0.004	0.288	9.048045	0.000000	0.117080	0.960878	8.694069
0.000	0.289	9.020340	0.000000	0.120631	0.959705	8.656861
0.001	0.289	9.020340	0.000000	0.120631	0.959705	8.656861
0.002	0.289	9.020340	0.000000	0.120631	0.959705	8.656861
0.003	0.289	9.020340	0.000000	0.120631	0.959705	8.656861
0.004	0.289	9.020340	0.000000	0.120631	0.959705	8.656861
0.000	0.290	8.992537	0.000000	0.124204	0.958525	8.619568
0.001	0.290	8.992537	0.000000	0.124204	0.958525	8.619568
0.002	0.290	8.992537	0.000000	0.124204	0.958525	8.619568
0.003	0.290	8.992537	0.000000	0.124204	0.958525	8.619568
0.004	0.290	8.992537	0.000000	0.124204	0.958525	8.619568
0.000	0.291	8.964643	0.000000	0.127796	0.957339	8.582203
0.001	0.291	8.964643	0.000000	0.127796	0.957339	8.582203
0.002	0.291	8.964643	0.000000	0.127796	0.957339	8.582203
0.003	0.291	8.964643	0.000000	0.127796	0.957339	8.582203
0.004	0.291	8.964643	0.000000	0.127796	0.957339	8.582203
0.000	0.292	8.936668	0.000000	0.131408	0.956148	8.544774
0.001	0.292	8.936668	0.000000	0.131408	0.956148	8.544774
0.002	0.292	8.936668	0.000000	0.131408	0.956148	8.544774
0.003	0.292	8.936668	0.000000	0.131408	0.956148	8.544774
0.004	0.292	8.936668	0.000000	0.131408	0.956148	8.544774
0.000	0.293	8.908621	0.000000	0.135039	0.954951	8.507296
0.001	0.293	8.908621	0.000000	0.135039	0.954951	8.507296
0.002	0.293	8.908621	0.000000	0.135039	0.954951	8.507296
0.003	0.293	8.908621	0.000000	0.135039	0.954951	8.507296
0.004	0.293	8.908621	0.000000	0.135039	0.954951	8.507296
0.000	0.294	8.880507	0.000000	0.138687	0.953749	8.469777
0.001	0.294	8.880507	0.000000	0.138687	0.953749	8.469777
0.002	0.294	8.880507	0.000000	0.138687	0.953749	8.469777
0.003	0.294	8.880507	0.000000	0.138687	0.953749	8.469777
0.004	0.294	8.880507	0.000000	0.138687	0.953749	8.469777
0.000	0.295	8.852337	0.000000	0.142353	0.952542	8.432227
0.001	0.295	8.852337	0.000000	0.142353	0.952542	8.432227
0.002	0.295	8.852337	0.000000	0.142353	0.952542	8.432227
0.003	0.295	8.852337	0.000000	0.142353	0.952542	8.432227
0.004	0.295	8.852337	0.000000	0.142353	0.952542	8.432227
0.000	0.296	8.824114	0.000000	0.146034	0.951331	8.394657
0.001	0.296	8.824114	0.000000	0.146034	0.951331	8.394657
0.002	0.296	8.824114	0.000000	0.146034	0.951331	8.394657
0.003	0.296	8.824114	0.000000	0.146034	0.951331	8.394657
0.004	0.296	8.824114	0.000000	0.146034	0.951331	8.394657
0.000	0.297	8.795845	0.000000	0.149730	0.950116	8.357077
0.001	0.297	8.795845	0.000000	0.149730	0.950116	8.357077
0.002	0.297	8.795845	0.000000	0.149730	0.950116	8.357077
0.003	0.297	8.795845	0.000000	0.149730	0.950116	8.357077
0.004	0.297	8.795845	0.000000	0.149730	0.950116	8.357077
0.000	0.298	8.767537	0.000000	0.153441	0.948897	8.319491
0.001	0.298	8.767537	0.000000	0.153441	0.948897	8.319491
0.002	0.298	8.767537	0.000000	0.153441	0.948897	8.319491
0.003	0.298	8.767537	0.000000	0.153441	0.948897	8.319491
0.004	0.298	8.767537	0.000000	0.153441	0.948897	8.319491
0.000	0.299	8.739196	0.000000	0.157166	0.947674	8.281910
0.001	0.299	8.739196	0.000000	0.157166	0.947674	8.281910
0.002	0.299	8.739196	0.000000	0.157166	0.947674	8.281910
0.003	0.299	8.739196	0.000000	0.157166	0.947674	8.281910
0.004	0.299	8.739196	0.000000	0.157166	0.947674	8.281910
0.000	0.300	8.710828	0.000000	0.160905	0.946448	8.244343
0.001	0.300	8.710828	0.000000	0.160905	0.946448	8.244343
0.002	0.300	8.710828	0.000000	0.160905	0.946448	8.244343
0.003	0.300	8.710828	0.000000	0.160905	0.946448	8.244343
0.004	0.300	8.710828	0.000000	0.160905	0.946448	8.244343
0.000	0.301	8.682436	0.000000	0.164656	0.945218	8.206793
0.001	0.301	8.682436	0.000000	0.164656	0.945218	8.206793
0.002	0.301	8.682436	0.000000	0.164656	0.945218	8.206793
0.003	0.301	8.682436	0.000000	0.164656	0.945218	8.206793
0.004	0.301	8.682436	0.000000	0.164656	0.945218	8.206793
0.000	0.302	8.654027	0.000000	0.168419	0.943985	8.169269
0.001	0.302	8.654027	0.000000	0.168419	0.943985	8.169269
0.002	0.302	8.654027	0.000000	0.168419	0.943985	8.169269
0.003	0.302	8.654027	0.000000	0.168419	0.943985	8.169269
0.004	0.302	8.654027	0.000000	0.168419	0.943985	8.169269
0.000	0.303	8.625604	0.000000	0.172194	0.942749	8.131775
0.001	0.303	8.625604	0.000000	0.172194	0.942749	8.131775
0.002	0.303	8.625604	0.000000	0.172194	0.942749	8.131775
0.003	0.303	8.625604	0.000000	0.172194	0.942749	8.131775
0.004	0.303	8.625604	0.000000	0.172194	0.942749	8.131775
0.000	0.304	8.597171	0.000000	0.175980	0.941510	8.094320
0.001	0.304	8.597171	0.000000	0.175980	0.941510	8.094320
0.002	0.304	8.597171	0.000000	0.175980	0.941510	8.094320
0.003	0.304	8.597171	0.000000	0.175980	0.941510	8.094320
0.004	0.304	8.597171	0.000000	0.175980	0.941510	8.094320
0.000	0.305	8.568732	0.000000	0.179777	0.940268	8.056909
0.001	0.305	8.568732	0.000000	0.179777	0.940268	8.056909
0.002	0.305	8.568732	0.000000	0.179777	0.940268	8.056909
0.003	0.305	8.568732	0.000000	0.179777	0.940268	8.056909
0.004	0.305	8.568732	0.000000	0.179777	0.940268	8.056909
0.000	0.306	8.540294	0.000000	0.183584	0.939025	8.019546
0.001	0.306	8.540294	0.000000	0.183584	0.939025	8.019546
0.002	0.306	8.540294	0.000000	0.183584	0.939025	8.019546
0.003	0.306	8.540294	0.000000	0.183584	0.939025	8.019546
0.004	0.306	8.540294	0.000000	0.183584	0.939025	8.019546
0.000	0.307	8.511859	0.000000	0.187400	0.937778	7.982236
0.001	0.307	8.511859	0.000000	0.187400	0.937778	7.982236
0.002	0.307	8.511859	0.000000	0.187400	0.937778	7.982236
0.003	0.307	8.511859	0.000000	0.187400	0.937778	7.982236
0.004	0.307	8.511859	0.000000	0.187400	0.937778	7.982236
0.000	0.308	8.483429	0.000000	0.191226	0.936530	7.944983
0.001	0.308	8.483429	0.000000	0.191226	0.936530	7.944983
0.002	0.308	8.483429	0.000000	0.191226	0.936530	7.944983
0.003	0.308	8.483429	0.000000	0.191226	0.936530	7.944983
0.004	0.308	8.483429	0.000000	0.191226	0.936530	7.944983
0.000	0.309	8.455009	0.000000	0.195062	0.935279	7.907795
0.001	0.309	8.455009	0.000000	0.195062	0.935279	7.907795
0.002	0.309	8.455009	0.000000	0.195062	0.935279	7.907795
0.003	0.309	8.455009	0.000000	0.195062	0.935279	7.907795
0.004	0.309	8.455009	0.000000	0.195062	0.935279	7.907795
0.000	0.310	8.426601	0.000000	0.198905	0.934027	7.870672
0.001	0.310	8.426601	0.000000	0.198905	0.934027	7.870672
0.002	0.310	8.426601	0.000000	0.198905	0.934027	7.870672
0.003	0.310	8.426601	0.000000	0.198905	0.934027	7.870672
0.004	0.310	8.426601	0.000000	0.198905	0.934027	7.870672
0.000	0.311	8.398211	0.000000	0.202757	0.932772	7.833620
0.001	0.311	8.398211	0.000000	0.202757	0.932772	7.833620
0.002	0.311	8.398211	0.000000	0.202757	0.932772	7.833620
0.003	0.311	8.398211	0.000000	0.202757	0.932772	7.833620
0.004	0.311	8.398211	0.000000	0.202757	0.932772	7.833620
0.000	0.312	8.369838	0.000000	0.206617	0.931517	7.796643
0.001	0.312	8.369838	0.000000	0.206617	0.931517	7.796643
0.002	0.312	8.369838	0.000000	0.206617	0.931517	7.796643
0.003	0.312	8.369838	0.000000	0.206617	0.931517	7.796643
0.004	0.312	8.369838	0.000000	0.206617	0.931517	7.796643
0.000	0.312	8.341485	0.000000	0.210484	0.930259	7.759740
0.001	0.312	8.341485	0.000000	0.210484	0.930259	7.759740
0.002	0.312	8.341485	0.000000	0.210484	0.930259	7.759740
0.003	0.312	8.341485	0.000000	0.210484	0.930259	7.759740
0.004	0.312	8.341485	0.000000	0.210484	0.930259	7.759740
0.000	0.314	8.313156	0.000000	0.214358	0.929000	7.722922
0.001	0.314	8.313156	0.000000	0.214358	0.929000	7.722922
0.002	0.314	8.313156	0.000000	0.214358	0.929000	7.722922
0.003	0.314	8.313156	0.000000	0.214358	0.929000	7.722922
0.004	0.314	8.313156	0.000000	0.214358	0.929000	7.722922
0.000	0.315	8.284854	0.000000	0.218240	0.927739	7.686186
0.001	0.315	8.284854	0.000000	0.218240	0.927739	7.686186
0.002	0.315	8.284854	0.000000	0.218240	0.927739	7.686186
0.003	0.315	8.284854	0.000000	0.218240	0.927739	7.686186
0.004	0.315	8.284854	0.000000	0.218240	0.927739	7.686186
0.000	0.316	8.256579	0.000000	0.222128	0.926478	7.649539
0.001	0.316	8.256579	0.000000	0.222128	0.926478	7.649539
0.002	0.316	8.256579	0.000000	0.222128	0.926478	7.649539
0.003	0.316	8.256579	0.000000	0.222128	0.926478	7.649539
0.004	0.316	8.256579	0.000000	0.222128	0.926478	7.649539
0.000	0.317	8.228335	0.000000	0.226023	0.925215	7.612978
0.001	0.317	8.228335	0.000000	0.226023	0.925215	7.612978
0.002	0.317	8.228335	0.000000	0.226023	0.925215	7.612978
0.003	0.317	8.228335	0.000000	0.226023	0.925215	7.612978
0.004	0.317	8.228335	0.000000	0.226023	0.925215	7.612978
0.000	0.318	8.200123	0.000000	0.229924	0.923951	7.576512
0.001	0.318	8.200123	0.000000	0.229924	0.923951	7.576512
0.002	0.318	8.200123	0.000000	0.229924	0.923951	7.576512
0.003	0.318	8.200123	0.000000	0.229924	0.923951	7.576512
0.004	0.318	8.200123	0.000000	0.229924	0.923951	7.576512
0.000	0.319	8.171946	0.000000	0.233830	0.922686	7.540139
0.001	0.319	8.171946	0.000000	0.233830	0.922686	7.540139
0.002	0.319	8.171946	0.000000	0.233830	0.922686	7.540139
0.003	0.319	8.171946	0.000000	0.233830	0.922686	7.540139
0.004	0.319	8.171946	0.000000	0.233830	0.922686	7.540139
0.000	0.320	8.143804	0.000000	0.237743	0.921420	7.503863
0.001	0.320	8.143804	0.000000	0.237743	0.921420	7.503863
0.002	0.320	8.143804	0.000000	0.237743	0.921420	7.503863
0.003	0.320	8.143804	0.000000	0.237743	0.921420	7.503863
0.004	0.320	8.143804	0.000000	0.237743	0.921420	7.503863
0.000	0.321	8.115701	0.000000	0.241661	0.920153	7.467685
0.001	0.321	8.115701	0.000000	0.241661	0.920153	7.467685
0.002	0.321	8.115701	0.000000	0.241661	0.920153	7.467685
0.003	0.321	8.115701	0.000000	0.241661	0.920153	7.467685
0.004	0.321	8.115701	0.000000	0.241661	0.920153	7.467685
0.000	0.322	8.087635	0.000000	0.245584	0.918886	7.431611
0.001	0.322	8.087635	0.000000	0.245584	0.918886	7.431611
0.002	0.322	8.087635	0.000000	0.245584	0.918886	7.431611
0.003	0.322	8.087635	0.000000	0.245584	0.918886	7.431611
0.004	0.322	8.087635	0.000000	0.245584	0.918886	7.431611
0.000	0.323	8.059611	0.000000	0.249513	0.917617	7.395638
0.001	0.323	8.059611	0.000000	0.249513	0.917617	7.395638
0.002	0.323	8.059611	0.000000	0.249513	0.917617	7.395638
0.003	0.323	8.059611	0.000000	0.249513	0.917617	7.395638
0.004	0.323	8.059611	0.000000	0.249513	0.917617	7.395638
0.000	0.324	8.031632	0.000000	0.253446	0.916348	7.359770
0.001	0.324	8.031632	0.000000	0.253446	0.916348	7.359770
0.002	0.324	8.031632	0.000000	0.253446	0.916348	7.359770
0.003	0.324	8.031632	0.000000	0.253446	0.916348	7.359770
0.004	0.324	8.031632	0.000000	0.253446	0.916348	7.359770
0.000	0.325	8.003696	0.000000	0.257384	0.915078	7.324010
0.001	0.325	8.003696	0.000000	0.257384	0.915078	7.324010
0.002	0.325	8.003696	0.000000	0.257384	0.915078	7.324010
0.003	0.325	8.003696	0.000000	0.257384	0.915078	7.324010
0.004	0.325	8.003696	0.000000	0.257384	0.915078	7.324010
0.000	0.326	7.975806	0.000000	0.261327	0.913808	7.288356
0.001	0.326	7.975806	0.000000	0.261327	0.913808	7.288356
0.002	0.326	7.975806	0.000000	0.261327	0.913808	7.288356
0.003	0.326	7.975806	0.000000	0.261327	0.913808	7.288356
0.004	0.326	7.975806	0.000000	0.261327	0.913808	7.288356
0.000	0.327	7.947963	0.000000	0.265274	0.912537	7.252812
0.001	0.327	7.947963	0.000000	0.265274	0.912537	7.252812
0.002	0.327	7.947963	0.000000	0.265274	0.912537	7.252812
0.003	0.327	7.947963	0.000000	0.265274	0.912537	7.252812
0.004	0.327	7.947963	0.000000	0.265274	0.912537	7.252812
0.000	0.328	7.920167	0.000000	0.269225	0.911266	7.217379
0.001	0.328	7.920167	0.000000	0.269225	0.911266	7.217379
0.002	0.328	7.920167	0.000000	0.269225	0.911266	7.217379
0.003	0.328	7.920167	0.000000	0.269225	0.911266	7.217379
0.004	0.328	7.920167	0.000000	0.269225	0.911266	7.217379
0.000	0.329	7.892420	0.000000	0.273180	0.909994	7.182058
0.001	0.329	7.892420	0.000000	0.273180	0.909994	7.182058
0.002	0.329	7.892420	0.000000	0.273180	0.909994	7.182058
0.003	0.329	7.892420	0.000000	0.273180	0.909994	7.182058
0.004	0.329	7.892420	0.000000	0.273180	0.909994	7.182058
0.000	0.330	7.864724	0.000000	0.277140	0.908722	7.146851
0.001	0.330	7.864724	0.000000	0.277140	0.908722	7.146851
0.002	0.330	7.864724	0.000000	0.277140	0.908722	7.146851
0.003	0.330	7.864724	0.000000	0.277140	0.908722	7.146851
0.004	0.330	7.864724	0.000000	0.277140	0.908722	7.146851
0.000	0.331	7.837079	0.000000	0.281103	0.907450	7.111759
0.001	0.331	7.837079	0.000000	0.281103	0.907450	7.111759
0.002	0.331	7.837079	0.000000	0.281103	0.907450	7.111759
0.003	0.331	7.837079	0.000000	0.281103	0.907450	7.111759
0.004	0.331	7.837079	0.000000	0.281103	0.907450	7.111759
0.000	0.332	7.809486	0.000000	0.285069	0.906178	7.076781
0.001	0.332	7.809486	0.000000	0.285069	0.906178	7.076781
0.002	0.332	7.809486	0.000000	0.285069	0.906178	7.076781
0.003	0.332	7.809486	0.000000	0.285069	0.906178	7.076781
0.004	0.332	7.809486	0.000000	0.285069	0.906178	7.076781
0.000	0.333	7.781947	0.000000	0.289039	0.904905	7.041923
0.001	0.333	7.781947	0.000000	0.289039	0.904905	7.041923
0.002	0.333	7.781947	0.000000	0.289039	0.904905	7.041923
0.003	0.333	7.781947	0.000000	0.289039	0.904905	7.041923
0.004	0.333	7.781947	0.000000	0.289039	0.904905	7.041923
0.000	0.334	7.754462	0.000000	0.293013	0.903632	7.007180
0.001	0.334	7.754462	0.000000	0.293013	0.903632	7.007180
0.002	0.334	7.754462	0.000000	0.293013	0.903632	7.007180
0.003	0.334	7.754462	0.000000	0.293013	0.903632	7.007180
0.004	0.334	7.754462	0.000000	0.293013	0.903632	7.007180
0.000	0.335	7.727031	0.000000	0.296990	0.902359	6.972556
0.001	0.335	7.727031	0.000000	0.296990	0.902359	6.972556
0.002	0.335	7.727031	0.000000	0.296990	0.902359	6.972556
0.003	0.335	7.727031	0.000000	0.296990	0.902359	6.972556
0.004	0.335	7.727031	0.000000	0.296990	0.902359	6.972556
0.000	0.336	7.699656	0.000000	0.300970	0.901086	6.938052
0.001	0.336	7.699656	0.000000	0.300970	0.901086	6.938052
0.002	0.336	7.699656	0.000000	0.300970	0.901086	6.938052
0.003	0.336	7.699656	0.000000	0.300970	0.901086	6.938052
0.004	0.336	7.699656	0.000000	0.300970	0.901086	6.938052
0.000	0.337	7.672337	0.000000	0.304953	0.899813	6.903666
0.001	0.337	7.672337	0.000000	0.304953	0.899813	6.903666
0.002	0.337	7.672337	0.000000	0.304953	0.899813	6.903666
0.003	0.337	7.672337	0.000000	0.304953	0.899813	6.903666
0.004	0.337	7.672337	0.000000	0.304953	0.899813	6.903666
0.000	0.338	7.645076	0.000000	0.308939	0.898539	6.869403
0.001	0.338	7.645076	0.000000	0.308939	0.898539	6.869403
0.002	0.338	7.645076	0.000000	0.308939	0.898539	6.869403
0.003	0.338	7.645076	0.000000	0.308939	0.898539	6.869403
0.004	0.338	7.645076	0.000000	0.308939	0.898539	6.869403
0.000	0.339	7.617873	0.000000	0.312927	0.897267	6.835262
0.001	0.339	7.617873	0.000000	0.312927	0.897267	6.835262
0.002	0.339	7.617873	0.000000	0.312927	0.897267	6.835262
0.003	0.339	7.617873	0.000000	0.312927	0.897267	6.835262
0.004	0.339	7.617873	0.000000	0.312927	0.897267	6.835262
0.000	0.340	7.590728	0.000000	0.316919	0.895994	6.801243
0.001	0.340	7.590728	0.000000	0.316919	0.895994	6.801243
0.002	0.340	7.590728	0.000000	0.316919	0.895994	6.801243
0.003	0.340	7.590728	0.000000	0.316919	0.895994	6.801243
0.004	0.340	7.590728	0.000000	0.316919	0.895994	6.801243
0.000	0.341	7.563642	0.000000	0.320913	0.894720	6.767345
0.001	0.341	7.563642	0.000000	0.320913	0.894720	6.767345
0.002	0.341	7.563642	0.000000	0.320913	0.894720	6.767345
0.003	0.341	7.563642	0.000000	0.320913	0.894720	6.767345
0.004	0.341	7.563642	0.000000	0.320913	0.894720	6.767345
0.000	0.342	7.536615	0.000000	0.324910	0.893448	6.733572
0.001	0.342	7.536615	0.000000	0.324910	0.893448	6.733572
0.002	0.342	7.536615	0.000000	0.324910	0.893448	6.733572
0.003	0.342	7.536615	0.000000	0.324910	0.893448	6.733572
0.004	0.342	7.536615	0.000000	0.324910	0.893448	6.733572
0.000	0.343	7.509651	0.000000	0.328910	0.892175	6.699922
0.001	0.343	7.509651	0.000000	0.328910	0.892175	6.699922
0.002	0.343	7.509651	0.000000	0.328910	0.892175	6.699922
0.003	0.343	7.509651	0.000000	0.328910	0.892175	6.699922
0.004	0.343	7.509651	0.000000	0.328910	0.892175	6.699922
0.000	0.344	7.482747	0.000000	0.332911	0.890902	6.666397
0.001	0.344	7.482747	0.000000	0.332911	0.890902	6.666397
0.002	0.344	7.482747	0.000000	0.332911	0.890902	6.666397
0.003	0.344	7.482747	0.000000	0.332911	0.890902	6.666397
0.004	0.344	7.482747	0.000000	0.332911	0.890902	6.666397
0.000	0.345	7.455904	0.000000	0.336915	0.889630	6.632996
0.001	0.345	7.455904	0.000000	0.336915	0.889630	6.632996
0.002	0.345	7.455904	0.000000	0.336915	0.889630	6.632996
0.003	0.345	7.455904	0.000000	0.336915	0.889630	6.632996
0.004	0.345	7.455904	0.000000	0.336915	0.889630	6.632996
0.000	0.346	7.429123	0.000000	0.340921	0.888358	6.599721
0.001	0.346	7.429123	0.000000	0.340921	0.888358	6.599721
0.002	0.346	7.429123	0.000000	0.340921	0.888358	6.599721
0.003	0.346	7.429123	0.000000	0.340921	0.888358	6.599721
0.004	0.346	7.429123	0.000000	0.340921	0.888358	6.599721
0.000	0.347	7.402404	0.000000	0.344930	0.887086	6.566571
0.001	0.347	7.402404	0.000000	0.344930	0.887086	6.566571
0.002	0.347	7.402404	0.000000	0.344930	0.887086	6.566571
0.003	0.347	7.402404	0.000000	0.344930	0.887086	6.566571
0.004	0.347	7.402404	0.000000	0.344930	0.887086	6.566571
0.000	0.348	7.375748	0.000000	0.348940	0.885815	6.533547
0.001	0.348	7.375748	0.000000	0.348940	0.885815	6.533547
0.002	0.348	7.375748	0.000000	0.348940	0.885815	6.533547
0.003	0.348	7.375748	0.000000	0.348940	0.885815	6.533547
0.004	0.348	7.375748	0.000000	0.348940	0.885815	6.533547
0.000	0.349	7.349155	0.000000	0.352953	0.884543	6.500647
0.001	0.349	7.349155	0.000000	0.352953	0.884543	6.500647
0.002	0.349	7.349155	0.000000	0.352953	0.884543	6.500647
0.003	0.349	7.349155	0.000000	0.352953	0.884543	6.500647
0.004	0.349	7.349155	0.000000	0.352953	0.884543	6.500647
0.000	0.350	7.322627	0.000000	0.356967	0.883273	6.467875
0.001	0.350	7.322627	0.000000	0.356967	0.883273	6.467875
0.002	0.350	7.322627	0.000000	0.356967	0.883273	6.467875
0.003	0.350	7.322627	0.000000	0.356967	0.883273	6.467875
0.004	0.350	7.322627	0.000000	0.356967	0.883273	6.467875
0.000	0.351	7.296162	0.000000	0.360984	0.882002	6.435230
0.001	0.351	7.296162	0.000000	0.360984	0.882002	6.435230
0.002	0.351	7.296162	0.000000	0.360984	0.882002	6.435230
0.003	0.351	7.296162	0.000000	0.360984	0.882002	6.435230
0.004	0.351	7.296162	0.000000	0.360984	0.882002	6.435230
0.000	0.352	7.269763	0.000000	0.365002	0.880732	6.402711
0.001	0.352	7.269763	0.000000	0.365002	0.880732	6.402711
0.002	0.352	7.269763	0.000000	0.365002	0.880732	6.402711
0.003	0.352	7.269763	0.000000	0.365002	0.880732	6.402711
0.004	0.352	7.269763	0.000000	0.365002	0.880732	6.402711
0.000	0.353	7.243427	0.000000	0.369022	0.879462	6.370320
0.001	0.353	7.243427	0.000000	0.369022	0.879462	6.370320
0.002	0.353	7.243427	0.000000	0.369022	0.879462	6.370320
0.003	0.353	7.243427	0.000000	0.369022	0.879462	6.370320
0.004	0.353	7.243427	0.000000	0.369022	0.879462	6.370320
0.000	0.354	7.217157	0.000000	0.373043	0.878193	6.338054
0.001	0.354	7.217157	0.000000	0.373043	0.878193	6.338054
0.002	0.354	7.217157	0.000000	0.373043	0.878193	6.338054
0.003	0.354	7.217157	0.000000	0.373043	0.878193	6.338054
0.004	0.354	7.217157	0.000000	0.373043	0.878193	6.338054
0.000	0.355	7.190953	0.000000	0.377067	0.876924	6.305918
0.001	0.355	7.190953	0.000000	0.377067	0.876924	6.305918
0.002	0.355	7.190953	0.000000	0.377067	0.876924	6.305918
0.003	0.355	7.190953	0.000000	0.377067	0.876924	6.305918
0.004	0.355	7.190953	0.000000	0.377067	0.876924	6.305918
0.000	0.356	7.164814	0.000000	0.381091	0.875655	6.273906
0.001	0.356	7.164814	0.000000	0.381091	0.875655	6.273906
0.002	0.356	7.164814	0.000000	0.381091	0.875655	6.273906
0.003	0.356	7.164814	0.000000	0.381091	0.875655	6.273906
0.004	0.356	7.164814	0.000000	0.381091	0.875655	6.273906
0.000	0.357	7.138741	0.000000	0.385118	0.874387	6.242024
0.001	0.357	7.138741	0.000000	0.385118	0.874387	6.242024
0.002	0.357	7.138741	0.000000	0.385118	0.874387	6.242024
0.003	0.357	7.138741	0.000000	0.385118	0.874387	6.242024
0.004	0.357	7.138741	0.000000	0.385118	0.874387	6.242024
0.000	0.358	7.112734	0.000000	0.389145	0.873120	6.210269
0.001	0.358	7.112734	0.000000	0.389145	0.873120	6.210269
0.002	0.358	7.112734	0.000000	0.389145	0.873120	6.210269
0.003	0.358	7.112734	0.000000	0.389145	0.873120	6.210269
0.004	0.358	7.112734	0.000000	0.389145	0.873120	6.210269
0.000	0.359	7.086795	0.000000	0.393174	0.871853	6.178642
0.001	0.359	7.086795	0.000000	0.393174	0.871853	6.178642
0.002	0.359	7.086795	0.000000	0.393174	0.871853	6.178642
0.003	0.359	7.086795	0.000000	0.393174	0.871853	6.178642
0.004	0.359	7.086795	0.000000	0.393174	0.871853	6.178642
0.000	0.360	7.060922	0.000000	0.397205	0.870586	6.147142
0.001	0.360	7.060922	0.000000	0.397205	0.870586	6.147142
0.002	0.360	7.060922	0.000000	0.397205	0.870586	6.147142
0.003	0.360	7.060922	0.000000	0.397205	0.870586	6.147142
0.004	0.360	7.060922	0.000000	0.397205	0.870586	6.147142
0.000	0.361	7.035117	0.000000	0.401237	0.869320	6.115770
0.001	0.361	7.035117	0.000000	0.401237	0.869320	6.115770
0.002	0.361	7.035117	0.000000	0.401237	0.869320	6.115770
0.003	0.361	7.035117	0.000000	0.401237	0.869320	6.115770
0.004	0.361	7.035117	0.000000	0.401237	0.869320	6.115770
0.000	0.362	7.009378	0.000000	0.405270	0.868055	6.084526
0.001	0.362	7.009378	0.000000	0.405270	0.868055	6.084526
0.002	0.362	7.009378	0.000000	0.405270	0.868055	6.084526
0.003	0.362	7.009378	0.000000	0.405270	0.868055	6.084526
0.004	0.362	7.009378	0.000000	0.405270	0.868055	6.084526
0.000	0.363	6.983707	0.000000	0.409304	0.866790	6.053409
0.001	0.363	6.983707	0.000000	0.409304	0.866790	6.053409
0.002	0.363	6.983707	0.000000	0.409304	0.866790	6.053409
0.003	0.363	6.983707	0.000000	0.409304	0.866790	6.053409
0.004	0.363	6.983707	0.000000	0.409304	0.866790	6.053409
0.000	0.364	6.958104	0.000000	0.413340	0.865526	6.022419
0.001	0.364	6.958104	0.000000	0.413340	0.865526	6.022419
0.002	0.364	6.958104	0.000000	0.413340	0.865526	6.022419
0.003	0.364	6.958104	0.000000	0.413340	0.865526	6.022419
0.004	0.364	6.958104	0.000000	0.413340	0.865526	6.022419
0.000	0.365	6.932569	0.000000	0.417377	0.864262	5.991557
0.001	0.365	6.932569	0.000000	0.417377	0.864262	5.991557
0.002	0.365	6.932569	0.000000	0.417377	0.864262	5.991557
0.003	0.365	6.932569	0.000000	0.417377	0.864262	5.991557
0.004	0.365	6.932569	0.000000	0.417377	0.864262	5.991557
0.000	0.366	6.907101	0.000000	0.421414	0.862999	5.960824
0.001	0.366	6.907101	0.000000	0.421414	0.862999	5.960824
0.002	0.366	6.907101	0.000000	0.421414	0.862999	5.960824
0.003	0.366	6.907101	0.000000	0.421414	0.862999	5.960824
0.004	0.366	6.907101	0.000000	0.421414	0.862999	5.960824
0.000	0.367	6.881702	0.000000	0.425453	0.861737	5.930217
0.001	0.367	6.881702	0.000000	0.425453	0.861737	5.930217
0.002	0.367	6.881702	0.000000	0.425453	0.861737	5.930217
0.003	0.367	6.881702	0.000000	0.425453	0.861737	5.930217
0.004	0.367	6.881702	0.000000	0.425453	0.861737	5.930217
0.000	0.368	6.856371	0.000000	0.429493	0.860475	5.899737
0.001	0.368	6.856371	0.000000	0.429493	0.860475	5.899737
0.002	0.368	6.856371	0.000000	0.429493	0.860475	5.899737
0.003	0.368	6.856371	0.000000	0.429493	0.860475	5.899737
0.004	0.368	6.856371	0.000000	0.429493	0.860475	5.899737
0.000	0.369	6.831108	0.000000	0.433533	0.859214	5.869385
0.001	0.369	6.831108	0.000000	0.433533	0.859214	5.869385
0.002	0.369	6.831108	0.000000	0.433533	0.859214	5.869385
0.003	0.369	6.831108	0.000000	0.433533	0.859214	5.869385
0.004	0.369	6.831108	0.000000	0.433533	0.859214	5.869385
0.000	0.370	6.805915	0.000000	0.437575	0.857954	5.839162
0.001	0.370	6.805915	0.000000	0.437575	0.857954	5.839162
0.002	0.370	6.805915	0.000000	0.437575	0.857954	5.839162
0.003	0.370	6.805915	0.000000	0.437575	0.857954	5.839162
0.004	0.370	6.805915	0.000000	0.437575	0.857954	5.839162
0.000	0.371	6.780791	0.000000	0.441617	0.856694	5.809065
0.001	0.371	6.780791	0.000000	0.441617	0.856694	5.809065
0.002	0.371	6.780791	0.000000	0.441617	0.856694	5.809065
0.003	0.371	6.780791	0.000000	0.441617	0.856694	5.809065
0.004	0.371	6.780791	0.000000	0.441617	0.856694	5.809065
0.000	0.372	6.755736	0.000000	0.445660	0.855435	5.779093
0.001	0.372	6.755736	0.000000	0.445660	0.855435	5.779093
0.002	0.372	6.755736	0.000000	0.445660	0.855435	5.779093
0.003	0.372	6.755736	0.000000	0.445660	0.855435	5.779093
0.004	0.372	6.755736	0.000000	0.445660	0.855435	5.779093
0.000	0.373	6.730750	0.000000	0.449704	0.854177	5.749251
0.001	0.373	6.730750	0.000000	0.449704	0.854177	5.749251
0.002	0.373	6.730750	0.000000	0.449704	0.854177	5.749251
0.003	0.373	6.730750	0.000000	0.449704	0.854177	5.749251
0.004	0.373	6.730750	0.000000	0.449704	0.854177	5.749251
0.000	0.374	6.705832	0.000000	0.453749	0.852919	5.719534
0.001	0.374	6.705832	0.000000	0.453749	0.852919	5.719534
0.002	0.374	6.705832	0.000000	0.453749	0.852919	5.719534
0.003	0.374	6.705832	0.000000	0.453749	0.852919	5.719534
0.004	0.374	6.705832	0.000000	0.453749	0.852919	5.719534
0.000	0.375	6.680984	0.000000	0.457794	0.851663	5.689945
0.001	0.375	6.680984	0.000000	0.457794	0.851663	5.689945
0.002	0.375	6.680984	0.000000	0.457794	0.851663	5.689945
0.003	0.375	6.680984	0.000000	0.457794	0.851663	5.689945
0.004	0.375	6.680984	0.000000	0.457794	0.851663	5.689945
0.000	0.376	6.656206	0.000000	0.461840	0.850407	5.660483
0.001	0.376	6.656206	0.000000	0.461840	0.850407	5.660483
0.002	0.376	6.656206	0.000000	0.461840	0.850407	5.660483
0.003	0.376	6.656206	0.000000	0.461840	0.850407	5.660483
0.004	0.376	6.656206	0.000000	0.461840	0.850407	5.660483
0.000	0.377	6.631498	0.000000	0.465887	0.849151	5.631146
0.001	0.377	6.631498	0.000000	0.465887	0.849151	5.631146
0.002	0.377	6.631498	0.000000	0.465887	0.849151	5.631146
0.003	0.377	6.631498	0.000000	0.465887	0.849151	5.631146
0.004	0.377	6.631498	0.000000	0.465887	0.849151	5.631146
0.000	0.378	6.606859	0.000000	0.469935	0.847897	5.601935
0.001	0.378	6.606859	0.000000	0.469935	0.847897	5.601935
0.002	0.378	6.606859	0.000000	0.469935	0.847897	5.601935
0.003	0.378	6.606859	0.000000	0.469935	0.847897	5.601935
0.004	0.378	6.606859	0.000000	0.469935	0.847897	5.601935
0.000	0.379	6.582290	0.000000	0.473982	0.846643	5.572851
0.001	0.379	6.582290	0.000000	0.473982	0.846643	5.572851
0.002	0.379	6.582290	0.000000	0.473982	0.846643	5.572851
0.003	0.379	6.582290	0.000000	0.473982	0.846643	5.572851
0.004	0.379	6.582290	0.000000	0.473982	0.846643	5.572851
0.000	0.380	6.557791	0.000000	0.478031	0.845390	5.543893
0.001	0.380	6.557791	0.000000	0.478031	0.845390	5.543893
0.002	0.380	6.557791	0.000000	0.478031	0.845390	5.543893
0.003	0.380	6.557791	0.000000	0.478031	0.845390	5.543893
0.004	0.380	6.557791	0.000000	0.478031	0.845390	5.543893
0.000	0.381	6.533362	0.000000	0.482079	0.844138	5.515061
0.001	0.381	6.533362	0.000000	0.482079	0.844138	5.515061
0.002	0.381	6.533362	0.000000	0.482079	0.844138	5.515061
0.003	0.381	6.533362	0.000000	0.482079	0.844138	5.515061
0.004	0.381	6.533362	0.000000	0.482079	0.844138	5.515061
0.000	0.382	6.509003	0.000000	0.486129	0.842887	5.486354
0.001	0.382	6.509003	0.000000	0.486129	0.842887	5.486354
0.002	0.382	6.509003	0.000000	0.486129	0.842887	5.486354
0.003	0.382	6.509003	0.000000	0.486129	0.842887	5.486354
0.004	0.382	6.509003	0.000000	0.486129	0.842887	5.486354
0.000	0.383	6.484714	0.000000	0.490178	0.841637	5.457773
0.001	0.383	6.484714	0.000000	0.490178	0.841637	5.457773
0.002	0.383	6.484714	0.000000	0.490178	0.841637	5.457773
0.003	0.383	6.484714	0.000000	0.490178	0.841637	5.457773
0.004	0.383	6.484714	0.000000	0.490178	0.841637	5.457773
0.000	0.384	6.460495	0.000000	0.494228	0.840387	5.429317
0.001	0.384	6.460495	0.000000	0.494228	0.840387	5.429317
0.002	0.384	6.460495	0.000000	0.494228	0.840387	5.429317
0.003	0.384	6.460495	0.000000	0.494228	0.840387	5.429317
0.004	0.384	6.460495	0.000000	0.494228	0.840387	5.429317
0.000	0.385	6.436346	0.000000	0.498279	0.839139	5.400987
0.001	0.385	6.436346	0.000000	0.498279	0.839139	5.400987
0.002	0.385	6.436346	0.000000	0.498279	0.839139	5.400987
0.003	0.385	6.436346	0.000000	0.498279	0.839139	5.400987
0.004	0.385	6.436346	0.000000	0.498279	0.839139	5.400987
0.000	0.386	6.412268	0.000000	0.502329	0.837891	5.372780
0.001	0.386	6.412268	0.000000	0.502329	0.837891	5.372780
0.002	0.386	6.412268	0.000000	0.502329	0.837891	5.372780
0.003	0.386	6.412268	0.000000	0.502329	0.837891	5.372780
0.004	0.386	6.412268	0.000000	0.502329	0.837891	5.372780
0.000	0.387	6.388261	0.000000	0.506380	0.836644	5.344699
0.001	0.387	6.388261	0.000000	0.506380	0.836644	5.344699
0.002	0.387	6.388261	0.000000	0.506380	0.836644	5.344699
0.003	0.387	6.388261	0.000000	0.506380	0.836644	5.344699
0.004	0.387	6.388261	0.000000	0.506380	0.836644	5.344699
0.000	0.388	6.364324	0.000000	0.510431	0.835398	5.316743
0.001	0.388	6.364324	0.000000	0.510431	0.835398	5.316743
0.002	0.388	6.364324	0.000000	0.510431	0.835398	5.316743
0.003	0.388	6.364324	0.000000	0.510431	0.835398	5.316743
0.004	0.388	6.364324	0.000000	0.510431	0.835398	5.316743
0.000	0.389	6.340458	0.000000	0.514482	0.834153	5.288911
0.001	0.389	6.340458	0.000000	0.514482	0.834153	5.288911
0.002	0.389	6.340458	0.000000	0.514482	0.834153	5.288911
0.003	0.389	6.340458	0.000000	0.514482	0.834153	5.288911
0.004	0.389	6.340458	0.000000	0.514482	0.834153	5.288911
0.000	0.390	6.316663	0.000000	0.518534	0.832909	5.261204
0.001	0.390	6.316663	0.000000	0.518534	0.832909	5.261204
0.002	0.390	6.316663	0.000000	0.518534	0.832909	5.261204
0.003	0.390	6.316663	0.000000	0.518534	0.832909	5.261204
0.004	0.390	6.316663	0.000000	0.518534	0.832909	5.261204
0.000	0.391	6.292938	0.000000	0.522585	0.831666	5.233619
0.001	0.391	6.292938	0.000000	0.522585	0.831666	5.233619
0.002	0.391	6.292938	0.000000	0.522585	0.831666	5.233619
0.003	0.391	6.292938	0.000000	0.522585	0.831666	5.233619
0.004	0.391	6.292938	0.000000	0.522585	0.831666	5.233619
0.000	0.392	6.269283	0.000000	0.526637	0.830423	5.206158
0.001	0.392	6.269283	0.000000	0.526637	0.830423	5.206158
0.002	0.392	6.269283	0.000000	0.526637	0.830423	5.206158
0.003	0.392	6.269283	0.000000	0.526637	0.830423	5.206158
0.004	0.392	6.269283	0.000000	0.526637	0.830423	5.206158
0.000	0.393	6.245700	0.000000	0.530688	0.829182	5.178823
0.001	0.393	6.245700	0.000000	0.530688	0.829182	5.178823
0.002	0.393	6.245700	0.000000	0.530688	0.829182	5.178823
0.003	0.393	6.245700	0.000000	0.530688	0.829182	5.178823
0.004	0.393	6.245700	0.000000	0.530688	0.829182	5.178823
0.000	0.394	6.222188	0.000000	0.534740	0.827942	5.151608
0.001	0.394	6.222188	0.000000	0.534740	0.827942	5.151608
0.002	0.394	6.222188	0.000000	0.534740	0.827942	5.151608
0.003	0.394	6.222188	0.000000	0.534740	0.827942	5.151608
0.004	0.394	6.222188	0.000000	0.534740	0.827942	5.151608
0.000	0.395	6.198748	0.000000	0.538791	0.826702	5.124518
0.001	0.395	6.198748	0.000000	0.538791	0.826702	5.124518
0.002	0.395	6.198748	0.000000	0.538791	0.826702	5.124518
0.003	0.395	6.198748	0.000000	0.538791	0.826702	5.124518
0.004	0.395	6.198748	0.000000	0.538791	0.826702	5.124518
0.000	0.396	6.175378	0.000000	0.542843	0.825464	5.097551
0.001	0.396	6.175378	0.000000	0.542843	0.825464	5.097551
0.002	0.396	6.175378	0.000000	0.542843	0.825464	5.097551
0.003	0.396	6.175378	0.000000	0.542843	0.825464	5.097551
0.004	0.396	6.175378	0.000000	0.542843	0.825464	5.097551
0.000	0.397	6.152079	0.000000	0.546894	0.824227	5.070706
0.001	0.397	6.152079	0.000000	0.546894	0.824227	5.070706
0.002	0.397	6.152079	0.000000	0.546894	0.824227	5.070706
0.003	0.397	6.152079	0.000000	0.546894	0.824227	5.070706
0.004	0.397	6.152079	0.000000	0.546894	0.824227	5.070706
0.000	0.398	6.128851	0.000000	0.550945	0.822990	5.043986
0.001	0.398	6.128851	0.000000	0.550945	0.822990	5.043986
0.002	0.398	6.128851	0.000000	0.550945	0.822990	5.043986
0.003	0.398	6.128851	0.000000	0.550945	0.822990	5.043986
0.004	0.398	6.128851	0.000000	0.550945	0.822990	5.043986
0.000	0.399	6.105695	0.000000	0.554995	0.821755	5.017386
0.001	0.399	6.105695	0.000000	0.554995	0.821755	5.017386
0.002	0.399	6.105695	0.000000	0.554995	0.821755	5.017386
0.003	0.399	6.105695	0.000000	0.554995	0.821755	5.017386
0.004	0.399	6.105695	0.000000	0.554995	0.821755	5.017386
0.000	0.400	6.082611	0.000000	0.559046	0.820521	4.990909
0.001	0.400	6.082611	0.000000	0.559046	0.820521	4.990909
0.002	0.400	6.082611	0.000000	0.559046	0.820521	4.990909
0.003	0.400	6.082611	0.000000	0.559046	0.820521	4.990909
0.004	0.400	6.082611	0.000000	0.559046	0.820521	4.990909
0.000	0.401	6.059597	0.000000	0.563096	0.819288	4.964553
0.001	0.401	6.059597	0.000000	0.563096	0.819288	4.964553
0.002	0.401	6.059597	0.000000	0.563096	0.819288	4.964553
0.003	0.401	6.059597	0.000000	0.563096	0.819288	4.964553
0.004	0.401	6.059597	0.000000	0.563096	0.819288	4.964553
0.000	0.402	6.036654	0.000000	0.567146	0.818056	4.938319
0.001	0.402	6.036654	0.000000	0.567146	0.818056	4.938319
0.002	0.402	6.036654	0.000000	0.567146	0.818056	4.938319
0.003	0.402	6.036654	0.000000	0.567146	0.818056	4.938319
0.004	0.402	6.036654	0.000000	0.567146	0.818056	4.938319
0.000	0.403	6.013784	0.000000	0.571195	0.816825	4.912207
0.001	0.403	6.013784	0.000000	0.571195	0.816825	4.912207
0.002	0.403	6.013784	0.000000	0.571195	0.816825	4.912207
0.003	0.403	6.013784	0.000000	0.571195	0.816825	4.912207
0.004	0.403	6.013784	0.000000	0.571195	0.816825	4.912207
0.000	0.404	5.990986	0.000000	0.575244	0.815595	4.886216
0.001	0.404	5.990986	0.000000	0.575244	0.815595	4.886216
0.002	0.404	5.990986	0.000000	0.575244	0.815595	4.886216
0.003	0.404	5.990986	0.000000	0.575244	0.815595	4.886216
0.004	0.404	5.990986	0.000000	0.575244	0.815595	4.886216
0.000	0.405	5.968259	0.000000	0.579293	0.814366	4.860347
0.001	0.405	5.968259	0.000000	0.579293	0.814366	4.860347
0.002	0.405	5.968259	0.000000	0.579293	0.814366	4.860347
0.003	0.405	5.968259	0.000000	0.579293	0.814366	4.860347
0.004	0.405	5.968259	0.000000	0.579293	0.814366	4.860347
0.000	0.406	5.945604	0.000000	0.583341	0.813138	4.834599
0.001	0.406	5.945604	0.000000	0.583341	0.813138	4.834599
0.002	0.406	5.945604	0.000000	0.583341	0.813138	4.834599
0.003	0.406	5.945604	0.000000	0.583341	0.813138	4.834599
0.004	0.406	5.945604	0.000000	0.583341	0.813138	4.834599
0.000	0.407	5.923022	0.000000	0.587388	0.811912	4.808971
0.001	0.407	5.923022	0.000000	0.587388	0.811912	4.808971
0.002	0.407	5.923022	0.000000	0.587388	0.811912	4.808971
0.003	0.407	5.923022	0.000000	0.587388	0.811912	4.808971
0.004	0.407	5.923022	0.000000	0.587388	0.811912	4.808971
0.000	0.408	5.900512	0.000000	0.591435	0.810686	4.783465
0.001	0.408	5.900512	0.000000	0.591435	0.810686	4.783465
0.002	0.408	5.900512	0.000000	0.591435	0.810686	4.783465
0.003	0.408	5.900512	0.000000	0.591435	0.810686	4.783465
0.004	0.408	5.900512	0.000000	0.591435	0.810686	4.783465
0.000	0.409	5.878073	0.000000	0.595481	0.809462	4.758079
0.001	0.409	5.878073	0.000000	0.595481	0.809462	4.758079
0.002	0.409	5.878073	0.000000	0.595481	0.809462	4.758079
0.003	0.409	5.878073	0.000000	0.595481	0.809462	4.758079
0.004	0.409	5.878073	0.000000	0.595481	0.809462	4.758079
0.000	0.410	5.855707	0.000000	0.599526	0.808239	4.732812
0.001	0.410	5.855707	0.000000	0.599526	0.808239	4.732812
0.002	0.410	5.855707	0.000000	0.599526	0.808239	4.732812
0.003	0.410	5.855707	0.000000	0.599526	0.808239	4.732812
0.004	0.410	5.855707	0.000000	0.599526	0.808239	4.732812
0.000	0.411	5.833414	0.000000	0.603571	0.807017	4.707667
0.001	0.411	5.833414	0.000000	0.603571	0.807017	4.707667
0.002	0.411	5.833414	0.000000	0.603571	0.807017	4.707667
0.003	0.411	5.833414	0.000000	0.603571	0.807017	4.707667
0.004	0.411	5.833414	0.000000	0.603571	0.807017	4.707667
0.000	0.412	5.811193	0.000000	0.607614	0.805797	4.682641
0.001	0.412	5.811193	0.000000	0.607614	0.805797	4.682641
0.002	0.412	5.811193	0.000000	0.607614	0.805797	4.682641
0.003	0.412	5.811193	0.000000	0.607614	0.805797	4.682641
0.004	0.412	5.811193	0.000000	0.607614	0.805797	4.682641
0.000	0.413	5.789044	0.000000	0.611657	0.804577	4.657734
0.001	0.413	5.789044	0.000000	0.611657	0.804577	4.657734
0.002	0.413	5.789044	0.000000	0.611657	0.804577	4.657734
0.003	0.413	5.789044	0.000000	0.611657	0.804577	4.657734
0.004	0.413	5.789044	0.000000	0.611657	0.804577	4.657734
0.000	0.414	5.766968	0.000000	0.615698	0.803359	4.632948
0.001	0.414	5.766968	0.000000	0.615698	0.803359	4.632948
0.002	0.414	5.766968	0.000000	0.615698	0.803359	4.632948
0.003	0.414	5.766968	0.000000	0.615698	0.803359	4.632948
0.004	0.414	5.766968	0.000000	0.615698	0.803359	4.632948
0.000	0.415	5.744966	0.000000	0.619739	0.802143	4.608283
0.001	0.415	5.744966	0.000000	0.619739	0.802143	4.608283
0.002	0.415	5.744966	0.000000	0.619739	0.802143	4.608283
0.003	0.415	5.744966	0.000000	0.619739	0.802143	4.608283
0.004	0.415	5.744966	0.000000	0.619739	0.802143	4.608283
0.000	0.416	5.723036	0.000000	0.623778	0.800927	4.583735
0.001	0.416	5.723036	0.000000	0.623778	0.800927	4.583735
0.002	0.416	5.723036	0.000000	0.623778	0.800927	4.583735
0.003	0.416	5.723036	0.000000	0.623778	0.800927	4.583735
0.004	0.416	5.723036	0.000000	0.623778	0.800927	4.583735
0.000	0.417	5.701179	0.000000	0.627817	0.799713	4.559309
0.001	0.417	5.701179	0.000000	0.627817	0.799713	4.559309
0.002	0.417	5.701179	0.000000	0.627817	0.799713	4.559309
0.003	0.417	5.701179	0.000000	0.627817	0.799713	4.559309
0.004	0.417	5.701179	0.000000	0.627817	0.799713	4.559309
0.000	0.418	5.679397	0.000000	0.631854	0.798500	4.535001
0.001	0.418	5.679397	0.000000	0.631854	0.798500	4.535001
0.002	0.418	5.679397	0.000000	0.631854	0.798500	4.535001
0.003	0.418	5.679397	0.000000	0.631854	0.798500	4.535001
0.004	0.418	5.679397	0.000000	0.631854	0.798500	4.535001
0.000	0.419	5.657688	0.000000	0.635889	0.797289	4.510812
0.001	0.419	5.657688	0.000000	0.635889	0.797289	4.510812
0.002	0.419	5.657688	0.000000	0.635889	0.797289	4.510812
0.003	0.419	5.657688	0.000000	0.635889	0.797289	4.510812
0.004	0.419	5.657688	0.000000	0.635889	0.797289	4.510812
0.000	0.420	5.636053	0.000000	0.639924	0.796079	4.486742
0.001	0.420	5.636053	0.000000	0.639924	0.796079	4.486742
0.002	0.420	5.636053	0.000000	0.639924	0.796079	4.486742
0.003	0.420	5.636053	0.000000	0.639924	0.796079	4.486742
0.004	0.420	5.636053	0.000000	0.639924	0.796079	4.486742
0.000	0.421	5.614491	0.000000	0.643957	0.794870	4.462792
0.001	0.421	5.614491	0.000000	0.643957	0.794870	4.462792
0.002	0.421	5.614491	0.000000	0.643957	0.794870	4.462792
0.003	0.421	5.614491	0.000000	0.643957	0.794870	4.462792
0.004	0.421	5.614491	0.000000	0.643957	0.794870	4.462792
0.000	0.422	5.593003	0.000000	0.647988	0.793663	4.438959
0.001	0.422	5.593003	0.000000	0.647988	0.793663	4.438959
0.002	0.422	5.593003	0.000000	0.647988	0.793663	4.438959
0.003	0.422	5.593003	0.000000	0.647988	0.793663	4.438959
0.004	0.422	5.593003	0.000000	0.647988	0.793663	4.438959
0.000	0.423	5.571589	0.000000	0.652018	0.792457	4.415246
0.001	0.423	5.571589	0.000000	0.652018	0.792457	4.415246
0.002	0.423	5.571589	0.000000	0.652018	0.792457	4.415246
0.003	0.423	5.571589	0.000000	0.652018	0.792457	4.415246
0.004	0.423	5.571589	0.000000	0.652018	0.792457	4.415246
0.000	0.424	5.550251	0.000000	0.656045	0.791253	4.391652
0.001	0.424	5.550251	0.000000	0.656045	0.791253	4.391652
0.002	0.424	5.550251	0.000000	0.656045	0.791253	4.391652
0.003	0.424	5.550251	0.000000	0.656045	0.791253	4.391652
0.004	0.424	5.550251	0.000000	0.656045	0.791253	4.391652
0.000	0.425	5.528987	0.000000	0.660072	0.790050	4.368177
0.001	0.425	5.528987	0.000000	0.660072	0.790050	4.368177
0.002	0.425	5.528987	0.000000	0.660072	0.790050	4.368177
0.003	0.425	5.528987	0.000000	0.660072	0.790050	4.368177
0.004	0.425	5.528987	0.000000	0.660072	0.790050	4.368177
0.000	0.426	5.507799	0.000000	0.664096	0.788849	4.344821
0.001	0.426	5.507799	0.000000	0.664096	0.788849	4.344821
0.002	0.426	5.507799	0.000000	0.664096	0.788849	4.344821
0.003	0.426	5.507799	0.000000	0.664096	0.788849	4.344821
0.004	0.426	5.507799	0.000000	0.664096	0.788849	4.344821
0.000	0.427	5.486686	0.000000	0.668118	0.787649	4.321583
0.001	0.427	5.486686	0.000000	0.668118	0.787649	4.321583
0.002	0.427	5.486686	0.000000	0.668118	0.787649	4.321583
0.003	0.427	5.486686	0.000000	0.668118	0.787649	4.321583
0.004	0.427	5.486686	0.000000	0.668118	0.787649	4.321583
0.000	0.428	5.465648	0.000000	0.672138	0.786451	4.298463
0.001	0.428	5.465648	0.000000	0.672138	0.786451	4.298463
0.002	0.428	5.465648	0.000000	0.672138	0.786451	4.298463
0.003	0.428	5.465648	0.000000	0.672138	0.786451	4.298463
0.004	0.428	5.465648	0.000000	0.672138	0.786451	4.298463
0.000	0.429	5.444686	0.000000	0.676156	0.785254	4.275464
0.001	0.429	5.444686	0.000000	0.676156	0.785254	4.275464
0.002	0.429	5.444686	0.000000	0.676156	0.785254	4.275464
0.003	0.429	5.444686	0.000000	0.676156	0.785254	4.275464
0.004	0.429	5.444686	0.000000	0.676156	0.785254	4.275464
0.000	0.430	5.423800	0.000000	0.680172	0.784060	4.252582
0.001	0.430	5.423800	0.000000	0.680172	0.784060	4.252582
0.002	0.430	5.423800	0.000000	0.680172	0.784060	4.252582
0.003	0.430	5.423800	0.000000	0.680172	0.784060	4.252582
0.004	0.430	5.423800	0.000000	0.680172	0.784060	4.252582
0.000	0.431	5.402991	0.000000	0.684185	0.782866	4.229820
0.001	0.431	5.402991	0.000000	0.684185	0.782866	4.229820
0.002	0.431	5.402991	0.000000	0.684185	0.782866	4.229820
0.003	0.431	5.402991	0.000000	0.684185	0.782866	4.229820
0.004	0.431	5.402991	0.000000	0.684185	0.782866	4.229820
0.000	0.432	5.382259	0.000000	0.688196	0.781675	4.207178
0.001	0.432	5.382259	0.000000	0.688196	0.781675	4.207178
0.002	0.432	5.382259	0.000000	0.688196	0.781675	4.207178
0.003	0.432	5.382259	0.000000	0.688196	0.781675	4.207178
0.004	0.432	5.382259	0.000000	0.688196	0.781675	4.207178
0.000	0.433	5.361605	0.000000	0.692204	0.780485	4.184654
0.001	0.433	5.361605	0.000000	0.692204	0.780485	4.184654
0.002	0.433	5.361605	0.000000	0.692204	0.780485	4.184654
0.003	0.433	5.361605	0.000000	0.692204	0.780485	4.184654
0.004	0.433	5.361605	0.000000	0.692204	0.780485	4.184654
0.000	0.434	5.341029	0.000000	0.696209	0.779297	4.162250
0.001	0.434	5.341029	0.000000	0.696209	0.779297	4.162250
0.002	0.434	5.341029	0.000000	0.696209	0.779297	4.162250
0.003	0.434	5.341029	0.000000	0.696209	0.779297	4.162250
0.004	0.434	5.341029	0.000000	0.696209	0.779297	4.162250
0.000	0.435	5.320530	0.000000	0.700211	0.778111	4.139964
0.001	0.435	5.320530	0.000000	0.700211	0.778111	4.139964
0.002	0.435	5.320530	0.000000	0.700211	0.778111	4.139964
0.003	0.435	5.320530	0.000000	0.700211	0.778111	4.139964
0.004	0.435	5.320530	0.000000	0.700211	0.778111	4.139964
0.000	0.436	5.300110	0.000000	0.704210	0.776927	4.117797
0.001	0.436	5.300110	0.000000	0.704210	0.776927	4.117797
0.002	0.436	5.300110	0.000000	0.704210	0.776927	4.117797
0.003	0.436	5.300110	0.000000	0.704210	0.776927	4.117797
0.004	0.436	5.300110	0.000000	0.704210	0.776927	4.117797
0.000	0.437	5.279769	0.000000	0.708206	0.775744	4.095750
0.001	0.437	5.279769	0.000000	0.708206	0.775744	4.095750
0.002	0.437	5.279769	0.000000	0.708206	0.775744	4.095750
0.003	0.437	5.279769	0.000000	0.708206	0.775744	4.095750
0.004	0.437	5.279769	0.000000	0.708206	0.775744	4.095750
0.000	0.438	5.259507	0.000000	0.712198	0.774564	4.073824
0.001	0.438	5.259507	0.000000	0.712198	0.774564	4.073824
0.002	0.438	5.259507	0.000000	0.712198	0.774564	4.073824
0.003	0.438	5.259507	0.000000	0.712198	0.774564	4.073824
0.004	0.438	5.259507	0.000000	0.712198	0.774564	4.073824
0.000	0.439	5.239325	0.000000	0.716187	0.773386	4.052019
0.001	0.439	5.239325	0.000000	0.716187	0.773386	4.052019
0.002	0.439	5.239325	0.000000	0.716187	0.773386	4.052019
0.003	0.439	5.239325	0.000000	0.716187	0.773386	4.052019
0.004	0.439	5.239325	0.000000	0.716187	0.773386	4.052019
0.000	0.440	5.219224	0.000000	0.720173	0.772209	4.030333
0.001	0.440	5.219224	0.000000	0.720173	0.772209	4.030333
0.002	0.440	5.219224	0.000000	0.720173	0.772209	4.030333
0.003	0.440	5.219224	0.000000	0.720173	0.772209	4.030333
0.004	0.440	5.219224	0.000000	0.720173	0.772209	4.030333
0.000	0.441	5.199205	0.000000	0.724154	0.771035	4.008768
0.001	0.441	5.199205	0.000000	0.724154	0.771035	4.008768
0.002	0.441	5.199205	0.000000	0.724154	0.771035	4.008768
0.003	0.441	5.199205	0.000000	0.724154	0.771035	4.008768
0.004	0.441	5.199205	0.000000	0.724154	0.771035	4.008768
0.000	0.442	5.179267	0.000000	0.728131	0.769863	3.987324
0.001	0.442	5.179267	0.000000	0.728131	0.769863	3.987324
0.002	0.442	5.179267	0.000000	0.728131	0.769863	3.987324
0.003	0.442	5.179267	0.000000	0.728131	0.769863	3.987324
0.004	0.442	5.179267	0.000000	0.728131	0.769863	3.987324
0.000	0.443	5.159412	0.000000	0.732104	0.768693	3.966002
0.001	0.443	5.159412	0.000000	0.732104	0.768693	3.966002
0.002	0.443	5.159412	0.000000	0.732104	0.768693	3.966002
0.003	0.443	5.159412	0.000000	0.732104	0.768693	3.966002
0.004	0.443	5.159412	0.000000	0.732104	0.768693	3.966002
0.000	0.444	5.139639	0.000000	0.736072	0.767525	3.944802
0.001	0.444	5.139639	0.000000	0.736072	0.767525	3.944802
0.002	0.444	5.139639	0.000000	0.736072	0.767525	3.944802
0.003	0.444	5.139639	0.000000	0.736072	0.767525	3.944802
0.004	0.444	5.139639	0.000000	0.736072	0.767525	3.944802
0.000	0.445	5.119952	0.000000	0.740036	0.766360	3.923724
0.001	0.445	5.119952	0.000000	0.740036	0.766360	3.923724
0.002	0.445	5.119952	0.000000	0.740036	0.766360	3.923724
0.003	0.445	5.119952	0.000000	0.740036	0.766360	3.923724
0.004	0.445	5.119952	0.000000	0.740036	0.766360	3.923724
0.000	0.446	5.100348	0.000000	0.743994	0.765197	3.902769
0.001	0.446	5.100348	0.000000	0.743994	0.765197	3.902769
0.002	0.446	5.100348	0.000000	0.743994	0.765197	3.902769
0.003	0.446	5.100348	0.000000	0.743994	0.765197	3.902769
0.004	0.446	5.100348	0.000000	0.743994	0.765197	3.902769
0.000	0.447	5.080831	0.000000	0.747948	0.764036	3.881937
0.001	0.447	5.080831	0.000000	0.747948	0.764036	3.881937
0.002	0.447	5.080831	0.000000	0.747948	0.764036	3.881937
0.003	0.447	5.080831	0.000000	0.747948	0.764036	3.881937
0.004	0.447	5.080831	0.000000	0.747948	0.764036	3.881937
0.000	0.448	5.061399	0.000000	0.751896	0.762878	3.861229
0.001	0.448	5.061399	0.000000	0.751896	0.762878	3.861229
0.002	0.448	5.061399	0.000000	0.751896	0.762878	3.861229
0.003	0.448	5.061399	0.000000	0.751896	0.762878	3.861229
0.004	0.448	5.061399	0.000000	0.751896	0.762878	3.861229
0.000	0.449	5.042055	0.000000	0.755838	0.761722	3.840646
0.001	0.449	5.042055	0.000000	0.755838	0.761722	3.840646
0.002	0.449	5.042055	0.000000	0.755838	0.761722	3.840646
0.003	0.449	5.042055	0.000000	0.755838	0.761722	3.840646
0.004	0.449	5.042055	0.000000	0.755838	0.761722	3.840646
0.000	0.450	5.022798	0.000000	0.759775	0.760570	3.820188
0.001	0.450	5.022798	0.000000	0.759775	0.760570	3.820188
0.002	0.450	5.022798	0.000000	0.759775	0.760570	3.820188
0.003	0.450	5.022798	0.000000	0.759775	0.760570	3.820188
0.004	0.450	5.022798	0.000000	0.759775	0.760570	3.820188
0.000	0.451	5.003630	0.000000	0.763705	0.759420	3.799856
0.001	0.451	5.003630	0.000000	0.763705	0.759420	3.799856
0.002	0.451	5.003630	0.000000	0.763705	0.759420	3.799856
0.003	0.451	5.003630	0.000000	0.763705	0.759420	3.799856
0.004	0.451	5.003630	0.000000	0.763705	0.759420	3.799856
0.000	0.452	4.984553	0.000000	0.767628	0.758273	3.779650
0.001	0.452	4.984553	0.000000	0.767628	0.758273	3.779650
0.002	0.452	4.984553	0.000000	0.767628	0.758273	3.779650
0.003	0.452	4.984553	0.000000	0.767628	0.758273	3.779650
0.004	0.452	4.984553	0.000000	0.767628	0.758273	3.779650
0.000	0.453	4.965568	0.000000	0.771545	0.757129	3.759573
0.001	0.453	4.965568	0.000000	0.771545	0.757129	3.759573
0.002	0.453	4.965568	0.000000	0.771545	0.757129	3.759573
0.003	0.453	4.965568	0.000000	0.771545	0.757129	3.759573
0.004	0.453	4.965568	0.000000	0.771545	0.757129	3.759573
0.000	0.454	4.946676	0.000000	0.775455	0.755987	3.739625
0.001	0.454	4.946676	0.000000	0.775455	0.755987	3.739625
0.002	0.454	4.946676	0.000000	0.775455	0.755987	3.739625
0.003	0.454	4.946676	0.000000	0.775455	0.755987	3.739625
0.004	0.454	4.946676	0.000000	0.775455	0.755987	3.739625
0.000	0.455	4.927878	0.000000	0.779356	0.754849	3.719805
0.001	0.455	4.927878	0.000000	0.779356	0.754849	3.719805
0.002	0.455	4.927878	0.000000	0.779356	0.754849	3.719805
0.003	0.455	4.927878	0.000000	0.779356	0.754849	3.719805
0.004	0.455	4.927878	0.000000	0.779356	0.754849	3.719805
0.000	0.456	4.909176	0.000000	0.783250	0.753715	3.700117
0.001	0.456	4.909176	0.000000	0.783250	0.753715	3.700117
0.002	0.456	4.909176	0.000000	0.783250	0.753715	3.700117
0.003	0.456	4.909176	0.000000	0.783250	0.753715	3.700117
0.004	0.456	4.909176	0.000000	0.783250	0.753715	3.700117
0.000	0.457	4.890571	0.000000	0.787135	0.752583	3.680560
0.001	0.457	4.890571	0.000000	0.787135	0.752583	3.680560
0.002	0.457	4.890571	0.000000	0.787135	0.752583	3.680560
0.003	0.457	4.890571	0.000000	0.787135	0.752583	3.680560
0.004	0.457	4.890571	0.000000	0.787135	0.752583	3.680560
0.000	0.458	4.872064	0.000000	0.791012	0.751455	3.661136
0.001	0.458	4.872064	0.000000	0.791012	0.751455	3.661136
0.002	0.458	4.872064	0.000000	0.791012	0.751455	3.661136
0.003	0.458	4.872064	0.000000	0.791012	0.751455	3.661136
0.004	0.458	4.872064	0.000000	0.791012	0.751455	3.661136
0.000	0.459	4.853657	0.000000	0.794879	0.750331	3.641847
0.001	0.459	4.853657	0.000000	0.794879	0.750331	3.641847
0.002	0.459	4.853657	0.000000	0.794879	0.750331	3.641847
0.003	0.459	4.853657	0.000000	0.794879	0.750331	3.641847
0.004	0.459	4.853657	0.000000	0.794879	0.750331	3.641847
0.000	0.460	4.835353	0.000000	0.798736	0.749210	3.622694
0.001	0.460	4.835353	0.000000	0.798736	0.749210	3.622694
0.002	0.460	4.835353	0.000000	0.798736	0.749210	3.622694
0.003	0.460	4.835353	0.000000	0.798736	0.749210	3.622694
0.004	0.460	4.835353	0.000000	0.798736	0.749210	3.622694
0.000	0.461	4.817152	0.000000	0.802583	0.748093	3.603678
0.001	0.461	4.817152	0.000000	0.802583	0.748093	3.603678
0.002	0.461	4.817152	0.000000	0.802583	0.748093	3.603678
0.003	0.461	4.817152	0.000000	0.802583	0.748093	3.603678
0.004	0.461	4.817152	0.000000	0.802583	0.748093	3.603678
0.000	0.462	4.799057	0.000000	0.806419	0.746980	3.584801
0.001	0.462	4.799057	0.000000	0.806419	0.746980	3.584801
0.002	0.462	4.799057	0.000000	0.806419	0.746980	3.584801
0.003	0.462	4.799057	0.000000	0.806419	0.746980	3.584801
0.004	0.462	4.799057	0.000000	0.806419	0.746980	3.584801
0.000	0.463	4.781070	0.000000	0.810244	0.745872	3.566065
0.001	0.463	4.781070	0.000000	0.810244	0.745872	3.566065
0.002	0.463	4.781070	0.000000	0.810244	0.745872	3.566065
0.003	0.463	4.781070	0.000000	0.810244	0.745872	3.566065
0.004	0.463	4.781070	0.000000	0.810244	0.745872	3.566065
0.000	0.464	4.763192	0.000000	0.814057	0.744767	3.547471
0.001	0.464	4.763192	0.000000	0.814057	0.744767	3.547471
0.002	0.464	4.763192	0.000000	0.814057	0.744767	3.547471
0.003	0.464	4.763192	0.000000	0.814057	0.744767	3.547471
0.004	0.464	4.763192	0.000000	0.814057	0.744767	3.547471
0.000	0.465	4.745426	0.000000	0.817857	0.743668	3.529022
0.001	0.465	4.745426	0.000000	0.817857	0.743668	3.529022
0.002	0.465	4.745426	0.000000	0.817857	0.743668	3.529022
0.003	0.465	4.745426	0.000000	0.817857	0.743668	3.529022
0.004	0.465	4.745426	0.000000	0.817857	0.743668	3.529022
0.000	0.466	4.727776	0.000000	0.821644	0.742573	3.510718
0.001	0.466	4.727776	0.000000	0.821644	0.742573	3.510718
0.002	0.466	4.727776	0.000000	0.821644	0.742573	3.510718
0.003	0.466	4.727776	0.000000	0.821644	0.742573	3.510718
0.004	0.466	4.727776	0.000000	0.821644	0.742573	3.510718
0.000	0.467	4.710243	0.000000	0.825417	0.741483	3.492564
0.001	0.467	4.710243	0.000000	0.825417	0.741483	3.492564
0.002	0.467	4.710243	0.000000	0.825417	0.741483	3.492564
0.003	0.467	4.710243	0.000000	0.825417	0.741483	3.492564
0.004	0.467	4.710243	0.000000	0.825417	0.741483	3.492564
0.000	0.468	4.692831	0.000000	0.829175	0.740398	3.474561
0.001	0.468	4.692831	0.000000	0.829175	0.740398	3.474561
0.002	0.468	4.692831	0.000000	0.829175	0.740398	3.474561
0.003	0.468	4.692831	0.000000	0.829175	0.740398	3.474561
0.004	0.468	4.692831	0.000000	0.829175	0.740398	3.474561
0.000	0.469	4.675541	0.000000	0.832917	0.739318	3.456712
0.001	0.469	4.675541	0.000000	0.832917	0.739318	3.456712
0.002	0.469	4.675541	0.000000	0.832917	0.739318	3.456712
0.003	0.469	4.675541	0.000000	0.832917	0.739318	3.456712
0.004	0.469	4.675541	0.000000	0.832917	0.739318	3.456712
0.000	0.470	4.658377	0.000000	0.836644	0.738244	3.439019
0.001	0.470	4.658377	0.000000	0.836644	0.738244	3.439019
0.002	0.470	4.658377	0.000000	0.836644	0.738244	3.439019
0.003	0.470	4.658377	0.000000	0.836644	0.738244	3.439019
0.004	0.470	4.658377	0.000000	0.836644	0.738244	3.439019
0.000	0.471	4.641343	0.000000	0.840352	0.737176	3.421486
0.001	0.471	4.641343	0.000000	0.840352	0.737176	3.421486
0.002	0.471	4.641343	0.000000	0.840352	0.737176	3.421486
0.003	0.471	4.641343	0.000000	0.840352	0.737176	3.421486
0.004	0.471	4.641343	0.000000	0.840352	0.737176	3.421486
0.000	0.472	4.624443	0.000000	0.844043	0.736114	3.404115
0.001	0.472	4.624443	0.000000	0.844043	0.736114	3.404115
0.002	0.472	4.624443	0.000000	0.844043	0.736114	3.404115
0.003	0.472	4.624443	0.000000	0.844043	0.736114	3.404115
0.004	0.472	4.624443	0.000000	0.844043	0.736114	3.404115
0.000	0.473	4.607678	0.000000	0.847714	0.735058	3.386909
0.001	0.473	4.607678	0.000000	0.847714	0.735058	3.386909
0.002	0.473	4.607678	0.000000	0.847714	0.735058	3.386909
0.003	0.473	4.607678	0.000000	0.847714	0.735058	3.386909
0.004	0.473	4.607678	0.000000	0.847714	0.735058	3.386909
0.000	0.474	4.591054	0.000000	0.851366	0.734008	3.369872
0.001	0.474	4.591054	0.000000	0.851366	0.734008	3.369872
0.002	0.474	4.591054	0.000000	0.851366	0.734008	3.369872
0.003	0.474	4.591054	0.000000	0.851366	0.734008	3.369872
0.004	0.474	4.591054	0.000000	0.851366	0.734008	3.369872
0.000	0.475	4.574575	0.000000	0.854996	0.732966	3.353009
0.001	0.475	4.574575	0.000000	0.854996	0.732966	3.353009
0.002	0.475	4.574575	0.000000	0.854996	0.732966	3.353009
0.003	0.475	4.574575	0.000000	0.854996	0.732966	3.353009
0.004	0.475	4.574575	0.000000	0.854996	0.732966	3.353009
0.000	0.476	4.558245	0.000000	0.858603	0.731931	3.336321
0.001	0.476	4.558245	0.000000	0.858603	0.731931	3.336321
0.002	0.476	4.558245	0.000000	0.858603	0.731931	3.336321
0.003	0.476	4.558245	0.000000	0.858603	0.731931	3.336321
0.004	0.476	4.558245	0.000000	0.858603	0.731931	3.336321
0.000	0.477	4.542068	0.000000	0.862187	0.730904	3.319814
0.001	0.477	4.542068	0.000000	0.862187	0.730904	3.319814
0.002	0.477	4.542068	0.000000	0.862187	0.730904	3.319814
0.003	0.477	4.542068	0.000000	0.862187	0.730904	3.319814
0.004	0.477	4.542068	0.000000	0.862187	0.730904	3.319814
0.000	0.478	4.526049	0.000000	0.865745	0.729884	3.303492
0.001	0.478	4.526049	0.000000	0.865745	0.729884	3.303492
0.002	0.478	4.526049	0.000000	0.865745	0.729884	3.303492
0.003	0.478	4.526049	0.000000	0.865745	0.729884	3.303492
0.004	0.478	4.526049	0.000000	0.865745	0.729884	3.303492
0.000	0.479	4.510194	0.000000	0.869278	0.728873	3.287360
0.001	0.479	4.510194	0.000000	0.869278	0.728873	3.287360
0.002	0.479	4.510194	0.000000	0.869278	0.728873	3.287360
0.003	0.479	4.510194	0.000000	0.869278	0.728873	3.287360
0.004	0.479	4.510194	0.000000	0.869278	0.728873	3.287360
0.000	0.480	4.494508	0.000000	0.872782	0.727871	3.271421
0.001	0.480	4.494508	0.000000	0.872782	0.727871	3.271421
0.002	0.480	4.494508	0.000000	0.872782	0.727871	3.271421
0.003	0.480	4.494508	0.000000	0.872782	0.727871	3.271421
0.004	0.480	4.494508	0.000000	0.872782	0.727871	3.271421
0.000	0.481	4.478998	0.000000	0.876256	0.726878	3.255683
0.001	0.481	4.478998	0.000000	0.876256	0.726878	3.255683
0.002	0.481	4.478998	0.000000	0.876256	0.726878	3.255683
0.003	0.481	4.478998	0.000000	0.876256	0.726878	3.255683
0.004	0.481	4.478998	0.000000	0.876256	0.726878	3.255683
0.000	0.482	4.463667	0.000000	0.879700	0.725894	3.240149
0.001	0.482	4.463667	0.000000	0.879700	0.725894	3.240149
0.002	0.482	4.463667	0.000000	0.879700	0.725894	3.240149
0.003	0.482	4.463667	0.000000	0.879700	0.725894	3.240149
0.004	0.482	4.463667	0.000000	0.879700	0.725894	3.240149
0.000	0.483	4.448524	0.000000	0.883111	0.724920	3.224826
0.001	0.483	4.448524	0.000000	0.883111	0.724920	3.224826
0.002	0.483	4.448524	0.000000	0.883111	0.724920	3.224826
0.003	0.483	4.448524	0.000000	0.883111	0.724920	3.224826
0.004	0.483	4.448524	0.000000	0.883111	0.724920	3.224826
0.000	0.484	4.433575	0.000000	0.886488	0.723958	3.209720
0.001	0.484	4.433575	0.000000	0.886488	0.723958	3.209720
0.002	0.484	4.433575	0.000000	0.886488	0.723958	3.209720
0.003	0.484	4.433575	0.000000	0.886488	0.723958	3.209720
0.004	0.484	4.433575	0.000000	0.886488	0.723958	3.209720
0.000	0.485	4.418826	0.000000	0.889828	0.723006	3.194836
0.001	0.485	4.418826	0.000000	0.889828	0.723006	3.194836
0.002	0.485	4.418826	0.000000	0.889828	0.723006	3.194836
0.003	0.485	4.418826	0.000000	0.889828	0.723006	3.194836
0.004	0.485	4.418826	0.000000	0.889828	0.723006	3.194836
0.000	0.486	4.404284	0.000000	0.893129	0.722066	3.180182
0.001	0.486	4.404284	0.000000	0.893129	0.722066	3.180182
0.002	0.486	4.404284	0.000000	0.893129	0.722066	3.180182
0.003	0.486	4.404284	0.000000	0.893129	0.722066	3.180182
0.004	0.486	4.404284	0.000000	0.893129	0.722066	3.180182
0.000	0.487	4.389958	0.000000	0.896390	0.721138	3.165763
0.001	0.487	4.389958	0.000000	0.896390	0.721138	3.165763
0.002	0.487	4.389958	0.000000	0.896390	0.721138	3.165763
0.003	0.487	4.389958	0.000000	0.896390	0.721138	3.165763
0.004	0.487	4.389958	0.000000	0.896390	0.721138	3.165763
0.000	0.488	4.375855	0.000000	0.899609	0.720222	3.151588
0.001	0.488	4.375855	0.000000	0.899609	0.720222	3.151588
0.002	0.488	4.375855	0.000000	0.899609	0.720222	3.151588
0.003	0.488	4.375855	0.000000	0.899609	0.720222	3.151588
0.004	0.488	4.375855	0.000000	0.899609	0.720222	3.151588
0.000	0.489	4.361983	0.000000	0.902783	0.719321	3.137664
0.001	0.489	4.361983	0.000000	0.902783	0.719321	3.137664
0.002	0.489	4.361983	0.000000	0.902783	0.719321	3.137664
0.003	0.489	4.361983	0.000000	0.902783	0.719321	3.137664
0.004	0.489	4.361983	0.000000	0.902783	0.719321	3.137664
0.000	0.490	4.348351	0.000000	0.905910	0.718433	3.123998
0.001	0.490	4.348351	0.000000	0.905910	0.718433	3.123998
0.002	0.490	4.348351	0.000000	0.905910	0.718433	3.123998
0.003	0.490	4.348351	0.000000	0.905910	0.718433	3.123998
0.004	0.490	4.348351	0.000000	0.905910	0.718433	3.123998
0.000	0.491	4.334967	0.000000	0.908987	0.717560	3.110598
0.001	0.491	4.334967	0.000000	0.908987	0.717560	3.110598
0.002	0.491	4.334967	0.000000	0.908987	0.717560	3.110598
0.003	0.491	4.334967	0.000000	0.908987	0.717560	3.110598
0.004	0.491	4.334967	0.000000	0.908987	0.717560	3.110598
0.000	0.492	4.321840	0.000000	0.912012	0.716702	3.097472
0.001	0.492	4.321840	0.000000	0.912012	0.716702	3.097472
0.002	0.492	4.321840	0.000000	0.912012	0.716702	3.097472
0.003	0.492	4.321840	0.000000	0.912012	0.716702	3.097472
0.004	0.492	4.321840	0.000000	0.912012	0.716702	3.097472
0.000	0.493	4.308981	0.000000	0.914983	0.715861	3.084630
0.001	0.493	4.308981	0.000000	0.914983	0.715861	3.084630
0.002	0.493	4.308981	0.000000	0.914983	0.715861	3.084630
0.003	0.493	4.308981	0.000000	0.914983	0.715861	3.084630
0.004	0.493	4.308981	0.000000	0.914983	0.715861	3.084630
0.000	0.494	4.296399	0.000000	0.917897	0.715036	3.072079
0.001	0.494	4.296399	0.000000	0.917897	0.715036	3.072079
0.002	0.494	4.296399	0.000000	0.917897	0.715036	3.072079
0.003	0.494	4.296399	0.000000	0.917897	0.715036	3.072079
0.004	0.494	4.296399	0.000000	0.917897	0.715036	3.072079
0.000	0.495	4.284102	0.000000	0.920751	0.714228	3.059827
0.001	0.495	4.284102	0.000000	0.920751	0.714228	3.059827
0.002	0.495	4.284102	0.000000	0.920751	0.714228	3.059827
0.003	0.495	4.284102	0.000000	0.920751	0.714228	3.059827
0.004	0.495	4.284102	0.000000	0.920751	0.714228	3.059827
0.000	0.496	4.272101	0.000000	0.923543	0.713439	3.047885
0.001	0.496	4.272101	0.000000	0.923543	0.713439	3.047885
0.002	0.496	4.272101	0.000000	0.923543	0.713439	3.047885
0.003	0.496	4.272101	0.000000	0.923543	0.713439	3.047885
0.004	0.496	4.272101	0.000000	0.923543	0.713439	3.047885
0.000	0.497	4.260406	0.000000	0.926269	0.712669	3.036259
0.001	0.497	4.260406	0.000000	0.926269	0.712669	3.036259
0.002	0.497	4.260406	0.000000	0.926269	0.712669	3.036259
0.003	0.497	4.260406	0.000000	0.926269	0.712669	3.036259
0.004	0.497	4.260406	0.000000	0.926269	0.712669	3.036259
0.000	0.498	4.249025	0.000000	0.928927	0.711919	3.024960
0.001	0.498	4.249025	0.000000	0.928927	0.711919	3.024960
0.002	0.498	4.249025	0.000000	0.928927	0.711919	3.024960
0.003	0.498	4.249025	0.000000	0.928927	0.711919	3.024960
0.004	0.498	4.249025	0.000000	0.928927	0.711919	3.024960
0.000	0.499	4.237969	0.000000	0.931515	0.711189	3.013997
0.001	0.499	4.237969	0.000000	0.931515	0.711189	3.013997
0.002	0.499	4.237969	0.000000	0.931515	0.711189	3.013997
0.003	0.499	4.237969	0.000000	0.931515	0.711189	3.013997
0.004	0.499	4.237969	0.000000	0.931515	0.711189	3.013997
0.000	0.500	4.227249	0.000000	0.934030	0.710480	3.003377
0.001	0.500	4.227249	0.000000	0.934030	0.710480	3.003377
0.002	0.500	4.227249	0.000000	0.934030	0.710480	3.003377
0.003	0.500	4.227249	0.000000	0.934030	0.710480	3.003377
0.004	0.500	4.227249	0.000000	0.934030	0.710480	3.003377
0.000	0.501	4.216873	0.000000	0.936469	0.709793	2.993109
0.001	0.501	4.216873	0.000000	0.936469	0.709793	2.993109
0.002	0.501	4.216873	0.000000	0.936469	0.709793	2.993109
0.003	0.501	4.216873	0.000000	0.936469	0.709793	2.993109
0.004	0.501	4.216873	0.000000	0.936469	0.709793	2.993109
0.000	0.502	4.206849	0.000000	0.938828	0.709129	2.983200
0.001	0.502	4.206849	0.000000	0.938828	0.709129	2.983200
0.002	0.502	4.206849	0.000000	0.938828	0.709129	2.983200
0.003	0.502	4.206849	0.000000	0.938828	0.709129	2.983200
0.004	0.502	4.206849	0.000000	0.938828	0.709129	2.983200
0.000	0.502	4.197185	0.000000	0.941107	0.708489	2.973658
0.001	0.502	4.197185	0.000000	0.941107	0.708489	2.973658
0.002	0.502	4.197185	0.000000	0.941107	0.708489	2.973658
0.003	0.502	4.197185	0.000000	0.941107	0.708489	2.973658
0.004	0.502	4.197185	0.000000	0.941107	0.708489	2.973658
0.000	0.504	4.187890	0.000000	0.943303	0.707872	2.964490
0.001	0.504	4.187890	0.000000	0.943303	0.707872	2.964490
0.002	0.504	4.187890	0.000000	0.943303	0.707872	2.964490
0.003	0.504	4.187890	0.000000	0.943303	0.707872	2.964490
0.004	0.504	4.187890	0.000000	0.943303	0.707872	2.964490
0.000	0.505	4.178972	0.000000	0.945413	0.707280	2.955703
0.001	0.505	4.178972	0.000000	0.945413	0.707280	2.955703
0.002	0.505	4.178972	0.000000	0.945413	0.707280	2.955703
0.003	0.505	4.178972	0.000000	0.945413	0.707280	2.955703
0.004	0.505	4.178972	0.000000	0.945413	0.707280	2.955703
0.000	0.506	4.170436	0.000000	0.947435	0.706713	2.947301
0.001	0.506	4.170436	0.000000	0.947435	0.706713	2.947301
0.002	0.506	4.170436	0.000000	0.947435	0.706713	2.947301
0.003	0.506	4.170436	0.000000	0.947435	0.706713	2.947301
0.004	0.506	4.170436	0.000000	0.947435	0.706713	2.947301
0.000	0.507	4.162289	0.000000	0.949369	0.706171	2.939289
0.001	0.507	4.162289	0.000000	0.949369	0.706171	2.939289
0.002	0.507	4.162289	0.000000	0.949369	0.706171	2.939289
0.003	0.507	4.162289	0.000000	0.949369	0.706171	2.939289
0.004	0.507	4.162289	0.000000	0.949369	0.706171	2.939289
0.000	0.508	4.154532	0.000000	0.951211	0.705656	2.931669
0.001	0.508	4.154532	0.000000	0.951211	0.705656	2.931669
0.002	0.508	4.154532	0.000000	0.951211	0.705656	2.931669
0.003	0.508	4.154532	0.000000	0.951211	0.705656	2.931669
0.004	0.508	4.154532	0.000000	0.951211	0.705656	2.931669
0.000	0.509	4.147170	0.000000	0.952963	0.705166	2.924444
0.001	0.509	4.147170	0.000000	0.952963	0.705166	2.924444
0.002	0.509	4.147170	0.000000	0.952963	0.705166	2.924444
0.003	0.509	4.147170	0.000000	0.952963	0.705166	2.924444
0.004	0.509	4.147170	0.000000	0.952963	0.705166	2.924444
0.000	0.510	4.140204	0.000000	0.954621	0.704703	2.917616
0.001	0.510	4.140204	0.000000	0.954621	0.704703	2.917616
0.002	0.510	4.140204	0.000000	0.954621	0.704703	2.917616
0.003	0.510	4.140204	0.000000	0.954621	0.704703	2.917616
0.004	0.510	4.140204	0.000000	0.954621	0.704703	2.917616
0.000	0.511	4.133636	0.000000	0.956187	0.704267	2.911182
0.001	0.511	4.133636	0.000000	0.956187	0.704267	2.911182
0.002	0.511	4.133636	0.000000	0.956187	0.704267	2.911182
0.003	0.511	4.133636	0.000000	0.956187	0.704267	2.911182
0.004	0.511	4.133636	0.000000	0.956187	0.704267	2.911182
0.000	0.512	4.127463	0.000000	0.957660	0.703856	2.905141
0.001	0.512	4.127463	0.000000	0.957660	0.703856	2.905141
0.002	0.512	4.127463	0.000000	0.957660	0.703856	2.905141
0.003	0.512	4.127463	0.000000	0.957660	0.703856	2.905141
0.004	0.512	4.127463	0.000000	0.957660	0.703856	2.905141
0.000	0.513	4.121680	0.000000	0.959040	0.703473	2.899490
0.001	0.513	4.121680	0.000000	0.959040	0.703473	2.899490
0.002	0.513	4.121680	0.000000	0.959040	0.703473	2.899490
0.003	0.513	4.121680	0.000000	0.959040	0.703473	2.899490
0.004	0.513	4.121680	0.000000	0.959040	0.703473	2.899490
0.000	0.514	4.116284	0.000000	0.960329	0.703115	2.894222
0.001	0.514	4.116284	0.000000	0.960329	0.703115	2.894222
0.002	0.514	4.116284	0.000000	0.960329	0.703115	2.894222
0.003	0.514	4.116284	0.000000	0.960329	0.703115	2.894222
0.004	0.514	4.116284	0.000000	0.960329	0.703115	2.894222
0.000	0.515	4.111269	0.000000	0.961527	0.702783	2.889331
0.001	0.515	4.111269	0.000000	0.961527	0.702783	2.889331
0.002	0.515	4.111269	0.000000	0.961527	0.702783	2.889331
0.003	0.515	4.111269	0.000000	0.961527	0.702783	2.889331
0.004	0.515	4.111269	0.000000	0.961527	0.702783	2.889331
0.000	0.516	4.106626	0.000000	0.962637	0.702476	2.884808
0.001	0.516	4.106626	0.000000	0.962637	0.702476	2.884808
0.002	0.516	4.106626	0.000000	0.962637	0.702476	2.884808
0.003	0.516	4.106626	0.000000	0.962637	0.702476	2.884808
0.004	0.516	4.106626	0.000000	0.962637	0.702476	2.884808
0.000	0.516	4.102345	0.000000	0.963660	0.702194	2.880644
0.001	0.516	4.102345	0.000000	0.963660	0.702194	2.880644
0.002	0.516	4.102345	0.000000	0.963660	0.702194	2.880644
0.003	0.516	4.102345	0.000000	0.963660	0.702194	2.880644
0.004	0.516	4.102345	0.000000	0.963660	0.702194	2.880644
0.000	0.518	4.098414	0.000000	0.964599	0.701936	2.876825
0.001	0.518	4.098414	0.000000	0.964599	0.701936	2.876825
0.002	0.518	4.098414	0.000000	0.964599	0.701936	2.876825
0.003	0.518	4.098414	0.000000	0.964599	0.701936	2.876825
0.004	0.518	4.098414	0.000000	0.964599	0.701936	2.876825
0.000	0.519	4.094822	0.000000	0.965457	0.701701	2.873341
0.001	0.519	4.094822	0.000000	0.965457	0.701701	2.873341
0.002	0.519	4.094822	0.000000	0.965457	0.701701	2.873341
0.003	0.519	4.094822	0.000000	0.965457	0.701701	2.873341
0.004	0.519	4.094822	0.000000	0.965457	0.701701	2.873341
0.000	0.520	4.091554	0.000000	0.966238	0.701488	2.870176
0.001	0.520	4.091554	0.000000	0.966238	0.701488	2.870176
0.002	0.520	4.091554	0.000000	0.966238	0.701488	2.870176
0.003	0.520	4.091554	0.000000	0.966238	0.701488	2.870176
0.004	0.520	4.091554	0.000000	0.966238	0.701488	2.870176
0.000	0.521	4.088594	0.000000	0.966944	0.701296	2.867316
0.001	0.521	4.088594	0.000000	0.966944	0.701296	2.867316
0.002	0.521	4.088594	0.000000	0.966944	0.701296	2.867316
0.003	0.521	4.088594	0.000000	0.966944	0.701296	2.867316
0.004	0.521	4.088594	0.000000	0.966944	0.701296	2.867316
0.000	0.522	4.085926	0.000000	0.967579	0.701124	2.864741
0.001	0.522	4.085926	0.000000	0.967579	0.701124	2.864741
0.002	0.522	4.085926	0.000000	0.967579	0.701124	2.864741
0.003	0.522	4.085926	0.000000	0.967579	0.701124	2.864741
0.004	0.522	4.085926	0.000000	0.967579	0.701124	2.864741
0.000	0.523	4.083532	0.000000	0.968148	0.700971	2.862437
0.001	0.523	4.083532	0.000000	0.968148	0.700971	2.862437
0.002	0.523	4.083532	0.000000	0.968148	0.700971	2.862437
0.003	0.523	4.083532	0.000000	0.968148	0.700971	2.862437
0.004	0.523	4.083532	0.000000	0.968148	0.700971	2.862437
0.000	0.524	4.081395	0.000000	0.968655	0.700836	2.860387
0.001	0.524	4.081395	0.000000	0.968655	0.700836	2.860387
0.002	0.524	4.081395	0.000000	0.968655	0.700836	2.860387
0.003	0.524	4.081395	0.000000	0.968655	0.700836	2.860387
0.004	0.524	4.081395	0.000000	0.968655	0.700836	2.860387
0.000	0.525	4.079495	0.000000	0.969105	0.700717	2.858571
0.001	0.525	4.079495	0.000000	0.969105	0.700717	2.858571
0.002	0.525	4.079495	0.000000	0.969105	0.700717	2.858571
0.003	0.525	4.079495	0.000000	0.969105	0.700717	2.858571
0.004	0.525	4.079495	0.000000	0.969105	0.700717	2.858571
0.000	0.525	4.077817	0.000000	0.969500	0.700613	2.856972
0.001	0.525	4.077817	0.000000	0.969500	0.700613	2.856972
0.002	0.525	4.077817	0.000000	0.969500	0.700613	2.856972
0.003	0.525	4.077817	0.000000	0.969500	0.700613	2.856972
0.004	0.525	4.077817	0.000000	0.969500	0.700613	2.856972
0.000	0.527	4.076342	0.000000	0.969847	0.700523	2.855572
0.001	0.527	4.076342	0.000000	0.969847	0.700523	2.855572
0.002	0.527	4.076342	0.000000	0.969847	0.700523	2.855572
0.003	0.527	4.076342	0.000000	0.969847	0.700523	2.855572
0.004	0.527	4.076342	0.000000	0.969847	0.700523	2.855572
0.000	0.528	4.075050	0.000000	0.970149	0.700446	2.854352
0.001	0.528	4.075050	0.000000	0.970149	0.700446	2.854352
0.002	0.528	4.075050	0.000000	0.970149	0.700446	2.854352
0.003	0.528	4.075050	0.000000	0.970149	0.700446	2.854352
0.004	0.528	4.075050	0.000000	0.970149	0.700446	2.854352
0.000	0.529	4.073925	0.000000	0.970411	0.700381	2.853297
0.001	0.529	4.073925	0.000000	0.970411	0.700381	2.853297
0.002	0.529	4.073925	0.000000	0.970411	0.700381	2.853297
0.003	0.529	4.073925	0.000000	0.970411	0.700381	2.853297
0.004	0.529	4.073925	0.000000	0.970411	0.700381	2.853297
0.000	0.530	4.072949	0.000000	0.970636	0.700326	2.852391
0.001	0.530	4.072949	0.000000	0.970636	0.700326	2.852391
0.002	0.530	4.072949	0.000000	0.970636	0.700326	2.852391
0.003	0.530	4.072949	0.000000	0.970636	0.700326	2.852391
0.004	0.530	4.072949	0.000000	0.970636	0.700326	2.852391
0.000	0.531	4.072108	0.000000	0.970828	0.700280	2.851615
0.001	0.531	4.072108	0.000000	0.970828	0.700280	2.851615
0.002	0.531	4.072108	0.000000	0.970828	0.700280	2.851615
0.003	0.531	4.072108	0.000000	0.970828	0.700280	2.851615
0.004	0.531	4.072108	0.000000	0.970828	0.700280	2.851615
0.000	0.532	4.071385	0.000000	0.970992	0.700242	2.850955
0.001	0.532	4.071385	0.000000	0.970992	0.700242	2.850955
0.002	0.532	4.071385	0.000000	0.970992	0.700242	2.850955
0.003	0.532	4.071385	0.000000	0.970992	0.700242	2.850955
0.004	0.532	4.071385	0.000000	0.970992	0.700242	2.850955
0.000	0.533	4.070766	0.000000	0.971130	0.700212	2.850399
0.001	0.533	4.070766	0.000000	0.971130	0.700212	2.850399
0.002	0.533	4.070766	0.000000	0.971130	0.700212	2.850399
0.003	0.533	4.070766	0.000000	0.971130	0.700212	2.850399
0.004	0.533	4.070766	0.000000	0.971130	0.700212	2.850399
0.000	0.534	4.070238	0.000000	0.971246	0.700188	2.849934
0.001	0.534	4.070238	0.000000	0.971246	0.700188	2.849934
0.002	0.534	4.070238	0.000000	0.971246	0.700188	2.849934
0.003	0.534	4.070238	0.000000	0.971246	0.700188	2.849934
0.004	0.534	4.070238	0.000000	0.971246	0.700188	2.849934
0.000	0.535	4.069791	0.000000	0.971342	0.700170	2.849547
0.001	0.535	4.069791	0.000000	0.971342	0.700170	2.849547
0.002	0.535	4.069791	0.000000	0.971342	0.700170	2.849547
0.003	0.535	4.069791	0.000000	0.971342	0.700170	2.849547
0.004	0.535	4.069791	0.000000	0.971342	0.700170	2.849547
0.000	0.536	4.069411	0.000000	0.971422	0.700157	2.849226
0.001	0.536	4.069411	0.000000	0.971422	0.700157	2.849226
0.002	0.536	4.069411	0.000000	0.971422	0.700157	2.849226
0.003	0.536	4.069411	0.000000	0.971422	0.700157	2.849226
0.004	0.536	4.069411	0.000000	0.971422	0.700157	2.849226
0.000	0.537	4.069089	0.000000	0.971487	0.700148	2.848963
0.001	0.537	4.069089	0.000000	0.971487	0.700148	2.848963
0.002	0.537	4.069089	0.000000	0.971487	0.700148	2.848963
0.003	0.537	4.069089	0.000000	0.971487	0.700148	2.848963
0.004	0.537	4.069089	0.000000	0.971487	0.700148	2.848963
0.000	0.538	4.068816	0.000000	0.971540	0.700142	2.848749
0.001	0.538	4.068816	0.000000	0.971540	0.700142	2.848749
0.002	0.538	4.068816	0.000000	0.971540	0.700142	2.848749
0.003	0.538	4.068816	0.000000	0.971540	0.700142	2.848749
0.004	0.538	4.068816	0.000000	0.971540	0.700142	2.848749
0.000	0.539	4.068585	0.000000	0.971583	0.700139	2.848576
0.001	0.539	4.068585	0.000000	0.971583	0.700139	2.848576
0.002	0.539	4.068585	0.000000	0.971583	0.700139	2.848576
0.003	0.539	4.068585	0.000000	0.971583	0.700139	2.848576
0.004	0.539	4.068585	0.000000	0.971583	0.700139	2.848576
0.000	0.539	4.068389	0.000000	0.971617	0.700139	2.848439
0.001	0.539	4.068389	0.000000	0.971617	0.700139	2.848439
0.002	0.539	4.068389	0.000000	0.971617	0.700139	2.848439
0.003	0.539	4.068389	0.000000	0.971617	0.700139	2.848439
0.004	0.539	4.068389	0.000000	0.971617	0.700139	2.848439
0.000	0.541	4.068221	0.000000	0.971644	0.700142	2.848330
0.001	0.541	4.068221	0.000000	0.971644	0.700142	2.848330
0.002	0.541	4.068221	0.000000	0.971644	0.700142	2.848330
0.003	0.541	4.068221	0.000000	0.971644	0.700142	2.848330
0.004	0.541	4.068221	0.000000	0.971644	0.700142	2.848330
0.000	0.542	4.068077	0.000000	0.971665	0.700145	2.848245
0.001	0.542	4.068077	0.000000	0.971665	0.700145	2.848245
0.002	0.542	4.068077	0.000000	0.971665	0.700145	2.848245
0.003	0.542	4.068077	0.000000	0.971665	0.700145	2.848245
0.004	0.542	4.068077	0.000000	0.971665	0.700145	2.848245
0.000	0.543	4.067951	0.000000	0.971681	0.700151	2.848180
0.001	0.543	4.067951	0.000000	0.971681	0.700151	2.848180
0.002	0.543	4.067951	0.000000	0.971681	0.700151	2.848180
0.003	0.543	4.067951	0.000000	0.971681	0.700151	2.848180
0.004	0.543	4.067951	0.000000	0.971681	0.700151	2.848180
0.000	0.544	4.067840	0.000000	0.971694	0.700158	2.848129
0.001	0.544	4.067840	0.000000	0.971694	0.700158	2.848129
0.002	0.544	4.067840	0.000000	0.971694	0.700158	2.848129
0.003	0.544	4.067840	0.000000	0.971694	0.700158	2.848129
0.004	0.544	4.067840	0.000000	0.971694	0.700158	2.848129
0.000	0.545	4.067742	0.000000	0.971703	0.700165	2.848092
0.001	0.545	4.067742	0.000000	0.971703	0.700165	2.848092
0.002	0.545	4.067742	0.000000	0.971703	0.700165	2.848092
0.003	0.545	4.067742	0.000000	0.971703	0.700165	2.848092
0.004	0.545	4.067742	0.000000	0.971703	0.700165	2.848092
0.000	0.546	4.067654	0.000000	0.971710	0.700174	2.848065
0.001	0.546	4.067654	0.000000	0.971710	0.700174	2.848065
0.002	0.546	4.067654	0.000000	0.971710	0.700174	2.848065
0.003	0.546	4.067654	0.000000	0.971710	0.700174	2.848065
0.004	0.546	4.067654	0.000000	0.971710	0.700174	2.848065
0.000	0.547	4.067574	0.000000	0.971715	0.700183	2.848046
0.001	0.547	4.067574	0.000000	0.971715	0.700183	2.848046
0.002	0.547	4.067574	0.000000	0.971715	0.700183	2.848046
0.003	0.547	4.067574	0.000000	0.971715	0.700183	2.848046
0.004	0.547	4.067574	0.000000	0.971715	0.700183	2.848046
0.000	0.548	4.067500	0.000000	0.971718	0.700193	2.848034
0.001	0.548	4.067500	0.000000	0.971718	0.700193	2.848034
0.002	0.548	4.067500	0.000000	0.971718	0.700193	2.848034
0.003	0.548	4.067500	0.000000	0.971718	0.700193	2.848034
0.004	0.548	4.067500	0.000000	0.971718	0.700193	2.848034
0.000	0.549	4.067429	0.000000	0.971720	0.700203	2.848026
0.001	0.549	4.067429	0.000000	0.971720	0.700203	2.848026
0.002	0.549	4.067429	0.000000	0.971720	0.700203	2.848026
0.003	0.549	4.067429	0.000000	0.971720	0.700203	2.848026
0.004	0.549	4.067429	0.000000	0.971720	0.700203	2.848026
0.000	0.550	4.067360	0.000000	0.971721	0.700213	2.848020
0.001	0.550	4.067360	0.000000	0.971721	0.700213	2.848020
0.002	0.550	4.067360	0.000000	0.971721	0.700213	2.848020
0.003	0.550	4.067360	0.000000	0.971721	0.700213	2.848020
0.004	0.550	4.067360	0.000000	0.971721	0.700213	2.848020
0.000	0.551	4.067294	0.000000	0.971722	0.700224	2.848018
0.001	0.551	4.067294	0.000000	0.971722	0.700224	2.848018
0.002	0.551	4.067294	0.000000	0.971722	0.700224	2.848018
0.003	0.551	4.067294	0.000000	0.971722	0.700224	2.848018
0.004	0.551	4.067294	0.000000	0.971722	0.700224	2.848018
0.000	0.552	4.067228	0.000000	0.971722	0.700236	2.848018
0.001	0.552	4.067228	0.000000	0.971722	0.700236	2.848018
0.002	0.552	4.067228	0.000000	0.971722	0.700236	2.848018
0.003	0.552	4.067228	0.000000	0.971722	0.700236	2.848018
0.004	0.552	4.067228	0.000000	0.971722	0.700236	2.848018
0.000	0.553	4.067162	0.000000	0.971722	0.700247	2.848019
0.001	0.553	4.067162	0.000000	0.971722	0.700247	2.848019
0.002	0.553	4.067162	0.000000	0.971722	0.700247	2.848019
0.003	0.553	4.067162	0.000000	0.971722	0.700247	2.848019
0.004	0.553	4.067162	0.000000	0.971722	0.700247	2.848019
0.000	0.553	4.067096	0.000000	0.971721	0.700259	2.848022
0.001	0.553	4.067096	0.000000	0.971721	0.700259	2.848022
0.002	0.553	4.067096	0.000000	0.971721	0.700259	2.848022
0.003	0.553	4.067096	0.000000	0.971721	0.700259	2.848022
0.004	0.553	4.067096	0.000000	0.971721	0.700259	2.848022
0.000	0.555	4.067030	0.000000	0.971721	0.700271	2.848024
0.001	0.555	4.067030	0.000000	0.971721	0.700271	2.848024
0.002	0.555	4.067030	0.000000	0.971721	0.700271	2.848024
0.003	0.555	4.067030	0.000000	0.971721	0.700271	2.848024
0.004	0.555	4.067030	0.000000	0.971721	0.700271	2.848024
0.000	0.556	4.066964	0.000000	0.971720	0.700283	2.848027
0.001	0.556	4.066964	0.000000	0.971720	0.700283	2.848027
0.002	0.556	4.066964	0.000000	0.971720	0.700283	2.848027
0.003	0.556	4.066964	0.000000	0.971720	0.700283	2.848027
0.004	0.556	4.066964	0.000000	0.971720	0.700283	2.848027
0.000	0.557	4.066897	0.000000	0.971720	0.700296	2.848031
0.001	0.557	4.066897	0.000000	0.971720	0.700296	2.848031
0.002	0.557	4.066897	0.000000	0.971720	0.700296	2.848031
0.003	0.557	4.066897	0.000000	0.971720	0.700296	2.848031
0.004	0.557	4.066897	0.000000	0.971720	0.700296	2.848031
0.000	0.558	4.066831	0.000000	0.971719	0.700308	2.848035
0.001	0.558	4.066831	0.000000	0.971719	0.700308	2.848035
0.002	0.558	4.066831	0.000000	0.971719	0.700308	2.848035
0.003	0.558	4.066831	0.000000	0.971719	0.700308	2.848035
0.004	0.558	4.066831	0.000000	0.971719	0.700308	2.848035
0.000	0.559	4.066763	0.000000	0.971718	0.700320	2.848037
0.001	0.559	4.066763	0.000000	0.971718	0.700320	2.848037
0.002	0.559	4.066763	0.000000	0.971718	0.700320	2.848037
0.003	0.559	4.066763	0.000000	0.971718	0.700320	2.848037
0.004	0.559	4.066763	0.000000	0.971718	0.700320	2.848037
0.000	0.560	4.066694	0.000000	0.971717	0.700333	2.848041
0.001	0.560	4.066694	0.000000	0.971717	0.700333	2.848041
0.002	0.560	4.066694	0.000000	0.971717	0.700333	2.848041
0.003	0.560	4.066694	0.000000	0.971717	0.700333	2.848041
0.004	0.560	4.066694	0.000000	0.971717	0.700333	2.848041
0.000	0.561	4.066624	0.000000	0.971716	0.700346	2.848045
0.001	0.561	4.066624	0.000000	0.971716	0.700346	2.848045
0.002	0.561	4.066624	0.000000	0.971716	0.700346	2.848045
0.003	0.561	4.066624	0.000000	0.971716	0.700346	2.848045
0.004	0.561	4.066624	0.000000	0.971716	0.700346	2.848045
0.000	0.562	4.066552	0.000000	0.971716	0.700359	2.848048
0.001	0.562	4.066552	0.000000	0.971716	0.700359	2.848048
0.002	0.562	4.066552	0.000000	0.971716	0.700359	2.848048
0.003	0.562	4.066552	0.000000	0.971716	0.700359	2.848048
0.004	0.562	4.066552	0.000000	0.971716	0.700359	2.848048
0.000	0.562	4.066479	0.000000	0.971715	0.700373	2.848051
0.001	0.562	4.066479	0.000000	0.971715	0.700373	2.848051
0.002	0.562	4.066479	0.000000	0.971715	0.700373	2.848051
0.003	0.562	4.066479	0.000000	0.971715	0.700373	2.848051
0.004	0.562	4.066479	0.000000	0.971715	0.700373	2.848051
0.000	0.564	4.066404	0.000000	0.971714	0.700386	2.848053
0.001	0.564	4.066404	0.000000	0.971714	0.700386	2.848053
0.002	0.564	4.066404	0.000000	0.971714	0.700386	2.848053
0.003	0.564	4.066404	0.000000	0.971714	0.700386	2.848053
0.004	0.564	4.066404	0.000000	0.971714	0.700386	2.848053
0.000	0.565	4.066328	0.000000	0.971714	0.700400	2.848056
0.001	0.565	4.066328	0.000000	0.971714	0.700400	2.848056
0.002	0.565	4.066328	0.000000	0.971714	0.700400	2.848056
0.003	0.565	4.066328	0.000000	0.971714	0.700400	2.848056
0.004	0.565	4.066328	0.000000	0.971714	0.700400	2.848056
0.000	0.566	4.066252	0.000000	0.971713	0.700414	2.848058
0.001	0.566	4.066252	0.000000	0.971713	0.700414	2.848058
0.002	0.566	4.066252	0.000000	0.971713	0.700414	2.848058
0.003	0.566	4.066252	0.000000	0.971713	0.700414	2.848058
0.004	0.566	4.066252	0.000000	0.971713	0.700414	2.848058
0.000	0.567	4.066175	0.000000	0.971712	0.700428	2.848062
0.001	0.567	4.066175	0.000000	0.971712	0.700428	2.848062
0.002	0.567	4.066175	0.000000	0.971712	0.700428	2.848062
0.003	0.567	4.066175	0.000000	0.971712	0.700428	2.848062
0.004	0.567	4.066175	0.000000	0.971712	0.700428	2.848062
0.000	0.568	4.066095	0.000000	0.971711	0.700442	2.848064
0.001	0.568	4.066095	0.000000	0.971711	0.700442	2.848064
0.002	0.568	4.066095	0.000000	0.971711	0.700442	2.848064
0.003	0.568	4.066095	0.000000	0.971711	0.700442	2.848064
0.004	0.568	4.066095	0.000000	0.971711	0.700442	2.848064
0.000	0.569	4.066015	0.000000	0.971711	0.700456	2.848066
0.001	0.569	4.066015	0.000000	0.971711	0.700456	2.848066
0.002	0.569	4.066015	0.000000	0.971711	0.700456	2.848066
0.003	0.569	4.066015	0.000000	0.971711	0.700456	2.848066
0.004	0.569	4.066015	0.000000	0.971711	0.700456	2.848066
0.000	0.570	4.065933	0.000000	0.971710	0.700471	2.848069
0.001	0.570	4.065933	0.000000	0.971710	0.700471	2.848069
0.002	0.570	4.065933	0.000000	0.971710	0.700471	2.848069
0.003	0.570	4.065933	0.000000	0.971710	0.700471	2.848069
0.004	0.570	4.065933	0.000000	0.971710	0.700471	2.848069
0.000	0.571	4.065850	0.000000	0.971710	0.700486	2.848072
0.001	0.571	4.065850	0.000000	0.971710	0.700486	2.848072
0.002	0.571	4.065850	0.000000	0.971710	0.700486	2.848072
0.003	0.571	4.065850	0.000000	0.971710	0.700486	2.848072
0.004	0.571	4.065850	0.000000	0.971710	0.700486	2.848072
0.000	0.572	4.065766	0.000000	0.971709	0.700501	2.848074
0.001	0.572	4.065766	0.000000	0.971709	0.700501	2.848074
0.002	0.572	4.065766	0.000000	0.971709	0.700501	2.848074
0.003	0.572	4.065766	0.000000	0.971709	0.700501	2.848074
0.004	0.572	4.065766	0.000000	0.971709	0.700501	2.848074
0.000	0.573	4.065680	0.000000	0.971709	0.700517	2.848076
0.001	0.573	4.065680	0.000000	0.971709	0.700517	2.848076
0.002	0.573	4.065680	0.000000	0.971709	0.700517	2.848076
0.003	0.573	4.065680	0.000000	0.971709	0.700517	2.848076
0.004	0.573	4.065680	0.000000	0.971709	0.700517	2.848076
0.000	0.574	4.065591	0.000000	0.971708	0.700532	2.848078
0.001	0.574	4.065591	0.000000	0.971708	0.700532	2.848078
0.002	0.574	4.065591	0.000000	0.971708	0.700532	2.848078
0.003	0.574	4.065591	0.000000	0.971708	0.700532	2.848078
0.004	0.574	4.065591	0.000000	0.971708	0.700532	2.848078
0.000	0.575	4.065502	0.000000	0.971708	0.700548	2.848080
0.001	0.575	4.065502	0.000000	0.971708	0.700548	2.848080
0.002	0.575	4.065502	0.000000	0.971708	0.700548	2.848080
0.003	0.575	4.065502	0.000000	0.971708	0.700548	2.848080
0.004	0.575	4.065502	0.000000	0.971708	0.700548	2.848080
0.000	0.576	4.065412	0.000000	0.971707	0.700564	2.848082
0.001	0.576	4.065412	0.000000	0.971707	0.700564	2.848082
0.002	0.576	4.065412	0.000000	0.971707	0.700564	2.848082
0.003	0.576	4.065412	0.000000	0.971707	0.700564	2.848082
0.004	0.576	4.065412	0.000000	0.971707	0.700564	2.848082
0.000	0.576	4.065320	0.000000	0.971706	0.700581	2.848085
0.001	0.576	4.065320	0.000000	0.971706	0.700581	2.848085
0.002	0.576	4.065320	0.000000	0.971706	0.700581	2.848085
0.003	0.576	4.065320	0.000000	0.971706	0.700581	2.848085
0.004	0.576	4.065320	0.000000	0.971706	0.700581	2.848085
0.000	0.578	4.065227	0.000000	0.971706	0.700597	2.848087
0.001	0.578	4.065227	0.000000	0.971706	0.700597	2.848087
0.002	0.578	4.065227	0.000000	0.971706	0.700597	2.848087
0.003	0.578	4.065227	0.000000	0.971706	0.700597	2.848087
0.004	0.578	4.065227	0.000000	0.971706	0.700597	2.848087
0.000	0.579	4.065130	0.000000	0.971705	0.700615	2.848089
0.001	0.579	4.065130	0.000000	0.971705	0.700615	2.848089
0.002	0.579	4.065130	0.000000	0.971705	0.700615	2.848089
0.003	0.579	4.065130	0.000000	0.971705	0.700615	2.848089
0.004	0.579	4.065130	0.000000	0.971705	0.700615	2.848089
0.000	0.580	4.065033	0.000000	0.971704	0.700632	2.848092
0.001	0.580	4.065033	0.000000	0.971704	0.700632	2.848092
0.002	0.580	4.065033	0.000000	0.971704	0.700632	2.848092
0.003	0.580	4.065033	0.000000	0.971704	0.700632	2.848092
0.004	0.580	4.065033	0.000000	0.971704	0.700632	2.848092
0.000	0.581	4.064935	0.000000	0.971704	0.700650	2.848095
0.001	0.581	4.064935	0.000000	0.971704	0.700650	2.848095
0.002	0.581	4.064935	0.000000	0.971704	0.700650	2.848095
0.003	0.581	4.064935	0.000000	0.971704	0.700650	2.848095
0.004	0.581	4.064935	0.000000	0.971704	0.700650	2.848095
0.000	0.582	4.064835	0.000000	0.971704	0.700668	2.848098
0.001	0.582	4.064835	0.000000	0.971704	0.700668	2.848098
0.002	0.582	4.064835	0.000000	0.971704	0.700668	2.848098
0.003	0.582	4.064835	0.000000	0.971704	0.700668	2.848098
0.004	0.582	4.064835	0.000000	0.971704	0.700668	2.848098
0.000	0.583	4.064734	0.000000	0.971703	0.700686	2.848101
0.001	0.583	4.064734	0.000000	0.971703	0.700686	2.848101
0.002	0.583	4.064734	0.000000	0.971703	0.700686	2.848101
0.003	0.583	4.064734	0.000000	0.971703	0.700686	2.848101
0.004	0.583	4.064734	0.000000	0.971703	0.700686	2.848101
0.000	0.584	4.064629	0.000000	0.971702	0.700704	2.848103
0.001	0.584	4.064629	0.000000	0.971702	0.700704	2.848103
0.002	0.584	4.064629	0.000000	0.971702	0.700704	2.848103
0.003	0.584	4.064629	0.000000	0.971702	0.700704	2.848103
0.004	0.584	4.064629	0.000000	0.971702	0.700704	2.848103
0.000	0.585	4.064523	0.000000	0.971702	0.700723	2.848106
0.001	0.585	4.064523	0.000000	0.971702	0.700723	2.848106
0.002	0.585	4.064523	0.000000	0.971702	0.700723	2.848106
0.003	0.585	4.064523	0.000000	0.971702	0.700723	2.848106
0.004	0.585	4.064523	0.000000	0.971702	0.700723	2.848106
0.000	0.586	4.064415	0.000000	0.971701	0.700743	2.848109
0.001	0.586	4.064415	0.000000	0.971701	0.700743	2.848109
0.002	0.586	4.064415	0.000000	0.971701	0.700743	2.848109
0.003	0.586	4.064415	0.000000	0.971701	0.700743	2.848109
0.004	0.586	4.064415	0.000000	0.971701	0.700743	2.848109
0.000	0.587	4.064305	0.000000	0.971701	0.700762	2.848111
0.001	0.587	4.064305	0.000000	0.971701	0.700762	2.848111
0.002	0.587	4.064305	0.000000	0.971701	0.700762	2.848111
0.003	0.587	4.064305	0.000000	0.971701	0.700762	2.848111
0.004	0.587	4.064305	0.000000	0.971701	0.700762	2.848111
0.000	0.588	4.064193	0.000000	0.971700	0.700782	2.848113
0.001	0.588	4.064193	0.000000	0.971700	0.700782	2.848113
0.002	0.588	4.064193	0.000000	0.971700	0.700782	2.848113
0.003	0.588	4.064193	0.000000	0.971700	0.700782	2.848113
0.004	0.588	4.064193	0.000000	0.971700	0.700782	2.848113
0.000	0.589	4.064079	0.000000	0.971700	0.700802	2.848116
0.001	0.589	4.064079	0.000000	0.971700	0.700802	2.848116
0.002	0.589	4.064079	0.000000	0.971700	0.700802	2.848116
0.003	0.589	4.064079	0.000000	0.971700	0.700802	2.848116
0.004	0.589	4.064079	0.000000	0.971700	0.700802	2.848116
0.000	0.590	4.063963	0.000000	0.971699	0.700823	2.848118
0.001	0.590	4.063963	0.000000	0.971699	0.700823	2.848118
0.002	0.590	4.063963	0.000000	0.971699	0.700823	2.848118
0.003	0.590	4.063963	0.000000	0.971699	0.700823	2.848118
0.004	0.590	4.063963	0.000000	0.971699	0.700823	2.848118
0.000	0.591	4.063845	0.000000	0.971699	0.700844	2.848120
0.001	0.591	4.063845	0.000000	0.971699	0.700844	2.848120
0.002	0.591	4.063845	0.000000	0.971699	0.700844	2.848120
0.003	0.591	4.063845	0.000000	0.971699	0.700844	2.848120
0.004	0.591	4.063845	0.000000	0.971699	0.700844	2.848120
0.000	0.592	4.063725	0.000000	0.971699	0.700865	2.848123
0.001	0.592	4.063725	0.000000	0.971699	0.700865	2.848123
0.002	0.592	4.063725	0.000000	0.971699	0.700865	2.848123
0.003	0.592	4.063725	0.000000	0.971699	0.700865	2.848123
0.004	0.592	4.063725	0.000000	0.971699	0.700865	2.848123
0.000	0.593	4.063602	0.000000	0.971698	0.700886	2.848124
0.001	0.593	4.063602	0.000000	0.971698	0.700886	2.848124
0.002	0.593	4.063602	0.000000	0.971698	0.700886	2.848124
0.003	0.593	4.063602	0.000000	0.971698	0.700886	2.848124
0.004	0.593	4.063602	0.000000	0.971698	0.700886	2.848124
0.000	0.594	4.063478	0.000000	0.971698	0.700909	2.848126
0.001	0.594	4.063478	0.000000	0.971698	0.700909	2.848126
0.002	0.594	4.063478	0.000000	0.971698	0.700909	2.848126
0.003	0.594	4.063478	0.000000	0.971698	0.700909	2.848126
0.004	0.594	4.063478	0.000000	0.971698	0.700909	2.848126
0.000	0.595	4.063350	0.000000	0.971697	0.700931	2.848127
0.001	0.595	4.063350	0.000000	0.971697	0.700931	2.848127
0.002	0.595	4.063350	0.000000	0.971697	0.700931	2.848127
0.003	0.595	4.063350	0.000000	0.971697	0.700931	2.848127
0.004	0.595	4.063350	0.000000	0.971697	0.700931	2.848127
0.000	0.596	4.063220	0.000000	0.971697	0.700954	2.848129
0.001	0.596	4.063220	0.000000	0.971697	0.700954	2.848129
0.002	0.596	4.063220	0.000000	0.971697	0.700954	2.848129
0.003	0.596	4.063220	0.000000	0.971697	0.700954	2.848129
0.004	0.596	4.063220	0.000000	0.971697	0.700954	2.848129
0.000	0.597	4.063087	0.000000	0.971697	0.700977	2.848131
0.001	0.597	4.063087	0.000000	0.971697	0.700977	2.848131
0.002	0.597	4.063087	0.000000	0.971697	0.700977	2.848131
0.003	0.597	4.063087	0.000000	0.971697	0.700977	2.848131
0.004	0.597	4.063087	0.000000	0.971697	0.700977	2.848131
0.000	0.598	4.062953	0.000000	0.971696	0.701001	2.848132
0.001	0.598	4.062953	0.000000	0.971696	0.701001	2.848132
0.002	0.598	4.062953	0.000000	0.971696	0.701001	2.848132
0.003	0.598	4.062953	0.000000	0.971696	0.701001	2.848132
0.004	0.598	4.062953	0.000000	0.971696	0.701001	2.848132
0.000	0.599	4.062814	0.000000	0.971696	0.701025	2.848134
0.001	0.599	4.062814	0.000000	0.971696	0.701025	2.848134
0.002	0.599	4.062814	0.000000	0.971696	0.701025	2.848134
0.003	0.599	4.062814	0.000000	0.971696	0.701025	2.848134
0.004	0.599	4.062814	0.000000	0.971696	0.701025	2.848134
0.000	0.600	4.062673	0.000000	0.971696	0.701049	2.848135
0.001	0.600	4.062673	0.000000	0.971696	0.701049	2.848135
0.002	0.600	4.062673	0.000000	0.971696	0.701049	2.848135
0.003	0.600	4.062673	0.000000	0.971696	0.701049	2.848135
0.004	0.600	4.062673	0.000000	0.971696	0.701049	2.848135
0.000	0.601	4.062529	0.000000	0.971695	0.701075	2.848136
0.001	0.601	4.062529	0.000000	0.971695	0.701075	2.848136
0.002	0.601	4.062529	0.000000	0.971695	0.701075	2.848136
0.003	0.601	4.062529	0.000000	0.971695	0.701075	2.848136
0.004	0.601	4.062529	0.000000	0.971695	0.701075	2.848136
0.000	0.602	4.062381	0.000000	0.971695	0.701101	2.848138
0.001	0.602	4.062381	0.000000	0.971695	0.701101	2.848138
0.002	0.602	4.062381	0.000000	0.971695	0.701101	2.848138
0.003	0.602	4.062381	0.000000	0.971695	0.701101	2.848138
0.004	0.602	4.062381	0.000000	0.971695	0.701101	2.848138
0.000	0.603	4.062231	0.000000	0.971695	0.701127	2.848139
0.001	0.603	4.062231	0.000000	0.971695	0.701127	2.848139
0.002	0.603	4.062231	0.000000	0.971695	0.701127	2.848139
0.003	0.603	4.062231	0.000000	0.971695	0.701127	2.848139
0.004	0.603	4.062231	0.000000	0.971695	0.701127	2.848139
0.000	0.604	4.062077	0.000000	0.971695	0.701154	2.848141
0.001	0.604	4.062077	0.000000	0.971695	0.701154	2.848141
0.002	0.604	4.062077	0.000000	0.971695	0.701154	2.848141
0.003	0.604	4.062077	0.000000	0.971695	0.701154	2.848141
0.004	0.604	4.062077	0.000000	0.971695	0.701154	2.848141
0.000	0.605	4.061919	0.000000	0.971695	0.701181	2.848142
0.001	0.605	4.061919	0.000000	0.971695	0.701181	2.848142
0.002	0.605	4.061919	0.000000	0.971695	0.701181	2.848142
0.003	0.605	4.061919	0.000000	0.971695	0.701181	2.848142
0.004	0.605	4.061919	0.000000	0.971695	0.701181	2.848142
0.000	0.606	4.061758	0.000000	0.971694	0.701210	2.848143
0.001	0.606	4.061758	0.000000	0.971694	0.701210	2.848143
0.002	0.606	4.061758	0.000000	0.971694	0.701210	2.848143
0.003	0.606	4.061758	0.000000	0.971694	0.701210	2.848143
0.004	0.606	4.061758	0.000000	0.971694	0.701210	2.848143
0.000	0.607	4.061593	0.000000	0.971694	0.701238	2.848145
0.001	0.607	4.061593	0.000000	0.971694	0.701238	2.848145
0.002	0.607	4.061593	0.000000	0.971694	0.701238	2.848145
0.003	0.607	4.061593	0.000000	0.971694	0.701238	2.848145
0.004	0.607	4.061593	0.000000	0.971694	0.701238	2.848145
0.000	0.608	4.061423	0.000000	0.971694	0.701268	2.848145
0.001	0.608	4.061423	0.000000	0.971694	0.701268	2.848145
0.002	0.608	4.061423	0.000000	0.971694	0.701268	2.848145
0.003	0.608	4.061423	0.000000	0.971694	0.701268	2.848145
0.004	0.608	4.061423	0.000000	0.971694	0.701268	2.848145
0.000	0.609	4.061250	0.000000	0.971694	0.701298	2.848146
0.001	0.609	4.061250	0.000000	0.971694	0.701298	2.848146
0.002	0.609	4.061250	0.000000	0.971694	0.701298	2.848146
0.003	0.609	4.061250	0.000000	0.971694	0.701298	2.848146
0.004	0.609	4.061250	0.000000	0.971694	0.701298	2.848146
0.000	0.610	4.061072	0.000000	0.971694	0.701329	2.848147
0.001	0.610	4.061072	0.000000	0.971694	0.701329	2.848147
0.002	0.610	4.061072	0.000000	0.971694	0.701329	2.848147
0.003	0.610	4.061072	0.000000	0.971694	0.701329	2.848147
0.004	0.610	4.061072	0.000000	0.971694	0.701329	2.848147
0.000	0.611	4.060889	0.000000	0.971693	0.701361	2.848148
0.001	0.611	4.060889	0.000000	0.971693	0.701361	2.848148
0.002	0.611	4.060889	0.000000	0.971693	0.701361	2.848148
0.003	0.611	4.060889	0.000000	0.971693	0.701361	2.848148
0.004	0.611	4.060889	0.000000	0.971693	0.701361	2.848148
0.000	0.612	4.060702	0.000000	0.971693	0.701393	2.848149
0.001	0.612	4.060702	0.000000	0.971693	0.701393	2.848149
0.002	0.612	4.060702	0.000000	0.971693	0.701393	2.848149
0.003	0.612	4.060702	0.000000	0.971693	0.701393	2.848149
0.004	0.612	4.060702	0.000000	0.971693	0.701393	2.848149
0.000	0.613	4.060512	0.000000	0.971693	0.701427	2.848150
0.001	0.613	4.060512	0.000000	0.971693	0.701427	2.848150
0.002	0.613	4.060512	0.000000	0.971693	0.701427	2.848150
0.003	0.613	4.060512	0.000000	0.971693	0.701427	2.848150
0.004	0.613	4.060512	0.000000	0.971693	0.701427	2.848150
0.000	0.614	4.060316	0.000000	0.971693	0.701461	2.848152
0.001	0.614	4.060316	0.000000	0.971693	0.701461	2.848152
0.002	0.614	4.060316	0.000000	0.971693	0.701461	2.848152
0.003	0.614	4.060316	0.000000	0.971693	0.701461	2.848152
0.004	0.614	4.060316	0.000000	0.971693	0.701461	2.848152
0.000	0.615	4.060116	0.000000	0.971693	0.701495	2.848153
0.001	0.615	4.060116	0.000000	0.971693	0.701495	2.848153
0.002	0.615	4.060116	0.000000	0.971693	0.701495	2.848153
0.003	0.615	4.060116	0.000000	0.971693	0.701495	2.848153
0.004	0.615	4.060116	0.000000	0.971693	0.701495	2.848153
0.000	0.616	4.059910	0.000000	0.971692	0.701531	2.848154
0.001	0.616	4.059910	0.000000	0.971692	0.701531	2.848154
0.002	0.616	4.059910	0.000000	0.971692	0.701531	2.848154
0.003	0.616	4.059910	0.000000	0.971692	0.701531	2.848154
0.004	0.616	4.059910	0.000000	0.971692	0.701531	2.848154
0.000	0.617	4.059700	0.000000	0.971692	0.701568	2.848155
0.001	0.617	4.059700	0.000000	0.971692	0.701568	2.848155
0.002	0.617	4.059700	0.000000	0.971692	0.701568	2.848155
0.003	0.617	4.059700	0.000000	0.971692	0.701568	2.848155
0.004	0.617	4.059700	0.000000	0.971692	0.701568	2.848155
0.000	0.618	4.059484	0.000000	0.971692	0.701605	2.848155
0.001	0.618	4.059484	0.000000	0.971692	0.701605	2.848155
0.002	0.618	4.059484	0.000000	0.971692	0.701605	2.848155
0.003	0.618	4.059484	0.000000	0.971692	0.701605	2.848155
0.004	0.618	4.059484	0.000000	0.971692	0.701605	2.848155
0.000	0.619	4.059262	0.000000	0.971692	0.701644	2.848157
0.001	0.619	4.059262	0.000000	0.971692	0.701644	2.848157
0.002	0.619	4.059262	0.000000	0.971692	0.701644	2.848157
0.003	0.619	4.059262	0.000000	0.971692	0.701644	2.848157
0.004	0.619	4.059262	0.000000	0.971692	0.701644	2.848157
0.000	0.620	4.059033	0.000000	0.971692	0.701684	2.848158
0.001	0.620	4.059033	0.000000	0.971692	0.701684	2.848158
0.002	0.620	4.059033	0.000000	0.971692	0.701684	2.848158
0.003	0.620	4.059033	0.000000	0.971692	0.701684	2.848158
0.004	0.620	4.059033	0.000000	0.971692	0.701684	2.848158
0.000	0.621	4.058799	0.000000	0.971691	0.701725	2.848159
0.001	0.621	4.058799	0.000000	0.971691	0.701725	2.848159
0.002	0.621	4.058799	0.000000	0.971691	0.701725	2.848159
0.003	0.621	4.058799	0.000000	0.971691	0.701725	2.848159
0.004	0.621	4.058799	0.000000	0.971691	0.701725	2.848159
0.000	0.622	4.058557	0.000000	0.971691	0.701767	2.848160
0.001	0.622	4.058557	0.000000	0.971691	0.701767	2.848160
0.002	0.622	4.058557	0.000000	0.971691	0.701767	2.848160
0.003	0.622	4.058557	0.000000	0.971691	0.701767	2.848160
0.004	0.622	4.058557	0.000000	0.971691	0.701767	2.848160
0.000	0.623	4.058309	0.000000	0.971691	0.701810	2.848161
0.001	0.623	4.058309	0.000000	0.971691	0.701810	2.848161
0.002	0.623	4.058309	0.000000	0.971691	0.701810	2.848161
0.003	0.623	4.058309	0.000000	0.971691	0.701810	2.848161
0.004	0.623	4.058309	0.000000	0.971691	0.701810	2.848161
0.000	0.624	4.058053	0.000000	0.971691	0.701854	2.848161
0.001	0.624	4.058053	0.000000	0.971691	0.701854	2.848161
0.002	0.624	4.058053	0.000000	0.971691	0.701854	2.848161
0.003	0.624	4.058053	0.000000	0.971691	0.701854	2.848161
0.004	0.624	4.058053	0.000000	0.971691	0.701854	2.848161
0.000	0.625	4.057789	0.000000	0.971691	0.701900	2.848162
0.001	0.625	4.057789	0.000000	0.971691	0.701900	2.848162
0.002	0.625	4.057789	0.000000	0.971691	0.701900	2.848162
0.003	0.625	4.057789	0.000000	0.971691	0.701900	2.848162
0.004	0.625	4.057789	0.000000	0.971691	0.701900	2.848162
0.000	0.626	4.057518	0.000000	0.971691	0.701947	2.848163
0.001	0.626	4.057518	0.000000	0.971691	0.701947	2.848163
0.002	0.626	4.057518	0.000000	0.971691	0.701947	2.848163
0.003	0.626	4.057518	0.000000	0.971691	0.701947	2.848163
0.004	0.626	4.057518	0.000000	0.971691	0.701947	2.848163
0.000	0.627	4.057240	0.000000	0.971691	0.701996	2.848164
0.001	0.627	4.057240	0.000000	0.971691	0.701996	2.848164
0.002	0.627	4.057240	0.000000	0.971691	0.701996	2.848164
0.003	0.627	4.057240	0.000000	0.971691	0.701996	2.848164
0.004	0.627	4.057240	0.000000	0.971691	0.701996	2.848164
0.000	0.628	4.056952	0.000000	0.971691	0.702046	2.848165
0.001	0.628	4.056952	0.000000	0.971691	0.702046	2.848165
0.002	0.628	4.056952	0.000000	0.971691	0.702046	2.848165
0.003	0.628	4.056952	0.000000	0.971691	0.702046	2.848165
0.004	0.628	4.056952	0.000000	0.971691	0.702046	2.848165
0.000	0.629	4.056653	0.000000	0.971691	0.702097	2.848165
0.001	0.629	4.056653	0.000000	0.971691	0.702097	2.848165
0.002	0.629	4.056653	0.000000	0.971691	0.702097	2.848165
0.003	0.629	4.056653	0.000000	0.971691	0.702097	2.848165
0.004	0.629	4.056653	0.000000	0.971691	0.702097	2.848165
0.000	0.630	4.056346	0.000000	0.971691	0.702151	2.848166
0.001	0.630	4.056346	0.000000	0.971691	0.702151	2.848166
0.002	0.630	4.056346	0.000000	0.971691	0.702151	2.848166
0.003	0.630	4.056346	0.000000	0.971691	0.702151	2.848166
0.004	0.630	4.056346	0.000000	0.971691	0.702151	2.848166
0.000	0.631	4.056028	0.000000	0.971691	0.702206	2.848167
0.001	0.631	4.056028	0.000000	0.971691	0.702206	2.848167
0.002	0.631	4.056028	0.000000	0.971691	0.702206	2.848167
0.003	0.631	4.056028	0.000000	0.971691	0.702206	2.848167
0.004	0.631	4.056028	0.000000	0.971691	0.702206	2.848167
0.000	0.632	4.055698	0.000000	0.971690	0.702263	2.848168
0.001	0.632	4.055698	0.000000	0.971690	0.702263	2.848168
0.002	0.632	4.055698	0.000000	0.971690	0.702263	2.848168
0.003	0.632	4.055698	0.000000	0.971690	0.702263	2.848168
0.004	0.632	4.055698	0.000000	0.971690	0.702263	2.848168
0.000	0.633	4.055357	0.000000	0.971690	0.702323	2.848169
0.001	0.633	4.055357	0.000000	0.971690	0.702323	2.848169
0.002	0.633	4.055357	0.000000	0.971690	0.702323	2.848169
0.003	0.633	4.055357	0.000000	0.971690	0.702323	2.848169
0.004	0.633	4.055357	0.000000	0.971690	0.702323	2.848169
0.000	0.634	4.055003	0.000000	0.971690	0.702384	2.848169
0.001	0.634	4.055003	0.000000	0.971690	0.702384	2.848169
0.002	0.634	4.055003	0.000000	0.971690	0.702384	2.848169
0.003	0.634	4.055003	0.000000	0.971690	0.702384	2.848169
0.004	0.634	4.055003	0.000000	0.971690	0.702384	2.848169
0.000	0.635	4.054636	0.000000	0.971690	0.702448	2.848169
0.001	0.635	4.054636	0.000000	0.971690	0.702448	2.848169
0.002	0.635	4.054636	0.000000	0.971690	0.702448	2.848169
0.003	0.635	4.054636	0.000000	0.971690	0.702448	2.848169
0.004	0.635	4.054636	0.000000	0.971690	0.702448	2.848169
0.000	0.636	4.054254	0.000000	0.971690	0.702514	2.848170
0.001	0.636	4.054254	0.000000	0.971690	0.702514	2.848170
0.002	0.636	4.054254	0.000000	0.971690	0.702514	2.848170
0.003	0.636	4.054254	0.000000	0.971690	0.702514	2.848170
0.004	0.636	4.054254	0.000000	0.971690	0.702514	2.848170
0.000	0.637	4.053857	0.000000	0.971690	0.702583	2.848171
0.001	0.637	4.053857	0.000000	0.971690	0.702583	2.848171
0.002	0.637	4.053857	0.000000	0.971690	0.702583	2.848171
0.003	0.637	4.053857	0.000000	0.971690	0.702583	2.848171
0.004	0.637	4.053857	0.000000	0.971690	0.702583	2.848171
0.000	0.638	4.053444	0.000000	0.971690	0.702655	2.848171
0.001	0.638	4.053444	0.000000	0.971690	0.702655	2.848171
0.002	0.638	4.053444	0.000000	0.971690	0.702655	2.848171
0.003	0.638	4.053444	0.000000	0.971690	0.702655	2.848171
0.004	0.638	4.053444	0.000000	0.971690	0.702655	2.848171
0.000	0.639	4.053011	0.000000	0.971690	0.702730	2.848172
0.001	0.639	4.053011	0.000000	0.971690	0.702730	2.848172
0.002	0.639	4.053011	0.000000	0.971690	0.702730	2.848172
0.003	0.639	4.053011	0.000000	0.971690	0.702730	2.848172
0.004	0.639	4.053011	0.000000	0.971690	0.702730	2.848172
0.000	0.640	4.052559	0.000000	0.971690	0.702808	2.848173
0.001	0.640	4.052559	0.000000	0.971690	0.702808	2.848173
0.002	0.640	4.052559	0.000000	0.971690	0.702808	2.848173
0.003	0.640	4.052559	0.000000	0.971690	0.702808	2.848173
0.004	0.640	4.052559	0.000000	0.971690	0.702808	2.848173
0.000	0.641	4.052085	0.000000	0.971690	0.702891	2.848174
0.001	0.641	4.052085	0.000000	0.971690	0.702891	2.848174
0.002	0.641	4.052085	0.000000	0.971690	0.702891	2.848174
0.003	0.641	4.052085	0.000000	0.971690	0.702891	2.848174
0.004	0.641	4.052085	0.000000	0.971690	0.702891	2.848174
0.000	0.642	4.051586	0.000000	0.971689	0.702978	2.848174
0.001	0.642	4.051586	0.000000	0.971689	0.702978	2.848174
0.002	0.642	4.051586	0.000000	0.971689	0.702978	2.848174
0.003	0.642	4.051586	0.000000	0.971689	0.702978	2.848174
0.004	0.642	4.051586	0.000000	0.971689	0.702978	2.848174
0.000	0.643	4.051059	0.000000	0.971689	0.703069	2.848175
0.001	0.643	4.051059	0.000000	0.971689	0.703069	2.848175
0.002	0.643	4.051059	0.000000	0.971689	0.703069	2.848175
0.003	0.643	4.051059	0.000000	0.971689	0.703069	2.848175
0.004	0.643	4.051059	0.000000	0.971689	0.703069	2.848175
0.000	0.644	4.050499	0.000000	0.971689	0.703166	2.848176
0.001	0.644	4.050499	0.000000	0.971689	0.703166	2.848176
0.002	0.644	4.050499	0.000000	0.971689	0.703166	2.848176
0.003	0.644	4.050499	0.000000	0.971689	0.703166	2.848176
0.004	0.644	4.050499	0.000000	0.971689	0.703166	2.848176
0.000	0.645	4.049904	0.000000	0.971689	0.703270	2.848175
0.001	0.645	4.049904	0.000000	0.971689	0.703270	2.848175
0.002	0.645	4.049904	0.000000	0.971689	0.703270	2.848175
0.003	0.645	4.049904	0.000000	0.971689	0.703270	2.848175
0.004	0.645	4.049904	0.000000	0.971689	0.703270	2.848175
0.000	0.646	4.049267	0.000000	0.971689	0.703381	2.848176
0.001	0.646	4.049267	0.000000	0.971689	0.703381	2.848176
0.002	0.646	4.049267	0.000000	0.971689	0.703381	2.848176
0.003	0.646	4.049267	0.000000	0.971689	0.703381	2.848176
0.004	0.646	4.049267	0.000000	0.971689	0.703381	2.848176
0.000	0.647	4.048582	0.000000	0.971689	0.703500	2.848176
0.001	0.647	4.048582	0.000000	0.971689	0.703500	2.848176
0.002	0.647	4.048582	0.000000	0.971689	0.703500	2.848176
0.003	0.647	4.048582	0.000000	0.971689	0.703500	2.848176
0.004	0.647	4.048582	0.000000	0.971689	0.703500	2.848176
0.000	0.648	4.047840	0.000000	0.971689	0.703629	2.848176
0.001	0.648	4.047840	0.000000	0.971689	0.703629	2.848176
0.002	0.648	4.047840	0.000000	0.971689	0.703629	2.848176
0.003	0.648	4.047840	0.000000	0.971689	0.703629	2.848176
0.004	0.648	4.047840	0.000000	0.971689	0.703629	2.848176
0.000	0.649	4.047031	0.000000	0.971689	0.703770	2.848177
0.001	0.649	4.047031	0.000000	0.971689	0.703770	2.848177
0.002	0.649	4.047031	0.000000	0.971689	0.703770	2.848177
0.003	0.649	4.047031	0.000000	0.971689	0.703770	2.848177
0.004	0.649	4.047031	0.000000	0.971689	0.703770	2.848177
0.000	0.650	4.046144	0.000000	0.971689	0.703924	2.848178
0.001	0.650	4.046144	0.000000	0.971689	0.703924	2.848178
0.002	0.650	4.046144	0.000000	0.971689	0.703924	2.848178
0.003	0.650	4.046144	0.000000	0.971689	0.703924	2.848178
0.004	0.650	4.046144	0.000000	0.971689	0.703924	2.848178
0.000	0.651	4.045163	0.000000	0.971689	0.704095	2.848179
0.001	0.651	4.045163	0.000000	0.971689	0.704095	2.848179
0.002	0.651	4.045163	0.000000	0.971689	0.704095	2.848179
0.003	0.651	4.045163	0.000000	0.971689	0.704095	2.848179
0.004	0.651	4.045163	0.000000	0.971689	0.704095	2.848179
0.000	0.652	4.044069	0.000000	0.971689	0.704285	2.848179
0.001	0.652	4.044069	0.000000	0.971689	0.704285	2.848179
0.002	0.652	4.044069	0.000000	0.971689	0.704285	2.848179
0.003	0.652	4.044069	0.000000	0.971689	0.704285	2.848179
0.004	0.652	4.044069	0.000000	0.971689	0.704285	2.848179
0.000	0.653	4.042839	0.000000	0.971688	0.704500	2.848180
0.001	0.653	4.042839	0.000000	0.971688	0.704500	2.848180
0.002	0.653	4.042839	0.000000	0.971688	0.704500	2.848180
0.003	0.653	4.042839	0.000000	0.971688	0.704500	2.848180
0.004	0.653	4.042839	0.000000	0.971688	0.704500	2.848180
0.000	0.654	4.041447	0.000000	0.971688	0.704743	2.848181
0.001	0.654	4.041447	0.000000	0.971688	0.704743	2.848181
0.002	0.654	4.041447	0.000000	0.971688	0.704743	2.848181
0.003	0.654	4.041447	0.000000	0.971688	0.704743	2.848181
0.004	0.654	4.041447	0.000000	0.971688	0.704743	2.848181
0.000	0.655	4.039860	0.000000	0.971689	0.705020	2.848181
0.001	0.655	4.039860	0.000000	0.971689	0.705020	2.848181
0.002	0.655	4.039860	0.000000	0.971689	0.705020	2.848181
0.003	0.655	4.039860	0.000000	0.971689	0.705020	2.848181
0.004	0.655	4.039860	0.000000	0.971689	0.705020	2.848181
0.000	0.656	4.038042	0.000000	0.971689	0.705338	2.848182
0.001	0.656	4.038042	0.000000	0.971689	0.705338	2.848182
0.002	0.656	4.038042	0.000000	0.971689	0.705338	2.848182
0.003	0.656	4.038042	0.000000	0.971689	0.705338	2.848182
0.004	0.656	4.038042	0.000000	0.971689	0.705338	2.848182
0.000	0.657	4.035943	0.000000	0.971689	0.705704	2.848183
0.001	0.657	4.035943	0.000000	0.971689	0.705704	2.848183
0.002	0.657	4.035943	0.000000	0.971689	0.705704	2.848183
0.003	0.657	4.035943	0.000000	0.971689	0.705704	2.848183
0.004	0.657	4.035943	0.000000	0.971689	0.705704	2.848183
0.000	0.658	4.033512	0.000000	0.971688	0.706130	2.848183
0.001	0.658	4.033512	0.000000	0.971688	0.706130	2.848183
0.002	0.658	4.033512	0.000000	0.971688	0.706130	2.848183
0.003	0.658	4.033512	0.000000	0.971688	0.706130	2.848183
0.004	0.658	4.033512	0.000000	0.971688	0.706130	2.848183
0.000	0.659	4.030687	0.000000	0.971688	0.706625	2.848183
0.001	0.659	4.030687	0.000000	0.971688	0.706625	2.848183
0.002	0.659	4.030687	0.000000	0.971688	0.706625	2.848183
0.003	0.659	4.030687	0.000000	0.971688	0.706625	2.848183
0.004	0.659	4.030687	0.000000	0.971688	0.706625	2.848183
0.000	0.660	4.027395	0.000000	0.971688	0.707202	2.848183
0.001	0.660	4.027395	0.000000	0.971688	0.707202	2.848183
0.002	0.660	4.027395	0.000000	0.971688	0.707202	2.848183
0.003	0.660	4.027395	0.000000	0.971688	0.707202	2.848183
0.004	0.660	4.027395	0.000000	0.971688	0.707202	2.848183
0.000	0.661	4.023555	0.000000	0.971688	0.707877	2.848184
0.001	0.661	4.023555	0.000000	0.971688	0.707877	2.848184
0.002	0.661	4.023555	0.000000	0.971688	0.707877	2.848184
0.003	0.661	4.023555	0.000000	0.971688	0.707877	2.848184
0.004	0.661	4.023555	0.000000	0.971688	0.707877	2.848184
0.000	0.662	4.019073	0.000000	0.971688	0.708667	2.848185
0.001	0.662	4.019073	0.000000	0.971688	0.708667	2.848185
0.002	0.662	4.019073	0.000000	0.971688	0.708667	2.848185
0.003	0.662	4.019073	0.000000	0.971688	0.708667	2.848185
0.004	0.662	4.019073	0.000000	0.971688	0.708667	2.848185
0.000	0.663	4.013844	0.000000	0.971688	0.709590	2.848185
0.001	0.663	4.013844	0.000000	0.971688	0.709590	2.848185
0.002	0.663	4.013844	0.000000	0.971688	0.709590	2.848185
0.003	0.663	4.013844	0.000000	0.971688	0.709590	2.848185
0.004	0.663	4.013844	0.000000	0.971688	0.709590	2.848185
0.000	0.664	4.007751	0.000000	0.971688	0.710669	2.848186
0.001	0.664	4.007751	0.000000	0.971688	0.710669	2.848186
0.002	0.664	4.007751	0.000000	0.971688	0.710669	2.848186
0.003	0.664	4.007751	0.000000	0.971688	0.710669	2.848186
0.004	0.664	4.007751	0.000000	0.971688	0.710669	2.848186
0.000	0.665	4.000667	0.000000	0.971688	0.711928	2.848186
0.001	0.665	4.000667	0.000000	0.971688	0.711928	2.848186
0.002	0.665	4.000667	0.000000	0.971688	0.711928	2.848186
0.003	0.665	4.000667	0.000000	0.971688	0.711928	2.848186
0.004	0.665	4.000667	0.000000	0.971688	0.711928	2.848186
0.000	0.666	3.992452	0.000000	0.971688	0.713393	2.848187
0.001	0.666	3.992452	0.000000	0.971688	0.713393	2.848187
0.002	0.666	3.992452	0.000000	0.971688	0.713393	2.848187
0.003	0.666	3.992452	0.000000	0.971688	0.713393	2.848187
0.004	0.666	3.992452	0.000000	0.971688	0.713393	2.848187
0.000	0.667	3.982958	0.000000	0.971688	0.715094	2.848188
0.001	0.667	3.982958	0.000000	0.971688	0.715094	2.848188
0.002	0.667	3.982958	0.000000	0.971688	0.715094	2.848188
0.003	0.667	3.982958	0.000000	0.971688	0.715094	2.848188
0.004	0.667	3.982958	0.000000	0.971688	0.715094	2.848188
0.000	0.668	3.972029	0.000000	0.971688	0.717061	2.848188
0.001	0.668	3.972029	0.000000	0.971688	0.717061	2.848188
0.002	0.668	3.972029	0.000000	0.971688	0.717061	2.848188
0.003	0.668	3.972029	0.000000	0.971688	0.717061	2.848188
0.004	0.668	3.972029	0.000000	0.971688	0.717061	2.848188
0.000	0.669	3.959502	0.000000	0.971688	0.719330	2.848189
0.001	0.669	3.959502	0.000000	0.971688	0.719330	2.848189
0.002	0.669	3.959502	0.000000	0.971688	0.719330	2.848189
0.003	0.669	3.959502	0.000000	0.971688	0.719330	2.848189
0.004	0.669	3.959502	0.000000	0.971688	0.719330	2.848189
0.000	0.670	3.945212	0.000000	0.971688	0.721936	2.848190
0.001	0.670	3.945212	0.000000	0.971688	0.721936	2.848190
0.002	0.670	3.945212	0.000000	0.971688	0.721936	2.848190
0.003	0.670	3.945212	0.000000	0.971688	0.721936	2.848190
0.004	0.670	3.945212	0.000000	0.971688	0.721936	2.848190
0.000	0.671	3.928994	0.000000	0.971688	0.724916	2.848190
0.001	0.671	3.928994	0.000000	0.971688	0.724916	2.848190
0.002	0.671	3.928994	0.000000	0.971688	0.724916	2.848190
0.003	0.671	3.928994	0.000000	0.971688	0.724916	2.848190
0.004	0.671	3.928994	0.000000	0.971688	0.724916	2.848190
0.000	0.672	3.910687	0.000000	0.971688	0.728310	2.848191
0.001	0.672	3.910687	0.000000	0.971688	0.728310	2.848191
0.002	0.672	3.910687	0.000000	0.971688	0.728310	2.848191
0.003	0.672	3.910687	0.000000	0.971688	0.728310	2.848191
0.004	0.672	3.910687	0.000000	0.971688	0.728310	2.848191
0.000	0.673	3.890139	0.000000	0.971688	0.732157	2.848191
0.001	0.673	3.890139	0.000000	0.971688	0.732157	2.848191
0.002	0.673	3.890139	0.000000	0.971688	0.732157	2.848191
0.003	0.673	3.890139	0.000000	0.971688	0.732157	2.848191
0.004	0.673	3.890139	0.000000	0.971688	0.732157	2.848191
0.000	0.674	3.867211	0.000000	0.971688	0.736498	2.848192
0.001	0.674	3.867211	0.000000	0.971688	0.736498	2.848192
0.002	0.674	3.867211	0.000000	0.971688	0.736498	2.848192
0.003	0.674	3.867211	0.000000	0.971688	0.736498	2.848192
0.004	0.674	3.867211	0.000000	0.971688	0.736498	2.848192
0.000	0.675	3.841781	0.000000	0.971688	0.741373	2.848193
0.001	0.675	3.841781	0.000000	0.971688	0.741373	2.848193
0.002	0.675	3.841781	0.000000	0.971688	0.741373	2.848193
0.003	0.675	3.841781	0.000000	0.971688	0.741373	2.848193
0.004	0.675	3.841781	0.000000	0.971688	0.741373	2.848193
0.000	0.676	3.813750	0.000000	0.971688	0.746822	2.848193
0.001	0.676	3.813750	0.000000	0.971688	0.746822	2.848193
0.002	0.676	3.813750	0.000000	0.971688	0.746822	2.848193
0.003	0.676	3.813750	0.000000	0.971688	0.746822	2.848193
0.004	0.676	3.813750	0.000000	0.971688	0.746822	2.848193
0.000	0.677	3.783047	0.000000	0.971688	0.752884	2.848194
0.001	0.677	3.783047	0.000000	0.971688	0.752884	2.848194
0.002	0.677	3.783047	0.000000	0.971688	0.752884	2.848194
0.003	0.677	3.783047	0.000000	0.971688	0.752884	2.848194
0.004	0.677	3.783047	0.000000	0.971688	0.752884	2.848194
0.000	0.678	3.749631	0.000000	0.971688	0.759593	2.848194
0.001	0.678	3.749631	0.000000	0.971688	0.759593	2.848194
0.002	0.678	3.749631	0.000000	0.971688	0.759593	2.848194
0.003	0.678	3.749631	0.000000	0.971688	0.759593	2.848194
0.004	0.678	3.749631	0.000000	0.971688	0.759593	2.848194
0.000	0.679	3.713496	0.000000	0.971688	0.766985	2.848194
0.001	0.679	3.713496	0.000000	0.971688	0.766985	2.848194
0.002	0.679	3.713496	0.000000	0.971688	0.766985	2.848194
0.003	0.679	3.713496	0.000000	0.971688	0.766985	2.848194
0.004	0.679	3.713496	0.000000	0.971688	0.766985	2.848194
0.000	0.680	3.674673	0.000000	0.971688	0.775088	2.848195
0.001	0.680	3.674673	0.000000	0.971688	0.775088	2.848195
0.002	0.680	3.674673	0.000000	0.971688	0.775088	2.848195
0.003	0.680	3.674673	0.000000	0.971688	0.775088	2.848195
0.004	0.680	3.674673	0.000000	0.971688	0.775088	2.848195
0.000	0.681	3.633231	0.000000	0.971688	0.783929	2.848196
0.001	0.681	3.633231	0.000000	0.971688	0.783929	2.848196
0.002	0.681	3.633231	0.000000	0.971688	0.783929	2.848196
0.003	0.681	3.633231	0.000000	0.971688	0.783929	2.848196
0.004	0.681	3.633231	0.000000	0.971688	0.783929	2.848196
0.000	0.682	3.589278	0.000000	0.971688	0.793529	2.848196
0.001	0.682	3.589278	0.000000	0.971688	0.793529	2.848196
0.002	0.682	3.589278	0.000000	0.971688	0.793529	2.848196
0.003	0.682	3.589278	0.000000	0.971688	0.793529	2.848196
0.004	0.682	3.589278	0.000000	0.971688	0.793529	2.848196
0.000	0.683	3.542960	0.000000	0.971688	0.803903	2.848196
0.001	0.683	3.542960	0.000000	0.971688	0.803903	2.848196
0.002	0.683	3.542960	0.000000	0.971688	0.803903	2.848196
0.003	0.683	3.542960	0.000000	0.971688	0.803903	2.848196
0.004	0.683	3.542960	0.000000	0.971688	0.803903	2.848196
0.000	0.684	3.494460	0.000000	0.971688	0.815060	2.848196
0.001	0.684	3.494460	0.000000	0.971688	0.815060	2.848196
0.002	0.684	3.494460	0.000000	0.971688	0.815060	2.848196
0.003	0.684	3.494460	0.000000	0.971688	0.815060	2.848196
0.004	0.684	3.494460	0.000000	0.971688	0.815060	2.848196
0.000	0.685	3.443992	0.000000	0.971688	0.827004	2.848197
0.001	0.685	3.443992	0.000000	0.971688	0.827004	2.848197
0.002	0.685	3.443992	0.000000	0.971688	0.827004	2.848197
0.003	0.685	3.443992	0.000000	0.971688	0.827004	2.848197
0.004	0.685	3.443992	0.000000	0.971688	0.827004	2.848197
0.000	0.686	3.391799	0.000000	0.971688	0.839731	2.848198
0.001	0.686	3.391799	0.000000	0.971688	0.839731	2.848198
0.002	0.686	3.391799	0.000000	0.971688	0.839731	2.848198
0.003	0.686	3.391799	0.000000	0.971688	0.839731	2.848198
0.004	0.686	3.391799	0.000000	0.971688	0.839731	2.848198
0.000	0.687	3.338150	0.000000	0.971688	0.853226	2.848198
0.001	0.687	3.338150	0.000000	0.971688	0.853226	2.848198
0.002	0.687	3.338150	0.000000	0.971688	0.853226	2.848198
0.003	0.687	3.338150	0.000000	0.971688	0.853226	2.848198
0.004	0.687	3.338150	0.000000	0.971688	0.853226	2.848198
0.000	0.688	3.283329	0.000000	0.971688	0.867473	2.848199
0.001	0.688	3.283329	0.000000	0.971688	0.867473	2.848199
0.002	0.688	3.283329	0.000000	0.971688	0.867473	2.848199
0.003	0.688	3.283329	0.000000	0.971688	0.867473	2.848199
0.004	0.688	3.283329	0.000000	0.971688	0.867473	2.848199
0.000	0.689	3.227634	0.000000	0.971688	0.882442	2.848199
0.001	0.689	3.227634	0.000000	0.971688	0.882442	2.848199
0.002	0.689	3.227634	0.000000	0.971688	0.882442	2.848199
0.003	0.689	3.227634	0.000000	0.971688	0.882442	2.848199
0.004	0.689	3.227634	0.000000	0.971688	0.882442	2.848199
0.000	0.690	3.171371	0.000000	0.971688	0.898097	2.848199
0.001	0.690	3.171371	0.000000	0.971688	0.898097	2.848199
0.002	0.690	3.171371	0.000000	0.971688	0.898097	2.848199
0.003	0.690	3.171371	0.000000	0.971688	0.898097	2.848199
0.004	0.690	3.171371	0.000000	0.971688	0.898097	2.848199
0.000	0.691	3.114847	0.000000	0.971688	0.914394	2.848199
0.001	0.691	3.114847	0.000000	0.971688	0.914394	2.848199
0.002	0.691	3.114847	0.000000	0.971688	0.914394	2.848199
0.003	0.691	3.114847	0.000000	0.971688	0.914394	2.848199
0.004	0.691	3.114847	0.000000	0.971688	0.914394	2.848199
0.000	0.692	3.058364	0.000000	0.971688	0.931282	2.848199
0.001	0.692	3.058364	0.000000	0.971688	0.931282	2.848199
0.002	0.692	3.058364	0.000000	0.971688	0.931282	2.848199
0.003	0.692	3.058364	0.000000	0.971688	0.931282	2.848199
0.004	0.692	3.058364	0.000000	0.971688	0.931282	2.848199
0.000	0.693	3.002213	0.000000	0.971688	0.948700	2.848200
0.001	0.693	3.002213	0.000000	0.971688	0.948700	2.848200
0.002	0.693	3.002213	0.000000	0.971688	0.948700	2.848200
0.003	0.693	3.002213	0.000000	0.971688	0.948700	2.848200
0.004	0.693	3.002213	0.000000	0.971688	0.948700	2.848200
0.000	0.694	2.946673	0.000000	0.971688	0.966582	2.848200
0.001	0.694	2.946673	0.000000	0.971688	0.966582	2.848200
0.002	0.694	2.946673	0.000000	0.971688	0.966582	2.848200
0.003	0.694	2.946673	0.000000	0.971688	0.966582	2.848200
0.004	0.694	2.946673	0.000000	0.971688	0.966582	2.848200
0.000	0.695	2.892004	0.000000	0.971688	0.984854	2.848201
0.001	0.695	2.892004	0.000000	0.971688	0.984854	2.848201
0.002	0.695	2.892004	0.000000	0.971688	0.984854	2.848201
0.003	0.695	2.892004	0.000000	0.971688	0.984854	2.848201
0.004	0.695	2.892004	0.000000	0.971688	0.984854	2.848201
0.000	0.696	2.838447	0.000000	0.971688	1.003437	2.848202
0.001	0.696	2.838447	0.000000	0.971688	1.003437	2.848202
0.002	0.696	2.838447	0.000000	0.971688	1.003437	2.848202
0.003	0.696	2.838447	0.000000	0.971688	1.003437	2.848202
0.004	0.696	2.838447	0.000000	0.971688	1.003437	2.848202
0.000	0.697	2.786216	0.000000	0.971688	1.022248	2.848202
0.001	0.697	2.786216	0.000000	0.971688	1.022248	2.848202
0.002	0.697	2.786216	0.000000	0.971688	1.022248	2.848202
0.003	0.697	2.786216	0.000000	0.971688	1.022248	2.848202
0.004	0.697	2.786216	0.000000	0.971688	1.022248	2.848202
0.000	0.698	2.735504	0.000000	0.971688	1.041198	2.848203
0.001	0.698	2.735504	0.000000	0.971688	1.041198	2.848203
0.002	0.698	2.735504	0.000000	0.971688	1.041198	2.848203
0.003	0.698	2.735504	0.000000	0.971688	1.041198	2.848203
0.004	0.698	2.735504	0.000000	0.971688	1.041198	2.848203
0.000	0.699	2.686478	0.000000	0.971688	1.060200	2.848203
0.001	0.699	2.686478	0.000000	0.971688	1.060200	2.848203
0.002	0.699	2.686478	0.000000	0.971688	1.060200	2.848203
0.003	0.699	2.686478	0.000000	0.971688	1.060200	2.848203
0.004	0.699	2.686478	0.000000	0.971688	1.060200	2.848203
0.000	0.700	2.639280	0.000000	0.971688	1.079159	2.848204
0.001	0.700	2.639280	0.000000	0.971688	1.079159	2.848204
0.002	0.700	2.639280	0.000000	0.971688	1.079159	2.848204
0.003	0.700	2.639280	0.000000	0.971688	1.079159	2.848204
0.004	0.700	2.639280	0.000000	0.971688	1.079159	2.848204
0.000	0.701	2.594023	0.000000	0.971688	1.097987	2.848205
0.001	0.701	2.594023	0.000000	0.971688	1.097987	2.848205
0.002	0.701	2.594023	0.000000	0.971688	1.097987	2.848205
0.003	0.701	2.594023	0.000000	0.971688	1.097987	2.848205
0.004	0.701	2.594023	0.000000	0.971688	1.097987	2.848205
0.000	0.702	2.550799	0.000000	0.971689	1.116593	2.848206
0.001	0.702	2.550799	0.000000	0.971689	1.116593	2.848206
0.002	0.702	2.550799	0.000000	0.971689	1.116593	2.848206
0.003	0.702	2.550799	0.000000	0.971689	1.116593	2.848206
0.004	0.702	2.550799	0.000000	0.971689	1.116593	2.848206
0.000	0.703	2.509675	0.000000	0.971689	1.134890	2.848206
0.001	0.703	2.509675	0.000000	0.971689	1.134890	2.848206
0.002	0.703	2.509675	0.000000	0.971689	1.134890	2.848206
0.003	0.703	2.509675	0.000000	0.971689	1.134890	2.848206
0.004	0.703	2.509675	0.000000	0.971689	1.134890	2.848206
0.000	0.704	2.470694	0.000000	0.971689	1.152796	2.848206
0.001	0.704	2.470694	0.000000	0.971689	1.152796	2.848206
0.002	0.704	2.470694	0.000000	0.971689	1.152796	2.848206
0.003	0.704	2.470694	0.000000	0.971689	1.152796	2.848206
0.004	0.704	2.470694	0.000000	0.971689	1.152796	2.848206
0.000	0.705	2.433881	0.000000	0.971689	1.170232	2.848207
0.001	0.705	2.433881	0.000000	0.971689	1.170232	2.848207
0.002	0.705	2.433881	0.000000	0.971689	1.170232	2.848207
0.003	0.705	2.433881	0.000000	0.971689	1.170232	2.848207
0.004	0.705	2.433881	0.000000	0.971689	1.170232	2.848207
0.000	0.706	2.399241	0.000000	0.971689	1.187128	2.848207
0.001	0.706	2.399241	0.000000	0.971689	1.187128	2.848207
0.002	0.706	2.399241	0.000000	0.971689	1.187128	2.848207
0.003	0.706	2.399241	0.000000	0.971689	1.187128	2.848207
0.004	0.706	2.399241	0.000000	0.971689	1.187128	2.848207
0.000	0.707	2.366760	0.000000	0.971689	1.203420	2.848207
0.001	0.707	2.366760	0.000000	0.971689	1.203420	2.848207
0.002	0.707	2.366760	0.000000	0.971689	1.203420	2.848207
0.003	0.707	2.366760	0.000000	0.971689	1.203420	2.848207
0.004	0.707	2.366760	0.000000	0.971689	1.203420	2.848207
0.000	0.708	2.336411	0.000000	0.971689	1.219052	2.848206
0.001	0.708	2.336411	0.000000	0.971689	1.219052	2.848206
0.002	0.708	2.336411	0.000000	0.971689	1.219052	2.848206
0.003	0.708	2.336411	0.000000	0.971689	1.219052	2.848206
0.004	0.708	2.336411	0.000000	0.971689	1.219052	2.848206
0.000	0.709	2.308152	0.000000	0.971689	1.233977	2.848207
0.001	0.709	2.308152	0.000000	0.971689	1.233977	2.848207
0.002	0.709	2.308152	0.000000	0.971689	1.233977	2.848207
0.003	0.709	2.308152	0.000000	0.971689	1.233977	2.848207
0.004	0.709	2.308152	0.000000	0.971689	1.233977	2.848207
0.000	0.710	2.281930	0.000000	0.971689	1.248157	2.848207
0.001	0.710	2.281930	0.000000	0.971689	1.248157	2.848207
0.002	0.710	2.281930	0.000000	0.971689	1.248157	2.848207
0.003	0.710	2.281930	0.000000	0.971689	1.248157	2.848207
0.004	0.710	2.281930	0.000000	0.971689	1.248157	2.848207
0.000	0.711	2.257682	0.000000	0.971689	1.261562	2.848207
0.001	0.711	2.257682	0.000000	0.971689	1.261562	2.848207
0.002	0.711	2.257682	0.000000	0.971689	1.261562	2.848207
0.003	0.711	2.257682	0.000000	0.971689	1.261562	2.848207
0.004	0.711	2.257682	0.000000	0.971689	1.261562	2.848207
0.000	0.712	2.235336	0.000000	0.971689	1.274174	2.848207
0.001	0.712	2.235336	0.000000	0.971689	1.274174	2.848207
0.002	0.712	2.235336	0.000000	0.971689	1.274174	2.848207
0.003	0.712	2.235336	0.000000	0.971689	1.274174	2.848207
0.004	0.712	2.235336	0.000000	0.971689	1.274174	2.848207
0.000	0.713	2.214813	0.000000	0.971689	1.285981	2.848207
0.001	0.713	2.214813	0.000000	0.971689	1.285981	2.848207
0.002	0.713	2.214813	0.000000	0.971689	1.285981	2.848207
0.003	0.713	2.214813	0.000000	0.971689	1.285981	2.848207
0.004	0.713	2.214813	0.000000	0.971689	1.285981	2.848207
0.000	0.714	2.196029	0.000000	0.971689	1.296980	2.848206
0.001	0.714	2.196029	0.000000	0.971689	1.296980	2.848206
0.002	0.714	2.196029	0.000000	0.971689	1.296980	2.848206
0.003	0.714	2.196029	0.000000	0.971689	1.296980	2.848206
0.004	0.714	2.196029	0.000000	0.971689	1.296980	2.848206
0.000	0.715	2.178896	0.000000	0.971689	1.307178	2.848206
0.001	0.715	2.178896	0.000000	0.971689	1.307178	2.848206
0.002	0.715	2.178896	0.000000	0.971689	1.307178	2.848206
0.003	0.715	2.178896	0.000000	0.971689	1.307178	2.848206
0.004	0.715	2.178896	0.000000	0.971689	1.307178	2.848206
0.000	0.716	2.163323	0.000000	0.971689	1.316589	2.848207
0.001	0.716	2.163323	0.000000	0.971689	1.316589	2.848207
0.002	0.716	2.163323	0.000000	0.971689	1.316589	2.848207
0.003	0.716	2.163323	0.000000	0.971689	1.316589	2.848207
0.004	0.716	2.163323	0.000000	0.971689	1.316589	2.848207
0.000	0.717	2.149217	0.000000	0.971689	1.325230	2.848207
0.001	0.717	2.149217	0.000000	0.971689	1.325230	2.848207
0.002	0.717	2.149217	0.000000	0.971689	1.325230	2.848207
0.003	0.717	2.149217	0.000000	0.971689	1.325230	2.848207
0.004	0.717	2.149217	0.000000	0.971689	1.325230	2.848207
0.000	0.718	2.136485	0.000000	0.971689	1.333127	2.848207
0.001	0.718	2.136485	0.000000	0.971689	1.333127	2.848207
0.002	0.718	2.136485	0.000000	0.971689	1.333127	2.848207
0.003	0.718	2.136485	0.000000	0.971689	1.333127	2.848207
0.004	0.718	2.136485	0.000000	0.971689	1.333127	2.848207
0.000	0.719	2.125034	0.000000	0.971689	1.340311	2.848208
0.001	0.719	2.125034	0.000000	0.971689	1.340311	2.848208
0.002	0.719	2.125034	0.000000	0.971689	1.340311	2.848208
0.003	0.719	2.125034	0.000000	0.971689	1.340311	2.848208
0.004	0.719	2.125034	0.000000	0.971689	1.340311	2.848208
0.000	0.720	2.114772	0.000000	0.971689	1.346816	2.848208
0.001	0.720	2.114772	0.000000	0.971689	1.346816	2.848208
0.002	0.720	2.114772	0.000000	0.971689	1.346816	2.848208
0.003	0.720	2.114772	0.000000	0.971689	1.346816	2.848208
0.004	0.720	2.114772	0.000000	0.971689	1.346816	2.848208
0.000	0.721	2.105607	0.000000	0.971689	1.352678	2.848208
0.001	0.721	2.105607	0.000000	0.971689	1.352678	2.848208
0.002	0.721	2.105607	0.000000	0.971689	1.352678	2.848208
0.003	0.721	2.105607	0.000000	0.971689	1.352678	2.848208
0.004	0.721	2.105607	0.000000	0.971689	1.352678	2.848208
0.000	0.722	2.097453	0.000000	0.971689	1.357937	2.848209
0.001	0.722	2.097453	0.000000	0.971689	1.357937	2.848209
0.002	0.722	2.097453	0.000000	0.971689	1.357937	2.848209
0.003	0.722	2.097453	0.000000	0.971689	1.357937	2.848209
0.004	0.722	2.097453	0.000000	0.971689	1.357937	2.848209
0.000	0.723	2.090226	0.000000	0.971689	1.362633	2.848209
0.001	0.723	2.090226	0.000000	0.971689	1.362633	2.848209
0.002	0.723	2.090226	0.000000	0.971689	1.362633	2.848209
0.003	0.723	2.090226	0.000000	0.971689	1.362633	2.848209
0.004	0.723	2.090226	0.000000	0.971689	1.362633	2.848209
0.000	0.724	2.083842	0.000000	0.971690	1.366807	2.848210
0.001	0.724	2.083842	0.000000	0.971690	1.366807	2.848210
0.002	0.724	2.083842	0.000000	0.971690	1.366807	2.848210
0.003	0.724	2.083842	0.000000	0.971690	1.366807	2.848210
0.004	0.724	2.083842	0.000000	0.971690	1.366807	2.848210
0.000	0.725	2.078226	0.000000	0.971690	1.370501	2.848210
0.001	0.725	2.078226	0.000000	0.971690	1.370501	2.848210
0.002	0.725	2.078226	0.000000	0.971690	1.370501	2.848210
0.003	0.725	2.078226	0.000000	0.971690	1.370501	2.848210
0.004	0.725	2.078226	0.000000	0.971690	1.370501	2.848210
0.000	0.726	2.073303	0.000000	0.971690	1.373756	2.848211
0.001	0.726	2.073303	0.000000	0.971690	1.373756	2.848211
0.002	0.726	2.073303	0.000000	0.971690	1.373756	2.848211
0.003	0.726	2.073303	0.000000	0.971690	1.373756	2.848211
0.004	0.726	2.073303	0.000000	0.971690	1.373756	2.848211
0.000	0.727	2.069004	0.000000	0.971690	1.376610	2.848211
0.001	0.727	2.069004	0.000000	0.971690	1.376610	2.848211
0.002	0.727	2.069004	0.000000	0.971690	1.376610	2.848211
0.003	0.727	2.069004	0.000000	0.971690	1.376610	2.848211
0.004	0.727	2.069004	0.000000	0.971690	1.376610	2.848211
0.000	0.728	2.065265	0.000000	0.971690	1.379102	2.848212
0.001	0.728	2.065265	0.000000	0.971690	1.379102	2.848212
0.002	0.728	2.065265	0.000000	0.971690	1.379102	2.848212
0.003	0.728	2.065265	0.000000	0.971690	1.379102	2.848212
0.004	0.728	2.065265	0.000000	0.971690	1.379102	2.848212
0.000	0.729	2.062026	0.000000	0.971690	1.381269	2.848212
0.001	0.729	2.062026	0.000000	0.971690	1.381269	2.848212
0.002	0.729	2.062026	0.000000	0.971690	1.381269	2.848212
0.003	0.729	2.062026	0.000000	0.971690	1.381269	2.848212
0.004	0.729	2.062026	0.000000	0.971690	1.381269	2.848212
0.000	0.730	2.059229	0.000000	0.971690	1.383145	2.848212
0.001	0.730	2.059229	0.000000	0.971690	1.383145	2.848212
0.002	0.730	2.059229	0.000000	0.971690	1.383145	2.848212
0.003	0.730	2.059229	0.000000	0.971690	1.383145	2.848212
0.004	0.730	2.059229	0.000000	0.971690	1.383145	2.848212
0.000	0.731	2.056826	0.000000	0.971690	1.384761	2.848212
0.001	0.731	2.056826	0.000000	0.971690	1.384761	2.848212
0.002	0.731	2.056826	0.000000	0.971690	1.384761	2.848212
0.003	0.731	2.056826	0.000000	0.971690	1.384761	2.848212
0.004	0.731	2.056826	0.000000	0.971690	1.384761	2.848212
0.000	0.732	2.054768	0.000000	0.971690	1.386148	2.848212
0.001	0.732	2.054768	0.000000	0.971690	1.386148	2.848212
0.002	0.732	2.054768	0.000000	0.971690	1.386148	2.848212
0.003	0.732	2.054768	0.000000	0.971690	1.386148	2.848212
0.004	0.732	2.054768	0.000000	0.971690	1.386148	2.848212
0.000	0.733	2.053013	0.000000	0.971690	1.387333	2.848213
0.001	0.733	2.053013	0.000000	0.971690	1.387333	2.848213
0.002	0.733	2.053013	0.000000	0.971690	1.387333	2.848213
0.003	0.733	2.053013	0.000000	0.971690	1.387333	2.848213
0.004	0.733	2.053013	0.000000	0.971690	1.387333	2.848213
0.000	0.734	2.051523	0.000000	0.971690	1.388341	2.848213
0.001	0.734	2.051523	0.000000	0.971690	1.388341	2.848213
0.002	0.734	2.051523	0.000000	0.971690	1.388341	2.848213
0.003	0.734	2.051523	0.000000	0.971690	1.388341	2.848213
0.004	0.734	2.051523	0.000000	0.971690	1.388341	2.848213
0.000	0.735	2.050263	0.000000	0.971690	1.389195	2.848214
0.001	0.735	2.050263	0.000000	0.971690	1.389195	2.848214
0.002	0.735	2.050263	0.000000	0.971690	1.389195	2.848214
0.003	0.735	2.050263	0.000000	0.971690	1.389195	2.848214
0.004	0.735	2.050263	0.000000	0.971690	1.389195	2.848214
0.000	0.736	2.049201	0.000000	0.971690	1.389915	2.848215
0.001	0.736	2.049201	0.000000	0.971690	1.389915	2.848215
0.002	0.736	2.049201	0.000000	0.971690	1.389915	2.848215
0.003	0.736	2.049201	0.000000	0.971690	1.389915	2.848215
0.004	0.736	2.049201	0.000000	0.971690	1.389915	2.848215
0.000	0.737	2.048311	0.000000	0.971690	1.390519	2.848215
0.001	0.737	2.048311	0.000000	0.971690	1.390519	2.848215
0.002	0.737	2.048311	0.000000	0.971690	1.390519	2.848215
0.003	0.737	2.048311	0.000000	0.971690	1.390519	2.848215
0.004	0.737	2.048311	0.000000	0.971690	1.390519	2.848215
0.000	0.738	2.047567	0.000000	0.971691	1.391024	2.848216
0.001	0.738	2.047567	0.000000	0.971691	1.391024	2.848216
0.002	0.738	2.047567	0.000000	0.971691	1.391024	2.848216
0.003	0.738	2.047567	0.000000	0.971691	1.391024	2.848216
0.004	0.738	2.047567	0.000000	0.971691	1.391024	2.848216
0.000	0.739	2.046949	0.000000	0.971691	1.391445	2.848216
0.001	0.739	2.046949	0.000000	0.971691	1.391445	2.848216
0.002	0.739	2.046949	0.000000	0.971691	1.391445	2.848216
0.003	0.739	2.046949	0.000000	0.971691	1.391445	2.848216
0.004	0.739	2.046949	0.000000	0.971691	1.391445	2.848216
0.000	0.740	2.046437	0.000000	0.971691	1.391793	2.848216
0.001	0.740	2.046437	0.000000	0.971691	1.391793	2.848216
0.002	0.740	2.046437	0.000000	0.971691	1.391793	2.848216
0.003	0.740	2.046437	0.000000	0.971691	1.391793	2.848216
0.004	0.740	2.046437	0.000000	0.971691	1.391793	2.848216
0.000	0.741	2.046016	0.000000	0.971691	1.392080	2.848217
0.001	0.741	2.046016	0.000000	0.971691	1.392080	2.848217
0.002	0.741	2.046016	0.000000	0.971691	1.392080	2.848217
0.003	0.741	2.046016	0.000000	0.971691	1.392080	2.848217
0.004	0.741	2.046016	0.000000	0.971691	1.392080	2.848217
0.000	0.742	2.045670	0.000000	0.971691	1.392315	2.848217
0.001	0.742	2.045670	0.000000	0.971691	1.392315	2.848217
0.002	0.742	2.045670	0.000000	0.971691	1.392315	2.848217
0.003	0.742	2.045670	0.000000	0.971691	1.392315	2.848217
0.004	0.742	2.045670	0.000000	0.971691	1.392315	2.848217
0.000	0.743	2.045387	0.000000	0.971691	1.392508	2.848217
0.001	0.743	2.045387	0.000000	0.971691	1.392508	2.848217
0.002	0.743	2.045387	0.000000	0.971691	1.392508	2.848217
0.003	0.743	2.045387	0.000000	0.971691	1.392508	2.848217
0.004	0.743	2.045387	0.000000	0.971691	1.392508	2.848217
0.000	0.744	2.045158	0.000000	0.971691	1.392664	2.848217
0.001	0.744	2.045158	0.000000	0.971691	1.392664	2.848217
0.002	0.744	2.045158	0.000000	0.971691	1.392664	2.848217
0.003	0.744	2.045158	0.000000	0.971691	1.392664	2.848217
0.004	0.744	2.045158	0.000000	0.971691	1.392664	2.848217
0.000	0.745	2.044973	0.000000	0.971691	1.392790	2.848217
0.001	0.745	2.044973	0.000000	0.971691	1.392790	2.848217
0.002	0.745	2.044973	0.000000	0.971691	1.392790	2.848217
0.003	0.745	2.044973	0.000000	0.971691	1.392790	2.848217
0.004	0.745	2.044973	0.000000	0.971691	1.392790	2.848217
0.000	0.746	2.044824	0.000000	0.971691	1.392892	2.848218
0.001	0.746	2.044824	0.000000	0.971691	1.392892	2.848218
0.002	0.746	2.044824	0.000000	0.971691	1.392892	2.848218
0.003	0.746	2.044824	0.000000	0.971691	1.392892	2.848218
0.004	0.746	2.044824	0.000000	0.971691	1.392892	2.848218
0.000	0.747	2.044705	0.000000	0.971691	1.392973	2.848218
0.001	0.747	2.044705	0.000000	0.971691	1.392973	2.848218
0.002	0.747	2.044705	0.000000	0.971691	1.392973	2.848218
0.003	0.747	2.044705	0.000000	0.971691	1.392973	2.848218
0.004	0.747	2.044705	0.000000	0.971691	1.392973	2.848218
0.000	0.748	2.044610	0.000000	0.971692	1.393037	2.848218
0.001	0.748	2.044610	0.000000	0.971692	1.393037	2.848218
0.002	0.748	2.044610	0.000000	0.971692	1.393037	2.848218
0.003	0.748	2.044610	0.000000	0.971692	1.393037	2.848218
0.004	0.748	2.044610	0.000000	0.971692	1.393037	2.848218
0.000	0.749	2.044536	0.000000	0.971692	1.393088	2.848219
0.001	0.749	2.044536	0.000000	0.971692	1.393088	2.848219
0.002	0.749	2.044536	0.000000	0.971692	1.393088	2.848219
0.003	0.749	2.044536	0.000000	0.971692	1.393088	2.848219
0.004	0.749	2.044536	0.000000	0.971692	1.393088	2.848219
0.000	0.750	2.044478	0.000000	0.971692	1.393128	2.848219
0.001	0.750	2.044478	0.000000	0.971692	1.393128	2.848219
0.002	0.750	2.044478	0.000000	0.971692	1.393128	2.848219
0.003	0.750	2.044478	0.000000	0.971692	1.393128	2.848219
0.004	0.750	2.044478	0.000000	0.971692	1.393128	2.848219
0.000	0.751	2.044433	0.000000	0.971692	1.393159	2.848219
0.001	0.751	2.044433	0.000000	0.971692	1.393159	2.848219
0.002	0.751	2.044433	0.000000	0.971692	1.393159	2.848219
0.003	0.751	2.044433	0.000000	0.971692	1.393159	2.848219
0.004	0.751	2.044433	0.000000	0.971692	1.393159	2.848219
0.000	0.752	2.044398	0.000000	0.971692	1.393183	2.848220
0.001	0.752	2.044398	0.000000	0.971692	1.393183	2.848220
0.002	0.752	2.044398	0.000000	0.971692	1.393183	2.848220
0.003	0.752	2.044398	0.000000	0.971692	1.393183	2.848220
0.004	0.752	2.044398	0.000000	0.971692	1.393183	2.848220
0.000	0.753	2.044371	0.000000	0.971692	1.393201	2.848219
0.001	0.753	2.044371	0.000000	0.971692	1.393201	2.848219
0.002	0.753	2.044371	0.000000	0.971692	1.393201	2.848219
0.003	0.753	2.044371	0.000000	0.971692	1.393201	2.848219
0.004	0.753	2.044371	0.000000	0.971692	1.393201	2.848219
0.000	0.754	2.044351	0.000000	0.971692	1.393214	2.848219
0.001	0.754	2.044351	0.000000	0.971692	1.393214	2.848219
0.002	0.754	2.044351	0.000000	0.971692	1.393214	2.848219
0.003	0.754	2.044351	0.000000	0.971692	1.393214	2.848219
0.004	0.754	2.044351	0.000000	0.971692	1.393214	2.848219
0.000	0.755	2.044337	0.000000	0.971692	1.393224	2.848220
0.001	0.755	2.044337	0.000000	0.971692	1.393224	2.848220
0.002	0.755	2.044337	0.000000	0.971692	1.393224	2.848220
0.003	0.755	2.044337	0.000000	0.971692	1.393224	2.848220
0.004	0.755	2.044337	0.000000	0.971692	1.393224	2.848220
0.000	0.756	2.044327	0.000000	0.971692	1.393231	2.848219
0.001	0.756	2.044327	0.000000	0.971692	1.393231	2.848219
0.002	0.756	2.044327	0.000000	0.971692	1.393231	2.848219
0.003	0.756	2.044327	0.000000	0.971692	1.393231	2.848219
0.004	0.756	2.044327	0.000000	0.971692	1.393231	2.848219
0.000	0.757	2.044319	0.000000	0.971692	1.393236	2.848219
0.001	0.757	2.044319	0.000000	0.971692	1.393236	2.848219
0.002	0.757	2.044319	0.000000	0.971692	1.393236	2.848219
0.003	0.757	2.044319	0.000000	0.971692	1.393236	2.848219
0.004	0.757	2.044319	0.000000	0.971692	1.393236	2.848219
0.000	0.758	2.044315	0.000000	0.971692	1.393239	2.848219
0.001	0.758	2.044315	0.000000	0.971692	1.393239	2.848219
0.002	0.758	2.044315	0.000000	0.971692	1.393239	2.848219
0.003	0.758	2.044315	0.000000	0.971692	1.393239	2.848219
0.004	0.758	2.044315	0.000000	0.971692	1.393239	2.848219
0.000	0.759	2.044312	0.000000	0.971692	1.393241	2.848219
0.001	0.759	2.044312	0.000000	0.971692	1.393241	2.848219
0.002	0.759	2.044312	0.000000	0.971692	1.393241	2.848219
0.003	0.759	2.044312	0.000000	0.971692	1.393241	2.848219
0.004	0.759	2.044312	0.000000	0.971692	1.393241	2.848219
0.000	0.760	2.044311	0.000000	0.971692	1.393242	2.848220
0.001	0.760	2.044311	0.000000	0.971692	1.393242	2.848220
0.002	0.760	2.044311	0.000000	0.971692	1.393242	2.848220
0.003	0.760	2.044311	0.000000	0.971692	1.393242	2.848220
0.004	0.760	2.044311	0.000000	0.971692	1.393242	2.848220
0.000	0.761	2.044311	0.000000	0.971693	1.393242	2.848220
0.001	0.761	2.044311	0.000000	0.971693	1.393242	2.848220
0.002	0.761	2.044311	0.000000	0.971693	1.393242	2.848220
0.003	0.761	2.044311	0.000000	0.971693	1.393242	2.848220
0.004	0.761	2.044311	0.000000	0.971693	1.393242	2.848220
0.000	0.762	2.044312	0.000000	0.971693	1.393241	2.848220
0.001	0.762	2.044312	0.000000	0.971693	1.393241	2.848220
0.002	0.762	2.044312	0.000000	0.971693	1.393241	2.848220
0.003	0.762	2.044312	0.000000	0.971693	1.393241	2.848220
0.004	0.762	2.044312	0.000000	0.971693	1.393241	2.848220
0.000	0.763	2.044313	0.000000	0.971693	1.393241	2.848221
0.001	0.763	2.044313	0.000000	0.971693	1.393241	2.848221
0.002	0.763	2.044313	0.000000	0.971693	1.393241	2.848221
0.003	0.763	2.044313	0.000000	0.971693	1.393241	2.848221
0.004	0.763	2.044313	0.000000	0.971693	1.393241	2.848221
0.000	0.764	2.044315	0.000000	0.971693	1.393240	2.848222
0.001	0.764	2.044315	0.000000	0.971693	1.393240	2.848222
0.002	0.764	2.044315	0.000000	0.971693	1.393240	2.848222
0.003	0.764	2.044315	0.000000	0.971693	1.393240	2.848222
0.004	0.764	2.044315	0.000000	0.971693	1.393240	2.848222
0.000	0.765	2.044317	0.000000	0.971693	1.393239	2.848222
0.001	0.765	2.044317	0.000000	0.971693	1.393239	2.848222
0.002	0.765	2.044317	0.000000	0.971693	1.393239	2.848222
0.003	0.765	2.044317	0.000000	0.971693	1.393239	2.848222
0.004	0.765	2.044317	0.000000	0.971693	1.393239	2.848222
0.000	0.766	2.044319	0.000000	0.971693	1.393238	2.848223
0.001	0.766	2.044319	0.000000	0.971693	1.393238	2.848223
0.002	0.766	2.044319	0.000000	0.971693	1.393238	2.848223
0.003	0.766	2.044319	0.000000	0.971693	1.393238	2.848223
0.004	0.766	2.044319	0.000000	0.971693	1.393238	2.848223
0.000	0.767	2.044321	0.000000	0.971693	1.393237	2.848223
0.001	0.767	2.044321	0.000000	0.971693	1.393237	2.848223
0.002	0.767	2.044321	0.000000	0.971693	1.393237	2.848223
0.003	0.767	2.044321	0.000000	0.971693	1.393237	2.848223
0.004	0.767	2.044321	0.000000	0.971693	1.393237	2.848223
0.000	0.768	2.044323	0.000000	0.971694	1.393235	2.848223
0.001	0.768	2.044323	0.000000	0.971694	1.393235	2.848223
0.002	0.768	2.044323	0.000000	0.971694	1.393235	2.848223
0.003	0.768	2.044323	0.000000	0.971694	1.393235	2.848223
0.004	0.768	2.044323	0.000000	0.971694	1.393235	2.848223
0.000	0.769	2.044325	0.000000	0.971694	1.393234	2.848223
0.001	0.769	2.044325	0.000000	0.971694	1.393234	2.848223
0.002	0.769	2.044325	0.000000	0.971694	1.393234	2.848223
0.003	0.769	2.044325	0.000000	0.971694	1.393234	2.848223
0.004	0.769	2.044325	0.000000	0.971694	1.393234	2.848223
0.000	0.770	2.044328	0.000000	0.971694	1.393232	2.848223
0.001	0.770	2.044328	0.000000	0.971694	1.393232	2.848223
0.002	0.770	2.044328	0.000000	0.971694	1.393232	2.848223
0.003	0.770	2.044328	0.000000	0.971694	1.393232	2.848223
0.004	0.770	2.044328	0.000000	0.971694	1.393232	2.848223
0.000	0.771	2.044330	0.000000	0.971694	1.393231	2.848223
0.001	0.771	2.044330	0.000000	0.971694	1.393231	2.848223
0.002	0.771	2.044330	0.000000	0.971694	1.393231	2.848223
0.003	0.771	2.044330	0.000000	0.971694	1.393231	2.848223
0.004	0.771	2.044330	0.000000	0.971694	1.393231	2.848223
0.000	0.772	2.044332	0.000000	0.971694	1.393229	2.848223
0.001	0.772	2.044332	0.000000	0.971694	1.393229	2.848223
0.002	0.772	2.044332	0.000000	0.971694	1.393229	2.848223
0.003	0.772	2.044332	0.000000	0.971694	1.393229	2.848223
0.004	0.772	2.044332	0.000000	0.971694	1.393229	2.848223
0.000	0.773	2.044334	0.000000	0.971694	1.393228	2.848224
0.001	0.773	2.044334	0.000000	0.971694	1.393228	2.848224
0.002	0.773	2.044334	0.000000	0.971694	1.393228	2.848224
0.003	0.773	2.044334	0.000000	0.971694	1.393228	2.848224
0.004	0.773	2.044334	0.000000	0.971694	1.393228	2.848224
0.000	0.774	2.044337	0.000000	0.971694	1.393227	2.848225
0.001	0.774	2.044337	0.000000	0.971694	1.393227	2.848225
0.002	0.774	2.044337	0.000000	0.971694	1.393227	2.848225
0.003	0.774	2.044337	0.000000	0.971694	1.393227	2.848225
0.004	0.774	2.044337	0.000000	0.971694	1.393227	2.848225
0.000	0.775	2.044339	0.000000	0.971694	1.393226	2.848225
0.001	0.775	2.044339	0.000000	0.971694	1.393226	2.848225
0.002	0.775	2.044339	0.000000	0.971694	1.393226	2.848225
0.003	0.775	2.044339	0.000000	0.971694	1.393226	2.848225
0.004	0.775	2.044339	0.000000	0.971694	1.393226	2.848225
0.000	0.776	2.044341	0.000000	0.971694	1.393224	2.848225
0.001	0.776	2.044341	0.000000	0.971694	1.393224	2.848225
0.002	0.776	2.044341	0.000000	0.971694	1.393224	2.848225
0.003	0.776	2.044341	0.000000	0.971694	1.393224	2.848225
0.004	0.776	2.044341	0.000000	0.971694	1.393224	2.848225
0.000	0.777	2.044343	0.000000	0.971694	1.393223	2.848226
0.001	0.777	2.044343	0.000000	0.971694	1.393223	2.848226
0.002	0.777	2.044343	0.000000	0.971694	1.393223	2.848226
0.003	0.777	2.044343	0.000000	0.971694	1.393223	2.848226
0.004	0.777	2.044343	0.000000	0.971694	1.393223	2.848226
0.000	0.778	2.044345	0.000000	0.971695	1.393221	2.848226
0.001	0.778	2.044345	0.000000	0.971695	1.393221	2.848226
0.002	0.778	2.044345	0.000000	0.971695	1.393221	2.848226
0.003	0.778	2.044345	0.000000	0.971695	1.393221	2.848226
0.004	0.778	2.044345	0.000000	0.971695	1.393221	2.848226
0.000	0.779	2.044347	0.000000	0.971695	1.393220	2.848226
0.001	0.779	2.044347	0.000000	0.971695	1.393220	2.848226
0.002	0.779	2.044347	0.000000	0.971695	1.393220	2.848226
0.003	0.779	2.044347	0.000000	0.971695	1.393220	2.848226
0.004	0.779	2.044347	0.000000	0.971695	1.393220	2.848226
0.000	0.780	2.044349	0.000000	0.971695	1.393219	2.848227
0.001	0.780	2.044349	0.000000	0.971695	1.393219	2.848227
0.002	0.780	2.044349	0.000000	0.971695	1.393219	2.848227
0.003	0.780	2.044349	0.000000	0.971695	1.393219	2.848227
0.004	0.780	2.044349	0.000000	0.971695	1.393219	2.848227
0.000	0.781	2.044351	0.000000	0.971695	1.393218	2.848227
0.001	0.781	2.044351	0.000000	0.971695	1.393218	2.848227
0.002	0.781	2.044351	0.000000	0.971695	1.393218	2.848227
0.003	0.781	2.044351	0.000000	0.971695	1.393218	2.848227
0.004	0.781	2.044351	0.000000	0.971695	1.393218	2.848227
0.000	0.782	2.044352	0.000000	0.971695	1.393217	2.848227
0.001	0.782	2.044352	0.000000	0.971695	1.393217	2.848227
0.002	0.782	2.044352	0.000000	0.971695	1.393217	2.848227
0.003	0.782	2.044352	0.000000	0.971695	1.393217	2.848227
0.004	0.782	2.044352	0.000000	0.971695	1.393217	2.848227
0.000	0.783	2.044354	0.000000	0.971695	1.393216	2.848227
0.001	0.783	2.044354	0.000000	0.971695	1.393216	2.848227
0.002	0.783	2.044354	0.000000	0.971695	1.393216	2.848227
0.003	0.783	2.044354	0.000000	0.971695	1.393216	2.848227
0.004	0.783	2.044354	0.000000	0.971695	1.393216	2.848227
0.000	0.784	2.044355	0.000000	0.971695	1.393216	2.848228
0.001	0.784	2.044355	0.000000	0.971695	1.393216	2.848228
0.002	0.784	2.044355	0.000000	0.971695	1.393216	2.848228
0.003	0.784	2.044355	0.000000	0.971695	1.393216	2.848228
0.004	0.784	2.044355	0.000000	0.971695	1.393216	2.848228
0.000	0.785	2.044357	0.000000	0.971695	1.393215	2.848229
0.001	0.785	2.044357	0.000000	0.971695	1.393215	2.848229
0.002	0.785	2.044357	0.000000	0.971695	1.393215	2.848229
0.003	0.785	2.044357	0.000000	0.971695	1.393215	2.848229
0.004	0.785	2.044357	0.000000	0.971695	1.393215	2.848229
0.000	0.786	2.044358	0.000000	0.971696	1.393214	2.848229
0.001	0.786	2.044358	0.000000	0.971696	1.393214	2.848229
0.002	0.786	2.044358	0.000000	0.971696	1.393214	2.848229
0.003	0.786	2.044358	0.000000	0.971696	1.393214	2.848229
0.004	0.786	2.044358	0.000000	0.971696	1.393214	2.848229
0.000	0.787	2.044360	0.000000	0.971696	1.393213	2.848230
0.001	0.787	2.044360	0.000000	0.971696	1.393213	2.848230
0.002	0.787	2.044360	0.000000	0.971696	1.393213	2.848230
0.003	0.787	2.044360	0.000000	0.971696	1.393213	2.848230
0.004	0.787	2.044360	0.000000	0.971696	1.393213	2.848230
0.000	0.788	2.044362	0.000000	0.971696	1.393213	2.848231
0.001	0.788	2.044362	0.000000	0.971696	1.393213	2.848231
0.002	0.788	2.044362	0.000000	0.971696	1.393213	2.848231
0.003	0.788	2.044362	0.000000	0.971696	1.393213	2.848231
0.004	0.788	2.044362	0.000000	0.971696	1.393213	2.848231
0.000	0.789	2.044363	0.000000	0.971697	1.393212	2.848232
0.001	0.789	2.044363	0.000000	0.971697	1.393212	2.848232
0.002	0.789	2.044363	0.000000	0.971697	1.393212	2.848232
0.003	0.789	2.044363	0.000000	0.971697	1.393212	2.848232
0.004	0.789	2.044363	0.000000	0.971697	1.393212	2.848232
0.000	0.790	2.044365	0.000000	0.971697	1.393211	2.848233
0.001	0.790	2.044365	0.000000	0.971697	1.393211	2.848233
0.002	0.790	2.044365	0.000000	0.971697	1.393211	2.848233
0.003	0.790	2.044365	0.000000	0.971697	1.393211	2.848233
0.004	0.790	2.044365	0.000000	0.971697	1.393211	2.848233
0.000	0.791	2.044367	0.000000	0.971697	1.393210	2.848233
0.001	0.791	2.044367	0.000000	0.971697	1.393210	2.848233
0.002	0.791	2.044367	0.000000	0.971697	1.393210	2.848233
0.003	0.791	2.044367	0.000000	0.971697	1.393210	2.848233
0.004	0.791	2.044367	0.000000	0.971697	1.393210	2.848233
0.000	0.792	2.044369	0.000000	0.971697	1.393209	2.848233
0.001	0.792	2.044369	0.000000	0.971697	1.393209	2.848233
0.002	0.792	2.044369	0.000000	0.971697	1.393209	2.848233
0.003	0.792	2.044369	0.000000	0.971697	1.393209	2.848233
0.004	0.792	2.044369	0.000000	0.971697	1.393209	2.848233
0.000	0.793	2.044370	0.000000	0.971697	1.393209	2.848234
0.001	0.793	2.044370	0.000000	0.971697	1.393209	2.848234
0.002	0.793	2.044370	0.000000	0.971697	1.393209	2.848234
0.003	0.793	2.044370	0.000000	0.971697	1.393209	2.848234
0.004	0.793	2.044370	0.000000	0.971697	1.393209	2.848234
0.000	0.794	2.044372	0.000000	0.971698	1.393208	2.848235
0.001	0.794	2.044372	0.000000	0.971698	1.393208	2.848235
0.002	0.794	2.044372	0.000000	0.971698	1.393208	2.848235
0.003	0.794	2.044372	0.000000	0.971698	1.393208	2.848235
0.004	0.794	2.044372	0.000000	0.971698	1.393208	2.848235
0.000	0.795	2.044373	0.000000	0.971698	1.393207	2.848235
0.001	0.795	2.044373	0.000000	0.971698	1.393207	2.848235
0.002	0.795	2.044373	0.000000	0.971698	1.393207	2.848235
0.003	0.795	2.044373	0.000000	0.971698	1.393207	2.848235
0.004	0.795	2.044373	0.000000	0.971698	1.393207	2.848235
0.000	0.796	2.044374	0.000000	0.971698	1.393207	2.848236
0.001	0.796	2.044374	0.000000	0.971698	1.393207	2.848236
0.002	0.796	2.044374	0.000000	0.971698	1.393207	2.848236
0.003	0.796	2.044374	0.000000	0.971698	1.393207	2.848236
0.004	0.796	2.044374	0.000000	0.971698	1.393207	2.848236
0.000	0.797	2.044375	0.000000	0.971698	1.393206	2.848237
0.001	0.797	2.044375	0.000000	0.971698	1.393206	2.848237
0.002	0.797	2.044375	0.000000	0.971698	1.393206	2.848237
0.003	0.797	2.044375	0.000000	0.971698	1.393206	2.848237
0.004	0.797	2.044375	0.000000	0.971698	1.393206	2.848237
0.000	0.798	2.044377	0.000000	0.971698	1.393206	2.848237
0.001	0.798	2.044377	0.000000	0.971698	1.393206	2.848237
0.002	0.798	2.044377	0.000000	0.971698	1.393206	2.848237
0.003	0.798	2.044377	0.000000	0.971698	1.393206	2.848237
0.004	0.798	2.044377	0.000000	0.971698	1.393206	2.848237
0.000	0.799	2.044377	0.000000	0.971699	1.393205	2.848237
0.001	0.799	2.044377	0.000000	0.971699	1.393205	2.848237
0.002	0.799	2.044377	0.000000	0.971699	1.393205	2.848237
0.003	0.799	2.044377	0.000000	0.971699	1.393205	2.848237
0.004	0.799	2.044377	0.000000	0.971699	1.393205	2.848237
0.000	0.800	2.044378	0.000000	0.971699	1.393205	2.848238
0.001	0.800	2.044378	0.000000	0.971699	1.393205	2.848238
0.002	0.800	2.044378	0.000000	0.971699	1.393205	2.848238
0.003	0.800	2.044378	0.000000	0.971699	1.393205	2.848238
0.004	0.800	2.044378	0.000000	0.971699	1.393205	2.848238
0.000	0.801	2.044379	0.000000	0.971699	1.393205	2.848239
0.001	0.801	2.044379	0.000000	0.971699	1.393205	2.848239
0.002	0.801	2.044379	0.000000	0.971699	1.393205	2.848239
0.003	0.801	2.044379	0.000000	0.971699	1.393205	2.848239
0.004	0.801	2.044379	0.000000	0.971699	1.393205	2.848239
0.000	0.802	2.044380	0.000000	0.971699	1.393205	2.848239
0.001	0.802	2.044380	0.000000	0.971699	1.393205	2.848239
0.002	0.802	2.044380	0.000000	0.971699	1.393205	2.848239
0.003	0.802	2.044380	0.000000	0.971699	1.393205	2.848239
0.004	0.802	2.044380	0.000000	0.971699	1.393205	2.848239
0.000	0.803	2.044381	0.000000	0.971699	1.393204	2.848240
0.001	0.803	2.044381	0.000000	0.971699	1.393204	2.848240
0.002	0.803	2.044381	0.000000	0.971699	1.393204	2.848240
0.003	0.803	2.044381	0.000000	0.971699	1.393204	2.848240
0.004	0.803	2.044381	0.000000	0.971699	1.393204	2.848240
0.000	0.804	2.044381	0.000000	0.971699	1.393204	2.848240
0.001	0.804	2.044381	0.000000	0.971699	1.393204	2.848240
0.002	0.804	2.044381	0.000000	0.971699	1.393204	2.848240
0.003	0.804	2.044381	0.000000	0.971699	1.393204	2.848240
0.004	0.804	2.044381	0.000000	0.971699	1.393204	2.848240
0.000	0.805	2.044383	0.000000	0.971700	1.393204	2.848241
0.001	0.805	2.044383	0.000000	0.971700	1.393204	2.848241
0.002	0.805	2.044383	0.000000	0.971700	1.393204	2.848241
0.003	0.805	2.044383	0.000000	0.971700	1.393204	2.848241
0.004	0.805	2.044383	0.000000	0.971700	1.393204	2.848241
0.000	0.806	2.044384	0.000000	0.971700	1.393203	2.848242
0.001	0.806	2.044384	0.000000	0.971700	1.393203	2.848242
0.002	0.806	2.044384	0.000000	0.971700	1.393203	2.848242
0.003	0.806	2.044384	0.000000	0.971700	1.393203	2.848242
0.004	0.806	2.044384	0.000000	0.971700	1.393203	2.848242
0.000	0.807	2.044385	0.000000	0.971700	1.393203	2.848243
0.001	0.807	2.044385	0.000000	0.971700	1.393203	2.848243
0.002	0.807	2.044385	0.000000	0.971700	1.393203	2.848243
0.003	0.807	2.044385	0.000000	0.971700	1.393203	2.848243
0.004	0.807	2.044385	0.000000	0.971700	1.393203	2.848243
0.000	0.808	2.044386	0.000000	0.971700	1.393203	2.848244
0.001	0.808	2.044386	0.000000	0.971700	1.393203	2.848244
0.002	0.808	2.044386	0.000000	0.971700	1.393203	2.848244
0.003	0.808	2.044386	0.000000	0.971700	1.393203	2.848244
0.004	0.808	2.044386	0.000000	0.971700	1.393203	2.848244
0.000	0.809	2.044387	0.000000	0.971700	1.393203	2.848245
0.001	0.809	2.044387	0.000000	0.971700	1.393203	2.848245
0.002	0.809	2.044387	0.000000	0.971700	1.393203	2.848245
0.003	0.809	2.044387	0.000000	0.971700	1.393203	2.848245
0.004	0.809	2.044387	0.000000	0.971700	1.393203	2.848245
0.000	0.810	2.044388	0.000000	0.971701	1.393202	2.848245
0.001	0.810	2.044388	0.000000	0.971701	1.393202	2.848245
0.002	0.810	2.044388	0.000000	0.971701	1.393202	2.848245
0.003	0.810	2.044388	0.000000	0.971701	1.393202	2.848245
0.004	0.810	2.044388	0.000000	0.971701	1.393202	2.848245
0.000	0.811	2.044389	0.000000	0.971701	1.393202	2.848246
0.001	0.811	2.044389	0.000000	0.971701	1.393202	2.848246
0.002	0.811	2.044389	0.000000	0.971701	1.393202	2.848246
0.003	0.811	2.044389	0.000000	0.971701	1.393202	2.848246
0.004	0.811	2.044389	0.000000	0.971701	1.393202	2.848246
0.000	0.812	2.044389	0.000000	0.971701	1.393201	2.848246
0.001	0.812	2.044389	0.000000	0.971701	1.393201	2.848246
0.002	0.812	2.044389	0.000000	0.971701	1.393201	2.848246
0.003	0.812	2.044389	0.000000	0.971701	1.393201	2.848246
0.004	0.812	2.044389	0.000000	0.971701	1.393201	2.848246
0.000	0.813	2.044390	0.000000	0.971701	1.393201	2.848247
0.001	0.813	2.044390	0.000000	0.971701	1.393201	2.848247
0.002	0.813	2.044390	0.000000	0.971701	1.393201	2.848247
0.003	0.813	2.044390	0.000000	0.971701	1.393201	2.848247
0.004	0.813	2.044390	0.000000	0.971701	1.393201	2.848247
0.000	0.814	2.044391	0.000000	0.971702	1.393201	2.848248
0.001	0.814	2.044391	0.000000	0.971702	1.393201	2.848248
0.002	0.814	2.044391	0.000000	0.971702	1.393201	2.848248
0.003	0.814	2.044391	0.000000	0.971702	1.393201	2.848248
0.004	0.814	2.044391	0.000000	0.971702	1.393201	2.848248
0.000	0.815	2.044392	0.000000	0.971702	1.393201	2.848248
0.001	0.815	2.044392	0.000000	0.971702	1.393201	2.848248
0.002	0.815	2.044392	0.000000	0.971702	1.393201	2.848248
0.003	0.815	2.044392	0.000000	0.971702	1.393201	2.848248
0.004	0.815	2.044392	0.000000	0.971702	1.393201	2.848248
0.000	0.816	2.044392	0.000000	0.971702	1.393201	2.848248
0.001	0.816	2.044392	0.000000	0.971702	1.393201	2.848248
0.002	0.816	2.044392	0.000000	0.971702	1.393201	2.848248
0.003	0.816	2.044392	0.000000	0.971702	1.393201	2.848248
0.004	0.816	2.044392	0.000000	0.971702	1.393201	2.848248
0.000	0.817	2.044393	0.000000	0.971702	1.393200	2.848250
0.001	0.817	2.044393	0.000000	0.971702	1.393200	2.848250
0.002	0.817	2.044393	0.000000	0.971702	1.393200	2.848250
0.003	0.817	2.044393	0.000000	0.971702	1.393200	2.848250
0.004	0.817	2.044393	0.000000	0.971702	1.393200	2.848250
0.000	0.818	2.044394	0.000000	0.971703	1.393200	2.848250
0.001	0.818	2.044394	0.000000	0.971703	1.393200	2.848250
0.002	0.818	2.044394	0.000000	0.971703	1.393200	2.848250
0.003	0.818	2.044394	0.000000	0.971703	1.393200	2.848250
0.004	0.818	2.044394	0.000000	0.971703	1.393200	2.848250
0.000	0.819	2.044395	0.000000	0.971703	1.393200	2.848251
0.001	0.819	2.044395	0.000000	0.971703	1.393200	2.848251
0.002	0.819	2.044395	0.000000	0.971703	1.393200	2.848251
0.003	0.819	2.044395	0.000000	0.971703	1.393200	2.848251
0.004	0.819	2.044395	0.000000	0.971703	1.393200	2.848251
0.000	0.820	2.044395	0.000000	0.971703	1.393200	2.848252
0.001	0.820	2.044395	0.000000	0.971703	1.393200	2.848252
0.002	0.820	2.044395	0.000000	0.971703	1.393200	2.848252
0.003	0.820	2.044395	0.000000	0.971703	1.393200	2.848252
0.004	0.820	2.044395	0.000000	0.971703	1.393200	2.848252
0.000	0.821	2.044396	0.000000	0.971703	1.393200	2.848252
0.001	0.821	2.044396	0.000000	0.971703	1.393200	2.848252
0.002	0.821	2.044396	0.000000	0.971703	1.393200	2.848252
0.003	0.821	2.044396	0.000000	0.971703	1.393200	2.848252
0.004	0.821	2.044396	0.000000	0.971703	1.393200	2.848252
0.000	0.822	2.044397	0.000000	0.971703	1.393199	2.848253
0.001	0.822	2.044397	0.000000	0.971703	1.393199	2.848253
0.002	0.822	2.044397	0.000000	0.971703	1.393199	2.848253
0.003	0.822	2.044397	0.000000	0.971703	1.393199	2.848253
0.004	0.822	2.044397	0.000000	0.971703	1.393199	2.848253
0.000	0.823	2.044398	0.000000	0.971703	1.393199	2.848253
0.001	0.823	2.044398	0.000000	0.971703	1.393199	2.848253
0.002	0.823	2.044398	0.000000	0.971703	1.393199	2.848253
0.003	0.823	2.044398	0.000000	0.971703	1.393199	2.848253
0.004	0.823	2.044398	0.000000	0.971703	1.393199	2.848253
0.000	0.824	2.044399	0.000000	0.971703	1.393199	2.848254
0.001	0.824	2.044399	0.000000	0.971703	1.393199	2.848254
0.002	0.824	2.044399	0.000000	0.971703	1.393199	2.848254
0.003	0.824	2.044399	0.000000	0.971703	1.393199	2.848254
0.004	0.824	2.044399	0.000000	0.971703	1.393199	2.848254
0.000	0.825	2.044399	0.000000	0.971703	1.393198	2.848254
0.001	0.825	2.044399	0.000000	0.971703	1.393198	2.848254
0.002	0.825	2.044399	0.000000	0.971703	1.393198	2.848254
0.003	0.825	2.044399	0.000000	0.971703	1.393198	2.848254
0.004	0.825	2.044399	0.000000	0.971703	1.393198	2.848254
0.000	0.826	2.044400	0.000000	0.971704	1.393198	2.848255
0.001	0.826	2.044400	0.000000	0.971704	1.393198	2.848255
0.002	0.826	2.044400	0.000000	0.971704	1.393198	2.848255
0.003	0.826	2.044400	0.000000	0.971704	1.393198	2.848255
0.004	0.826	2.044400	0.000000	0.971704	1.393198	2.848255
0.000	0.827	2.044401	0.000000	0.971704	1.393198	2.848256
0.001	0.827	2.044401	0.000000	0.971704	1.393198	2.848256
0.002	0.827	2.044401	0.000000	0.971704	1.393198	2.848256
0.003	0.827	2.044401	0.000000	0.971704	1.393198	2.848256
0.004	0.827	2.044401	0.000000	0.971704	1.393198	2.848256
0.000	0.828	2.044403	0.000000	0.971704	1.393198	2.848257
0.001	0.828	2.044403	0.000000	0.971704	1.393198	2.848257
0.002	0.828	2.044403	0.000000	0.971704	1.393198	2.848257
0.003	0.828	2.044403	0.000000	0.971704	1.393198	2.848257
0.004	0.828	2.044403	0.000000	0.971704	1.393198	2.848257
0.000	0.829	2.044404	0.000000	0.971705	1.393198	2.848258
0.001	0.829	2.044404	0.000000	0.971705	1.393198	2.848258
0.002	0.829	2.044404	0.000000	0.971705	1.393198	2.848258
0.003	0.829	2.044404	0.000000	0.971705	1.393198	2.848258
0.004	0.829	2.044404	0.000000	0.971705	1.393198	2.848258
0.000	0.830	2.044405	0.000000	0.971705	1.393197	2.848260
0.001	0.830	2.044405	0.000000	0.971705	1.393197	2.848260
0.002	0.830	2.044405	0.000000	0.971705	1.393197	2.848260
0.003	0.830	2.044405	0.000000	0.971705	1.393197	2.848260
0.004	0.830	2.044405	0.000000	0.971705	1.393197	2.848260
0.000	0.831	2.044406	0.000000	0.971706	1.393197	2.848261
0.001	0.831	2.044406	0.000000	0.971706	1.393197	2.848261
0.002	0.831	2.044406	0.000000	0.971706	1.393197	2.848261
0.003	0.831	2.044406	0.000000	0.971706	1.393197	2.848261
0.004	0.831	2.044406	0.000000	0.971706	1.393197	2.848261
0.000	0.832	2.044408	0.000000	0.971706	1.393197	2.848263
0.001	0.832	2.044408	0.000000	0.971706	1.393197	2.848263
0.002	0.832	2.044408	0.000000	0.971706	1.393197	2.848263
0.003	0.832	2.044408	0.000000	0.971706	1.393197	2.848263
0.004	0.832	2.044408	0.000000	0.971706	1.393197	2.848263
0.000	0.833	2.044409	0.000000	0.971707	1.393197	2.848264
0.001	0.833	2.044409	0.000000	0.971707	1.393197	2.848264
0.002	0.833	2.044409	0.000000	0.971707	1.393197	2.848264
0.003	0.833	2.044409	0.000000	0.971707	1.393197	2.848264
0.004	0.833	2.044409	0.000000	0.971707	1.393197	2.848264
0.000	0.834	2.044410	0.000000	0.971707	1.393197	2.848265
0.001	0.834	2.044410	0.000000	0.971707	1.393197	2.848265
0.002	0.834	2.044410	0.000000	0.971707	1.393197	2.848265
0.003	0.834	2.044410	0.000000	0.971707	1.393197	2.848265
0.004	0.834	2.044410	0.000000	0.971707	1.393197	2.848265
0.000	0.835	2.044410	0.000000	0.971708	1.393197	2.848266
0.001	0.835	2.044410	0.000000	0.971708	1.393197	2.848266
0.002	0.835	2.044410	0.000000	0.971708	1.393197	2.848266
0.003	0.835	2.044410	0.000000	0.971708	1.393197	2.848266
0.004	0.835	2.044410	0.000000	0.971708	1.393197	2.848266
0.000	0.836	2.044411	0.000000	0.971708	1.393197	2.848267
0.001	0.836	2.044411	0.000000	0.971708	1.393197	2.848267
0.002	0.836	2.044411	0.000000	0.971708	1.393197	2.848267
0.003	0.836	2.044411	0.000000	0.971708	1.393197	2.848267
0.004	0.836	2.044411	0.000000	0.971708	1.393197	2.848267
0.000	0.837	2.044412	0.000000	0.971709	1.393197	2.848268
0.001	0.837	2.044412	0.000000	0.971709	1.393197	2.848268
0.002	0.837	2.044412	0.000000	0.971709	1.393197	2.848268
0.003	0.837	2.044412	0.000000	0.971709	1.393197	2.848268
0.004	0.837	2.044412	0.000000	0.971709	1.393197	2.848268
0.000	0.838	2.044413	0.000000	0.971709	1.393197	2.848269
0.001	0.838	2.044413	0.000000	0.971709	1.393197	2.848269
0.002	0.838	2.044413	0.000000	0.971709	1.393197	2.848269
0.003	0.838	2.044413	0.000000	0.971709	1.393197	2.848269
0.004	0.838	2.044413	0.000000	0.971709	1.393197	2.848269
0.000	0.839	2.044414	0.000000	0.971709	1.393197	2.848270
0.001	0.839	2.044414	0.000000	0.971709	1.393197	2.848270
0.002	0.839	2.044414	0.000000	0.971709	1.393197	2.848270
0.003	0.839	2.044414	0.000000	0.971709	1.393197	2.848270
0.004	0.839	2.044414	0.000000	0.971709	1.393197	2.848270
0.000	0.840	2.044414	0.000000	0.971710	1.393197	2.848271
0.001	0.840	2.044414	0.000000	0.971710	1.393197	2.848271
0.002	0.840	2.044414	0.000000	0.971710	1.393197	2.848271
0.003	0.840	2.044414	0.000000	0.971710	1.393197	2.848271
0.004	0.840	2.044414	0.000000	0.971710	1.393197	2.848271
0.000	0.841	2.044415	0.000000	0.971710	1.393196	2.848272
0.001	0.841	2.044415	0.000000	0.971710	1.393196	2.848272
0.002	0.841	2.044415	0.000000	0.971710	1.393196	2.848272
0.003	0.841	2.044415	0.000000	0.971710	1.393196	2.848272
0.004	0.841	2.044415	0.000000	0.971710	1.393196	2.848272
0.000	0.842	2.044416	0.000000	0.971711	1.393196	2.848273
0.001	0.842	2.044416	0.000000	0.971711	1.393196	2.848273
0.002	0.842	2.044416	0.000000	0.971711	1.393196	2.848273
0.003	0.842	2.044416	0.000000	0.971711	1.393196	2.848273
0.004	0.842	2.044416	0.000000	0.971711	1.393196	2.848273
0.000	0.843	2.044416	0.000000	0.971711	1.393196	2.848274
0.001	0.843	2.044416	0.000000	0.971711	1.393196	2.848274
0.002	0.843	2.044416	0.000000	0.971711	1.393196	2.848274
0.003	0.843	2.044416	0.000000	0.971711	1.393196	2.848274
0.004	0.843	2.044416	0.000000	0.971711	1.393196	2.848274
0.000	0.844	2.044417	0.000000	0.971711	1.393196	2.848275
0.001	0.844	2.044417	0.000000	0.971711	1.393196	2.848275
0.002	0.844	2.044417	0.000000	0.971711	1.393196	2.848275
0.003	0.844	2.044417	0.000000	0.971711	1.393196	2.848275
0.004	0.844	2.044417	0.000000	0.971711	1.393196	2.848275
0.000	0.845	2.044418	0.000000	0.971711	1.393196	2.848276
0.001	0.845	2.044418	0.000000	0.971711	1.393196	2.848276
0.002	0.845	2.044418	0.000000	0.971711	1.393196	2.848276
0.003	0.845	2.044418	0.000000	0.971711	1.393196	2.848276
0.004	0.845	2.044418	0.000000	0.971711	1.393196	2.848276
0.000	0.846	2.044419	0.000000	0.971712	1.393196	2.848277
0.001	0.846	2.044419	0.000000	0.971712	1.393196	2.848277
0.002	0.846	2.044419	0.000000	0.971712	1.393196	2.848277
0.003	0.846	2.044419	0.000000	0.971712	1.393196	2.848277
0.004	0.846	2.044419	0.000000	0.971712	1.393196	2.848277
0.000	0.847	2.044420	0.000000	0.971712	1.393197	2.848279
0.001	0.847	2.044420	0.000000	0.971712	1.393197	2.848279
0.002	0.847	2.044420	0.000000	0.971712	1.393197	2.848279
0.003	0.847	2.044420	0.000000	0.971712	1.393197	2.848279
0.004	0.847	2.044420	0.000000	0.971712	1.393197	2.848279
0.000	0.848	2.044421	0.000000	0.971713	1.393196	2.848280
0.001	0.848	2.044421	0.000000	0.971713	1.393196	2.848280
0.002	0.848	2.044421	0.000000	0.971713	1.393196	2.848280
0.003	0.848	2.044421	0.000000	0.971713	1.393196	2.848280
0.004	0.848	2.044421	0.000000	0.971713	1.393196	2.848280
0.000	0.849	2.044422	0.000000	0.971713	1.393196	2.848281
0.001	0.849	2.044422	0.000000	0.971713	1.393196	2.848281
0.002	0.849	2.044422	0.000000	0.971713	1.393196	2.848281
0.003	0.849	2.044422	0.000000	0.971713	1.393196	2.848281
0.004	0.849	2.044422	0.000000	0.971713	1.393196	2.848281
0.000	0.850	2.044423	0.000000	0.971714	1.393197	2.848283
0.001	0.850	2.044423	0.000000	0.971714	1.393197	2.848283
0.002	0.850	2.044423	0.000000	0.971714	1.393197	2.848283
0.003	0.850	2.044423	0.000000	0.971714	1.393197	2.848283
0.004	0.850	2.044423	0.000000	0.971714	1.393197	2.848283
0.000	0.851	2.044424	0.000000	0.971714	1.393197	2.848285
0.001	0.851	2.044424	0.000000	0.971714	1.393197	2.848285
0.002	0.851	2.044424	0.000000	0.971714	1.393197	2.848285
0.003	0.851	2.044424	0.000000	0.971714	1.393197	2.848285
0.004	0.851	2.044424	0.000000	0.971714	1.393197	2.848285
0.000	0.852	2.044424	0.000000	0.971714	1.393197	2.848285
0.001	0.852	2.044424	0.000000	0.971714	1.393197	2.848285
0.002	0.852	2.044424	0.000000	0.971714	1.393197	2.848285
0.003	0.852	2.044424	0.000000	0.971714	1.393197	2.848285
0.004	0.852	2.044424	0.000000	0.971714	1.393197	2.848285
0.000	0.853	2.044424	0.000000	0.971714	1.393196	2.848284
0.001	0.853	2.044424	0.000000	0.971714	1.393196	2.848284
0.002	0.853	2.044424	0.000000	0.971714	1.393196	2.848284
0.003	0.853	2.044424	0.000000	0.971714	1.393196	2.848284
0.004	0.853	2.044424	0.000000	0.971714	1.393196	2.848284
0.000	0.854	2.044425	0.000000	0.971715	1.393197	2.848286
0.001	0.854	2.044425	0.000000	0.971715	1.393197	2.848286
0.002	0.854	2.044425	0.000000	0.971715	1.393197	2.848286
0.003	0.854	2.044425	0.000000	0.971715	1.393197	2.848286
0.004	0.854	2.044425	0.000000	0.971715	1.393197	2.848286
0.000	0.855	2.044428	0.000000	0.971717	1.393197	2.848292
0.001	0.855	2.044428	0.000000	0.971717	1.393197	2.848292
0.002	0.855	2.044428	0.000000	0.971717	1.393197	2.848292
0.003	0.855	2.044428	0.000000	0.971717	1.393197	2.848292
0.004	0.855	2.044428	0.000000	0.971717	1.393197	2.848292
0.000	0.856	2.044431	0.000000	0.971718	1.393198	2.848297
0.001	0.856	2.044431	0.000000	0.971718	1.393198	2.848297
0.002	0.856	2.044431	0.000000	0.971718	1.393198	2.848297
0.003	0.856	2.044431	0.000000	0.971718	1.393198	2.848297
0.004	0.856	2.044431	0.000000	0.971718	1.393198	2.848297
0.000	0.857	2.044428	0.000000	0.971716	1.393197	2.848290
0.001	0.857	2.044428	0.000000	0.971716	1.393197	2.848290
0.002	0.857	2.044428	0.000000	0.971716	1.393197	2.848290
0.003	0.857	2.044428	0.000000	0.971716	1.393197	2.848290
0.004	0.857	2.044428	0.000000	0.971716	1.393197	2.848290
0.000	0.858	2.044418	0.000000	0.971710	1.393194	2.848272
0.001	0.858	2.044418	0.000000	0.971710	1.393194	2.848272
0.002	0.858	2.044418	0.000000	0.971710	1.393194	2.848272
0.003	0.858	2.044418	0.000000	0.971710	1.393194	2.848272
0.004	0.858	2.044418	0.000000	0.971710	1.393194	2.848272
0.000	0.859	2.044417	0.000000	0.971709	1.393194	2.848269
0.001	0.859	2.044417	0.000000	0.971709	1.393194	2.848269
0.002	0.859	2.044417	0.000000	0.971709	1.393194	2.848269
0.003	0.859	2.044417	0.000000	0.971709	1.393194	2.848269
0.004	0.859	2.044417	0.000000	0.971709	1.393194	2.848269
0.000	0.860	2.044441	0.000000	0.971725	1.393200	2.848317
0.001	0.860	2.044441	0.000000	0.971725	1.393200	2.848317
0.002	0.860	2.044441	0.000000	0.971725	1.393200	2.848317
0.003	0.860	2.044441	0.000000	0.971725	1.393200	2.848317
0.004	0.860	2.044441	0.000000	0.971725	1.393200	2.848317
0.000	0.861	2.044476	0.000000	0.971749	1.393210	2.848384
0.001	0.861	2.044476	0.000000	0.971749	1.393210	2.848384
0.002	0.861	2.044476	0.000000	0.971749	1.393210	2.848384
0.003	0.861	2.044476	0.000000	0.971749	1.393210	2.848384
0.004	0.861	2.044476	0.000000	0.971749	1.393210	2.848384
0.000	0.862	2.044457	0.000000	0.971736	1.393204	2.848347
0.001	0.862	2.044457	0.000000	0.971736	1.393204	2.848347
0.002	0.862	2.044457	0.000000	0.971736	1.393204	2.848347
0.003	0.862	2.044457	0.000000	0.971736	1.393204	2.848347
0.004	0.862	2.044457	0.000000	0.971736	1.393204	2.848347
0.000	0.863	2.044347	0.000000	0.971661	1.393174	2.848132
0.001	0.863	2.044347	0.000000	0.971661	1.393174	2.848132
0.002	0.863	2.044347	0.000000	0.971661	1.393174	2.848132
0.003	0.863	2.044347	0.000000	0.971661	1.393174	2.848132
0.004	0.863	2.044347	0.000000	0.971661	1.393174	2.848132
0.000	0.864	2.044266	0.000000	0.971606	1.393152	2.847975
0.001	0.864	2.044266	0.000000	0.971606	1.393152	2.847975
0.002	0.864	2.044266	0.000000	0.971606	1.393152	2.847975
0.003	0.864	2.044266	0.000000	0.971606	1.393152	2.847975
0.004	0.864	2.044266	0.000000	0.971606	1.393152	2.847975
0.000	0.865	2.044455	0.000000	0.971734	1.393203	2.848342
0.001	0.865	2.044455	0.000000	0.971734	1.393203	2.848342
0.002	0.865	2.044455	0.000000	0.971734	1.393203	2.848342
0.003	0.865	2.044455	0.000000	0.971734	1.393203	2.848342
0.004	0.865	2.044455	0.000000	0.971734	1.393203	2.848342
0.000	0.866	2.044890	0.000000	0.972031	1.393322	2.849190
0.001	0.866	2.044890	0.000000	0.972031	1.393322	2.849190
0.002	0.866	2.044890	0.000000	0.972031	1.393322	2.849190
0.003	0.866	2.044890	0.000000	0.972031	1.393322	2.849190
0.004	0.866	2.044890	0.000000	0.972031	1.393322	2.849190
0.000	0.867	2.044929	0.000000	0.972057	1.393332	2.849266
0.001	0.867	2.044929	0.000000	0.972057	1.393332	2.849266
0.002	0.867	2.044929	0.000000	0.972057	1.393332	2.849266
0.003	0.867	2.044929	0.000000	0.972057	1.393332	2.849266
0.004	0.867	2.044929	0.000000	0.972057	1.393332	2.849266
0.000	0.868	2.043859	0.000000	0.971326	1.393041	2.847178
0.001	0.868	2.043859	0.000000	0.971326	1.393041	2.847178
0.002	0.868	2.043859	0.000000	0.971326	1.393041	2.847178
0.003	0.868	2.043859	0.000000	0.971326	1.393041	2.847178
0.004	0.868	2.043859	0.000000	0.971326	1.393041	2.847178
0.000	0.869	2.042478	0.000000	0.970383	1.392664	2.844485
0.001	0.869	2.042478	0.000000	0.970383	1.392664	2.844485
0.002	0.869	2.042478	0.000000	0.970383	1.392664	2.844485
0.003	0.869	2.042478	0.000000	0.970383	1.392664	2.844485
0.004	0.869	2.042478	0.000000	0.970383	1.392664	2.844485
0.000	0.870	2.043578	0.000000	0.971135	1.392964	2.846631
0.001	0.870	2.043578	0.000000	0.971135	1.392964	2.846631
0.002	0.870	2.043578	0.000000	0.971135	1.392964	2.846631
0.003	0.870	2.043578	0.000000	0.971135	1.392964	2.846631
0.004	0.870	2.043578	0.000000	0.971135	1.392964	2.846631
0.000	0.871	2.048438	0.000000	0.974454	1.394289	2.856114
0.001	0.871	2.048438	0.000000	0.974454	1.394289	2.856114
0.002	0.871	2.048438	0.000000	0.974454	1.394289	2.856114
0.003	0.871	2.048438	0.000000	0.974454	1.394289	2.856114
0.004	0.871	2.048438	0.000000	0.974454	1.394289	2.856114
0.000	0.872	2.051401	0.000000	0.976470	1.395091	2.861892
0.001	0.872	2.051401	0.000000	0.976470	1.395091	2.861892
0.002	0.872	2.051401	0.000000	0.976470	1.395091	2.861892
0.003	0.872	2.051401	0.000000	0.976470	1.395091	2.861892
0.004	0.872	2.051401	0.000000	0.976470	1.395091	2.861892
0.000	0.873	2.042400	0.000000	0.970345	1.392659	2.844368
0.001	0.873	2.042400	0.000000	0.970345	1.392659	2.844368
0.002	0.873	2.042400	0.000000	0.970345	1.392659	2.844368
0.003	0.873	2.042400	0.000000	0.970345	1.392659	2.844368
0.004	0.873	2.042400	0.000000	0.970345	1.392659	2.844368
0.000	0.874	2.023767	0.000000	0.957547	1.387548	2.808073
0.001	0.874	2.023767	0.000000	0.957547	1.387548	2.808073
0.002	0.874	2.023767	0.000000	0.957547	1.387548	2.808073
0.003	0.874	2.023767	0.000000	0.957547	1.387548	2.808073
0.004	0.874	2.023767	0.000000	0.957547	1.387548	2.808073
0.000	0.875	2.024228	0.000000	0.957860	1.387681	2.808982
0.001	0.875	2.024228	0.000000	0.957860	1.387681	2.808982
0.002	0.875	2.024228	0.000000	0.957860	1.387681	2.808982
0.003	0.875	2.024228	0.000000	0.957860	1.387681	2.808982
0.004	0.875	2.024228	0.000000	0.957860	1.387681	2.808982
0.000	0.876	2.071948	0.000000	0.990681	1.400947	2.902690
0.001	0.876	2.071948	0.000000	0.990681	1.400947	2.902690
0.002	0.876	2.071948	0.000000	0.990681	1.400947	2.902690
0.003	0.876	2.071948	0.000000	0.990681	1.400947	2.902690
0.004	0.876	2.071948	0.000000	0.990681	1.400947	2.902690
0.000	0.877	2.125138	0.000000	1.025768	1.414707	3.006448
0.001	0.877	2.125138	0.000000	1.025768	1.414707	3.006448
0.002	0.877	2.125138	0.000000	1.025768	1.414707	3.006448
0.003	0.877	2.125138	0.000000	1.025768	1.414707	3.006448
0.004	0.877	2.125138	0.000000	1.025768	1.414707	3.006448
0.000	0.878	2.060652	0.000000	0.983848	1.398912	2.882670
0.001	0.878	2.060652	0.000000	0.983848	1.398912	2.882670
0.002	0.878	2.060652	0.000000	0.983848	1.398912	2.882670
0.003	0.878	2.060652	0.000000	0.983848	1.398912	2.882670
0.004	0.878	2.060652	0.000000	0.983848	1.398912	2.882670
0.000	0.879	1.807860	0.000000	0.807169	1.331766	2.407648
0.001	0.879	1.807860	0.000000	0.807169	1.331766	2.407648
0.002	0.879	1.807860	0.000000	0.807169	1.331766	2.407648
0.003	0.879	1.807860	0.000000	0.807169	1.331766	2.407648
0.004	0.879	1.807860	0.000000	0.807169	1.331766	2.407648
0.000	0.880	1.465724	0.000000	0.518644	1.215356	1.781377
0.001	0.880	1.465724	0.000000	0.518644	1.215356	1.781377
0.002	0.880	1.465724	0.000000	0.518644	1.215356	1.781377
0.003	0.880	1.465724	0.000000	0.518644	1.215356	1.781377
0.004	0.880	1.465724	0.000000	0.518644	1.215356	1.781377
0.000	0.881	1.199649	0.000000	0.239549	1.096534	1.315455
0.001	0.881	1.199649	0.000000	0.239549	1.096534	1.315455
0.002	0.881	1.199649	0.000000	0.239549	1.096534	1.315455
0.003	0.881	1.199649	0.000000	0.239549	1.096534	1.315455
0.004	0.881	1.199649	0.000000	0.239549	1.096534	1.315455
0.000	0.882	1.066607	0.000000	0.080848	1.030355	1.098983
0.001	0.882	1.066607	0.000000	0.080848	1.030355	1.098983
0.002	0.882	1.066607	0.000000	0.080848	1.030355	1.098983
0.003	0.882	1.066607	0.000000	0.080848	1.030355	1.098983
0.004	0.882	1.066607	0.000000	0.080848	1.030355	1.098983
0.000	0.883	1.019057	0.000000	0.022855	1.008080	1.027291
0.001	0.883	1.019057	0.000000	0.022855	1.008080	1.027291
0.002	0.883	1.019057	0.000000	0.022855	1.008080	1.027291
0.003	0.883	1.019057	0.000000	0.022855	1.008080	1.027291
0.004	0.883	1.019057	0.000000	0.022855	1.008080	1.027291
0.000	0.884	1.005098	0.000000	0.006062	1.002081	1.007189
0.001	0.884	1.005098	0.000000	0.006062	1.002081	1.007189
0.002	0.884	1.005098	0.000000	0.006062	1.002081	1.007189
0.003	0.884	1.005098	0.000000	0.006062	1.002081	1.007189
0.004	0.884	1.005098	0.000000	0.006062	1.002081	1.007189
0.000	0.885	1.001332	0.000000	0.001579	1.000536	1.001869
0.001	0.885	1.001332	0.000000	0.001579	1.000536	1.001869
0.002	0.885	1.001332	0.000000	0.001579	1.000536	1.001869
0.003	0.885	1.001332	0.000000	0.001579	1.000536	1.001869
0.004	0.885	1.001332	0.000000	0.001579	1.000536	1.001869
0.000	0.886	1.000345	0.000000	0.000409	1.000139	1.000484
0.001	0.886	1.000345	0.000000	0.000409	1.000139	1.000484
0.002	0.886	1.000345	0.000000	0.000409	1.000139	1.000484
0.003	0.886	1.000345	0.000000	0.000409	1.000139	1.000484
0.004	0.886	1.000345	0.000000	0.000409	1.000139	1.000484
0.000	0.887	1.000089	0.000000	0.000106	1.000036	1.000125
0.001	0.887	1.000089	0.000000	0.000106	1.000036	1.000125
0.002	0.887	1.000089	0.000000	0.000106	1.000036	1.000125
0.003	0.887	1.000089	0.000000	0.000106	1.000036	1.000125
0.004	0.887	1.000089	0.000000	0.000106	1.000036	1.000125
0.000	0.888	1.000023	0.000000	0.000027	1.000009	1.000032
0.001	0.888	1.000023	0.000000	0.000027	1.000009	1.000032
0.002	0.888	1.000023	0.000000	0.000027	1.000009	1.000032
0.003	0.888	1.000023	0.000000	0.000027	1.000009	1.000032
0.004	0.888	1.000023	0.000000	0.000027	1.000009	1.000032
0.000	0.889	1.000006	0.000000	0.000007	1.000003	1.000008
0.001	0.889	1.000006	0.000000	0.000007	1.000003	1.000008
0.002	0.889	1.000006	0.000000	0.000007	1.000003	1.000008
0.003	0.889	1.000006	0.000000	0.000007	1.000003	1.000008
0.004	0.889	1.000006	0.000000	0.000007	1.000003	1.000008
0.000	0.890	1.000001	0.000000	0.000002	1.000001	1.000002
0.001	0.890	1.000001	0.000000	0.000002	1.000001	1.000002
0.002	0.890	1.000001	0.000000	0.000002	1.000001	1.000002
0.003	0.890	1.000001	0.000000	0.000002	1.000001	1.000002
0.004	0.890	1.000001	0.000000	0.000002	1.000001	1.000002
0.000	0.891	1.000000	0.000000	0.000000	1.000000	1.000000
0.001	0.891	1.000000	0.000000	0.000000	1.000000	1.000000
0.002	0.891	1.000000	0.000000	0.000000	1.000000	1.000000
0.003	0.891	1.000000	0.000000	0.000000	1.000000	1.000000
0.004	0.891	1.000000	0.000000	0.000000	1.000000	1.000000
0.000	0.892	1.000000	0.000000	0.000000	1.000000	1.000000
0.001	0.892	1.000000	0.000000	0.000000	1.000000	1.000000
0.002	0.892	1.000000	0.000000	0.000000	1.000000	1.000000
0.003	0.892	1.000000	0.000000	0.000000	1.000000	1.000000
0.004	0.892	1.000000	0.000000	0.000000	1.000000	1.000000
0.000	0.893	1.000000	0.000000	0.000000	1.000000	1.000000
0.001	0.893	1.000000	0.000000	0.000000	1.000000	1.000000
0.002	0.893	1.000000	0.000000	0.000000	1.000000	1.000000
0.003	0.893	1.000000	0.000000	0.000000	1.000000	1.000000
0.004	0.893	1.000000	0.000000	0.000000	1.000000	1.000000
0.000	0.894	1.000000	0.000000	0.000000	1.000000	1.000000
0.001	0.894	1.000000	0.000000	0.000000	1.000000	1.000000
0.002	0.894	1.000000	0.000000	0.000000	1.000000	1.000000
0.003	0.894	1.000000	0.000000	0.000000	1.000000	1.000000
0.004	0.894	1.000000	0.000000	0.000000	1.000000	1.000000
0.000	0.895	1.000000	0.000000	0.000000	1.000000	1.000000
0.001	0.895	1.000000	0.000000	0.000000	1.000000	1.000000
0.002	0.895	1.000000	0.000000	0.000000	1.000000	1.000000
0.003	0.895	1.000000	0.000000	0.000000	1.000000	1.000000
0.004	0.895	1.000000	0.000000	0.000000	1.000000	1.000000
0.000	0.896	1.000000	0.000000	0.000000	1.000000	1.000000
0.001	0.896	1.000000	0.000000	0.000000	1.000000	1.000000
0.002	0.896	1.000000	0.000000	0.000000	1.000000	1.000000
0.003	0.896	1.000000	0.000000	0.000000	1.000000	1.000000
0.004	0.896	1.000000	0.000000	0.000000	1.000000	1.000000
0.000	0.897	1.000000	0.000000	0.000000	1.000000	1.000000
0.001	0.897	1.000000	0.000000	0.000000	1.000000	1.000000
0.002	0.897	1.000000	0.000000	0.000000	1.000000	1.000000
0.003	0.897	1.000000	0.000000	0.000000	1.000000	1.000000
0.004	0.897	1.000000	0.000000	0.000000	1.000000	1.000000
0.000	0.898	1.000000	0.000000	0.000000	1.000000	1.000000
0.001	0.898	1.000000	0.000000	0.000000	1.000000	1.000000
0.002	0.898	1.000000	0.000000	0.000000	1.000000	1.000000
0.003	0.898	1.000000	0.000000	0.000000	1.000000	1.000000
0.004	0.898	1.000000	0.000000	0.000000	1.000000	1.000000
0.000	0.899	1.000000	0.000000	0.000000	1.000000	1.000000
0.001	0.899	1.000000	0.000000	0.000000	1.000000	1.000000
0.002	0.899	1.000000	0.000000	0.000000	1.000000	1.000000
0.003	0.899	1.000000	0.000000	0.000000	1.000000	1.000000
0.004	0.899	1.000000	0.000000	0.000000	1.000000	1.000000
0.000	0.900	1.000000	0.000000	0.000000	1.000000	1.000000
0.001	0.900	1.000000	0.000000	0.000000	1.000000	1.000000
0.002	0.900	1.000000	0.000000	0.000000	1.000000	1.000000
0.003	0.900	1.000000	0.000000	0.000000	1.000000	1.000000
0.004	0.900	1.000000	0.000000	0.000000	1.000000	1.000000
0.000	0.901	1.000000	0.000000	0.000000	1.000000	1.000000
0.001	0.901	1.000000	0.000000	0.000000	1.000000	1.000000
0.002	0.901	1.000000	0.000000	0.000000	1.000000	1.000000
0.003	0.901	1.000000	0.000000	0.000000	1.000000	1.000000
0.004	0.901	1.000000	0.000000	0.000000	1.000000	1.000000
0.000	0.902	1.000000	0.000000	0.000000	1.000000	1.000000
0.001	0.902	1.000000	0.000000	0.000000	1.000000	1.000000
0.002	0.902	1.000000	0.000000	0.000000	1.000000	1.000000
0.003	0.902	1.000000	0.000000	0.000000	1.000000	1.000000
0.004	0.902	1.000000	0.000000	0.000000	1.000000	1.000000
0.000	0.903	1.000000	0.000000	0.000000	1.000000	1.000000
0.001	0.903	1.000000	0.000000	0.000000	1.000000	1.000000
0.002	0.903	1.000000	0.000000	0.000000	1.000000	1.000000
0.003	0.903	1.000000	0.000000	0.000000	1.000000	1.000000
0.004	0.903	1.000000	0.000000	0.000000	1.000000	1.000000
0.000	0.904	1.000000	0.000000	0.000000	1.000000	1.000000
0.001	0.904	1.000000	0.000000	0.000000	1.000000	1.000000
0.002	0.904	1.000000	0.000000	0.000000	1.000000	1.000000
0.003	0.904	1.000000	0.000000	0.000000	1.000000	1.000000
0.004	0.904	1.000000	0.000000	0.000000	1.000000	1.000000
0.000	0.905	1.000000	0.000000	0.000000	1.000000	1.000000
0.001	0.905	1.000000	0.000000	0.000000	1.000000	1.000000
0.002	0.905	1.000000	0.000000	0.000000	1.000000	1.000000
0.003	0.905	1.000000	0.000000	0.000000	1.000000	1.000000
0.004	0.905	1.000000	0.000000	0.000000	1.000000	1.000000
0.000	0.906	1.000000	0.000000	0.000000	1.000000	1.000000
0.001	0.906	1.000000	0.000000	0.000000	1.000000	1.000000
0.002	0.906	1.000000	0.000000	0.000000	1.000000	1.000000
0.003	0.906	1.000000	0.000000	0.000000	1.000000	1.000000
0.004	0.906	1.000000	0.000000	0.000000	1.000000	1.000000
0.000	0.907	1.000000	0.000000	0.000000	1.000000	1.000000
0.001	0.907	1.000000	0.000000	0.000000	1.000000	1.000000
0.002	0.907	1.000000	0.000000	0.000000	1.000000	1.000000
0.003	0.907	1.000000	0.000000	0.000000	1.000000	1.000000
0.004	0.907	1.000000	0.000000	0.000000	1.000000	1.000000
0.000	0.908	1.000000	0.000000	0.000000	1.000000	1.000000
0.001	0.908	1.000000	0.000000	0.000000	1.000000	1.000000
0.002	0.908	1.000000	0.000000	0.000000	1.000000	1.000000
0.003	0.908	1.000000	0.000000	0.000000	1.000000	1.000000
0.004	0.908	1.000000	0.000000	0.000000	1.000000	1.000000
0.000	0.909	1.000000	0.000000	0.000000	1.000000	1.000000
0.001	0.909	1.000000	0.000000	0.000000	1.000000	1.000000
0.002	0.909	1.000000	0.000000	0.000000	1.000000	1.000000
0.003	0.909	1.000000	0.000000	0.000000	1.000000	1.000000
0.004	0.909	1.000000	0.000000	0.000000	1.000000	1.000000
0.000	0.910	1.000000	0.000000	0.000000	1.000000	1.000000
0.001	0.910	1.000000	0.000000	0.000000	1.000000	1.000000
0.002	0.910	1.000000	0.000000	0.000000	1.000000	1.000000
0.003	0.910	1.000000	0.000000	0.000000	1.000000	1.000000
0.004	0.910	1.000000	0.000000	0.000000	1.000000	1.000000
0.000	0.911	1.000000	0.000000	0.000000	1.000000	1.000000
0.001	0.911	1.000000	0.000000	0.000000	1.000000	1.000000
0.002	0.911	1.000000	0.000000	0.000000	1.000000	1.000000
0.003	0.911	1.000000	0.000000	0.000000	1.000000	1.000000
0.004	0.911	1.000000	0.000000	0.000000	1.000000	1.000000
0.000	0.912	1.000000	0.000000	0.000000	1.000000	1.000000
0.001	0.912	1.000000	0.000000	0.000000	1.000000	1.000000
0.002	0.912	1.000000	0.000000	0.000000	1.000000	1.000000
0.003	0.912	1.000000	0.000000	0.000000	1.000000	1.000000
0.004	0.912	1.000000	0.000000	0.000000	1.000000	1.000000
0.000	0.913	1.000000	0.000000	0.000000	1.000000	1.000000
0.001	0.913	1.000000	0.000000	0.000000	1.000000	1.000000
0.002	0.913	1.000000	0.000000	0.000000	1.000000	1.000000
0.003	0.913	1.000000	0.000000	0.000000	1.000000	1.000000
0.004	0.913	1.000000	0.000000	0.000000	1.000000	1.000000
0.000	0.914	1.000000	0.000000	0.000000	1.000000	1.000000
0.001	0.914	1.000000	0.000000	0.000000	1.000000	1.000000
0.002	0.914	1.000000	0.000000	0.000000	1.000000	1.000000
0.003	0.914	1.000000	0.000000	0.000000	1.000000	1.000000
0.004	0.914	1.000000	0.000000	0.000000	1.000000	1.000000
0.000	0.915	1.000000	0.000000	0.000000	1.000000	1.000000
0.001	0.915	1.000000	0.000000	0.000000	1.000000	1.000000
0.002	0.915	1.000000	0.000000	0.000000	1.000000	1.000000
0.003	0.915	1.000000	0.000000	0.000000	1.000000	1.000000
0.004	0.915	1.000000	0.000000	0.000000	1.000000	1.000000
0.000	0.916	1.000000	0.000000	0.000000	1.000000	1.000000
0.001	0.916	1.000000	0.000000	0.000000	1.000000	1.000000
0.002	0.916	1.000000	0.000000	0.000000	1.000000	1.000000
0.003	0.916	1.000000	0.000000	0.000000	1.000000	1.000000
0.004	0.916	1.000000	0.000000	0.000000	1.000000	1.000000
0.000	0.917	1.000000	0.000000	0.000000	1.000000	1.000000
0.001	0.917	1.000000	0.000000	0.000000	1.000000	1.000000
0.002	0.917	1.000000	0.000000	0.000000	1.000000	1.000000
0.003	0.917	1.000000	0.000000	0.000000	1.000000	1.000000
0.004	0.917	1.000000	0.000000	0.000000	1.000000	1.000000
0.000	0.918	1.000000	0.000000	0.000000	1.000000	1.000000
0.001	0.918	1.000000	0.000000	0.000000	1.000000	1.000000
0.002	0.918	1.000000	0.000000	0.000000	1.000000	1.000000
0.003	0.918	1.000000	0.000000	0.000000	1.000000	1.000000
0.004	0.918	1.000000	0.000000	0.000000	1.000000	1.000000
0.000	0.919	1.000000	0.000000	0.000000	1.000000	1.000000
0.001	0.919	1.000000	0.000000	0.000000	1.000000	1.000000
0.002	0.919	1.000000	0.000000	0.000000	1.000000	1.000000
0.003	0.919	1.000000	0.000000	0.000000	1.000000	1.000000
0.004	0.919	1.000000	0.000000	0.000000	1.000000	1.000000
0.000	0.920	1.000000	0.000000	0.000000	1.000000	1.000000
0.001	0.920	1.000000	0.000000	0.000000	1.000000	1.000000
0.002	0.920	1.000000	0.000000	0.000000	1.000000	1.000000
0.003	0.920	1.000000	0.000000	0.000000	1.000000	1.000000
0.004	0.920	1.000000	0.000000	0.000000	1.000000	1.000000
0.000	0.921	1.000000	0.000000	0.000000	1.000000	1.000000
0.001	0.921	1.000000	0.000000	0.000000	1.000000	1.000000
0.002	0.921	1.000000	0.000000	0.000000	1.000000	1.000000
0.003	0.921	1.000000	0.000000	0.000000	1.000000	1.000000
0.004	0.921	1.000000	0.000000	0.000000	1.000000	1.000000
0.000	0.922	1.000000	0.000000	0.000000	1.000000	1.000000
0.001	0.922	1.000000	0.000000	0.000000	1.000000	1.000000
0.002	0.922	1.000000	0.000000	0.000000	1.000000	1.000000
0.003	0.922	1.000000	0.000000	0.000000	1.000000	1.000000
0.004	0.922	1.000000	0.000000	0.000000	1.000000	1.000000
0.000	0.923	1.000000	0.000000	0.000000	1.000000	1.000000
0.001	0.923	1.000000	0.000000	0.000000	1.000000	1.000000
0.002	0.923	1.000000	0.000000	0.000000	1.000000	1.000000
0.003	0.923	1.000000	0.000000	0.000000	1.000000	1.000000
0.004	0.923	1.000000	0.000000	0.000000	1.000000	1.000000
0.000	0.924	1.000000	0.000000	0.000000	1.000000	1.000000
0.001	0.924	1.000000	0.000000	0.000000	1.000000	1.000000
0.002	0.924	1.000000	0.000000	0.000000	1.000000	1.000000
0.003	0.924	1.000000	0.000000	0.000000	1.000000	1.000000
0.004	0.924	1.000000	0.000000	0.000000	1.000000	1.000000
0.000	0.925	1.000000	0.000000	0.000000	1.000000	1.000000
0.001	0.925	1.000000	0.000000	0.000000	1.000000	1.000000
0.002	0.925	1.000000	0.000000	0.000000	1.000000	1.000000
0.003	0.925	1.000000	0.000000	0.000000	1.000000	1.000000
0.004	0.925	1.000000	0.000000	0.000000	1.000000	1.000000
0.000	0.926	1.000000	0.000000	0.000000	1.000000	1.000000
0.001	0.926	1.000000	0.000000	0.000000	1.000000	1.000000
0.002	0.926	1.000000	0.000000	0.000000	1.000000	1.000000
0.003	0.926	1.000000	0.000000	0.000000	1.000000	1.000000
0.004	0.926	1.000000	0.000000	0.000000	1.000000	1.000000
0.000	0.927	1.000000	0.000000	0.000000	1.000000	1.000000
0.001	0.927	1.000000	0.000000	0.000000	1.000000	1.000000
0.002	0.927	1.000000	0.000000	0.000000	1.000000	1.000000
0.003	0.927	1.000000	0.000000	0.000000	1.000000	1.000000
0.004	0.927	1.000000	0.000000	0.000000	1.000000	1.000000
0.000	0.928	1.000000	0.000000	0.000000	1.000000	1.000000
0.001	0.928	1.000000	0.000000	0.000000	1.000000	1.000000
0.002	0.928	1.000000	0.000000	0.000000	1.000000	1.000000
0.003	0.928	1.000000	0.000000	0.000000	1.000000	1.000000
0.004	0.928	1.000000	0.000000	0.000000	1.000000	1.000000
0.000	0.929	1.000000	0.000000	0.000000	1.000000	1.000000
0.001	0.929	1.000000	0.000000	0.000000	1.000000	1.000000
0.002	0.929	1.000000	0.000000	0.000000	1.000000	1.000000
0.003	0.929	1.000000	0.000000	0.000000	1.000000	1.000000
0.004	0.929	1.000000	0.000000	0.000000	1.000000	1.000000
0.000	0.930	1.000000	0.000000	0.000000	1.000000	1.000000
0.001	0.930	1.000000	0.000000	0.000000	1.000000	1.000000
0.002	0.930	1.000000	0.000000	0.000000	1.000000	1.000000
0.003	0.930	1.000000	0.000000	0.000000	1.000000	1.000000
0.004	0.930	1.000000	0.000000	0.000000	1.000000	1.000000
0.000	0.931	1.000000	0.000000	0.000000	1.000000	1.000000
0.001	0.931	1.000000	0.000000	0.000000	1.000000	1.000000
0.002	0.931	1.000000	0.000000	0.000000	1.000000	1.000000
0.003	0.931	1.000000	0.000000	0.000000	1.000000	1.000000
0.004	0.931	1.000000	0.000000	0.000000	1.000000	1.000000
0.000	0.932	1.000000	0.000000	0.000000	1.000000	1.000000
0.001	0.932	1.000000	0.000000	0.000000	1.000000	1.000000
0.002	0.932	1.000000	0.000000	0.000000	1.000000	1.000000
0.003	0.932	1.000000	0.000000	0.000000	1.000000	1.000000
0.004	0.932	1.000000	0.000000	0.000000	1.000000	1.000000
0.000	0.933	1.000000	0.000000	0.000000	1.000000	1.000000
0.001	0.933	1.000000	0.000000	0.000000	1.000000	1.000000
0.002	0.933	1.000000	0.000000	0.000000	1.000000	1.000000
0.003	0.933	1.000000	0.000000	0.000000	1.000000	1.000000
0.004	0.933	1.000000	0.000000	0.000000	1.000000	1.000000
0.000	0.934	1.000000	0.000000	0.000000	1.000000	1.000000
0.001	0.934	1.000000	0.000000	0.000000	1.000000	1.000000
0.002	0.934	1.000000	0.000000	0.000000	1.000000	1.000000
0.003	0.934	1.000000	0.000000	0.000000	1.000000	1.000000
0.004	0.934	1.000000	0.000000	0.000000	1.000000	1.000000
0.000	0.935	1.000000	0.000000	0.000000	1.000000	1.000000
0.001	0.935	1.000000	0.000000	0.000000	1.000000	1.000000
0.002	0.935	1.000000	0.000000	0.000000	1.000000	1.000000
0.003	0.935	1.000000	0.000000	0.000000	1.000000	1.000000
0.004	0.935	1.000000	0.000000	0.000000	1.000000	1.000000
0.000	0.936	1.000000	0.000000	0.000000	1.000000	1.000000
0.001	0.936	1.000000	0.000000	0.000000	1.000000	1.000000
0.002	0.936	1.000000	0.000000	0.000000	1.000000	1.000000
0.003	0.936	1.000000	0.000000	0.000000	1.000000	1.000000
0.004	0.936	1.000000	0.000000	0.000000	1.000000	1.000000
0.000	0.937	1.000000	0.000000	0.000000	1.000000	1.000000
0.001	0.937	1.000000	0.000000	0.000000	1.000000	1.000000
0.002	0.937	1.000000	0.000000	0.000000	1.000000	1.000000
0.003	0.937	1.000000	0.000000	0.000000	1.000000	1.000000
0.004	0.937	1.000000	0.000000	0.000000	1.000000	1.000000
0.000	0.938	1.000000	0.000000	0.000000	1.000000	1.000000
0.001	0.938	1.000000	0.000000	0.000000	1.000000	1.000000
0.002	0.938	1.000000	0.000000	0.000000	1.000000	1.000000
0.003	0.938	1.000000	0.000000	0.000000	1.000000	1.000000
0.004	0.938	1.000000	0.000000	0.000000	1.000000	1.000000
0.000	0.939	1.000000	0.000000	0.000000	1.000000	1.000000
0.001	0.939	1.000000	0.000000	0.000000	1.000000	1.000000
0.002	0.939	1.000000	0.000000	0.000000	1.000000	1.000000
0.003	0.939	1.000000	0.000000	0.000000	1.000000	1.000000
0.004	0.939	1.000000	0.000000	0.000000	1.000000	1.000000
0.000	0.940	1.000000	0.000000	0.000000	1.000000	1.000000
0.001	0.940	1.000000	0.000000	0.000000	1.000000	1.000000
0.002	0.940	1.000000	0.000000	0.000000	1.000000	1.000000
0.003	0.940	1.000000	0.000000	0.000000	1.000000	1.000000
0.004	0.940	1.000000	0.000000	0.000000	1.000000	1.000000
0.000	0.941	1.000000	0.000000	0.000000	1.000000	1.000000
0.001	0.941	1.000000	0.000000	0.000000	1.000000	1.000000
0.002	0.941	1.000000	0.000000	0.000000	1.000000	1.000000
0.003	0.941	1.000000	0.000000	0.000000	1.000000	1.000000
0.004	0.941	1.000000	0.000000	0.000000	1.000000	1.000000
0.000	0.942	1.000000	0.000000	0.000000	1.000000	1.000000
0.001	0.942	1.000000	0.000000	0.000000	1.000000	1.000000
0.002	0.942	1.000000	0.000000	0.000000	1.000000	1.000000
0.003	0.942	1.000000	0.000000	0.000000	1.000000	1.000000
0.004	0.942	1.000000	0.000000	0.000000	1.000000	1.000000
0.000	0.943	1.000000	0.000000	0.000000	1.000000	1.000000
0.001	0.943	1.000000	0.000000	0.000000	1.000000	1.000000
0.002	0.943	1.000000	0.000000	0.000000	1.000000	1.000000
0.003	0.943	1.000000	0.000000	0.000000	1.000000	1.000000
0.004	0.943	1.000000	0.000000	0.000000	1.000000	1.000000
0.000	0.944	1.000000	0.000000	0.000000	1.000000	1.000000
0.001	0.944	1.000000	0.000000	0.000000	1.000000	1.000000
0.002	0.944	1.000000	0.000000	0.000000	1.000000	1.000000
0.003	0.944	1.000000	0.000000	0.000000	1.000000	1.000000
0.004	0.944	1.000000	0.000000	0.000000	1.000000	1.000000
0.000	0.945	1.000000	0.000000	0.000000	1.000000	1.000000
0.001	0.945	1.000000	0.000000	0.000000	1.000000	1.000000
0.002	0.945	1.000000	0.000000	0.000000	1.000000	1.000000
0.003	0.945	1.000000	0.000000	0.000000	1.000000	1.000000
0.004	0.945	1.000000	0.000000	0.000000	1.000000	1.000000
0.000	0.946	1.000000	0.000000	0.000000	1.000000	1.000000
0.001	0.946	1.000000	0.000000	0.000000	1.000000	1.000000
0.002	0.946	1.000000	0.000000	0.000000	1.000000	1.000000
0.003	0.946	1.000000	0.000000	0.000000	1.000000	1.000000
0.004	0.946	1.000000	0.000000	0.000000	1.000000	1.000000
0.000	0.947	1.000000	0.000000	0.000000	1.000000	1.000000
0.001	0.947	1.000000	0.000000	0.000000	1.000000	1.000000
0.002	0.947	1.000000	0.000000	0.000000	1.000000	1.000000
0.003	0.947	1.000000	0.000000	0.000000	1.000000	1.000000
0.004	0.947	1.000000	0.000000	0.000000	1.000000	1.000000
0.000	0.948	1.000000	0.000000	0.000000	1.000000	1.000000
0.001	0.948	1.000000	0.000000	0.000000	1.000000	1.000000
0.002	0.948	1.000000	0.000000	0.000000	1.000000	1.000000
0.003	0.948	1.000000	0.000000	0.000000	1.000000	1.000000
0.004	0.948	1.000000	0.000000	0.000000	1.000000	1.000000
0.000	0.949	1.000000	0.000000	0.000000	1.000000	1.000000
0.001	0.949	1.000000	0.000000	0.000000	1.000000	1.000000
0.002	0.949	1.000000	0.000000	0.000000	1.000000	1.000000
0.003	0.949	1.000000	0.000000	0.000000	1.000000	1.000000
0.004	0.949	1.000000	0.000000	0.000000	1.000000	1.000000
0.000	0.950	1.000000	0.000000	0.000000	1.000000	1.000000
0.001	0.950	1.000000	0.000000	0.000000	1.000000	1.000000
0.002	0.950	1.000000	0.000000	0.000000	1.000000	1.000000
0.003	0.950	1.000000	0.000000	0.000000	1.000000	1.000000
0.004	0.950	1.000000	0.000000	0.000000	1.000000	1.000000
0.000	0.951	1.000000	0.000000	0.000000	1.000000	1.000000
0.001	0.951	1.000000	0.000000	0.000000	1.000000	1.000000
0.002	0.951	1.000000	0.000000	0.000000	1.000000	1.000000
0.003	0.951	1.000000	0.000000	0.000000	1.000000	1.000000
0.004	0.951	1.000000	0.000000	0.000000	1.000000	1.000000
0.000	0.952	1.000000	0.000000	0.000000	1.000000	1.000000
0.001	0.952	1.000000	0.000000	0.000000	1.000000	1.000000
0.002	0.952	1.000000	0.000000	0.000000	1.000000	1.000000
0.003	0.952	1.000000	0.000000	0.000000	1.000000	1.000000
0.004	0.952	1.000000	0.000000	0.000000	1.000000	1.000000
0.000	0.953	1.000000	0.000000	0.000000	1.000000	1.000000
0.001	0.953	1.000000	0.000000	0.000000	1.000000	1.000000
0.002	0.953	1.000000	0.000000	0.000000	1.000000	1.000000
0.003	0.953	1.000000	0.000000	0.000000	1.000000	1.000000
0.004	0.953	1.000000	0.000000	0.000000	1.000000	1.000000
0.000	0.954	1.000000	0.000000	0.000000	1.000000	1.000000
0.001	0.954	1.000000	0.000000	0.000000	1.000000	1.000000
0.002	0.954	1.000000	0.000000	0.000000	1.000000	1.000000
0.003	0.954	1.000000	0.000000	0.000000	1.000000	1.000000
0.004	0.954	1.000000	0.000000	0.000000	1.000000	1.000000
0.000	0.955	1.000000	0.000000	0.000000	1.000000	1.000000
0.001	0.955	1.000000	0.000000	0.000000	1.000000	1.000000
0.002	0.955	1.000000	0.000000	0.000000	1.000000	1.000000
0.003	0.955	1.000000	0.000000	0.000000	1.000000	1.000000
0.004	0.955	1.000000	0.000000	0.000000	1.000000	1.000000
0.000	0.956	1.000000	0.000000	0.000000	1.000000	1.000000
0.001	0.956	1.000000	0.000000	0.000000	1.000000	1.000000
0.002	0.956	1.000000	0.000000	0.000000	1.000000	1.000000
0.003	0.956	1.000000	0.000000	0.000000	1.000000	1.000000
0.004	0.956	1.000000	0.000000	0.000000	1.000000	1.000000
0.000	0.957	1.000000	0.000000	0.000000	1.000000	1.000000
0.001	0.957	1.000000	0.000000	0.000000	1.000000	1.000000
0.002	0.957	1.000000	0.000000	0.000000	1.000000	1.000000
0.003	0.957	1.000000	0.000000	0.000000	1.000000	1.000000
0.004	0.957	1.000000	0.000000	0.000000	1.000000	1.000000
0.000	0.958	1.000000	0.000000	0.000000	1.000000	1.000000
0.001	0.958	1.000000	0.000000	0.000000	1.000000	1.000000
0.002	0.958	1.000000	0.000000	0.000000	1.000000	1.000000
0.003	0.958	1.000000	0.000000	0.000000	1.000000	1.000000
0.004	0.958	1.000000	0.000000	0.000000	1.000000	1.000000
0.000	0.959	1.000000	0.000000	0.000000	1.000000	1.000000
0.001	0.959	1.000000	0.000000	0.000000	1.000000	1.000000
0.002	0.959	1.000000	0.000000	0.000000	1.000000	1.000000
0.003	0.959	1.000000	0.000000	0.000000	1.000000	1.000000
0.004	0.959	1.000000	0.000000	0.000000	1.000000	1.000000
0.000	0.960	1.000000	0.000000	0.000000	1.000000	1.000000
0.001	0.960	1.000000	0.000000	0.000000	1.000000	1.000000
0.002	0.960	1.000000	0.000000	0.000000	1.000000	1.000000
0.003	0.960	1.000000	0.000000	0.000000	1.000000	1.000000
0.004	0.960	1.000000	0.000000	0.000000	1.000000	1.000000
0.000	0.961	1.000000	0.000000	0.000000	1.000000	1.000000
0.001	0.961	1.000000	0.000000	0.000000	1.000000	1.000000
0.002	0.961	1.000000	0.000000	0.000000	1.000000	1.000000
0.003	0.961	1.000000	0.000000	0.000000	1.000000	1.000000
0.004	0.961	1.000000	0.000000	0.000000	1.000000	1.000000
0.000	0.962	1.000000	0.000000	0.000000	1.000000	1.000000
0.001	0.962	1.000000	0.000000	0.000000	1.000000	1.000000
0.002	0.962	1.000000	0.000000	0.000000	1.000000	1.000000
0.003	0.962	1.000000	0.000000	0.000000	1.000000	1.000000
0.004	0.962	1.000000	0.000000	0.000000	1.000000	1.000000
0.000	0.963	1.000000	0.000000	0.000000	1.000000	1.000000
0.001	0.963	1.000000	0.000000	0.000000	1.000000	1.000000
0.002	0.963	1.000000	0.000000	0.000000	1.000000	1.000000
0.003	0.963	1.000000	0.000000	0.000000	1.000000	1.000000
0.004	0.963	1.000000	0.000000	0.000000	1.000000	1.000000
0.000	0.964	1.000000	0.000000	0.000000	1.000000	1.000000
0.001	0.964	1.000000	0.000000	0.000000	1.000000	1.000000
0.002	0.964	1.000000	0.000000	0.000000	1.000000	1.000000
0.003	0.964	1.000000	0.000000	0.000000	1.000000	1.000000
0.004	0.964	1.000000	0.000000	0.000000	1.000000	1.000000
0.000	0.965	1.000000	0.000000	0.000000	1.000000	1.000000
0.001	0.965	1.000000	0.000000	0.000000	1.000000	1.000000
0.002	0.965	1.000000	0.000000	0.000000	1.000000	1.000000
0.003	0.965	1.000000	0.000000	0.000000	1.000000	1.000000
0.004	0.965	1.000000	0.000000	0.000000	1.000000	1.000000
0.000	0.966	1.000000	0.000000	0.000000	1.000000	1.000000
0.001	0.966	1.000000	0.000000	0.000000	1.000000	1.000000
0.002	0.966	1.000000	0.000000	0.000000	1.000000	1.000000
0.003	0.966	1.000000	0.000000	0.000000	1.000000	1.000000
0.004	0.966	1.000000	0.000000	0.000000	1.000000	1.000000
0.000	0.967	1.000000	0.000000	0.000000	1.000000	1.000000
0.001	0.967	1.000000	0.000000	0.000000	1.000000	1.000000
0.002	0.967	1.000000	0.000000	0.000000	1.000000	1.000000
0.003	0.967	1.000000	0.000000	0.000000	1.000000	1.000000
0.004	0.967	1.000000	0.000000	0.000000	1.000000	1.000000
0.000	0.968	1.000000	0.000000	0.000000	1.000000	1.000000
0.001	0.968	1.000000	0.000000	0.000000	1.000000	1.000000
0.002	0.968	1.000000	0.000000	0.000000	1.000000	1.000000
0.003	0.968	1.000000	0.000000	0.000000	1.000000	1.000000
0.004	0.968	1.000000	0.000000	0.000000	1.000000	1.000000
0.000	0.969	1.000000	0.000000	0.000000	1.000000	1.000000
0.001	0.969	1.000000	0.000000	0.000000	1.000000	1.000000
0.002	0.969	1.000000	0.000000	0.000000	1.000000	1.000000
0.003	0.969	1.000000	0.000000	0.000000	1.000000	1.000000
0.004	0.969	1.000000	0.000000	0.000000	1.000000	1.000000
0.000	0.970	1.000000	0.000000	0.000000	1.000000	1.000000
0.001	0.970	1.000000	0.000000	0.000000	1.000000	1.000000
0.002	0.970	1.000000	0.000000	0.000000	1.000000	1.000000
0.003	0.970	1.000000	0.000000	0.000000	1.000000	1.000000
0.004	0.970	1.000000	0.000000	0.000000	1.000000	1.000000
0.000	0.971	1.000000	0.000000	0.000000	1.000000	1.000000
0.001	0.971	1.000000	0.000000	0.000000	1.000000	1.000000
0.002	0.971	1.000000	0.000000	0.000000	1.000000	1.000000
0.003	0.971	1.000000	0.000000	0.000000	1.000000	1.000000
0.004	0.971	1.000000	0.000000	0.000000	1.000000	1.000000
0.000	0.972	1.000000	0.000000	0.000000	1.000000	1.000000
0.001	0.972	1.000000	0.000000	0.000000	1.000000	1.000000
0.002	0.972	1.000000	0.000000	0.000000	1.000000	1.000000
0.003	0.972	1.000000	0.000000	0.000000	1.000000	1.000000
0.004	0.972	1.000000	0.000000	0.000000	1.000000	1.000000
0.000	0.973	1.000000	0.000000	0.000000	1.000000	1.000000
0.001	0.973	1.000000	0.000000	0.000000	1.000000	1.000000
0.002	0.973	1.000000	0.000000	0.000000	1.000000	1.000000
0.003	0.973	1.000000	0.000000	0.000000	1.000000	1.000000
0.004	0.973	1.000000	0.000000	0.000000	1.000000	1.000000
0.000	0.974	1.000000	0.000000	0.000000	1.000000	1.000000
0.001	0.974	1.000000	0.000000	0.000000	1.000000	1.000000
0.002	0.974	1.000000	0.000000	0.000000	1.000000	1.000000
0.003	0.974	1.000000	0.000000	0.000000	1.000000	1.000000
0.004	0.974	1.000000	0.000000	0.000000	1.000000	1.000000
0.000	0.975	1.000000	0.000000	0.000000	1.000000	1.000000
0.001	0.975	1.000000	0.000000	0.000000	1.000000	1.000000
0.002	0.975	1.000000	0.000000	0.000000	1.000000	1.000000
0.003	0.975	1.000000	0.000000	0.000000	1.000000	1.000000
0.004	0.975	1.000000	0.000000	0.000000	1.000000	1.000000
0.000	0.976	1.000000	0.000000	0.000000	1.000000	1.000000
0.001	0.976	1.000000	0.000000	0.000000	1.000000	1.000000
0.002	0.976	1.000000	0.000000	0.000000	1.000000	1.000000
0.003	0.976	1.000000	0.000000	0.000000	1.000000	1.000000
0.004	0.976	1.000000	0.000000	0.000000	1.000000	1.000000
0.000	0.977	1.000000	0.000000	0.000000	1.000000	1.000000
0.001	0.977	1.000000	0.000000	0.000000	1.000000	1.000000
0.002	0.977	1.000000	0.000000	0.000000	1.000000	1.000000
0.003	0.977	1.000000	0.000000	0.000000	1.000000	1.000000
0.004	0.977	1.000000	0.000000	0.000000	1.000000	1.000000
0.000	0.978	1.000000	0.000000	0.000000	1.000000	1.000000
0.001	0.978	1.000000	0.000000	0.000000	1.000000	1.000000
0.002	0.978	1.000000	0.000000	0.000000	1.000000	1.000000
0.003	0.978	1.000000	0.000000	0.000000	1.000000	1.000000
0.004	0.978	1.000000	0.000000	0.000000	1.000000	1.000000
0.000	0.979	1.000000	0.000000	0.000000	1.000000	1.000000
0.001	0.979	1.000000	0.000000	0.000000	1.000000	1.000000
0.002	0.979	1.000000	0.000000	0.000000	1.000000	1.000000
0.003	0.979	1.000000	0.000000	0.000000	1.000000	1.000000
0.004	0.979	1.000000	0.000000	0.000000	1.000000	1.000000
0.000	0.980	1.000000	0.000000	0.000000	1.000000	1.000000
0.001	0.980	1.000000	0.000000	0.000000	1.000000	1.000000
0.002	0.980	1.000000	0.000000	0.000000	1.000000	1.000000
0.003	0.980	1.000000	0.000000	0.000000	1.000000	1.000000
0.004	0.980	1.000000	0.000000	0.000000	1.000000	1.000000
0.000	0.981	1.000000	0.000000	0.000000	1.000000	1.000000
0.001	0.981	1.000000	0.000000	0.000000	1.000000	1.000000
0.002	0.981	1.000000	0.000000	0.000000	1.000000	1.000000
0.003	0.981	1.000000	0.000000	0.000000	1.000000	1.000000
0.004	0.981	1.000000	0.000000	0.000000	1.000000	1.000000
0.000	0.982	1.000000	0.000000	0.000000	1.000000	1.000000
0.001	0.982	1.000000	0.000000	0.000000	1.000000	1.000000
0.002	0.982	1.000000	0.000000	0.000000	1.000000	1.000000
0.003	0.982	1.000000	0.000000	0.000000	1.000000	1.000000
0.004	0.982	1.000000	0.000000	0.000000	1.000000	1.000000
0.000	0.983	1.000000	0.000000	0.000000	1.000000	1.000000
0.001	0.983	1.000000	0.000000	0.000000	1.000000	1.000000
0.002	0.983	1.000000	0.000000	0.000000	1.000000	1.000000
0.003	0.983	1.000000	0.000000	0.000000	1.000000	1.000000
0.004	0.983	1.000000	0.000000	0.000000	1.000000	1.000000
0.000	0.984	1.000000	0.000000	0.000000	1.000000	1.000000
0.001	0.984	1.000000	0.000000	0.000000	1.000000	1.000000
0.002	0.984	1.000000	0.000000	0.000000	1.000000	1.000000
0.003	0.984	1.000000	0.000000	0.000000	1.000000	1.000000
0.004	0.984	1.000000	0.000000	0.000000	1.000000	1.000000
0.000	0.985	1.000000	0.000000	0.000000	1.000000	1.000000
0.001	0.985	1.000000	0.000000	0.000000	1.000000	1.000000
0.002	0.985	1.000000	0.000000	0.000000	1.000000	1.000000
0.003	0.985	1.000000	0.000000	0.000000	1.000000	1.000000
0.004	0.985	1.000000	0.000000	0.000000	1.000000	1.000000
0.000	0.986	1.000000	0.000000	0.000000	1.000000	1.000000
0.001	0.986	1.000000	0.000000	0.000000	1.000000	1.000000
0.002	0.986	1.000000	0.000000	0.000000	1.000000	1.000000
0.003	0.986	1.000000	0.000000	0.000000	1.000000	1.000000
0.004	0.986	1.000000	0.000000	0.000000	1.000000	1.000000
0.000	0.987	1.000000	0.000000	0.000000	1.000000	1.000000
0.001	0.987	1.000000	0.000000	0.000000	1.000000	1.000000
0.002	0.987	1.000000	0.000000	0.000000	1.000000	1.000000
0.003	0.987	1.000000	0.000000	0.000000	1.000000	1.000000
0.004	0.987	1.000000	0.000000	0.000000	1.000000	1.000000
0.000	0.988	1.000000	0.000000	0.000000	1.000000	1.000000
0.001	0.988	1.000000	0.000000	0.000000	1.000000	1.000000
0.002	0.988	1.000000	0.000000	0.000000	1.000000	1.000000
0.003	0.988	1.000000	0.000000	0.000000	1.000000	1.000000
0.004	0.988	1.000000	0.000000	0.000000	1.000000	1.000000
0.000	0.989	1.000000	0.000000	0.000000	1.000000	1.000000
0.001	0.989	1.000000	0.000000	0.000000	1.000000	1.000000
0.002	0.989	1.000000	0.000000	0.000000	1.000000	1.000000
0.003	0.989	1.000000	0.000000	0.000000	1.000000	1.000000
0.004	0.989	1.000000	0.000000	0.000000	1.000000	1.000000
0.000	0.990	1.000000	0.000000	0.000000	1.000000	1.000000
0.001	0.990	1.000000	0.000000	0.000000	1.000000	1.000000
0.002	0.990	1.000000	0.000000	0.000000	1.000000	1.000000
0.003	0.990	1.000000	0.000000	0.000000	1.000000	1.000000
0.004	0.990	1.000000	0.000000	0.000000	1.000000	1.000000
0.000	0.991	1.000000	0.000000	0.000000	1.000000	1.000000
0.001	0.991	1.000000	0.000000	0.000000	1.000000	1.000000
0.002	0.991	1.000000	0.000000	0.000000	1.000000	1.000000
0.003	0.991	1.000000	0.000000	0.000000	1.000000	1.000000
0.004	0.991	1.000000	0.000000	0.000000	1.000000	1.000000
0.000	0.992	1.000000	0.000000	0.000000	1.000000	1.000000
0.001	0.992	1.000000	0.000000	0.000000	1.000000	1.000000
0.002	0.992	1.000000	0.000000	0.000000	1.000000	1.000000
0.003	0.992	1.000000	0.000000	0.000000	1.000000	1.000000
0.004	0.992	1.000000	0.000000	0.000000	1.000000	1.000000
0.000	0.993	1.000000	0.000000	0.000000	1.000000	1.000000
0.001	0.993	1.000000	0.000000	0.000000	1.000000	1.000000
0.002	0.993	1.000000	0.000000	0.000000	1.000000	1.000000
0.003	0.993	1.000000	0.000000	0.000000	1.000000	1.000000
0.004	0.993	1.000000	0.000000	0.000000	1.000000	1.000000
0.000	0.994	1.000000	0.000000	0.000000	1.000000	1.000000
0.001	0.994	1.000000	0.000000	0.000000	1.000000	1.000000
0.002	0.994	1.000000	0.000000	0.000000	1.000000	1.000000
0.003	0.994	1.000000	0.000000	0.000000	1.000000	1.000000
0.004	0.994	1.000000	0.000000	0.000000	1.000000	1.000000
0.000	0.995	1.000000	0.000000	0.000000	1.000000	1.000000
0.001	0.995	1.000000	0.000000	0.000000	1.000000	1.000000
0.002	0.995	1.000000	0.000000	0.000000	1.000000	1.000000
0.003	0.995	1.000000	0.000000	0.000000	1.000000	1.000000
0.004	0.995	1.000000	0.000000	0.000000	1.000000	1.000000
0.000	0.996	1.000000	0.000000	0.000000	1.000000	1.000000
0.001	0.996	1.000000	0.000000	0.000000	1.000000	1.000000
0.002	0.996	1.000000	0.000000	0.000000	1.000000	1.000000
0.003	0.996	1.000000	0.000000	0.000000	1.000000	1.000000
0.004	0.996	1.000000	0.000000	0.000000	1.000000	1.000000
0.000	0.997	1.000000	0.000000	0.000000	1.000000	1.000000
0.001	0.997	1.000000	0.000000	0.000000	1.000000	1.000000
0.002	0.997	1.000000	0.000000	0.000000	1.000000	1.000000
0.003	0.997	1.000000	0.000000	0.000000	1.000000	1.000000
0.004	0.997	1.000000	0.000000	0.000000	1.000000	1.000000
0.000	0.998	1.000000	0.000000	0.000000	1.000000	1.000000
0.001	0.998	1.000000	0.000000	0.000000	1.000000	1.000000
0.002	0.998	1.000000	0.000000	0.000000	1.000000	1.000000
0.003	0.998	1.000000	0.000000	0.000000	1.000000	1.000000
0.004	0.998	1.000000	0.000000	0.000000	1.000000	1.000000
0.000	0.999	1.000000	0.000000	0.000000	1.000000	1.000000
0.001	0.999	1.000000	0.000000	0.000000	1.000000	1.000000
0.002	0.999	1.000000	0.000000	0.000000	1.000000	1.000000
0.003	0.999	1.000000	0.000000	0.000000	1.000000	1.000000
0.004	0.999	1.000000	0.000000	0.000000	1.000000	1.000000
0.000	1.000	1.000000	0.000000	0.000000	1.000000	1.000000
0.001	1.000	1.000000	0.000000	0.000000	1.000000	1.000000
0.002	1.000	1.000000	0.000000	0.000000	1.000000	1.000000
0.003	1.000	1.000000	0.000000	0.000000	1.000000	1.000000
0.004	1.000	1.000000	0.000000	0.000000	1.000000	1.000000
