0.001	0.000	10.000000	0.000000	0.000000	1.000000	10.000000
0.001	0.001	10.000000	0.000000	0.000000	1.000000	10.000000
0.001	0.002	10.000000	0.000000	0.000000	1.000000	10.000000
0.001	0.003	10.000000	0.000000	0.000000	1.000000	10.000000
0.001	0.004	10.000000	0.000000	0.000000	1.000000	10.000000
0.002	0.000	10.000000	0.000000	0.000000	1.000000	10.000000
0.002	0.001	10.000000	0.000000	0.000000	1.000000	10.000000
0.002	0.002	10.000000	0.000000	0.000000	1.000000	10.000000
0.002	0.003	10.000000	0.000000	0.000000	1.000000	10.000000
0.002	0.004	10.000000	0.000000	0.000000	1.000000	10.000000
0.003	0.000	10.000000	0.000000	0.000000	1.000000	10.000000
0.003	0.001	10.000000	0.000000	0.000000	1.000000	10.000000
0.003	0.002	10.000000	0.000000	0.000000	1.000000	10.000000
0.003	0.003	10.000000	0.000000	0.000000	1.000000	10.000000
0.003	0.004	10.000000	0.000000	0.000000	1.000000	10.000000
0.004	0.000	10.000000	0.000000	0.000000	1.000000	10.000000
0.004	0.001	10.000000	0.000000	0.000000	1.000000	10.000000
0.004	0.002	10.000000	0.000000	0.000000	1.000000	10.000000
0.004	0.003	10.000000	0.000000	0.000000	1.000000	10.000000
0.004	0.004	10.000000	0.000000	0.000000	1.000000	10.000000
0.005	0.000	10.000000	0.000000	0.000000	1.000000	10.000000
0.005	0.001	10.000000	0.000000	0.000000	1.000000	10.000000
0.005	0.002	10.000000	0.000000	0.000000	1.000000	10.000000
0.005	0.003	10.000000	0.000000	0.000000	1.000000	10.000000
0.005	0.004	10.000000	0.000000	0.000000	1.000000	10.000000
0.006	0.000	10.000000	0.000000	0.000000	1.000000	10.000000
0.006	0.001	10.000000	0.000000	0.000000	1.000000	10.000000
0.006	0.002	10.000000	0.000000	0.000000	1.000000	10.000000
0.006	0.003	10.000000	0.000000	0.000000	1.000000	10.000000
0.006	0.004	10.000000	0.000000	0.000000	1.000000	10.000000
0.007	0.000	10.000000	0.000000	0.000000	1.000000	10.000000
0.007	0.001	10.000000	0.000000	0.000000	1.000000	10.000000
0.007	0.002	10.000000	0.000000	0.000000	1.000000	10.000000
0.007	0.003	10.000000	0.000000	0.000000	1.000000	10.000000
0.007	0.004	10.000000	0.000000	0.000000	1.000000	10.000000
0.008	0.000	10.000000	0.000000	0.000000	1.000000	10.000000
0.008	0.001	10.000000	0.000000	0.000000	1.000000	10.000000
0.008	0.002	10.000000	0.000000	0.000000	1.000000	10.000000
0.008	0.003	10.000000	0.000000	0.000000	1.000000	10.000000
0.008	0.004	10.000000	0.000000	0.000000	1.000000	10.000000
0.009	0.000	10.000000	0.000000	0.000000	1.000000	10.000000
0.009	0.001	10.000000	0.000000	0.000000	1.000000	10.000000
0.009	0.002	10.000000	0.000000	0.000000	1.000000	10.000000
0.009	0.003	10.000000	0.000000	0.000000	1.000000	10.000000
0.009	0.004	10.000000	0.000000	0.000000	1.000000	10.000000
0.010	0.000	10.000000	0.000000	0.000000	1.000000	10.000000
0.010	0.001	10.000000	0.000000	0.000000	1.000000	10.000000
0.010	0.002	10.000000	0.000000	0.000000	1.000000	10.000000
0.010	0.003	10.000000	0.000000	0.000000	1.000000	10.000000
0.010	0.004	10.000000	0.000000	0.000000	1.000000	10.000000
0.011	0.000	10.000000	0.000000	0.000000	1.000000	10.000000
0.011	0.001	10.000000	0.000000	0.000000	1.000000	10.000000
0.011	0.002	10.000000	0.000000	0.000000	1.000000	10.000000
0.011	0.003	10.000000	0.000000	0.000000	1.000000	10.000000
0.011	0.004	10.000000	0.000000	0.000000	1.000000	10.000000
0.012	0.000	10.000000	0.000000	0.000000	1.000000	10.000000
0.012	0.001	10.000000	0.000000	0.000000	1.000000	10.000000
0.012	0.002	10.000000	0.000000	0.000000	1.000000	10.000000
0.012	0.003	10.000000	0.000000	0.000000	1.000000	10.000000
0.012	0.004	10.000000	0.000000	0.000000	1.000000	10.000000
0.013	0.000	10.000000	0.000000	0.000000	1.000000	10.000000
0.013	0.001	10.000000	0.000000	0.000000	1.000000	10.000000
0.013	0.002	10.000000	0.000000	0.000000	1.000000	10.000000
0.013	0.003	10.000000	0.000000	0.000000	1.000000	10.000000
0.013	0.004	10.000000	0.000000	0.000000	1.000000	10.000000
0.014	0.000	10.000000	0.000000	0.000000	1.000000	10.000000
0.014	0.001	10.000000	0.000000	0.000000	1.000000	10.000000
0.014	0.002	10.000000	0.000000	0.000000	1.000000	10.000000
0.014	0.003	10.000000	0.000000	0.000000	1.000000	10.000000
0.014	0.004	10.000000	0.000000	0.000000	1.000000	10.000000
0.015	0.000	10.000000	0.000000	0.000000	1.000000	10.000000
0.015	0.001	10.000000	0.000000	0.000000	1.000000	10.000000
0.015	0.002	10.000000	0.000000	0.000000	1.000000	10.000000
0.015	0.003	10.000000	0.000000	0.000000	1.000000	10.000000
0.015	0.004	10.000000	0.000000	0.000000	1.000000	10.000000
0.016	0.000	10.000000	0.000000	0.000000	1.000000	10.000000
0.016	0.001	10.000000	0.000000	0.000000	1.000000	10.000000
0.016	0.002	10.000000	0.000000	0.000000	1.000000	10.000000
0.016	0.003	10.000000	0.000000	0.000000	1.000000	10.000000
0.016	0.004	10.000000	0.000000	0.000000	1.000000	10.000000
0.016	0.000	10.000000	0.000000	0.000000	1.000000	10.000000
0.016	0.001	10.000000	0.000000	0.000000	1.000000	10.000000
0.016	0.002	10.000000	0.000000	0.000000	1.000000	10.000000
0.016	0.003	10.000000	0.000000	0.000000	1.000000	10.000000
0.016	0.004	10.000000	0.000000	0.000000	1.000000	10.000000
0.018	0.000	10.000000	0.000000	0.000000	1.000000	10.000000
0.018	0.001	10.000000	0.000000	0.000000	1.000000	10.000000
0.018	0.002	10.000000	0.000000	0.000000	1.000000	10.000000
0.018	0.003	10.000000	0.000000	0.000000	1.000000	10.000000
0.018	0.004	10.000000	0.000000	0.000000	1.000000	10.000000
0.019	0.000	10.000000	0.000000	0.000000	1.000000	10.000000
0.019	0.001	10.000000	0.000000	0.000000	1.000000	10.000000
0.019	0.002	10.000000	0.000000	0.000000	1.000000	10.000000
0.019	0.003	10.000000	0.000000	0.000000	1.000000	10.000000
0.019	0.004	10.000000	0.000000	0.000000	1.000000	10.000000
0.020	0.000	10.000000	0.000000	0.000000	1.000000	10.000000
0.020	0.001	10.000000	0.000000	0.000000	1.000000	10.000000
0.020	0.002	10.000000	0.000000	0.000000	1.000000	10.000000
0.020	0.003	10.000000	0.000000	0.000000	1.000000	10.000000
0.020	0.004	10.000000	0.000000	0.000000	1.000000	10.000000
0.021	0.000	10.000000	0.000000	0.000000	1.000000	10.000000
0.021	0.001	10.000000	0.000000	0.000000	1.000000	10.000000
0.021	0.002	10.000000	0.000000	0.000000	1.000000	10.000000
0.021	0.003	10.000000	0.000000	0.000000	1.000000	10.000000
0.021	0.004	10.000000	0.000000	0.000000	1.000000	10.000000
0.022	0.000	10.000000	0.000000	0.000000	1.000000	10.000000
0.022	0.001	10.000000	0.000000	0.000000	1.000000	10.000000
0.022	0.002	10.000000	0.000000	0.000000	1.000000	10.000000
0.022	0.003	10.000000	0.000000	0.000000	1.000000	10.000000
0.022	0.004	10.000000	0.000000	0.000000	1.000000	10.000000
0.023	0.000	10.000000	0.000000	0.000000	1.000000	10.000000
0.023	0.001	10.000000	0.000000	0.000000	1.000000	10.000000
0.023	0.002	10.000000	0.000000	0.000000	1.000000	10.000000
0.023	0.003	10.000000	0.000000	0.000000	1.000000	10.000000
0.023	0.004	10.000000	0.000000	0.000000	1.000000	10.000000
0.024	0.000	10.000000	0.000000	0.000000	1.000000	10.000000
0.024	0.001	10.000000	0.000000	0.000000	1.000000	10.000000
0.024	0.002	10.000000	0.000000	0.000000	1.000000	10.000000
0.024	0.003	10.000000	0.000000	0.000000	1.000000	10.000000
0.024	0.004	10.000000	0.000000	0.000000	1.000000	10.000000
0.025	0.000	10.000000	0.000000	0.000000	1.000000	10.000000
0.025	0.001	10.000000	0.000000	0.000000	1.000000	10.000000
0.025	0.002	10.000000	0.000000	0.000000	1.000000	10.000000
0.025	0.003	10.000000	0.000000	0.000000	1.000000	10.000000
0.025	0.004	10.000000	0.000000	0.000000	1.000000	10.000000
0.026	0.000	10.000000	0.000000	0.000000	1.000000	10.000000
0.026	0.001	10.000000	0.000000	0.000000	1.000000	10.000000
0.026	0.002	10.000000	0.000000	0.000000	1.000000	10.000000
0.026	0.003	10.000000	0.000000	0.000000	1.000000	10.000000
0.026	0.004	10.000000	0.000000	0.000000	1.000000	10.000000
0.027	0.000	10.000000	0.000000	0.000000	1.000000	10.000000
0.027	0.001	10.000000	0.000000	0.000000	1.000000	10.000000
0.027	0.002	10.000000	0.000000	0.000000	1.000000	10.000000
0.027	0.003	10.000000	0.000000	0.000000	1.000000	10.000000
0.027	0.004	10.000000	0.000000	0.000000	1.000000	10.000000
0.028	0.000	10.000000	0.000000	0.000000	1.000000	10.000000
0.028	0.001	10.000000	0.000000	0.000000	1.000000	10.000000
0.028	0.002	10.000000	0.000000	0.000000	1.000000	10.000000
0.028	0.003	10.000000	0.000000	0.000000	1.000000	10.000000
0.028	0.004	10.000000	0.000000	0.000000	1.000000	10.000000
0.029	0.000	10.000000	0.000000	0.000000	1.000000	10.000000
0.029	0.001	10.000000	0.000000	0.000000	1.000000	10.000000
0.029	0.002	10.000000	0.000000	0.000000	1.000000	10.000000
0.029	0.003	10.000000	0.000000	0.000000	1.000000	10.000000
0.029	0.004	10.000000	0.000000	0.000000	1.000000	10.000000
0.030	0.000	10.000000	0.000000	0.000000	1.000000	10.000000
0.030	0.001	10.000000	0.000000	0.000000	1.000000	10.000000
0.030	0.002	10.000000	0.000000	0.000000	1.000000	10.000000
0.030	0.003	10.000000	0.000000	0.000000	1.000000	10.000000
0.030	0.004	10.000000	0.000000	0.000000	1.000000	10.000000
0.031	0.000	10.000000	0.000000	0.000000	1.000000	10.000000
0.031	0.001	10.000000	0.000000	0.000000	1.000000	10.000000
0.031	0.002	10.000000	0.000000	0.000000	1.000000	10.000000
0.031	0.003	10.000000	0.000000	0.000000	1.000000	10.000000
0.031	0.004	10.000000	0.000000	0.000000	1.000000	10.000000
0.032	0.000	10.000000	0.000000	0.000000	1.000000	10.000000
0.032	0.001	10.000000	0.000000	0.000000	1.000000	10.000000
0.032	0.002	10.000000	0.000000	0.000000	1.000000	10.000000
0.032	0.003	10.000000	0.000000	0.000000	1.000000	10.000000
0.032	0.004	10.000000	0.000000	0.000000	1.000000	10.000000
0.033	0.000	10.000000	0.000000	0.000000	1.000000	10.000000
0.033	0.001	10.000000	0.000000	0.000000	1.000000	10.000000
0.033	0.002	10.000000	0.000000	0.000000	1.000000	10.000000
0.033	0.003	10.000000	0.000000	0.000000	1.000000	10.000000
0.033	0.004	10.000000	0.000000	0.000000	1.000000	10.000000
0.034	0.000	10.000000	0.000000	0.000000	1.000000	10.000000
0.034	0.001	10.000000	0.000000	0.000000	1.000000	10.000000
0.034	0.002	10.000000	0.000000	0.000000	1.000000	10.000000
0.034	0.003	10.000000	0.000000	0.000000	1.000000	10.000000
0.034	0.004	10.000000	0.000000	0.000000	1.000000	10.000000
0.035	0.000	10.000000	0.000000	0.000000	1.000000	10.000000
0.035	0.001	10.000000	0.000000	0.000000	1.000000	10.000000
0.035	0.002	10.000000	0.000000	0.000000	1.000000	10.000000
0.035	0.003	10.000000	0.000000	0.000000	1.000000	10.000000
0.035	0.004	10.000000	0.000000	0.000000	1.000000	10.000000
0.036	0.000	10.000000	0.000000	0.000000	1.000000	10.000000
0.036	0.001	10.000000	0.000000	0.000000	1.000000	10.000000
0.036	0.002	10.000000	0.000000	0.000000	1.000000	10.000000
0.036	0.003	10.000000	0.000000	0.000000	1.000000	10.000000
0.036	0.004	10.000000	0.000000	0.000000	1.000000	10.000000
0.037	0.000	10.000000	0.000000	0.000000	1.000000	10.000000
0.037	0.001	10.000000	0.000000	0.000000	1.000000	10.000000
0.037	0.002	10.000000	0.000000	0.000000	1.000000	10.000000
0.037	0.003	10.000000	0.000000	0.000000	1.000000	10.000000
0.037	0.004	10.000000	0.000000	0.000000	1.000000	10.000000
0.038	0.000	10.000000	0.000000	0.000000	1.000000	10.000000
0.038	0.001	10.000000	0.000000	0.000000	1.000000	10.000000
0.038	0.002	10.000000	0.000000	0.000000	1.000000	10.000000
0.038	0.003	10.000000	0.000000	0.000000	1.000000	10.000000
0.038	0.004	10.000000	0.000000	0.000000	1.000000	10.000000
0.039	0.000	10.000000	0.000000	0.000000	1.000000	10.000000
0.039	0.001	10.000000	0.000000	0.000000	1.000000	10.000000
0.039	0.002	10.000000	0.000000	0.000000	1.000000	10.000000
0.039	0.003	10.000000	0.000000	0.000000	1.000000	10.000000
0.039	0.004	10.000000	0.000000	0.000000	1.000000	10.000000
0.040	0.000	10.000000	0.000000	0.000000	1.000000	10.000000
0.040	0.001	10.000000	0.000000	0.000000	1.000000	10.000000
0.040	0.002	10.000000	0.000000	0.000000	1.000000	10.000000
0.040	0.003	10.000000	0.000000	0.000000	1.000000	10.000000
0.040	0.004	10.000000	0.000000	0.000000	1.000000	10.000000
0.041	0.000	10.000000	0.000000	0.000000	1.000000	10.000000
0.041	0.001	10.000000	0.000000	0.000000	1.000000	10.000000
0.041	0.002	10.000000	0.000000	0.000000	1.000000	10.000000
0.041	0.003	10.000000	0.000000	0.000000	1.000000	10.000000
0.041	0.004	10.000000	0.000000	0.000000	1.000000	10.000000
0.042	0.000	10.000000	0.000000	0.000000	1.000000	10.000000
0.042	0.001	10.000000	0.000000	0.000000	1.000000	10.000000
0.042	0.002	10.000000	0.000000	0.000000	1.000000	10.000000
0.042	0.003	10.000000	0.000000	0.000000	1.000000	10.000000
0.042	0.004	10.000000	0.000000	0.000000	1.000000	10.000000
0.043	0.000	10.000000	0.000000	0.000000	1.000000	10.000000
0.043	0.001	10.000000	0.000000	0.000000	1.000000	10.000000
0.043	0.002	10.000000	0.000000	0.000000	1.000000	10.000000
0.043	0.003	10.000000	0.000000	0.000000	1.000000	10.000000
0.043	0.004	10.000000	0.000000	0.000000	1.000000	10.000000
0.044	0.000	10.000000	0.000000	0.000000	1.000000	10.000000
0.044	0.001	10.000000	0.000000	0.000000	1.000000	10.000000
0.044	0.002	10.000000	0.000000	0.000000	1.000000	10.000000
0.044	0.003	10.000000	0.000000	0.000000	1.000000	10.000000
0.044	0.004	10.000000	0.000000	0.000000	1.000000	10.000000
0.045	0.000	10.000000	0.000000	0.000000	1.000000	10.000000
0.045	0.001	10.000000	0.000000	0.000000	1.000000	10.000000
0.045	0.002	10.000000	0.000000	0.000000	1.000000	10.000000
0.045	0.003	10.000000	0.000000	0.000000	1.000000	10.000000
0.045	0.004	10.000000	0.000000	0.000000	1.000000	10.000000
0.046	0.000	10.000000	0.000000	0.000000	1.000000	10.000000
0.046	0.001	10.000000	0.000000	0.000000	1.000000	10.000000
0.046	0.002	10.000000	0.000000	0.000000	1.000000	10.000000
0.046	0.003	10.000000	0.000000	0.000000	1.000000	10.000000
0.046	0.004	10.000000	0.000000	0.000000	1.000000	10.000000
0.047	0.000	10.000000	0.000000	0.000000	1.000000	10.000000
0.047	0.001	10.000000	0.000000	0.000000	1.000000	10.000000
0.047	0.002	10.000000	0.000000	0.000000	1.000000	10.000000
0.047	0.003	10.000000	0.000000	0.000000	1.000000	10.000000
0.047	0.004	10.000000	0.000000	0.000000	1.000000	10.000000
0.048	0.000	10.000000	0.000000	0.000000	1.000000	10.000000
0.048	0.001	10.000000	0.000000	0.000000	1.000000	10.000000
0.048	0.002	10.000000	0.000000	0.000000	1.000000	10.000000
0.048	0.003	10.000000	0.000000	0.000000	1.000000	10.000000
0.048	0.004	10.000000	0.000000	0.000000	1.000000	10.000000
0.049	0.000	10.000000	0.000000	0.000000	1.000000	10.000000
0.049	0.001	10.000000	0.000000	0.000000	1.000000	10.000000
0.049	0.002	10.000000	0.000000	0.000000	1.000000	10.000000
0.049	0.003	10.000000	0.000000	0.000000	1.000000	10.000000
0.049	0.004	10.000000	0.000000	0.000000	1.000000	10.000000
0.050	0.000	10.000000	0.000000	0.000000	1.000000	10.000000
0.050	0.001	10.000000	0.000000	0.000000	1.000000	10.000000
0.050	0.002	10.000000	0.000000	0.000000	1.000000	10.000000
0.050	0.003	10.000000	0.000000	0.000000	1.000000	10.000000
0.050	0.004	10.000000	0.000000	0.000000	1.000000	10.000000
0.051	0.000	10.000000	0.000000	0.000000	1.000000	10.000000
0.051	0.001	10.000000	0.000000	0.000000	1.000000	10.000000
0.051	0.002	10.000000	0.000000	0.000000	1.000000	10.000000
0.051	0.003	10.000000	0.000000	0.000000	1.000000	10.000000
0.051	0.004	10.000000	0.000000	0.000000	1.000000	10.000000
0.052	0.000	10.000000	0.000000	0.000000	1.000000	10.000000
0.052	0.001	10.000000	0.000000	0.000000	1.000000	10.000000
0.052	0.002	10.000000	0.000000	0.000000	1.000000	10.000000
0.052	0.003	10.000000	0.000000	0.000000	1.000000	10.000000
0.052	0.004	10.000000	0.000000	0.000000	1.000000	10.000000
0.053	0.000	10.000000	0.000000	0.000000	1.000000	10.000000
0.053	0.001	10.000000	0.000000	0.000000	1.000000	10.000000
0.053	0.002	10.000000	0.000000	0.000000	1.000000	10.000000
0.053	0.003	10.000000	0.000000	0.000000	1.000000	10.000000
0.053	0.004	10.000000	0.000000	0.000000	1.000000	10.000000
0.054	0.000	10.000000	0.000000	0.000000	1.000000	10.000000
0.054	0.001	10.000000	0.000000	0.000000	1.000000	10.000000
0.054	0.002	10.000000	0.000000	0.000000	1.000000	10.000000
0.054	0.003	10.000000	0.000000	0.000000	1.000000	10.000000
0.054	0.004	10.000000	0.000000	0.000000	1.000000	10.000000
0.055	0.000	10.000000	0.000000	0.000000	1.000000	10.000000
0.055	0.001	10.000000	0.000000	0.000000	1.000000	10.000000
0.055	0.002	10.000000	0.000000	0.000000	1.000000	10.000000
0.055	0.003	10.000000	0.000000	0.000000	1.000000	10.000000
0.055	0.004	10.000000	0.000000	0.000000	1.000000	10.000000
0.056	0.000	10.000000	0.000000	0.000000	1.000000	10.000000
0.056	0.001	10.000000	0.000000	0.000000	1.000000	10.000000
0.056	0.002	10.000000	0.000000	0.000000	1.000000	10.000000
0.056	0.003	10.000000	0.000000	0.000000	1.000000	10.000000
0.056	0.004	10.000000	0.000000	0.000000	1.000000	10.000000
0.057	0.000	10.000000	0.000000	0.000000	1.000000	10.000000
0.057	0.001	10.000000	0.000000	0.000000	1.000000	10.000000
0.057	0.002	10.000000	0.000000	0.000000	1.000000	10.000000
0.057	0.003	10.000000	0.000000	0.000000	1.000000	10.000000
0.057	0.004	10.000000	0.000000	0.000000	1.000000	10.000000
0.058	0.000	10.000000	0.000000	0.000000	1.000000	10.000000
0.058	0.001	10.000000	0.000000	0.000000	1.000000	10.000000
0.058	0.002	10.000000	0.000000	0.000000	1.000000	10.000000
0.058	0.003	10.000000	0.000000	0.000000	1.000000	10.000000
0.058	0.004	10.000000	0.000000	0.000000	1.000000	10.000000
0.059	0.000	10.000000	0.000000	0.000000	1.000000	10.000000
0.059	0.001	10.000000	0.000000	0.000000	1.000000	10.000000
0.059	0.002	10.000000	0.000000	0.000000	1.000000	10.000000
0.059	0.003	10.000000	0.000000	0.000000	1.000000	10.000000
0.059	0.004	10.000000	0.000000	0.000000	1.000000	10.000000
0.060	0.000	10.000000	0.000000	0.000000	1.000000	10.000000
0.060	0.001	10.000000	0.000000	0.000000	1.000000	10.000000
0.060	0.002	10.000000	0.000000	0.000000	1.000000	10.000000
0.060	0.003	10.000000	0.000000	0.000000	1.000000	10.000000
0.060	0.004	10.000000	0.000000	0.000000	1.000000	10.000000
0.061	0.000	10.000000	0.000000	0.000000	1.000000	10.000000
0.061	0.001	10.000000	0.000000	0.000000	1.000000	10.000000
0.061	0.002	10.000000	0.000000	0.000000	1.000000	10.000000
0.061	0.003	10.000000	0.000000	0.000000	1.000000	10.000000
0.061	0.004	10.000000	0.000000	0.000000	1.000000	10.000000
0.062	0.000	10.000000	0.000000	0.000000	1.000000	10.000000
0.062	0.001	10.000000	0.000000	0.000000	1.000000	10.000000
0.062	0.002	10.000000	0.000000	0.000000	1.000000	10.000000
0.062	0.003	10.000000	0.000000	0.000000	1.000000	10.000000
0.062	0.004	10.000000	0.000000	0.000000	1.000000	10.000000
0.062	0.000	10.000000	0.000000	0.000000	1.000000	10.000000
0.062	0.001	10.000000	0.000000	0.000000	1.000000	10.000000
0.062	0.002	10.000000	0.000000	0.000000	1.000000	10.000000
0.062	0.003	10.000000	0.000000	0.000000	1.000000	10.000000
0.062	0.004	10.000000	0.000000	0.000000	1.000000	10.000000
0.064	0.000	10.000000	0.000000	0.000000	1.000000	10.000000
0.064	0.001	10.000000	0.000000	0.000000	1.000000	10.000000
0.064	0.002	10.000000	0.000000	0.000000	1.000000	10.000000
0.064	0.003	10.000000	0.000000	0.000000	1.000000	10.000000
0.064	0.004	10.000000	0.000000	0.000000	1.000000	10.000000
0.065	0.000	10.000000	0.000000	0.000000	1.000000	10.000000
0.065	0.001	10.000000	0.000000	0.000000	1.000000	10.000000
0.065	0.002	10.000000	0.000000	0.000000	1.000000	10.000000
0.065	0.003	10.000000	0.000000	0.000000	1.000000	10.000000
0.065	0.004	10.000000	0.000000	0.000000	1.000000	10.000000
0.066	0.000	10.000000	0.000000	0.000000	1.000000	10.000000
0.066	0.001	10.000000	0.000000	0.000000	1.000000	10.000000
0.066	0.002	10.000000	0.000000	0.000000	1.000000	10.000000
0.066	0.003	10.000000	0.000000	0.000000	1.000000	10.000000
0.066	0.004	10.000000	0.000000	0.000000	1.000000	10.000000
0.067	0.000	10.000000	0.000000	0.000000	1.000000	10.000000
0.067	0.001	10.000000	0.000000	0.000000	1.000000	10.000000
0.067	0.002	10.000000	0.000000	0.000000	1.000000	10.000000
0.067	0.003	10.000000	0.000000	0.000000	1.000000	10.000000
0.067	0.004	10.000000	0.000000	0.000000	1.000000	10.000000
0.068	0.000	10.000000	0.000000	0.000000	1.000000	10.000000
0.068	0.001	10.000000	0.000000	0.000000	1.000000	10.000000
0.068	0.002	10.000000	0.000000	0.000000	1.000000	10.000000
0.068	0.003	10.000000	0.000000	0.000000	1.000000	10.000000
0.068	0.004	10.000000	0.000000	0.000000	1.000000	10.000000
0.069	0.000	10.000000	0.000000	0.000000	1.000000	10.000000
0.069	0.001	10.000000	0.000000	0.000000	1.000000	10.000000
0.069	0.002	10.000000	0.000000	0.000000	1.000000	10.000000
0.069	0.003	10.000000	0.000000	0.000000	1.000000	10.000000
0.069	0.004	10.000000	0.000000	0.000000	1.000000	10.000000
0.070	0.000	10.000000	0.000000	0.000000	1.000000	10.000000
0.070	0.001	10.000000	0.000000	0.000000	1.000000	10.000000
0.070	0.002	10.000000	0.000000	0.000000	1.000000	10.000000
0.070	0.003	10.000000	0.000000	0.000000	1.000000	10.000000
0.070	0.004	10.000000	0.000000	0.000000	1.000000	10.000000
0.071	0.000	10.000000	0.000000	0.000000	1.000000	10.000000
0.071	0.001	10.000000	0.000000	0.000000	1.000000	10.000000
0.071	0.002	10.000000	0.000000	0.000000	1.000000	10.000000
0.071	0.003	10.000000	0.000000	0.000000	1.000000	10.000000
0.071	0.004	10.000000	0.000000	0.000000	1.000000	10.000000
0.072	0.000	10.000000	0.000000	0.000000	1.000000	10.000000
0.072	0.001	10.000000	0.000000	0.000000	1.000000	10.000000
0.072	0.002	10.000000	0.000000	0.000000	1.000000	10.000000
0.072	0.003	10.000000	0.000000	0.000000	1.000000	10.000000
0.072	0.004	10.000000	0.000000	0.000000	1.000000	10.000000
0.073	0.000	10.000000	0.000000	0.000000	1.000000	10.000000
0.073	0.001	10.000000	0.000000	0.000000	1.000000	10.000000
0.073	0.002	10.000000	0.000000	0.000000	1.000000	10.000000
0.073	0.003	10.000000	0.000000	0.000000	1.000000	10.000000
0.073	0.004	10.000000	0.000000	0.000000	1.000000	10.000000
0.073	0.000	10.000000	0.000000	0.000000	1.000000	10.000000
0.073	0.001	10.000000	0.000000	0.000000	1.000000	10.000000
0.073	0.002	10.000000	0.000000	0.000000	1.000000	10.000000
0.073	0.003	10.000000	0.000000	0.000000	1.000000	10.000000
0.073	0.004	10.000000	0.000000	0.000000	1.000000	10.000000
0.075	0.000	10.000000	0.000000	0.000000	1.000000	10.000000
0.075	0.001	10.000000	0.000000	0.000000	1.000000	10.000000
0.075	0.002	10.000000	0.000000	0.000000	1.000000	10.000000
0.075	0.003	10.000000	0.000000	0.000000	1.000000	10.000000
0.075	0.004	10.000000	0.000000	0.000000	1.000000	10.000000
0.076	0.000	10.000000	0.000000	0.000000	1.000000	10.000000
0.076	0.001	10.000000	0.000000	0.000000	1.000000	10.000000
0.076	0.002	10.000000	0.000000	0.000000	1.000000	10.000000
0.076	0.003	10.000000	0.000000	0.000000	1.000000	10.000000
0.076	0.004	10.000000	0.000000	0.000000	1.000000	10.000000
0.077	0.000	10.000000	0.000000	0.000000	1.000000	10.000000
0.077	0.001	10.000000	0.000000	0.000000	1.000000	10.000000
0.077	0.002	10.000000	0.000000	0.000000	1.000000	10.000000
0.077	0.003	10.000000	0.000000	0.000000	1.000000	10.000000
0.077	0.004	10.000000	0.000000	0.000000	1.000000	10.000000
0.078	0.000	10.000000	0.000000	0.000000	1.000000	10.000000
0.078	0.001	10.000000	0.000000	0.000000	1.000000	10.000000
0.078	0.002	10.000000	0.000000	0.000000	1.000000	10.000000
0.078	0.003	10.000000	0.000000	0.000000	1.000000	10.000000
0.078	0.004	10.000000	0.000000	0.000000	1.000000	10.000000
0.079	0.000	10.000000	0.000000	0.000000	1.000000	10.000000
0.079	0.001	10.000000	0.000000	0.000000	1.000000	10.000000
0.079	0.002	10.000000	0.000000	0.000000	1.000000	10.000000
0.079	0.003	10.000000	0.000000	0.000000	1.000000	10.000000
0.079	0.004	10.000000	0.000000	0.000000	1.000000	10.000000
0.080	0.000	10.000000	0.000000	0.000000	1.000000	10.000000
0.080	0.001	10.000000	0.000000	0.000000	1.000000	10.000000
0.080	0.002	10.000000	0.000000	0.000000	1.000000	10.000000
0.080	0.003	10.000000	0.000000	0.000000	1.000000	10.000000
0.080	0.004	10.000000	0.000000	0.000000	1.000000	10.000000
0.081	0.000	10.000000	0.000000	0.000000	1.000000	10.000000
0.081	0.001	10.000000	0.000000	0.000000	1.000000	10.000000
0.081	0.002	10.000000	0.000000	0.000000	1.000000	10.000000
0.081	0.003	10.000000	0.000000	0.000000	1.000000	10.000000
0.081	0.004	10.000000	0.000000	0.000000	1.000000	10.000000
0.082	0.000	10.000000	0.000000	0.000000	1.000000	10.000000
0.082	0.001	10.000000	0.000000	0.000000	1.000000	10.000000
0.082	0.002	10.000000	0.000000	0.000000	1.000000	10.000000
0.082	0.003	10.000000	0.000000	0.000000	1.000000	10.000000
0.082	0.004	10.000000	0.000000	0.000000	1.000000	10.000000
0.083	0.000	10.000000	0.000000	0.000000	1.000000	10.000000
0.083	0.001	10.000000	0.000000	0.000000	1.000000	10.000000
0.083	0.002	10.000000	0.000000	0.000000	1.000000	10.000000
0.083	0.003	10.000000	0.000000	0.000000	1.000000	10.000000
0.083	0.004	10.000000	0.000000	0.000000	1.000000	10.000000
0.084	0.000	10.000000	0.000000	0.000000	1.000000	10.000000
0.084	0.001	10.000000	0.000000	0.000000	1.000000	10.000000
0.084	0.002	10.000000	0.000000	0.000000	1.000000	10.000000
0.084	0.003	10.000000	0.000000	0.000000	1.000000	10.000000
0.084	0.004	10.000000	0.000000	0.000000	1.000000	10.000000
0.085	0.000	10.000000	0.000000	0.000000	1.000000	10.000000
0.085	0.001	10.000000	0.000000	0.000000	1.000000	10.000000
0.085	0.002	10.000000	0.000000	0.000000	1.000000	10.000000
0.085	0.003	10.000000	0.000000	0.000000	1.000000	10.000000
0.085	0.004	10.000000	0.000000	0.000000	1.000000	10.000000
0.086	0.000	10.000000	0.000000	0.000000	1.000000	10.000000
0.086	0.001	10.000000	0.000000	0.000000	1.000000	10.000000
0.086	0.002	10.000000	0.000000	0.000000	1.000000	10.000000
0.086	0.003	10.000000	0.000000	0.000000	1.000000	10.000000
0.086	0.004	10.000000	0.000000	0.000000	1.000000	10.000000
0.087	0.000	10.000000	0.000000	0.000000	1.000000	10.000000
0.087	0.001	10.000000	0.000000	0.000000	1.000000	10.000000
0.087	0.002	10.000000	0.000000	0.000000	1.000000	10.000000
0.087	0.003	10.000000	0.000000	0.000000	1.000000	10.000000
0.087	0.004	10.000000	0.000000	0.000000	1.000000	10.000000
0.088	0.000	10.000000	0.000000	0.000000	1.000000	10.000000
0.088	0.001	10.000000	0.000000	0.000000	1.000000	10.000000
0.088	0.002	10.000000	0.000000	0.000000	1.000000	10.000000
0.088	0.003	10.000000	0.000000	0.000000	1.000000	10.000000
0.088	0.004	10.000000	0.000000	0.000000	1.000000	10.000000
0.089	0.000	10.000000	0.000000	0.000000	1.000000	10.000000
0.089	0.001	10.000000	0.000000	0.000000	1.000000	10.000000
0.089	0.002	10.000000	0.000000	0.000000	1.000000	10.000000
0.089	0.003	10.000000	0.000000	0.000000	1.000000	10.000000
0.089	0.004	10.000000	0.000000	0.000000	1.000000	10.000000
0.090	0.000	10.000000	0.000000	0.000000	1.000000	10.000000
0.090	0.001	10.000000	0.000000	0.000000	1.000000	10.000000
0.090	0.002	10.000000	0.000000	0.000000	1.000000	10.000000
0.090	0.003	10.000000	0.000000	0.000000	1.000000	10.000000
0.090	0.004	10.000000	0.000000	0.000000	1.000000	10.000000
0.091	0.000	10.000000	0.000000	0.000000	1.000000	10.000000
0.091	0.001	10.000000	0.000000	0.000000	1.000000	10.000000
0.091	0.002	10.000000	0.000000	0.000000	1.000000	10.000000
0.091	0.003	10.000000	0.000000	0.000000	1.000000	10.000000
0.091	0.004	10.000000	0.000000	0.000000	1.000000	10.000000
0.092	0.000	10.000000	0.000000	0.000000	1.000000	10.000000
0.092	0.001	10.000000	0.000000	0.000000	1.000000	10.000000
0.092	0.002	10.000000	0.000000	0.000000	1.000000	10.000000
0.092	0.003	10.000000	0.000000	0.000000	1.000000	10.000000
0.092	0.004	10.000000	0.000000	0.000000	1.000000	10.000000
0.093	0.000	10.000000	0.000000	0.000000	1.000000	10.000000
0.093	0.001	10.000000	0.000000	0.000000	1.000000	10.000000
0.093	0.002	10.000000	0.000000	0.000000	1.000000	10.000000
0.093	0.003	10.000000	0.000000	0.000000	1.000000	10.000000
0.093	0.004	10.000000	0.000000	0.000000	1.000000	10.000000
0.094	0.000	10.000000	0.000000	0.000000	1.000000	10.000000
0.094	0.001	10.000000	0.000000	0.000000	1.000000	10.000000
0.094	0.002	10.000000	0.000000	0.000000	1.000000	10.000000
0.094	0.003	10.000000	0.000000	0.000000	1.000000	10.000000
0.094	0.004	10.000000	0.000000	0.000000	1.000000	10.000000
0.095	0.000	10.000000	0.000000	0.000000	1.000000	10.000000
0.095	0.001	10.000000	0.000000	0.000000	1.000000	10.000000
0.095	0.002	10.000000	0.000000	0.000000	1.000000	10.000000
0.095	0.003	10.000000	0.000000	0.000000	1.000000	10.000000
0.095	0.004	10.000000	0.000000	0.000000	1.000000	10.000000
0.096	0.000	10.000000	0.000000	0.000000	1.000000	10.000000
0.096	0.001	10.000000	0.000000	0.000000	1.000000	10.000000
0.096	0.002	10.000000	0.000000	0.000000	1.000000	10.000000
0.096	0.003	10.000000	0.000000	0.000000	1.000000	10.000000
0.096	0.004	10.000000	0.000000	0.000000	1.000000	10.000000
0.097	0.000	10.000000	0.000000	0.000000	1.000000	10.000000
0.097	0.001	10.000000	0.000000	0.000000	1.000000	10.000000
0.097	0.002	10.000000	0.000000	0.000000	1.000000	10.000000
0.097	0.003	10.000000	0.000000	0.000000	1.000000	10.000000
0.097	0.004	10.000000	0.000000	0.000000	1.000000	10.000000
0.098	0.000	10.000000	0.000000	0.000000	1.000000	10.000000
0.098	0.001	10.000000	0.000000	0.000000	1.000000	10.000000
0.098	0.002	10.000000	0.000000	0.000000	1.000000	10.000000
0.098	0.003	10.000000	0.000000	0.000000	1.000000	10.000000
0.098	0.004	10.000000	0.000000	0.000000	1.000000	10.000000
0.099	0.000	10.000000	0.000000	0.000000	1.000000	10.000000
0.099	0.001	10.000000	0.000000	0.000000	1.000000	10.000000
0.099	0.002	10.000000	0.000000	0.000000	1.000000	10.000000
0.099	0.003	10.000000	0.000000	0.000000	1.000000	10.000000
0.099	0.004	10.000000	0.000000	0.000000	1.000000	10.000000
0.100	0.000	10.000000	0.000000	0.000000	1.000000	10.000000
0.100	0.001	10.000000	0.000000	0.000000	1.000000	10.000000
0.100	0.002	10.000000	0.000000	0.000000	1.000000	10.000000
0.100	0.003	10.000000	0.000000	0.000000	1.000000	10.000000
0.100	0.004	10.000000	0.000000	0.000000	1.000000	10.000000
0.101	0.000	10.000000	0.000000	0.000000	1.000000	10.000000
0.101	0.001	10.000000	0.000000	0.000000	1.000000	10.000000
0.101	0.002	10.000000	0.000000	0.000000	1.000000	10.000000
0.101	0.003	10.000000	0.000000	0.000000	1.000000	10.000000
0.101	0.004	10.000000	0.000000	0.000000	1.000000	10.000000
0.102	0.000	10.000000	0.000000	0.000000	1.000000	10.000000
0.102	0.001	10.000000	0.000000	0.000000	1.000000	10.000000
0.102	0.002	10.000000	0.000000	0.000000	1.000000	10.000000
0.102	0.003	10.000000	0.000000	0.000000	1.000000	10.000000
0.102	0.004	10.000000	0.000000	0.000000	1.000000	10.000000
0.103	0.000	10.000000	0.000000	0.000000	1.000000	10.000000
0.103	0.001	10.000000	0.000000	0.000000	1.000000	10.000000
0.103	0.002	10.000000	0.000000	0.000000	1.000000	10.000000
0.103	0.003	10.000000	0.000000	0.000000	1.000000	10.000000
0.103	0.004	10.000000	0.000000	0.000000	1.000000	10.000000
0.104	0.000	10.000000	0.000000	0.000000	1.000000	10.000000
0.104	0.001	10.000000	0.000000	0.000000	1.000000	10.000000
0.104	0.002	10.000000	0.000000	0.000000	1.000000	10.000000
0.104	0.003	10.000000	0.000000	0.000000	1.000000	10.000000
0.104	0.004	10.000000	0.000000	0.000000	1.000000	10.000000
0.105	0.000	10.000000	0.000000	0.000000	1.000000	10.000000
0.105	0.001	10.000000	0.000000	0.000000	1.000000	10.000000
0.105	0.002	10.000000	0.000000	0.000000	1.000000	10.000000
0.105	0.003	10.000000	0.000000	0.000000	1.000000	10.000000
0.105	0.004	10.000000	0.000000	0.000000	1.000000	10.000000
0.106	0.000	10.000000	0.000000	0.000000	1.000000	10.000000
0.106	0.001	10.000000	0.000000	0.000000	1.000000	10.000000
0.106	0.002	10.000000	0.000000	0.000000	1.000000	10.000000
0.106	0.003	10.000000	0.000000	0.000000	1.000000	10.000000
0.106	0.004	10.000000	0.000000	0.000000	1.000000	10.000000
0.107	0.000	10.000000	0.000000	0.000000	1.000000	10.000000
0.107	0.001	10.000000	0.000000	0.000000	1.000000	10.000000
0.107	0.002	10.000000	0.000000	0.000000	1.000000	10.000000
0.107	0.003	10.000000	0.000000	0.000000	1.000000	10.000000
0.107	0.004	10.000000	0.000000	0.000000	1.000000	10.000000
0.108	0.000	10.000000	0.000000	0.000000	1.000000	10.000000
0.108	0.001	10.000000	0.000000	0.000000	1.000000	10.000000
0.108	0.002	10.000000	0.000000	0.000000	1.000000	10.000000
0.108	0.003	10.000000	0.000000	0.000000	1.000000	10.000000
0.108	0.004	10.000000	0.000000	0.000000	1.000000	10.000000
0.109	0.000	10.000000	0.000000	0.000000	1.000000	10.000000
0.109	0.001	10.000000	0.000000	0.000000	1.000000	10.000000
0.109	0.002	10.000000	0.000000	0.000000	1.000000	10.000000
0.109	0.003	10.000000	0.000000	0.000000	1.000000	10.000000
0.109	0.004	10.000000	0.000000	0.000000	1.000000	10.000000
0.110	0.000	10.000000	0.000000	0.000000	1.000000	10.000000
0.110	0.001	10.000000	0.000000	0.000000	1.000000	10.000000
0.110	0.002	10.000000	0.000000	0.000000	1.000000	10.000000
0.110	0.003	10.000000	0.000000	0.000000	1.000000	10.000000
0.110	0.004	10.000000	0.000000	0.000000	1.000000	10.000000
0.111	0.000	10.000000	0.000000	0.000000	1.000000	10.000000
0.111	0.001	10.000000	0.000000	0.000000	1.000000	10.000000
0.111	0.002	10.000000	0.000000	0.000000	1.000000	10.000000
0.111	0.003	10.000000	0.000000	0.000000	1.000000	10.000000
0.111	0.004	10.000000	0.000000	0.000000	1.000000	10.000000
0.112	0.000	10.000000	0.000000	0.000000	1.000000	10.000000
0.112	0.001	10.000000	0.000000	0.000000	1.000000	10.000000
0.112	0.002	10.000000	0.000000	0.000000	1.000000	10.000000
0.112	0.003	10.000000	0.000000	0.000000	1.000000	10.000000
0.112	0.004	10.000000	0.000000	0.000000	1.000000	10.000000
0.113	0.000	10.000000	0.000000	0.000000	1.000000	10.000000
0.113	0.001	10.000000	0.000000	0.000000	1.000000	10.000000
0.113	0.002	10.000000	0.000000	0.000000	1.000000	10.000000
0.113	0.003	10.000000	0.000000	0.000000	1.000000	10.000000
0.113	0.004	10.000000	0.000000	0.000000	1.000000	10.000000
0.114	0.000	10.000000	0.000000	0.000000	1.000000	10.000000
0.114	0.001	10.000000	0.000000	0.000000	1.000000	10.000000
0.114	0.002	10.000000	0.000000	0.000000	1.000000	10.000000
0.114	0.003	10.000000	0.000000	0.000000	1.000000	10.000000
0.114	0.004	10.000000	0.000000	0.000000	1.000000	10.000000
0.115	0.000	10.000000	0.000000	0.000000	1.000000	10.000000
0.115	0.001	10.000000	0.000000	0.000000	1.000000	10.000000
0.115	0.002	10.000000	0.000000	0.000000	1.000000	10.000000
0.115	0.003	10.000000	0.000000	0.000000	1.000000	10.000000
0.115	0.004	10.000000	0.000000	0.000000	1.000000	10.000000
0.116	0.000	10.000000	0.000000	0.000000	1.000000	10.000000
0.116	0.001	10.000000	0.000000	0.000000	1.000000	10.000000
0.116	0.002	10.000000	0.000000	0.000000	1.000000	10.000000
0.116	0.003	10.000000	0.000000	0.000000	1.000000	10.000000
0.116	0.004	10.000000	0.000000	0.000000	1.000000	10.000000
0.117	0.000	10.000000	0.000000	0.000000	1.000000	10.000000
0.117	0.001	10.000000	0.000000	0.000000	1.000000	10.000000
0.117	0.002	10.000000	0.000000	0.000000	1.000000	10.000000
0.117	0.003	10.000000	0.000000	0.000000	1.000000	10.000000
0.117	0.004	10.000000	0.000000	0.000000	1.000000	10.000000
0.118	0.000	10.000000	0.000000	0.000000	1.000000	10.000000
0.118	0.001	10.000000	0.000000	0.000000	1.000000	10.000000
0.118	0.002	10.000000	0.000000	0.000000	1.000000	10.000000
0.118	0.003	10.000000	0.000000	0.000000	1.000000	10.000000
0.118	0.004	10.000000	0.000000	0.000000	1.000000	10.000000
0.119	0.000	10.000000	0.000000	0.000000	1.000000	10.000000
0.119	0.001	10.000000	0.000000	0.000000	1.000000	10.000000
0.119	0.002	10.000000	0.000000	0.000000	1.000000	10.000000
0.119	0.003	10.000000	0.000000	0.000000	1.000000	10.000000
0.119	0.004	10.000000	0.000000	0.000000	1.000000	10.000000
0.120	0.000	10.000000	0.000000	0.000000	1.000000	10.000000
0.120	0.001	10.000000	0.000000	0.000000	1.000000	10.000000
0.120	0.002	10.000000	0.000000	0.000000	1.000000	10.000000
0.120	0.003	10.000000	0.000000	0.000000	1.000000	10.000000
0.120	0.004	10.000000	0.000000	0.000000	1.000000	10.000000
0.121	0.000	10.000000	0.000000	0.000000	1.000000	10.000000
0.121	0.001	10.000000	0.000000	0.000000	1.000000	10.000000
0.121	0.002	10.000000	0.000000	0.000000	1.000000	10.000000
0.121	0.003	10.000000	0.000000	0.000000	1.000000	10.000000
0.121	0.004	10.000000	0.000000	0.000000	1.000000	10.000000
0.122	0.000	10.000000	0.000000	0.000000	1.000000	10.000000
0.122	0.001	10.000000	0.000000	0.000000	1.000000	10.000000
0.122	0.002	10.000000	0.000000	0.000000	1.000000	10.000000
0.122	0.003	10.000000	0.000000	0.000000	1.000000	10.000000
0.122	0.004	10.000000	0.000000	0.000000	1.000000	10.000000
0.123	0.000	10.000000	0.000000	0.000000	1.000000	10.000000
0.123	0.001	10.000000	0.000000	0.000000	1.000000	10.000000
0.123	0.002	10.000000	0.000000	0.000000	1.000000	10.000000
0.123	0.003	10.000000	0.000000	0.000000	1.000000	10.000000
0.123	0.004	10.000000	0.000000	0.000000	1.000000	10.000000
0.124	0.000	10.000000	0.000000	0.000000	1.000000	10.000000
0.124	0.001	10.000000	0.000000	0.000000	1.000000	10.000000
0.124	0.002	10.000000	0.000000	0.000000	1.000000	10.000000
0.124	0.003	10.000000	0.000000	0.000000	1.000000	10.000000
0.124	0.004	10.000000	0.000000	0.000000	1.000000	10.000000
0.125	0.000	10.000000	0.000000	0.000000	1.000000	10.000000
0.125	0.001	10.000000	0.000000	0.000000	1.000000	10.000000
0.125	0.002	10.000000	0.000000	0.000000	1.000000	10.000000
0.125	0.003	10.000000	0.000000	0.000000	1.000000	10.000000
0.125	0.004	10.000000	0.000000	0.000000	1.000000	10.000000
0.126	0.000	10.000000	0.000000	0.000000	1.000000	10.000000
0.126	0.001	10.000000	0.000000	0.000000	1.000000	10.000000
0.126	0.002	10.000000	0.000000	0.000000	1.000000	10.000000
0.126	0.003	10.000000	0.000000	0.000000	1.000000	10.000000
0.126	0.004	10.000000	0.000000	0.000000	1.000000	10.000000
0.127	0.000	10.000000	0.000000	0.000000	1.000000	10.000000
0.127	0.001	10.000000	0.000000	0.000000	1.000000	10.000000
0.127	0.002	10.000000	0.000000	0.000000	1.000000	10.000000
0.127	0.003	10.000000	0.000000	0.000000	1.000000	10.000000
0.127	0.004	10.000000	0.000000	0.000000	1.000000	10.000000
0.128	0.000	10.000000	0.000000	0.000000	1.000000	10.000000
0.128	0.001	10.000000	0.000000	0.000000	1.000000	10.000000
0.128	0.002	10.000000	0.000000	0.000000	1.000000	10.000000
0.128	0.003	10.000000	0.000000	0.000000	1.000000	10.000000
0.128	0.004	10.000000	0.000000	0.000000	1.000000	10.000000
0.128	0.000	10.000000	0.000000	0.000000	1.000000	10.000000
0.128	0.001	10.000000	0.000000	0.000000	1.000000	10.000000
0.128	0.002	10.000000	0.000000	0.000000	1.000000	10.000000
0.128	0.003	10.000000	0.000000	0.000000	1.000000	10.000000
0.128	0.004	10.000000	0.000000	0.000000	1.000000	10.000000
0.130	0.000	10.000000	0.000000	0.000000	1.000000	10.000000
0.130	0.001	10.000000	0.000000	0.000000	1.000000	10.000000
0.130	0.002	10.000000	0.000000	0.000000	1.000000	10.000000
0.130	0.003	10.000000	0.000000	0.000000	1.000000	10.000000
0.130	0.004	10.000000	0.000000	0.000000	1.000000	10.000000
0.131	0.000	10.000000	0.000000	0.000000	1.000000	10.000000
0.131	0.001	10.000000	0.000000	0.000000	1.000000	10.000000
0.131	0.002	10.000000	0.000000	0.000000	1.000000	10.000000
0.131	0.003	10.000000	0.000000	0.000000	1.000000	10.000000
0.131	0.004	10.000000	0.000000	0.000000	1.000000	10.000000
0.132	0.000	10.000000	0.000000	0.000000	1.000000	10.000000
0.132	0.001	10.000000	0.000000	0.000000	1.000000	10.000000
0.132	0.002	10.000000	0.000000	0.000000	1.000000	10.000000
0.132	0.003	10.000000	0.000000	0.000000	1.000000	10.000000
0.132	0.004	10.000000	0.000000	0.000000	1.000000	10.000000
0.133	0.000	10.000000	0.000000	0.000000	1.000000	10.000000
0.133	0.001	10.000000	0.000000	0.000000	1.000000	10.000000
0.133	0.002	10.000000	0.000000	0.000000	1.000000	10.000000
0.133	0.003	10.000000	0.000000	0.000000	1.000000	10.000000
0.133	0.004	10.000000	0.000000	0.000000	1.000000	10.000000
0.134	0.000	10.000000	0.000000	0.000000	1.000000	10.000000
0.134	0.001	10.000000	0.000000	0.000000	1.000000	10.000000
0.134	0.002	10.000000	0.000000	0.000000	1.000000	10.000000
0.134	0.003	10.000000	0.000000	0.000000	1.000000	10.000000
0.134	0.004	10.000000	0.000000	0.000000	1.000000	10.000000
0.135	0.000	10.000000	0.000000	0.000000	1.000000	10.000000
0.135	0.001	10.000000	0.000000	0.000000	1.000000	10.000000
0.135	0.002	10.000000	0.000000	0.000000	1.000000	10.000000
0.135	0.003	10.000000	0.000000	0.000000	1.000000	10.000000
0.135	0.004	10.000000	0.000000	0.000000	1.000000	10.000000
0.136	0.000	10.000000	0.000000	0.000000	1.000000	10.000000
0.136	0.001	10.000000	0.000000	0.000000	1.000000	10.000000
0.136	0.002	10.000000	0.000000	0.000000	1.000000	10.000000
0.136	0.003	10.000000	0.000000	0.000000	1.000000	10.000000
0.136	0.004	10.000000	0.000000	0.000000	1.000000	10.000000
0.137	0.000	10.000000	0.000000	0.000000	1.000000	10.000000
0.137	0.001	10.000000	0.000000	0.000000	1.000000	10.000000
0.137	0.002	10.000000	0.000000	0.000000	1.000000	10.000000
0.137	0.003	10.000000	0.000000	0.000000	1.000000	10.000000
0.137	0.004	10.000000	0.000000	0.000000	1.000000	10.000000
0.138	0.000	10.000000	0.000000	0.000000	1.000000	10.000000
0.138	0.001	10.000000	0.000000	0.000000	1.000000	10.000000
0.138	0.002	10.000000	0.000000	0.000000	1.000000	10.000000
0.138	0.003	10.000000	0.000000	0.000000	1.000000	10.000000
0.138	0.004	10.000000	0.000000	0.000000	1.000000	10.000000
0.139	0.000	10.000000	0.000000	0.000000	1.000000	10.000000
0.139	0.001	10.000000	0.000000	0.000000	1.000000	10.000000
0.139	0.002	10.000000	0.000000	0.000000	1.000000	10.000000
0.139	0.003	10.000000	0.000000	0.000000	1.000000	10.000000
0.139	0.004	10.000000	0.000000	0.000000	1.000000	10.000000
0.140	0.000	10.000000	0.000000	0.000000	1.000000	10.000000
0.140	0.001	10.000000	0.000000	0.000000	1.000000	10.000000
0.140	0.002	10.000000	0.000000	0.000000	1.000000	10.000000
0.140	0.003	10.000000	0.000000	0.000000	1.000000	10.000000
0.140	0.004	10.000000	0.000000	0.000000	1.000000	10.000000
0.141	0.000	10.000000	0.000000	0.000000	1.000000	10.000000
0.141	0.001	10.000000	0.000000	0.000000	1.000000	10.000000
0.141	0.002	10.000000	0.000000	0.000000	1.000000	10.000000
0.141	0.003	10.000000	0.000000	0.000000	1.000000	10.000000
0.141	0.004	10.000000	0.000000	0.000000	1.000000	10.000000
0.142	0.000	10.000000	0.000000	0.000000	1.000000	10.000000
0.142	0.001	10.000000	0.000000	0.000000	1.000000	10.000000
0.142	0.002	10.000000	0.000000	0.000000	1.000000	10.000000
0.142	0.003	10.000000	0.000000	0.000000	1.000000	10.000000
0.142	0.004	10.000000	0.000000	0.000000	1.000000	10.000000
0.143	0.000	10.000000	0.000000	0.000000	1.000000	10.000000
0.143	0.001	10.000000	0.000000	0.000000	1.000000	10.000000
0.143	0.002	10.000000	0.000000	0.000000	1.000000	10.000000
0.143	0.003	10.000000	0.000000	0.000000	1.000000	10.000000
0.143	0.004	10.000000	0.000000	0.000000	1.000000	10.000000
0.144	0.000	10.000000	0.000000	0.000000	1.000000	10.000000
0.144	0.001	10.000000	0.000000	0.000000	1.000000	10.000000
0.144	0.002	10.000000	0.000000	0.000000	1.000000	10.000000
0.144	0.003	10.000000	0.000000	0.000000	1.000000	10.000000
0.144	0.004	10.000000	0.000000	0.000000	1.000000	10.000000
0.145	0.000	10.000000	0.000000	0.000000	1.000000	10.000000
0.145	0.001	10.000000	0.000000	0.000000	1.000000	10.000000
0.145	0.002	10.000000	0.000000	0.000000	1.000000	10.000000
0.145	0.003	10.000000	0.000000	0.000000	1.000000	10.000000
0.145	0.004	10.000000	0.000000	0.000000	1.000000	10.000000
0.146	0.000	10.000000	0.000000	0.000000	1.000000	10.000000
0.146	0.001	10.000000	0.000000	0.000000	1.000000	10.000000
0.146	0.002	10.000000	0.000000	0.000000	1.000000	10.000000
0.146	0.003	10.000000	0.000000	0.000000	1.000000	10.000000
0.146	0.004	10.000000	0.000000	0.000000	1.000000	10.000000
0.147	0.000	10.000000	0.000000	0.000000	1.000000	10.000000
0.147	0.001	10.000000	0.000000	0.000000	1.000000	10.000000
0.147	0.002	10.000000	0.000000	0.000000	1.000000	10.000000
0.147	0.003	10.000000	0.000000	0.000000	1.000000	10.000000
0.147	0.004	10.000000	0.000000	0.000000	1.000000	10.000000
0.148	0.000	10.000000	0.000000	0.000000	1.000000	10.000000
0.148	0.001	10.000000	0.000000	0.000000	1.000000	10.000000
0.148	0.002	10.000000	0.000000	0.000000	1.000000	10.000000
0.148	0.003	10.000000	0.000000	0.000000	1.000000	10.000000
0.148	0.004	10.000000	0.000000	0.000000	1.000000	10.000000
0.149	0.000	10.000000	0.000000	0.000000	1.000000	10.000000
0.149	0.001	10.000000	0.000000	0.000000	1.000000	10.000000
0.149	0.002	10.000000	0.000000	0.000000	1.000000	10.000000
0.149	0.003	10.000000	0.000000	0.000000	1.000000	10.000000
0.149	0.004	10.000000	0.000000	0.000000	1.000000	10.000000
0.150	0.000	10.000000	0.000000	0.000000	1.000000	10.000000
0.150	0.001	10.000000	0.000000	0.000000	1.000000	10.000000
0.150	0.002	10.000000	0.000000	0.000000	1.000000	10.000000
0.150	0.003	10.000000	0.000000	0.000000	1.000000	10.000000
0.150	0.004	10.000000	0.000000	0.000000	1.000000	10.000000
0.151	0.000	10.000000	0.000000	0.000000	1.000000	10.000000
0.151	0.001	10.000000	0.000000	0.000000	1.000000	10.000000
0.151	0.002	10.000000	0.000000	0.000000	1.000000	10.000000
0.151	0.003	10.000000	0.000000	0.000000	1.000000	10.000000
0.151	0.004	10.000000	0.000000	0.000000	1.000000	10.000000
0.152	0.000	10.000000	0.000000	0.000000	1.000000	10.000000
0.152	0.001	10.000000	0.000000	0.000000	1.000000	10.000000
0.152	0.002	10.000000	0.000000	0.000000	1.000000	10.000000
0.152	0.003	10.000000	0.000000	0.000000	1.000000	10.000000
0.152	0.004	10.000000	0.000000	0.000000	1.000000	10.000000
0.153	0.000	10.000000	0.000000	0.000000	1.000000	10.000000
0.153	0.001	10.000000	0.000000	0.000000	1.000000	10.000000
0.153	0.002	10.000000	0.000000	0.000000	1.000000	10.000000
0.153	0.003	10.000000	0.000000	0.000000	1.000000	10.000000
0.153	0.004	10.000000	0.000000	0.000000	1.000000	10.000000
0.154	0.000	10.000000	0.000000	0.000000	1.000000	10.000000
0.154	0.001	10.000000	0.000000	0.000000	1.000000	10.000000
0.154	0.002	10.000000	0.000000	0.000000	1.000000	10.000000
0.154	0.003	10.000000	0.000000	0.000000	1.000000	10.000000
0.154	0.004	10.000000	0.000000	0.000000	1.000000	10.000000
0.155	0.000	10.000000	0.000000	0.000000	1.000000	10.000000
0.155	0.001	10.000000	0.000000	0.000000	1.000000	10.000000
0.155	0.002	10.000000	0.000000	0.000000	1.000000	10.000000
0.155	0.003	10.000000	0.000000	0.000000	1.000000	10.000000
0.155	0.004	10.000000	0.000000	0.000000	1.000000	10.000000
0.156	0.000	10.000000	0.000000	0.000000	1.000000	10.000000
0.156	0.001	10.000000	0.000000	0.000000	1.000000	10.000000
0.156	0.002	10.000000	0.000000	0.000000	1.000000	10.000000
0.156	0.003	10.000000	0.000000	0.000000	1.000000	10.000000
0.156	0.004	10.000000	0.000000	0.000000	1.000000	10.000000
0.157	0.000	10.000000	0.000000	0.000000	1.000000	10.000000
0.157	0.001	10.000000	0.000000	0.000000	1.000000	10.000000
0.157	0.002	10.000000	0.000000	0.000000	1.000000	10.000000
0.157	0.003	10.000000	0.000000	0.000000	1.000000	10.000000
0.157	0.004	10.000000	0.000000	0.000000	1.000000	10.000000
0.158	0.000	10.000000	0.000000	0.000000	1.000000	10.000000
0.158	0.001	10.000000	0.000000	0.000000	1.000000	10.000000
0.158	0.002	10.000000	0.000000	0.000000	1.000000	10.000000
0.158	0.003	10.000000	0.000000	0.000000	1.000000	10.000000
0.158	0.004	10.000000	0.000000	0.000000	1.000000	10.000000
0.159	0.000	10.000000	0.000000	0.000000	1.000000	10.000000
0.159	0.001	10.000000	0.000000	0.000000	1.000000	10.000000
0.159	0.002	10.000000	0.000000	0.000000	1.000000	10.000000
0.159	0.003	10.000000	0.000000	0.000000	1.000000	10.000000
0.159	0.004	10.000000	0.000000	0.000000	1.000000	10.000000
0.160	0.000	10.000000	0.000000	0.000000	1.000000	10.000000
0.160	0.001	10.000000	0.000000	0.000000	1.000000	10.000000
0.160	0.002	10.000000	0.000000	0.000000	1.000000	10.000000
0.160	0.003	10.000000	0.000000	0.000000	1.000000	10.000000
0.160	0.004	10.000000	0.000000	0.000000	1.000000	10.000000
0.161	0.000	10.000000	0.000000	0.000000	1.000000	10.000000
0.161	0.001	10.000000	0.000000	0.000000	1.000000	10.000000
0.161	0.002	10.000000	0.000000	0.000000	1.000000	10.000000
0.161	0.003	10.000000	0.000000	0.000000	1.000000	10.000000
0.161	0.004	10.000000	0.000000	0.000000	1.000000	10.000000
0.162	0.000	10.000000	0.000000	0.000000	1.000000	10.000000
0.162	0.001	10.000000	0.000000	0.000000	1.000000	10.000000
0.162	0.002	10.000000	0.000000	0.000000	1.000000	10.000000
0.162	0.003	10.000000	0.000000	0.000000	1.000000	10.000000
0.162	0.004	10.000000	0.000000	0.000000	1.000000	10.000000
0.163	0.000	10.000000	0.000000	0.000000	1.000000	10.000000
0.163	0.001	10.000000	0.000000	0.000000	1.000000	10.000000
0.163	0.002	10.000000	0.000000	0.000000	1.000000	10.000000
0.163	0.003	10.000000	0.000000	0.000000	1.000000	10.000000
0.163	0.004	10.000000	0.000000	0.000000	1.000000	10.000000
0.164	0.000	10.000000	0.000000	0.000000	1.000000	10.000000
0.164	0.001	10.000000	0.000000	0.000000	1.000000	10.000000
0.164	0.002	10.000000	0.000000	0.000000	1.000000	10.000000
0.164	0.003	10.000000	0.000000	0.000000	1.000000	10.000000
0.164	0.004	10.000000	0.000000	0.000000	1.000000	10.000000
0.165	0.000	10.000000	0.000000	0.000000	1.000000	10.000000
0.165	0.001	10.000000	0.000000	0.000000	1.000000	10.000000
0.165	0.002	10.000000	0.000000	0.000000	1.000000	10.000000
0.165	0.003	10.000000	0.000000	0.000000	1.000000	10.000000
0.165	0.004	10.000000	0.000000	0.000000	1.000000	10.000000
0.166	0.000	10.000000	0.000000	0.000000	1.000000	10.000000
0.166	0.001	10.000000	0.000000	0.000000	1.000000	10.000000
0.166	0.002	10.000000	0.000000	0.000000	1.000000	10.000000
0.166	0.003	10.000000	0.000000	0.000000	1.000000	10.000000
0.166	0.004	10.000000	0.000000	0.000000	1.000000	10.000000
0.167	0.000	10.000000	0.000000	0.000000	1.000000	10.000000
0.167	0.001	10.000000	0.000000	0.000000	1.000000	10.000000
0.167	0.002	10.000000	0.000000	0.000000	1.000000	10.000000
0.167	0.003	10.000000	0.000000	0.000000	1.000000	10.000000
0.167	0.004	10.000000	0.000000	0.000000	1.000000	10.000000
0.168	0.000	10.000000	0.000000	0.000000	1.000000	10.000000
0.168	0.001	10.000000	0.000000	0.000000	1.000000	10.000000
0.168	0.002	10.000000	0.000000	0.000000	1.000000	10.000000
0.168	0.003	10.000000	0.000000	0.000000	1.000000	10.000000
0.168	0.004	10.000000	0.000000	0.000000	1.000000	10.000000
0.169	0.000	10.000000	0.000000	0.000000	1.000000	10.000000
0.169	0.001	10.000000	0.000000	0.000000	1.000000	10.000000
0.169	0.002	10.000000	0.000000	0.000000	1.000000	10.000000
0.169	0.003	10.000000	0.000000	0.000000	1.000000	10.000000
0.169	0.004	10.000000	0.000000	0.000000	1.000000	10.000000
0.170	0.000	10.000000	0.000000	0.000000	1.000000	10.000000
0.170	0.001	10.000000	0.000000	0.000000	1.000000	10.000000
0.170	0.002	10.000000	0.000000	0.000000	1.000000	10.000000
0.170	0.003	10.000000	0.000000	0.000000	1.000000	10.000000
0.170	0.004	10.000000	0.000000	0.000000	1.000000	10.000000
0.171	0.000	10.000000	0.000000	0.000000	1.000000	10.000000
0.171	0.001	10.000000	0.000000	0.000000	1.000000	10.000000
0.171	0.002	10.000000	0.000000	0.000000	1.000000	10.000000
0.171	0.003	10.000000	0.000000	0.000000	1.000000	10.000000
0.171	0.004	10.000000	0.000000	0.000000	1.000000	10.000000
0.172	0.000	10.000000	0.000000	0.000000	1.000000	10.000000
0.172	0.001	10.000000	0.000000	0.000000	1.000000	10.000000
0.172	0.002	10.000000	0.000000	0.000000	1.000000	10.000000
0.172	0.003	10.000000	0.000000	0.000000	1.000000	10.000000
0.172	0.004	10.000000	0.000000	0.000000	1.000000	10.000000
0.173	0.000	10.000000	0.000000	0.000000	1.000000	10.000000
0.173	0.001	10.000000	0.000000	0.000000	1.000000	10.000000
0.173	0.002	10.000000	0.000000	0.000000	1.000000	10.000000
0.173	0.003	10.000000	0.000000	0.000000	1.000000	10.000000
0.173	0.004	10.000000	0.000000	0.000000	1.000000	10.000000
0.174	0.000	10.000000	0.000000	0.000000	1.000000	10.000000
0.174	0.001	10.000000	0.000000	0.000000	1.000000	10.000000
0.174	0.002	10.000000	0.000000	0.000000	1.000000	10.000000
0.174	0.003	10.000000	0.000000	0.000000	1.000000	10.000000
0.174	0.004	10.000000	0.000000	0.000000	1.000000	10.000000
0.175	0.000	10.000000	0.000000	0.000000	1.000000	10.000000
0.175	0.001	10.000000	0.000000	0.000000	1.000000	10.000000
0.175	0.002	10.000000	0.000000	0.000000	1.000000	10.000000
0.175	0.003	10.000000	0.000000	0.000000	1.000000	10.000000
0.175	0.004	10.000000	0.000000	0.000000	1.000000	10.000000
0.176	0.000	10.000000	0.000000	0.000000	1.000000	10.000000
0.176	0.001	10.000000	0.000000	0.000000	1.000000	10.000000
0.176	0.002	10.000000	0.000000	0.000000	1.000000	10.000000
0.176	0.003	10.000000	0.000000	0.000000	1.000000	10.000000
0.176	0.004	10.000000	0.000000	0.000000	1.000000	10.000000
0.177	0.000	10.000000	0.000000	0.000000	1.000000	10.000000
0.177	0.001	10.000000	0.000000	0.000000	1.000000	10.000000
0.177	0.002	10.000000	0.000000	0.000000	1.000000	10.000000
0.177	0.003	10.000000	0.000000	0.000000	1.000000	10.000000
0.177	0.004	10.000000	0.000000	0.000000	1.000000	10.000000
0.178	0.000	10.000000	0.000000	0.000000	1.000000	10.000000
0.178	0.001	10.000000	0.000000	0.000000	1.000000	10.000000
0.178	0.002	10.000000	0.000000	0.000000	1.000000	10.000000
0.178	0.003	10.000000	0.000000	0.000000	1.000000	10.000000
0.178	0.004	10.000000	0.000000	0.000000	1.000000	10.000000
0.179	0.000	10.000000	0.000000	0.000000	1.000000	10.000000
0.179	0.001	10.000000	0.000000	0.000000	1.000000	10.000000
0.179	0.002	10.000000	0.000000	0.000000	1.000000	10.000000
0.179	0.003	10.000000	0.000000	0.000000	1.000000	10.000000
0.179	0.004	10.000000	0.000000	0.000000	1.000000	10.000000
0.180	0.000	10.000000	0.000000	0.000000	1.000000	10.000000
0.180	0.001	10.000000	0.000000	0.000000	1.000000	10.000000
0.180	0.002	10.000000	0.000000	0.000000	1.000000	10.000000
0.180	0.003	10.000000	0.000000	0.000000	1.000000	10.000000
0.180	0.004	10.000000	0.000000	0.000000	1.000000	10.000000
0.181	0.000	10.000000	0.000000	0.000000	1.000000	10.000000
0.181	0.001	10.000000	0.000000	0.000000	1.000000	10.000000
0.181	0.002	10.000000	0.000000	0.000000	1.000000	10.000000
0.181	0.003	10.000000	0.000000	0.000000	1.000000	10.000000
0.181	0.004	10.000000	0.000000	0.000000	1.000000	10.000000
0.182	0.000	10.000000	0.000000	0.000000	1.000000	10.000000
0.182	0.001	10.000000	0.000000	0.000000	1.000000	10.000000
0.182	0.002	10.000000	0.000000	0.000000	1.000000	10.000000
0.182	0.003	10.000000	0.000000	0.000000	1.000000	10.000000
0.182	0.004	10.000000	0.000000	0.000000	1.000000	10.000000
0.183	0.000	10.000000	0.000000	0.000000	1.000000	10.000000
0.183	0.001	10.000000	0.000000	0.000000	1.000000	10.000000
0.183	0.002	10.000000	0.000000	0.000000	1.000000	10.000000
0.183	0.003	10.000000	0.000000	0.000000	1.000000	10.000000
0.183	0.004	10.000000	0.000000	0.000000	1.000000	10.000000
0.184	0.000	10.000000	0.000000	0.000000	1.000000	10.000000
0.184	0.001	10.000000	0.000000	0.000000	1.000000	10.000000
0.184	0.002	10.000000	0.000000	0.000000	1.000000	10.000000
0.184	0.003	10.000000	0.000000	0.000000	1.000000	10.000000
0.184	0.004	10.000000	0.000000	0.000000	1.000000	10.000000
0.185	0.000	10.000000	0.000000	0.000000	1.000000	10.000000
0.185	0.001	10.000000	0.000000	0.000000	1.000000	10.000000
0.185	0.002	10.000000	0.000000	0.000000	1.000000	10.000000
0.185	0.003	10.000000	0.000000	0.000000	1.000000	10.000000
0.185	0.004	10.000000	0.000000	0.000000	1.000000	10.000000
0.186	0.000	10.000000	0.000000	0.000000	1.000000	10.000000
0.186	0.001	10.000000	0.000000	0.000000	1.000000	10.000000
0.186	0.002	10.000000	0.000000	0.000000	1.000000	10.000000
0.186	0.003	10.000000	0.000000	0.000000	1.000000	10.000000
0.186	0.004	10.000000	0.000000	0.000000	1.000000	10.000000
0.187	0.000	10.000000	0.000000	0.000000	1.000000	10.000000
0.187	0.001	10.000000	0.000000	0.000000	1.000000	10.000000
0.187	0.002	10.000000	0.000000	0.000000	1.000000	10.000000
0.187	0.003	10.000000	0.000000	0.000000	1.000000	10.000000
0.187	0.004	10.000000	0.000000	0.000000	1.000000	10.000000
0.188	0.000	10.000000	0.000000	0.000000	1.000000	10.000000
0.188	0.001	10.000000	0.000000	0.000000	1.000000	10.000000
0.188	0.002	10.000000	0.000000	0.000000	1.000000	10.000000
0.188	0.003	10.000000	0.000000	0.000000	1.000000	10.000000
0.188	0.004	10.000000	0.000000	0.000000	1.000000	10.000000
0.189	0.000	10.000000	0.000000	0.000000	1.000000	10.000000
0.189	0.001	10.000000	0.000000	0.000000	1.000000	10.000000
0.189	0.002	10.000000	0.000000	0.000000	1.000000	10.000000
0.189	0.003	10.000000	0.000000	0.000000	1.000000	10.000000
0.189	0.004	10.000000	0.000000	0.000000	1.000000	10.000000
0.190	0.000	10.000000	0.000000	0.000000	1.000000	10.000000
0.190	0.001	10.000000	0.000000	0.000000	1.000000	10.000000
0.190	0.002	10.000000	0.000000	0.000000	1.000000	10.000000
0.190	0.003	10.000000	0.000000	0.000000	1.000000	10.000000
0.190	0.004	10.000000	0.000000	0.000000	1.000000	10.000000
0.191	0.000	10.000000	0.000000	0.000000	1.000000	10.000000
0.191	0.001	10.000000	0.000000	0.000000	1.000000	10.000000
0.191	0.002	10.000000	0.000000	0.000000	1.000000	10.000000
0.191	0.003	10.000000	0.000000	0.000000	1.000000	10.000000
0.191	0.004	10.000000	0.000000	0.000000	1.000000	10.000000
0.192	0.000	10.000000	0.000000	0.000000	1.000000	10.000000
0.192	0.001	10.000000	0.000000	0.000000	1.000000	10.000000
0.192	0.002	10.000000	0.000000	0.000000	1.000000	10.000000
0.192	0.003	10.000000	0.000000	0.000000	1.000000	10.000000
0.192	0.004	10.000000	0.000000	0.000000	1.000000	10.000000
0.193	0.000	10.000000	0.000000	0.000000	1.000000	10.000000
0.193	0.001	10.000000	0.000000	0.000000	1.000000	10.000000
0.193	0.002	10.000000	0.000000	0.000000	1.000000	10.000000
0.193	0.003	10.000000	0.000000	0.000000	1.000000	10.000000
0.193	0.004	10.000000	0.000000	0.000000	1.000000	10.000000
0.194	0.000	10.000000	0.000000	0.000000	1.000000	10.000000
0.194	0.001	10.000000	0.000000	0.000000	1.000000	10.000000
0.194	0.002	10.000000	0.000000	0.000000	1.000000	10.000000
0.194	0.003	10.000000	0.000000	0.000000	1.000000	10.000000
0.194	0.004	10.000000	0.000000	0.000000	1.000000	10.000000
0.195	0.000	10.000000	0.000000	0.000000	1.000000	10.000000
0.195	0.001	10.000000	0.000000	0.000000	1.000000	10.000000
0.195	0.002	10.000000	0.000000	0.000000	1.000000	10.000000
0.195	0.003	10.000000	0.000000	0.000000	1.000000	10.000000
0.195	0.004	10.000000	0.000000	0.000000	1.000000	10.000000
0.196	0.000	10.000000	0.000000	0.000000	1.000000	10.000000
0.196	0.001	10.000000	0.000000	0.000000	1.000000	10.000000
0.196	0.002	10.000000	0.000000	0.000000	1.000000	10.000000
0.196	0.003	10.000000	0.000000	0.000000	1.000000	10.000000
0.196	0.004	10.000000	0.000000	0.000000	1.000000	10.000000
0.197	0.000	10.000000	0.000000	0.000000	1.000000	10.000000
0.197	0.001	10.000000	0.000000	0.000000	1.000000	10.000000
0.197	0.002	10.000000	0.000000	0.000000	1.000000	10.000000
0.197	0.003	10.000000	0.000000	0.000000	1.000000	10.000000
0.197	0.004	10.000000	0.000000	0.000000	1.000000	10.000000
0.198	0.000	10.000000	0.000000	0.000000	1.000000	10.000000
0.198	0.001	10.000000	0.000000	0.000000	1.000000	10.000000
0.198	0.002	10.000000	0.000000	0.000000	1.000000	10.000000
0.198	0.003	10.000000	0.000000	0.000000	1.000000	10.000000
0.198	0.004	10.000000	0.000000	0.000000	1.000000	10.000000
0.199	0.000	10.000000	0.000000	0.000000	1.000000	10.000000
0.199	0.001	10.000000	0.000000	0.000000	1.000000	10.000000
0.199	0.002	10.000000	0.000000	0.000000	1.000000	10.000000
0.199	0.003	10.000000	0.000000	0.000000	1.000000	10.000000
0.199	0.004	10.000000	0.000000	0.000000	1.000000	10.000000
0.200	0.000	10.000000	0.000000	0.000000	1.000000	10.000000
0.200	0.001	10.000000	0.000000	0.000000	1.000000	10.000000
0.200	0.002	10.000000	0.000000	0.000000	1.000000	10.000000
0.200	0.003	10.000000	0.000000	0.000000	1.000000	10.000000
0.200	0.004	10.000000	0.000000	0.000000	1.000000	10.000000
0.201	0.000	10.000000	0.000000	0.000000	1.000000	10.000000
0.201	0.001	10.000000	0.000000	0.000000	1.000000	10.000000
0.201	0.002	10.000000	0.000000	0.000000	1.000000	10.000000
0.201	0.003	10.000000	0.000000	0.000000	1.000000	10.000000
0.201	0.004	10.000000	0.000000	0.000000	1.000000	10.000000
0.202	0.000	10.000000	0.000000	0.000000	1.000000	10.000000
0.202	0.001	10.000000	0.000000	0.000000	1.000000	10.000000
0.202	0.002	10.000000	0.000000	0.000000	1.000000	10.000000
0.202	0.003	10.000000	0.000000	0.000000	1.000000	10.000000
0.202	0.004	10.000000	0.000000	0.000000	1.000000	10.000000
0.203	0.000	10.000000	0.000000	0.000000	1.000000	10.000000
0.203	0.001	10.000000	0.000000	0.000000	1.000000	10.000000
0.203	0.002	10.000000	0.000000	0.000000	1.000000	10.000000
0.203	0.003	10.000000	0.000000	0.000000	1.000000	10.000000
0.203	0.004	10.000000	0.000000	0.000000	1.000000	10.000000
0.204	0.000	10.000000	0.000000	0.000000	1.000000	10.000000
0.204	0.001	10.000000	0.000000	0.000000	1.000000	10.000000
0.204	0.002	10.000000	0.000000	0.000000	1.000000	10.000000
0.204	0.003	10.000000	0.000000	0.000000	1.000000	10.000000
0.204	0.004	10.000000	0.000000	0.000000	1.000000	10.000000
0.205	0.000	10.000000	0.000000	0.000000	1.000000	10.000000
0.205	0.001	10.000000	0.000000	0.000000	1.000000	10.000000
0.205	0.002	10.000000	0.000000	0.000000	1.000000	10.000000
0.205	0.003	10.000000	0.000000	0.000000	1.000000	10.000000
0.205	0.004	10.000000	0.000000	0.000000	1.000000	10.000000
0.206	0.000	10.000000	0.000000	0.000000	1.000000	10.000000
0.206	0.001	10.000000	0.000000	0.000000	1.000000	10.000000
0.206	0.002	10.000000	0.000000	0.000000	1.000000	10.000000
0.206	0.003	10.000000	0.000000	0.000000	1.000000	10.000000
0.206	0.004	10.000000	0.000000	0.000000	1.000000	10.000000
0.207	0.000	10.000000	0.000000	0.000000	1.000000	10.000000
0.207	0.001	10.000000	0.000000	0.000000	1.000000	10.000000
0.207	0.002	10.000000	0.000000	0.000000	1.000000	10.000000
0.207	0.003	10.000000	0.000000	0.000000	1.000000	10.000000
0.207	0.004	10.000000	0.000000	0.000000	1.000000	10.000000
0.208	0.000	10.000000	0.000000	0.000000	1.000000	10.000000
0.208	0.001	10.000000	0.000000	0.000000	1.000000	10.000000
0.208	0.002	10.000000	0.000000	0.000000	1.000000	10.000000
0.208	0.003	10.000000	0.000000	0.000000	1.000000	10.000000
0.208	0.004	10.000000	0.000000	0.000000	1.000000	10.000000
0.209	0.000	10.000000	0.000000	0.000000	1.000000	10.000000
0.209	0.001	10.000000	0.000000	0.000000	1.000000	10.000000
0.209	0.002	10.000000	0.000000	0.000000	1.000000	10.000000
0.209	0.003	10.000000	0.000000	0.000000	1.000000	10.000000
0.209	0.004	10.000000	0.000000	0.000000	1.000000	10.000000
0.210	0.000	10.000000	0.000000	0.000000	1.000000	10.000000
0.210	0.001	10.000000	0.000000	0.000000	1.000000	10.000000
0.210	0.002	10.000000	0.000000	0.000000	1.000000	10.000000
0.210	0.003	10.000000	0.000000	0.000000	1.000000	10.000000
0.210	0.004	10.000000	0.000000	0.000000	1.000000	10.000000
0.211	0.000	10.000000	0.000000	0.000000	1.000000	10.000000
0.211	0.001	10.000000	0.000000	0.000000	1.000000	10.000000
0.211	0.002	10.000000	0.000000	0.000000	1.000000	10.000000
0.211	0.003	10.000000	0.000000	0.000000	1.000000	10.000000
0.211	0.004	10.000000	0.000000	0.000000	1.000000	10.000000
0.212	0.000	10.000000	0.000000	0.000000	1.000000	10.000000
0.212	0.001	10.000000	0.000000	0.000000	1.000000	10.000000
0.212	0.002	10.000000	0.000000	0.000000	1.000000	10.000000
0.212	0.003	10.000000	0.000000	0.000000	1.000000	10.000000
0.212	0.004	10.000000	0.000000	0.000000	1.000000	10.000000
0.213	0.000	10.000000	0.000000	0.000000	1.000000	10.000000
0.213	0.001	10.000000	0.000000	0.000000	1.000000	10.000000
0.213	0.002	10.000000	0.000000	0.000000	1.000000	10.000000
0.213	0.003	10.000000	0.000000	0.000000	1.000000	10.000000
0.213	0.004	10.000000	0.000000	0.000000	1.000000	10.000000
0.214	0.000	10.000000	0.000000	0.000000	1.000000	10.000000
0.214	0.001	10.000000	0.000000	0.000000	1.000000	10.000000
0.214	0.002	10.000000	0.000000	0.000000	1.000000	10.000000
0.214	0.003	10.000000	0.000000	0.000000	1.000000	10.000000
0.214	0.004	10.000000	0.000000	0.000000	1.000000	10.000000
0.215	0.000	10.000000	0.000000	0.000000	1.000000	10.000000
0.215	0.001	10.000000	0.000000	0.000000	1.000000	10.000000
0.215	0.002	10.000000	0.000000	0.000000	1.000000	10.000000
0.215	0.003	10.000000	0.000000	0.000000	1.000000	10.000000
0.215	0.004	10.000000	0.000000	0.000000	1.000000	10.000000
0.216	0.000	10.000000	0.000000	0.000000	1.000000	10.000000
0.216	0.001	10.000000	0.000000	0.000000	1.000000	10.000000
0.216	0.002	10.000000	0.000000	0.000000	1.000000	10.000000
0.216	0.003	10.000000	0.000000	0.000000	1.000000	10.000000
0.216	0.004	10.000000	0.000000	0.000000	1.000000	10.000000
0.217	0.000	10.000000	0.000000	0.000000	1.000000	10.000000
0.217	0.001	10.000000	0.000000	0.000000	1.000000	10.000000
0.217	0.002	10.000000	0.000000	0.000000	1.000000	10.000000
0.217	0.003	10.000000	0.000000	0.000000	1.000000	10.000000
0.217	0.004	10.000000	0.000000	0.000000	1.000000	10.000000
0.218	0.000	10.000000	0.000000	0.000000	1.000000	10.000000
0.218	0.001	10.000000	0.000000	0.000000	1.000000	10.000000
0.218	0.002	10.000000	0.000000	0.000000	1.000000	10.000000
0.218	0.003	10.000000	0.000000	0.000000	1.000000	10.000000
0.218	0.004	10.000000	0.000000	0.000000	1.000000	10.000000
0.219	0.000	10.000000	0.000000	0.000000	1.000000	10.000000
0.219	0.001	10.000000	0.000000	0.000000	1.000000	10.000000
0.219	0.002	10.000000	0.000000	0.000000	1.000000	10.000000
0.219	0.003	10.000000	0.000000	0.000000	1.000000	10.000000
0.219	0.004	10.000000	0.000000	0.000000	1.000000	10.000000
0.220	0.000	10.000000	0.000000	0.000000	1.000000	10.000000
0.220	0.001	10.000000	0.000000	0.000000	1.000000	10.000000
0.220	0.002	10.000000	0.000000	0.000000	1.000000	10.000000
0.220	0.003	10.000000	0.000000	0.000000	1.000000	10.000000
0.220	0.004	10.000000	0.000000	0.000000	1.000000	10.000000
0.221	0.000	10.000000	0.000000	0.000000	1.000000	10.000000
0.221	0.001	10.000000	0.000000	0.000000	1.000000	10.000000
0.221	0.002	10.000000	0.000000	0.000000	1.000000	10.000000
0.221	0.003	10.000000	0.000000	0.000000	1.000000	10.000000
0.221	0.004	10.000000	0.000000	0.000000	1.000000	10.000000
0.222	0.000	10.000000	0.000000	0.000000	1.000000	10.000000
0.222	0.001	10.000000	0.000000	0.000000	1.000000	10.000000
0.222	0.002	10.000000	0.000000	0.000000	1.000000	10.000000
0.222	0.003	10.000000	0.000000	0.000000	1.000000	10.000000
0.222	0.004	10.000000	0.000000	0.000000	1.000000	10.000000
0.223	0.000	10.000000	0.000000	0.000000	1.000000	10.000000
0.223	0.001	10.000000	0.000000	0.000000	1.000000	10.000000
0.223	0.002	10.000000	0.000000	0.000000	1.000000	10.000000
0.223	0.003	10.000000	0.000000	0.000000	1.000000	10.000000
0.223	0.004	10.000000	0.000000	0.000000	1.000000	10.000000
0.224	0.000	10.000000	0.000000	0.000000	1.000000	10.000000
0.224	0.001	10.000000	0.000000	0.000000	1.000000	10.000000
0.224	0.002	10.000000	0.000000	0.000000	1.000000	10.000000
0.224	0.003	10.000000	0.000000	0.000000	1.000000	10.000000
0.224	0.004	10.000000	0.000000	0.000000	1.000000	10.000000
0.225	0.000	10.000000	0.000000	0.000000	1.000000	10.000000
0.225	0.001	10.000000	0.000000	0.000000	1.000000	10.000000
0.225	0.002	10.000000	0.000000	0.000000	1.000000	10.000000
0.225	0.003	10.000000	0.000000	0.000000	1.000000	10.000000
0.225	0.004	10.000000	0.000000	0.000000	1.000000	10.000000
0.226	0.000	10.000000	0.000000	0.000000	1.000000	10.000000
0.226	0.001	10.000000	0.000000	0.000000	1.000000	10.000000
0.226	0.002	10.000000	0.000000	0.000000	1.000000	10.000000
0.226	0.003	10.000000	0.000000	0.000000	1.000000	10.000000
0.226	0.004	10.000000	0.000000	0.000000	1.000000	10.000000
0.227	0.000	10.000000	0.000000	0.000000	1.000000	10.000000
0.227	0.001	10.000000	0.000000	0.000000	1.000000	10.000000
0.227	0.002	10.000000	0.000000	0.000000	1.000000	10.000000
0.227	0.003	10.000000	0.000000	0.000000	1.000000	10.000000
0.227	0.004	10.000000	0.000000	0.000000	1.000000	10.000000
0.228	0.000	10.000000	0.000000	0.000000	1.000000	10.000000
0.228	0.001	10.000000	0.000000	0.000000	1.000000	10.000000
0.228	0.002	10.000000	0.000000	0.000000	1.000000	10.000000
0.228	0.003	10.000000	0.000000	0.000000	1.000000	10.000000
0.228	0.004	10.000000	0.000000	0.000000	1.000000	10.000000
0.229	0.000	10.000000	0.000000	0.000000	1.000000	10.000000
0.229	0.001	10.000000	0.000000	0.000000	1.000000	10.000000
0.229	0.002	10.000000	0.000000	0.000000	1.000000	10.000000
0.229	0.003	10.000000	0.000000	0.000000	1.000000	10.000000
0.229	0.004	10.000000	0.000000	0.000000	1.000000	10.000000
0.230	0.000	10.000000	0.000000	0.000000	1.000000	10.000000
0.230	0.001	10.000000	0.000000	0.000000	1.000000	10.000000
0.230	0.002	10.000000	0.000000	0.000000	1.000000	10.000000
0.230	0.003	10.000000	0.000000	0.000000	1.000000	10.000000
0.230	0.004	10.000000	0.000000	0.000000	1.000000	10.000000
0.231	0.000	10.000000	0.000000	0.000000	1.000000	10.000000
0.231	0.001	10.000000	0.000000	0.000000	1.000000	10.000000
0.231	0.002	10.000000	0.000000	0.000000	1.000000	10.000000
0.231	0.003	10.000000	0.000000	0.000000	1.000000	10.000000
0.231	0.004	10.000000	0.000000	0.000000	1.000000	10.000000
0.232	0.000	10.000000	0.000000	0.000000	1.000000	10.000000
0.232	0.001	10.000000	0.000000	0.000000	1.000000	10.000000
0.232	0.002	10.000000	0.000000	0.000000	1.000000	10.000000
0.232	0.003	10.000000	0.000000	0.000000	1.000000	10.000000
0.232	0.004	10.000000	0.000000	0.000000	1.000000	10.000000
0.233	0.000	10.000000	0.000000	0.000000	1.000000	10.000000
0.233	0.001	10.000000	0.000000	0.000000	1.000000	10.000000
0.233	0.002	10.000000	0.000000	0.000000	1.000000	10.000000
0.233	0.003	10.000000	0.000000	0.000000	1.000000	10.000000
0.233	0.004	10.000000	0.000000	0.000000	1.000000	10.000000
0.234	0.000	10.000000	0.000000	0.000000	1.000000	9.999999
0.234	0.001	10.000000	0.000000	0.000000	1.000000	9.999999
0.234	0.002	10.000000	0.000000	0.000000	1.000000	9.999999
0.234	0.003	10.000000	0.000000	0.000000	1.000000	9.999999
0.234	0.004	10.000000	0.000000	0.000000	1.000000	9.999999
0.235	0.000	9.999996	0.000000	0.000000	1.000000	9.999994
0.235	0.001	9.999996	0.000000	0.000000	1.000000	9.999994
0.235	0.002	9.999996	0.000000	0.000000	1.000000	9.999994
0.235	0.003	9.999996	0.000000	0.000000	1.000000	9.999994
0.235	0.004	9.999996	0.000000	0.000000	1.000000	9.999994
0.236	0.000	9.999990	0.000001	0.000000	1.000000	9.999988
0.236	0.001	9.999990	0.000001	0.000000	1.000000	9.999988
0.236	0.002	9.999990	0.000001	0.000000	1.000000	9.999988
0.236	0.003	9.999990	0.000001	0.000000	1.000000	9.999988
0.236	0.004	9.999990	0.000001	0.000000	1.000000	9.999988
0.237	0.000	9.999984	0.000002	0.000000	0.999999	9.999975
0.237	0.001	9.999984	0.000002	0.000000	0.999999	9.999975
0.237	0.002	9.999984	0.000002	0.000000	0.999999	9.999975
0.237	0.003	9.999984	0.000002	0.000000	0.999999	9.999975
0.237	0.004	9.999984	0.000002	0.000000	0.999999	9.999975
0.238	0.000	9.999971	0.000004	0.000000	0.999998	9.999956
0.238	0.001	9.999971	0.000004	0.000000	0.999998	9.999956
0.238	0.002	9.999971	0.000004	0.000000	0.999998	9.999956
0.238	0.003	9.999971	0.000004	0.000000	0.999998	9.999956
0.238	0.004	9.999971	0.000004	0.000000	0.999998	9.999956
0.239	0.000	9.999949	0.000006	0.000000	0.999998	9.999925
0.239	0.001	9.999949	0.000006	0.000000	0.999998	9.999925
0.239	0.002	9.999949	0.000006	0.000000	0.999998	9.999925
0.239	0.003	9.999949	0.000006	0.000000	0.999998	9.999925
0.239	0.004	9.999949	0.000006	0.000000	0.999998	9.999925
0.240	0.000	9.999914	0.000010	0.000000	0.999997	9.999882
0.240	0.001	9.999914	0.000010	0.000000	0.999997	9.999882
0.240	0.002	9.999914	0.000010	0.000000	0.999997	9.999882
0.240	0.003	9.999914	0.000010	0.000000	0.999997	9.999882
0.240	0.004	9.999914	0.000010	0.000000	0.999997	9.999882
0.241	0.000	9.999863	0.000016	0.000000	0.999995	9.999808
0.241	0.001	9.999863	0.000016	0.000000	0.999995	9.999808
0.241	0.002	9.999863	0.000016	0.000000	0.999995	9.999808
0.241	0.003	9.999863	0.000016	0.000000	0.999995	9.999808
0.241	0.004	9.999863	0.000016	0.000000	0.999995	9.999808
0.242	0.000	9.999784	0.000025	0.000000	0.999992	9.999701
0.242	0.001	9.999784	0.000025	0.000000	0.999992	9.999701
0.242	0.002	9.999784	0.000025	0.000000	0.999992	9.999701
0.242	0.003	9.999784	0.000025	0.000000	0.999992	9.999701
0.242	0.004	9.999784	0.000025	0.000000	0.999992	9.999701
0.243	0.000	9.999668	0.000039	0.000000	0.999987	9.999539
0.243	0.001	9.999668	0.000039	0.000000	0.999987	9.999539
0.243	0.002	9.999668	0.000039	0.000000	0.999987	9.999539
0.243	0.003	9.999668	0.000039	0.000000	0.999987	9.999539
0.243	0.004	9.999668	0.000039	0.000000	0.999987	9.999539
0.244	0.000	9.999500	0.000059	0.000000	0.999980	9.999302
0.244	0.001	9.999500	0.000059	0.000000	0.999980	9.999302
0.244	0.002	9.999500	0.000059	0.000000	0.999980	9.999302
0.244	0.003	9.999500	0.000059	0.000000	0.999980	9.999302
0.244	0.004	9.999500	0.000059	0.000000	0.999980	9.999302
0.245	0.000	9.999252	0.000089	0.000000	0.999970	9.998952
0.245	0.001	9.999252	0.000089	0.000000	0.999970	9.998952
0.245	0.002	9.999252	0.000089	0.000000	0.999970	9.998952
0.245	0.003	9.999252	0.000089	0.000000	0.999970	9.998952
0.245	0.004	9.999252	0.000089	0.000000	0.999970	9.998952
0.246	0.000	9.998892	0.000131	0.000000	0.999956	9.998447
0.246	0.001	9.998892	0.000131	0.000000	0.999956	9.998447
0.246	0.002	9.998892	0.000131	0.000000	0.999956	9.998447
0.246	0.003	9.998892	0.000131	0.000000	0.999956	9.998447
0.246	0.004	9.998892	0.000131	0.000000	0.999956	9.998447
0.247	0.000	9.998379	0.000192	0.000000	0.999935	9.997726
0.247	0.001	9.998379	0.000192	0.000000	0.999935	9.997726
0.247	0.002	9.998379	0.000192	0.000000	0.999935	9.997726
0.247	0.003	9.998379	0.000192	0.000000	0.999935	9.997726
0.247	0.004	9.998379	0.000192	0.000000	0.999935	9.997726
0.248	0.000	9.997652	0.000278	0.000000	0.999906	9.996709
0.248	0.001	9.997652	0.000278	0.000000	0.999906	9.996709
0.248	0.002	9.997652	0.000278	0.000000	0.999906	9.996709
0.248	0.003	9.997652	0.000278	0.000000	0.999906	9.996709
0.248	0.004	9.997652	0.000278	0.000000	0.999906	9.996709
0.249	0.000	9.996637	0.000398	0.000000	0.999865	9.995292
0.249	0.001	9.996637	0.000398	0.000000	0.999865	9.995292
0.249	0.002	9.996637	0.000398	0.000000	0.999865	9.995292
0.249	0.003	9.996637	0.000398	0.000000	0.999865	9.995292
0.249	0.004	9.996637	0.000398	0.000000	0.999865	9.995292
0.250	0.000	9.995253	0.000562	0.000000	0.999810	9.993356
0.250	0.001	9.995253	0.000562	0.000000	0.999810	9.993356
0.250	0.002	9.995253	0.000562	0.000000	0.999810	9.993356
0.250	0.003	9.995253	0.000562	0.000000	0.999810	9.993356
0.250	0.004	9.995253	0.000562	0.000000	0.999810	9.993356
0.251	0.000	9.993383	0.000783	0.000000	0.999735	9.990739
0.251	0.001	9.993383	0.000783	0.000000	0.999735	9.990739
0.251	0.002	9.993383	0.000783	0.000000	0.999735	9.990739
0.251	0.003	9.993383	0.000783	0.000000	0.999735	9.990739
0.251	0.004	9.993383	0.000783	0.000000	0.999735	9.990739
0.252	0.000	9.990898	0.001077	0.000000	0.999636	9.987260
0.252	0.001	9.990898	0.001077	0.000000	0.999636	9.987260
0.252	0.002	9.990898	0.001077	0.000000	0.999636	9.987260
0.252	0.003	9.990898	0.001077	0.000000	0.999636	9.987260
0.252	0.004	9.990898	0.001077	0.000000	0.999636	9.987260
0.252	0.000	9.987641	0.001463	0.000000	0.999505	9.982699
0.252	0.001	9.987641	0.001463	0.000000	0.999505	9.982699
0.252	0.002	9.987641	0.001463	0.000000	0.999505	9.982699
0.252	0.003	9.987641	0.001463	0.000000	0.999505	9.982699
0.252	0.004	9.987641	0.001463	0.000000	0.999505	9.982699
0.254	0.000	9.983454	0.001960	0.000000	0.999337	9.976840
0.254	0.001	9.983454	0.001960	0.000000	0.999337	9.976840
0.254	0.002	9.983454	0.001960	0.000000	0.999337	9.976840
0.254	0.003	9.983454	0.001960	0.000000	0.999337	9.976840
0.254	0.004	9.983454	0.001960	0.000000	0.999337	9.976840
0.255	0.000	9.978144	0.002589	0.000000	0.999125	9.969410
0.255	0.001	9.978144	0.002589	0.000000	0.999125	9.969410
0.255	0.002	9.978144	0.002589	0.000000	0.999125	9.969410
0.255	0.003	9.978144	0.002589	0.000000	0.999125	9.969410
0.255	0.004	9.978144	0.002589	0.000000	0.999125	9.969410
0.256	0.000	9.971532	0.003373	0.000000	0.998860	9.960164
0.256	0.001	9.971532	0.003373	0.000000	0.998860	9.960164
0.256	0.002	9.971532	0.003373	0.000000	0.998860	9.960164
0.256	0.003	9.971532	0.003373	0.000000	0.998860	9.960164
0.256	0.004	9.971532	0.003373	0.000000	0.998860	9.960164
0.257	0.000	9.963434	0.004333	0.000000	0.998536	9.948843
0.257	0.001	9.963434	0.004333	0.000000	0.998536	9.948843
0.257	0.002	9.963434	0.004333	0.000000	0.998536	9.948843
0.257	0.003	9.963434	0.004333	0.000000	0.998536	9.948843
0.257	0.004	9.963434	0.004333	0.000000	0.998536	9.948843
0.258	0.000	9.953691	0.005490	0.000000	0.998145	9.935225
0.258	0.001	9.953691	0.005490	0.000000	0.998145	9.935225
0.258	0.002	9.953691	0.005490	0.000000	0.998145	9.935225
0.258	0.003	9.953691	0.005490	0.000000	0.998145	9.935225
0.258	0.004	9.953691	0.005490	0.000000	0.998145	9.935225
0.259	0.000	9.942162	0.006860	0.000000	0.997682	9.919118
0.259	0.001	9.942162	0.006860	0.000000	0.997682	9.919118
0.259	0.002	9.942162	0.006860	0.000000	0.997682	9.919118
0.259	0.003	9.942162	0.006860	0.000000	0.997682	9.919118
0.259	0.004	9.942162	0.006860	0.000000	0.997682	9.919118
0.260	0.000	9.928747	0.008455	0.000000	0.997144	9.900390
0.260	0.001	9.928747	0.008455	0.000000	0.997144	9.900390
0.260	0.002	9.928747	0.008455	0.000000	0.997144	9.900390
0.260	0.003	9.928747	0.008455	0.000000	0.997144	9.900390
0.260	0.004	9.928747	0.008455	0.000000	0.997144	9.900390
0.261	0.000	9.913387	0.010284	0.000000	0.996527	9.878954
0.261	0.001	9.913387	0.010284	0.000000	0.996527	9.878954
0.261	0.002	9.913387	0.010284	0.000000	0.996527	9.878954
0.261	0.003	9.913387	0.010284	0.000000	0.996527	9.878954
0.261	0.004	9.913387	0.010284	0.000000	0.996527	9.878954
0.262	0.000	9.896086	0.012347	0.000000	0.995831	9.854827
0.262	0.001	9.896086	0.012347	0.000000	0.995831	9.854827
0.262	0.002	9.896086	0.012347	0.000000	0.995831	9.854827
0.262	0.003	9.896086	0.012347	0.000000	0.995831	9.854827
0.262	0.004	9.896086	0.012347	0.000000	0.995831	9.854827
0.263	0.000	9.876884	0.014640	0.000000	0.995058	9.828071
0.263	0.001	9.876884	0.014640	0.000000	0.995058	9.828071
0.263	0.002	9.876884	0.014640	0.000000	0.995058	9.828071
0.263	0.003	9.876884	0.014640	0.000000	0.995058	9.828071
0.263	0.004	9.876884	0.014640	0.000000	0.995058	9.828071
0.264	0.000	9.855868	0.017153	0.000000	0.994211	9.798808
0.264	0.001	9.855868	0.017153	0.000000	0.994211	9.798808
0.264	0.002	9.855868	0.017153	0.000000	0.994211	9.798808
0.264	0.003	9.855868	0.017153	0.000000	0.994211	9.798808
0.264	0.004	9.855868	0.017153	0.000000	0.994211	9.798808
0.265	0.000	9.833159	0.019874	0.000000	0.993294	9.767217
0.265	0.001	9.833159	0.019874	0.000000	0.993294	9.767217
0.265	0.002	9.833159	0.019874	0.000000	0.993294	9.767217
0.265	0.003	9.833159	0.019874	0.000000	0.993294	9.767217
0.265	0.004	9.833159	0.019874	0.000000	0.993294	9.767217
0.266	0.000	9.808911	0.022785	0.000000	0.992314	9.733517
0.266	0.001	9.808911	0.022785	0.000000	0.992314	9.733517
0.266	0.002	9.808911	0.022785	0.000000	0.992314	9.733517
0.266	0.003	9.808911	0.022785	0.000000	0.992314	9.733517
0.266	0.004	9.808911	0.022785	0.000000	0.992314	9.733517
0.267	0.000	9.783293	0.025866	0.000000	0.991277	9.697948
0.267	0.001	9.783293	0.025866	0.000000	0.991277	9.697948
0.267	0.002	9.783293	0.025866	0.000000	0.991277	9.697948
0.267	0.003	9.783293	0.025866	0.000000	0.991277	9.697948
0.267	0.004	9.783293	0.025866	0.000000	0.991277	9.697948
0.268	0.000	9.756484	0.029098	0.000000	0.990189	9.660763
0.268	0.001	9.756484	0.029098	0.000000	0.990189	9.660763
0.268	0.002	9.756484	0.029098	0.000000	0.990189	9.660763
0.268	0.003	9.756484	0.029098	0.000000	0.990189	9.660763
0.268	0.004	9.756484	0.029098	0.000000	0.990189	9.660763
0.269	0.000	9.728647	0.032461	0.000000	0.989058	9.622198
0.269	0.001	9.728647	0.032461	0.000000	0.989058	9.622198
0.269	0.002	9.728647	0.032461	0.000000	0.989058	9.622198
0.269	0.003	9.728647	0.032461	0.000000	0.989058	9.622198
0.269	0.004	9.728647	0.032461	0.000000	0.989058	9.622198
0.270	0.000	9.699953	0.035936	0.000000	0.987890	9.582490
0.270	0.001	9.699953	0.035936	0.000000	0.987890	9.582490
0.270	0.002	9.699953	0.035936	0.000000	0.987890	9.582490
0.270	0.003	9.699953	0.035936	0.000000	0.987890	9.582490
0.270	0.004	9.699953	0.035936	0.000000	0.987890	9.582490
0.271	0.000	9.670542	0.039507	0.000000	0.986691	9.541837
0.271	0.001	9.670542	0.039507	0.000000	0.986691	9.541837
0.271	0.002	9.670542	0.039507	0.000000	0.986691	9.541837
0.271	0.003	9.670542	0.039507	0.000000	0.986691	9.541837
0.271	0.004	9.670542	0.039507	0.000000	0.986691	9.541837
0.272	0.000	9.640551	0.043157	0.000000	0.985466	9.500432
0.272	0.001	9.640551	0.043157	0.000000	0.985466	9.500432
0.272	0.002	9.640551	0.043157	0.000000	0.985466	9.500432
0.272	0.003	9.640551	0.043157	0.000000	0.985466	9.500432
0.272	0.004	9.640551	0.043157	0.000000	0.985466	9.500432
0.273	0.000	9.610085	0.046873	0.000000	0.984219	9.458426
0.273	0.001	9.610085	0.046873	0.000000	0.984219	9.458426
0.273	0.002	9.610085	0.046873	0.000000	0.984219	9.458426
0.273	0.003	9.610085	0.046873	0.000000	0.984219	9.458426
0.273	0.004	9.610085	0.046873	0.000000	0.984219	9.458426
0.274	0.000	9.579233	0.050646	0.000000	0.982954	9.415946
0.274	0.001	9.579233	0.050646	0.000000	0.982954	9.415946
0.274	0.002	9.579233	0.050646	0.000000	0.982954	9.415946
0.274	0.003	9.579233	0.050646	0.000000	0.982954	9.415946
0.274	0.004	9.579233	0.050646	0.000000	0.982954	9.415946
0.275	0.000	9.548077	0.054467	0.000000	0.981674	9.373101
0.275	0.001	9.548077	0.054467	0.000000	0.981674	9.373101
0.275	0.002	9.548077	0.054467	0.000000	0.981674	9.373101
0.275	0.003	9.548077	0.054467	0.000000	0.981674	9.373101
0.275	0.004	9.548077	0.054467	0.000000	0.981674	9.373101
0.275	0.000	9.516682	0.058326	0.000000	0.980383	9.329988
0.275	0.001	9.516682	0.058326	0.000000	0.980383	9.329988
0.275	0.002	9.516682	0.058326	0.000000	0.980383	9.329988
0.275	0.003	9.516682	0.058326	0.000000	0.980383	9.329988
0.275	0.004	9.516682	0.058326	0.000000	0.980383	9.329988
0.277	0.000	9.485094	0.062219	0.000000	0.979080	9.286665
0.277	0.001	9.485094	0.062219	0.000000	0.979080	9.286665
0.277	0.002	9.485094	0.062219	0.000000	0.979080	9.286665
0.277	0.003	9.485094	0.062219	0.000000	0.979080	9.286665
0.277	0.004	9.485094	0.062219	0.000000	0.979080	9.286665
0.278	0.000	9.453364	0.066141	0.000000	0.977769	9.243207
0.278	0.001	9.453364	0.066141	0.000000	0.977769	9.243207
0.278	0.002	9.453364	0.066141	0.000000	0.977769	9.243207
0.278	0.003	9.453364	0.066141	0.000000	0.977769	9.243207
0.278	0.004	9.453364	0.066141	0.000000	0.977769	9.243207
0.279	0.000	9.421524	0.070087	0.000000	0.976450	9.199648
0.279	0.001	9.421524	0.070087	0.000000	0.976450	9.199648
0.279	0.002	9.421524	0.070087	0.000000	0.976450	9.199648
0.279	0.003	9.421524	0.070087	0.000000	0.976450	9.199648
0.279	0.004	9.421524	0.070087	0.000000	0.976450	9.199648
0.280	0.000	9.389587	0.074056	0.000000	0.975125	9.156018
0.280	0.001	9.389587	0.074056	0.000000	0.975125	9.156018
0.280	0.002	9.389587	0.074056	0.000000	0.975125	9.156018
0.280	0.003	9.389587	0.074056	0.000000	0.975125	9.156018
0.280	0.004	9.389587	0.074056	0.000000	0.975125	9.156018
0.281	0.000	9.357578	0.078045	0.000000	0.973792	9.112339
0.281	0.001	9.357578	0.078045	0.000000	0.973792	9.112339
0.281	0.002	9.357578	0.078045	0.000000	0.973792	9.112339
0.281	0.003	9.357578	0.078045	0.000000	0.973792	9.112339
0.281	0.004	9.357578	0.078045	0.000000	0.973792	9.112339
0.282	0.000	9.325518	0.082052	0.000000	0.972455	9.068648
0.282	0.001	9.325518	0.082052	0.000000	0.972455	9.068648
0.282	0.002	9.325518	0.082052	0.000000	0.972455	9.068648
0.282	0.003	9.325518	0.082052	0.000000	0.972455	9.068648
0.282	0.004	9.325518	0.082052	0.000000	0.972455	9.068648
0.282	0.000	9.293442	0.086071	0.000000	0.971115	9.025001
0.282	0.001	9.293442	0.086071	0.000000	0.971115	9.025001
0.282	0.002	9.293442	0.086071	0.000000	0.971115	9.025001
0.282	0.003	9.293442	0.086071	0.000000	0.971115	9.025001
0.282	0.004	9.293442	0.086071	0.000000	0.971115	9.025001
0.284	0.000	9.261364	0.090101	0.000000	0.969773	8.981419
0.284	0.001	9.261364	0.090101	0.000000	0.969773	8.981419
0.284	0.002	9.261364	0.090101	0.000000	0.969773	8.981419
0.284	0.003	9.261364	0.090101	0.000000	0.969773	8.981419
0.284	0.004	9.261364	0.090101	0.000000	0.969773	8.981419
0.285	0.000	9.229300	0.094140	0.000000	0.968429	8.937919
0.285	0.001	9.229300	0.094140	0.000000	0.968429	8.937919
0.285	0.002	9.229300	0.094140	0.000000	0.968429	8.937919
0.285	0.003	9.229300	0.094140	0.000000	0.968429	8.937919
0.285	0.004	9.229300	0.094140	0.000000	0.968429	8.937919
0.286	0.000	9.197258	0.098188	0.000000	0.967083	8.894507
0.286	0.001	9.197258	0.098188	0.000000	0.967083	8.894507
0.286	0.002	9.197258	0.098188	0.000000	0.967083	8.894507
0.286	0.003	9.197258	0.098188	0.000000	0.967083	8.894507
0.286	0.004	9.197258	0.098188	0.000000	0.967083	8.894507
0.287	0.000	9.165243	0.102244	0.000000	0.965735	8.851192
0.287	0.001	9.165243	0.102244	0.000000	0.965735	8.851192
0.287	0.002	9.165243	0.102244	0.000000	0.965735	8.851192
0.287	0.003	9.165243	0.102244	0.000000	0.965735	8.851192
0.287	0.004	9.165243	0.102244	0.000000	0.965735	8.851192
0.288	0.000	9.133265	0.106306	0.000000	0.964385	8.807983
0.288	0.001	9.133265	0.106306	0.000000	0.964385	8.807983
0.288	0.002	9.133265	0.106306	0.000000	0.964385	8.807983
0.288	0.003	9.133265	0.106306	0.000000	0.964385	8.807983
0.288	0.004	9.133265	0.106306	0.000000	0.964385	8.807983
0.289	0.000	9.101324	0.110375	0.000000	0.963035	8.764891
0.289	0.001	9.101324	0.110375	0.000000	0.963035	8.764891
0.289	0.002	9.101324	0.110375	0.000000	0.963035	8.764891
0.289	0.003	9.101324	0.110375	0.000000	0.963035	8.764891
0.289	0.004	9.101324	0.110375	0.000000	0.963035	8.764891
0.290	0.000	9.069427	0.114450	0.000000	0.961683	8.721914
0.290	0.001	9.069427	0.114450	0.000000	0.961683	8.721914
0.290	0.002	9.069427	0.114450	0.000000	0.961683	8.721914
0.290	0.003	9.069427	0.114450	0.000000	0.961683	8.721914
0.290	0.004	9.069427	0.114450	0.000000	0.961683	8.721914
0.291	0.000	9.037578	0.118531	0.000000	0.960331	8.679064
0.291	0.001	9.037578	0.118531	0.000000	0.960331	8.679064
0.291	0.002	9.037578	0.118531	0.000000	0.960331	8.679064
0.291	0.003	9.037578	0.118531	0.000000	0.960331	8.679064
0.291	0.004	9.037578	0.118531	0.000000	0.960331	8.679064
0.292	0.000	9.005779	0.122616	0.000000	0.958978	8.636343
0.292	0.001	9.005779	0.122616	0.000000	0.958978	8.636343
0.292	0.002	9.005779	0.122616	0.000000	0.958978	8.636343
0.292	0.003	9.005779	0.122616	0.000000	0.958978	8.636343
0.292	0.004	9.005779	0.122616	0.000000	0.958978	8.636343
0.293	0.000	8.974038	0.126706	0.000000	0.957624	8.593757
0.293	0.001	8.974038	0.126706	0.000000	0.957624	8.593757
0.293	0.002	8.974038	0.126706	0.000000	0.957624	8.593757
0.293	0.003	8.974038	0.126706	0.000000	0.957624	8.593757
0.293	0.004	8.974038	0.126706	0.000000	0.957624	8.593757
0.294	0.000	8.942353	0.130800	0.000000	0.956271	8.551309
0.294	0.001	8.942353	0.130800	0.000000	0.956271	8.551309
0.294	0.002	8.942353	0.130800	0.000000	0.956271	8.551309
0.294	0.003	8.942353	0.130800	0.000000	0.956271	8.551309
0.294	0.004	8.942353	0.130800	0.000000	0.956271	8.551309
0.295	0.000	8.910728	0.134897	0.000000	0.954916	8.509001
0.295	0.001	8.910728	0.134897	0.000000	0.954916	8.509001
0.295	0.002	8.910728	0.134897	0.000000	0.954916	8.509001
0.295	0.003	8.910728	0.134897	0.000000	0.954916	8.509001
0.295	0.004	8.910728	0.134897	0.000000	0.954916	8.509001
0.296	0.000	8.879164	0.138999	0.000000	0.953562	8.466834
0.296	0.001	8.879164	0.138999	0.000000	0.953562	8.466834
0.296	0.002	8.879164	0.138999	0.000000	0.953562	8.466834
0.296	0.003	8.879164	0.138999	0.000000	0.953562	8.466834
0.296	0.004	8.879164	0.138999	0.000000	0.953562	8.466834
0.297	0.000	8.847664	0.143103	0.000000	0.952208	8.424814
0.297	0.001	8.847664	0.143103	0.000000	0.952208	8.424814
0.297	0.002	8.847664	0.143103	0.000000	0.952208	8.424814
0.297	0.003	8.847664	0.143103	0.000000	0.952208	8.424814
0.297	0.004	8.847664	0.143103	0.000000	0.952208	8.424814
0.298	0.000	8.816232	0.147210	0.000000	0.950853	8.382942
0.298	0.001	8.816232	0.147210	0.000000	0.950853	8.382942
0.298	0.002	8.816232	0.147210	0.000000	0.950853	8.382942
0.298	0.003	8.816232	0.147210	0.000000	0.950853	8.382942
0.298	0.004	8.816232	0.147210	0.000000	0.950853	8.382942
0.299	0.000	8.784868	0.151321	0.000000	0.949499	8.341221
0.299	0.001	8.784868	0.151321	0.000000	0.949499	8.341221
0.299	0.002	8.784868	0.151321	0.000000	0.949499	8.341221
0.299	0.003	8.784868	0.151321	0.000000	0.949499	8.341221
0.299	0.004	8.784868	0.151321	0.000000	0.949499	8.341221
0.300	0.000	8.753574	0.155434	0.000000	0.948144	8.299651
0.300	0.001	8.753574	0.155434	0.000000	0.948144	8.299651
0.300	0.002	8.753574	0.155434	0.000000	0.948144	8.299651
0.300	0.003	8.753574	0.155434	0.000000	0.948144	8.299651
0.300	0.004	8.753574	0.155434	0.000000	0.948144	8.299651
0.301	0.000	8.722351	0.159549	0.000000	0.946790	8.258236
0.301	0.001	8.722351	0.159549	0.000000	0.946790	8.258236
0.301	0.002	8.722351	0.159549	0.000000	0.946790	8.258236
0.301	0.003	8.722351	0.159549	0.000000	0.946790	8.258236
0.301	0.004	8.722351	0.159549	0.000000	0.946790	8.258236
0.302	0.000	8.691200	0.163667	0.000000	0.945436	8.216974
0.302	0.001	8.691200	0.163667	0.000000	0.945436	8.216974
0.302	0.002	8.691200	0.163667	0.000000	0.945436	8.216974
0.302	0.003	8.691200	0.163667	0.000000	0.945436	8.216974
0.302	0.004	8.691200	0.163667	0.000000	0.945436	8.216974
0.303	0.000	8.660124	0.167786	0.000000	0.944082	8.175868
0.303	0.001	8.660124	0.167786	0.000000	0.944082	8.175868
0.303	0.002	8.660124	0.167786	0.000000	0.944082	8.175868
0.303	0.003	8.660124	0.167786	0.000000	0.944082	8.175868
0.303	0.004	8.660124	0.167786	0.000000	0.944082	8.175868
0.304	0.000	8.629120	0.171908	0.000000	0.942729	8.134920
0.304	0.001	8.629120	0.171908	0.000000	0.942729	8.134920
0.304	0.002	8.629120	0.171908	0.000000	0.942729	8.134920
0.304	0.003	8.629120	0.171908	0.000000	0.942729	8.134920
0.304	0.004	8.629120	0.171908	0.000000	0.942729	8.134920
0.305	0.000	8.598190	0.176032	0.000000	0.941376	8.094130
0.305	0.001	8.598190	0.176032	0.000000	0.941376	8.094130
0.305	0.002	8.598190	0.176032	0.000000	0.941376	8.094130
0.305	0.003	8.598190	0.176032	0.000000	0.941376	8.094130
0.305	0.004	8.598190	0.176032	0.000000	0.941376	8.094130
0.306	0.000	8.567335	0.180157	0.000000	0.940024	8.053497
0.306	0.001	8.567335	0.180157	0.000000	0.940024	8.053497
0.306	0.002	8.567335	0.180157	0.000000	0.940024	8.053497
0.306	0.003	8.567335	0.180157	0.000000	0.940024	8.053497
0.306	0.004	8.567335	0.180157	0.000000	0.940024	8.053497
0.307	0.000	8.536560	0.184284	0.000000	0.938671	8.013025
0.307	0.001	8.536560	0.184284	0.000000	0.938671	8.013025
0.307	0.002	8.536560	0.184284	0.000000	0.938671	8.013025
0.307	0.003	8.536560	0.184284	0.000000	0.938671	8.013025
0.307	0.004	8.536560	0.184284	0.000000	0.938671	8.013025
0.308	0.000	8.505862	0.188412	0.000000	0.937320	7.972712
0.308	0.001	8.505862	0.188412	0.000000	0.937320	7.972712
0.308	0.002	8.505862	0.188412	0.000000	0.937320	7.972712
0.308	0.003	8.505862	0.188412	0.000000	0.937320	7.972712
0.308	0.004	8.505862	0.188412	0.000000	0.937320	7.972712
0.309	0.000	8.475241	0.192542	0.000000	0.935968	7.932558
0.309	0.001	8.475241	0.192542	0.000000	0.935968	7.932558
0.309	0.002	8.475241	0.192542	0.000000	0.935968	7.932558
0.309	0.003	8.475241	0.192542	0.000000	0.935968	7.932558
0.309	0.004	8.475241	0.192542	0.000000	0.935968	7.932558
0.310	0.000	8.444698	0.196673	0.000000	0.934618	7.892564
0.310	0.001	8.444698	0.196673	0.000000	0.934618	7.892564
0.310	0.002	8.444698	0.196673	0.000000	0.934618	7.892564
0.310	0.003	8.444698	0.196673	0.000000	0.934618	7.892564
0.310	0.004	8.444698	0.196673	0.000000	0.934618	7.892564
0.311	0.000	8.414236	0.200806	0.000000	0.933268	7.852734
0.311	0.001	8.414236	0.200806	0.000000	0.933268	7.852734
0.311	0.002	8.414236	0.200806	0.000000	0.933268	7.852734
0.311	0.003	8.414236	0.200806	0.000000	0.933268	7.852734
0.311	0.004	8.414236	0.200806	0.000000	0.933268	7.852734
0.312	0.000	8.383852	0.204939	0.000000	0.931918	7.813061
0.312	0.001	8.383852	0.204939	0.000000	0.931918	7.813061
0.312	0.002	8.383852	0.204939	0.000000	0.931918	7.813061
0.312	0.003	8.383852	0.204939	0.000000	0.931918	7.813061
0.312	0.004	8.383852	0.204939	0.000000	0.931918	7.813061
0.312	0.000	8.353548	0.209074	0.000000	0.930569	7.773552
0.312	0.001	8.353548	0.209074	0.000000	0.930569	7.773552
0.312	0.002	8.353548	0.209074	0.000000	0.930569	7.773552
0.312	0.003	8.353548	0.209074	0.000000	0.930569	7.773552
0.312	0.004	8.353548	0.209074	0.000000	0.930569	7.773552
0.314	0.000	8.323326	0.213209	0.000000	0.929220	7.734205
0.314	0.001	8.323326	0.213209	0.000000	0.929220	7.734205
0.314	0.002	8.323326	0.213209	0.000000	0.929220	7.734205
0.314	0.003	8.323326	0.213209	0.000000	0.929220	7.734205
0.314	0.004	8.323326	0.213209	0.000000	0.929220	7.734205
0.315	0.000	8.293181	0.217346	0.000000	0.927873	7.695020
0.315	0.001	8.293181	0.217346	0.000000	0.927873	7.695020
0.315	0.002	8.293181	0.217346	0.000000	0.927873	7.695020
0.315	0.003	8.293181	0.217346	0.000000	0.927873	7.695020
0.315	0.004	8.293181	0.217346	0.000000	0.927873	7.695020
0.316	0.000	8.263115	0.221484	0.000000	0.926526	7.655995
0.316	0.001	8.263115	0.221484	0.000000	0.926526	7.655995
0.316	0.002	8.263115	0.221484	0.000000	0.926526	7.655995
0.316	0.003	8.263115	0.221484	0.000000	0.926526	7.655995
0.316	0.004	8.263115	0.221484	0.000000	0.926526	7.655995
0.317	0.000	8.233133	0.225622	0.000000	0.925180	7.617131
0.317	0.001	8.233133	0.225622	0.000000	0.925180	7.617131
0.317	0.002	8.233133	0.225622	0.000000	0.925180	7.617131
0.317	0.003	8.233133	0.225622	0.000000	0.925180	7.617131
0.317	0.004	8.233133	0.225622	0.000000	0.925180	7.617131
0.318	0.000	8.203233	0.229762	0.000000	0.923835	7.578430
0.318	0.001	8.203233	0.229762	0.000000	0.923835	7.578430
0.318	0.002	8.203233	0.229762	0.000000	0.923835	7.578430
0.318	0.003	8.203233	0.229762	0.000000	0.923835	7.578430
0.318	0.004	8.203233	0.229762	0.000000	0.923835	7.578430
0.319	0.000	8.173416	0.233902	0.000000	0.922490	7.539892
0.319	0.001	8.173416	0.233902	0.000000	0.922490	7.539892
0.319	0.002	8.173416	0.233902	0.000000	0.922490	7.539892
0.319	0.003	8.173416	0.233902	0.000000	0.922490	7.539892
0.319	0.004	8.173416	0.233902	0.000000	0.922490	7.539892
0.320	0.000	8.143682	0.238043	0.000000	0.921145	7.501514
0.320	0.001	8.143682	0.238043	0.000000	0.921145	7.501514
0.320	0.002	8.143682	0.238043	0.000000	0.921145	7.501514
0.320	0.003	8.143682	0.238043	0.000000	0.921145	7.501514
0.320	0.004	8.143682	0.238043	0.000000	0.921145	7.501514
0.321	0.000	8.114027	0.242184	0.000000	0.919802	7.463297
0.321	0.001	8.114027	0.242184	0.000000	0.919802	7.463297
0.321	0.002	8.114027	0.242184	0.000000	0.919802	7.463297
0.321	0.003	8.114027	0.242184	0.000000	0.919802	7.463297
0.321	0.004	8.114027	0.242184	0.000000	0.919802	7.463297
0.322	0.000	8.084452	0.246326	0.000000	0.918459	7.425241
0.322	0.001	8.084452	0.246326	0.000000	0.918459	7.425241
0.322	0.002	8.084452	0.246326	0.000000	0.918459	7.425241
0.322	0.003	8.084452	0.246326	0.000000	0.918459	7.425241
0.322	0.004	8.084452	0.246326	0.000000	0.918459	7.425241
0.323	0.000	8.054956	0.250469	0.000000	0.917118	7.387345
0.323	0.001	8.054956	0.250469	0.000000	0.917118	7.387345
0.323	0.002	8.054956	0.250469	0.000000	0.917118	7.387345
0.323	0.003	8.054956	0.250469	0.000000	0.917118	7.387345
0.323	0.004	8.054956	0.250469	0.000000	0.917118	7.387345
0.324	0.000	8.025543	0.254612	0.000000	0.915777	7.349609
0.324	0.001	8.025543	0.254612	0.000000	0.915777	7.349609
0.324	0.002	8.025543	0.254612	0.000000	0.915777	7.349609
0.324	0.003	8.025543	0.254612	0.000000	0.915777	7.349609
0.324	0.004	8.025543	0.254612	0.000000	0.915777	7.349609
0.325	0.000	7.996213	0.258756	0.000000	0.914437	7.312035
0.325	0.001	7.996213	0.258756	0.000000	0.914437	7.312035
0.325	0.002	7.996213	0.258756	0.000000	0.914437	7.312035
0.325	0.003	7.996213	0.258756	0.000000	0.914437	7.312035
0.325	0.004	7.996213	0.258756	0.000000	0.914437	7.312035
0.326	0.000	7.966965	0.262901	0.000000	0.913098	7.274622
0.326	0.001	7.966965	0.262901	0.000000	0.913098	7.274622
0.326	0.002	7.966965	0.262901	0.000000	0.913098	7.274622
0.326	0.003	7.966965	0.262901	0.000000	0.913098	7.274622
0.326	0.004	7.966965	0.262901	0.000000	0.913098	7.274622
0.327	0.000	7.937798	0.267045	0.000000	0.911760	7.237367
0.327	0.001	7.937798	0.267045	0.000000	0.911760	7.237367
0.327	0.002	7.937798	0.267045	0.000000	0.911760	7.237367
0.327	0.003	7.937798	0.267045	0.000000	0.911760	7.237367
0.327	0.004	7.937798	0.267045	0.000000	0.911760	7.237367
0.328	0.000	7.908713	0.271191	0.000000	0.910423	7.200271
0.328	0.001	7.908713	0.271191	0.000000	0.910423	7.200271
0.328	0.002	7.908713	0.271191	0.000000	0.910423	7.200271
0.328	0.003	7.908713	0.271191	0.000000	0.910423	7.200271
0.328	0.004	7.908713	0.271191	0.000000	0.910423	7.200271
0.329	0.000	7.879713	0.275337	0.000000	0.909086	7.163335
0.329	0.001	7.879713	0.275337	0.000000	0.909086	7.163335
0.329	0.002	7.879713	0.275337	0.000000	0.909086	7.163335
0.329	0.003	7.879713	0.275337	0.000000	0.909086	7.163335
0.329	0.004	7.879713	0.275337	0.000000	0.909086	7.163335
0.330	0.000	7.850796	0.279483	0.000000	0.907750	7.126558
0.330	0.001	7.850796	0.279483	0.000000	0.907750	7.126558
0.330	0.002	7.850796	0.279483	0.000000	0.907750	7.126558
0.330	0.003	7.850796	0.279483	0.000000	0.907750	7.126558
0.330	0.004	7.850796	0.279483	0.000000	0.907750	7.126558
0.331	0.000	7.821959	0.283630	0.000000	0.906415	7.089939
0.331	0.001	7.821959	0.283630	0.000000	0.906415	7.089939
0.331	0.002	7.821959	0.283630	0.000000	0.906415	7.089939
0.331	0.003	7.821959	0.283630	0.000000	0.906415	7.089939
0.331	0.004	7.821959	0.283630	0.000000	0.906415	7.089939
0.332	0.000	7.793205	0.287777	0.000000	0.905080	7.053477
0.332	0.001	7.793205	0.287777	0.000000	0.905080	7.053477
0.332	0.002	7.793205	0.287777	0.000000	0.905080	7.053477
0.332	0.003	7.793205	0.287777	0.000000	0.905080	7.053477
0.332	0.004	7.793205	0.287777	0.000000	0.905080	7.053477
0.333	0.000	7.764534	0.291925	0.000000	0.903747	7.017173
0.333	0.001	7.764534	0.291925	0.000000	0.903747	7.017173
0.333	0.002	7.764534	0.291925	0.000000	0.903747	7.017173
0.333	0.003	7.764534	0.291925	0.000000	0.903747	7.017173
0.333	0.004	7.764534	0.291925	0.000000	0.903747	7.017173
0.334	0.000	7.735946	0.296073	0.000000	0.902414	6.981026
0.334	0.001	7.735946	0.296073	0.000000	0.902414	6.981026
0.334	0.002	7.735946	0.296073	0.000000	0.902414	6.981026
0.334	0.003	7.735946	0.296073	0.000000	0.902414	6.981026
0.334	0.004	7.735946	0.296073	0.000000	0.902414	6.981026
0.335	0.000	7.707438	0.300221	0.000000	0.901082	6.945037
0.335	0.001	7.707438	0.300221	0.000000	0.901082	6.945037
0.335	0.002	7.707438	0.300221	0.000000	0.901082	6.945037
0.335	0.003	7.707438	0.300221	0.000000	0.901082	6.945037
0.335	0.004	7.707438	0.300221	0.000000	0.901082	6.945037
0.336	0.000	7.679014	0.304369	0.000000	0.899752	6.909205
0.336	0.001	7.679014	0.304369	0.000000	0.899752	6.909205
0.336	0.002	7.679014	0.304369	0.000000	0.899752	6.909205
0.336	0.003	7.679014	0.304369	0.000000	0.899752	6.909205
0.336	0.004	7.679014	0.304369	0.000000	0.899752	6.909205
0.337	0.000	7.650672	0.308517	0.000000	0.898422	6.873530
0.337	0.001	7.650672	0.308517	0.000000	0.898422	6.873530
0.337	0.002	7.650672	0.308517	0.000000	0.898422	6.873530
0.337	0.003	7.650672	0.308517	0.000000	0.898422	6.873530
0.337	0.004	7.650672	0.308517	0.000000	0.898422	6.873530
0.338	0.000	7.622412	0.312666	0.000000	0.897092	6.838008
0.338	0.001	7.622412	0.312666	0.000000	0.897092	6.838008
0.338	0.002	7.622412	0.312666	0.000000	0.897092	6.838008
0.338	0.003	7.622412	0.312666	0.000000	0.897092	6.838008
0.338	0.004	7.622412	0.312666	0.000000	0.897092	6.838008
0.339	0.000	7.594233	0.316816	0.000000	0.895764	6.802643
0.339	0.001	7.594233	0.316816	0.000000	0.895764	6.802643
0.339	0.002	7.594233	0.316816	0.000000	0.895764	6.802643
0.339	0.003	7.594233	0.316816	0.000000	0.895764	6.802643
0.339	0.004	7.594233	0.316816	0.000000	0.895764	6.802643
0.340	0.000	7.566134	0.320965	0.000000	0.894437	6.767433
0.340	0.001	7.566134	0.320965	0.000000	0.894437	6.767433
0.340	0.002	7.566134	0.320965	0.000000	0.894437	6.767433
0.340	0.003	7.566134	0.320965	0.000000	0.894437	6.767433
0.340	0.004	7.566134	0.320965	0.000000	0.894437	6.767433
0.341	0.000	7.538117	0.325115	0.000000	0.893111	6.732377
0.341	0.001	7.538117	0.325115	0.000000	0.893111	6.732377
0.341	0.002	7.538117	0.325115	0.000000	0.893111	6.732377
0.341	0.003	7.538117	0.325115	0.000000	0.893111	6.732377
0.341	0.004	7.538117	0.325115	0.000000	0.893111	6.732377
0.342	0.000	7.510182	0.329265	0.000000	0.891786	6.697476
0.342	0.001	7.510182	0.329265	0.000000	0.891786	6.697476
0.342	0.002	7.510182	0.329265	0.000000	0.891786	6.697476
0.342	0.003	7.510182	0.329265	0.000000	0.891786	6.697476
0.342	0.004	7.510182	0.329265	0.000000	0.891786	6.697476
0.343	0.000	7.482329	0.333415	0.000000	0.890462	6.662727
0.343	0.001	7.482329	0.333415	0.000000	0.890462	6.662727
0.343	0.002	7.482329	0.333415	0.000000	0.890462	6.662727
0.343	0.003	7.482329	0.333415	0.000000	0.890462	6.662727
0.343	0.004	7.482329	0.333415	0.000000	0.890462	6.662727
0.344	0.000	7.454558	0.337565	0.000000	0.889138	6.628133
0.344	0.001	7.454558	0.337565	0.000000	0.889138	6.628133
0.344	0.002	7.454558	0.337565	0.000000	0.889138	6.628133
0.344	0.003	7.454558	0.337565	0.000000	0.889138	6.628133
0.344	0.004	7.454558	0.337565	0.000000	0.889138	6.628133
0.345	0.000	7.426867	0.341715	0.000000	0.887816	6.593691
0.345	0.001	7.426867	0.341715	0.000000	0.887816	6.593691
0.345	0.002	7.426867	0.341715	0.000000	0.887816	6.593691
0.345	0.003	7.426867	0.341715	0.000000	0.887816	6.593691
0.345	0.004	7.426867	0.341715	0.000000	0.887816	6.593691
0.346	0.000	7.399258	0.345866	0.000000	0.886494	6.559401
0.346	0.001	7.399258	0.345866	0.000000	0.886494	6.559401
0.346	0.002	7.399258	0.345866	0.000000	0.886494	6.559401
0.346	0.003	7.399258	0.345866	0.000000	0.886494	6.559401
0.346	0.004	7.399258	0.345866	0.000000	0.886494	6.559401
0.347	0.000	7.371732	0.350016	0.000000	0.885174	6.525264
0.347	0.001	7.371732	0.350016	0.000000	0.885174	6.525264
0.347	0.002	7.371732	0.350016	0.000000	0.885174	6.525264
0.347	0.003	7.371732	0.350016	0.000000	0.885174	6.525264
0.347	0.004	7.371732	0.350016	0.000000	0.885174	6.525264
0.348	0.000	7.344287	0.354167	0.000000	0.883854	6.491278
0.348	0.001	7.344287	0.354167	0.000000	0.883854	6.491278
0.348	0.002	7.344287	0.354167	0.000000	0.883854	6.491278
0.348	0.003	7.344287	0.354167	0.000000	0.883854	6.491278
0.348	0.004	7.344287	0.354167	0.000000	0.883854	6.491278
0.349	0.000	7.316924	0.358318	0.000000	0.882535	6.457442
0.349	0.001	7.316924	0.358318	0.000000	0.882535	6.457442
0.349	0.002	7.316924	0.358318	0.000000	0.882535	6.457442
0.349	0.003	7.316924	0.358318	0.000000	0.882535	6.457442
0.349	0.004	7.316924	0.358318	0.000000	0.882535	6.457442
0.350	0.000	7.289640	0.362469	0.000000	0.881217	6.423757
0.350	0.001	7.289640	0.362469	0.000000	0.881217	6.423757
0.350	0.002	7.289640	0.362469	0.000000	0.881217	6.423757
0.350	0.003	7.289640	0.362469	0.000000	0.881217	6.423757
0.350	0.004	7.289640	0.362469	0.000000	0.881217	6.423757
0.351	0.000	7.262439	0.366620	0.000000	0.879900	6.390221
0.351	0.001	7.262439	0.366620	0.000000	0.879900	6.390221
0.351	0.002	7.262439	0.366620	0.000000	0.879900	6.390221
0.351	0.003	7.262439	0.366620	0.000000	0.879900	6.390221
0.351	0.004	7.262439	0.366620	0.000000	0.879900	6.390221
0.352	0.000	7.235318	0.370772	0.000000	0.878584	6.356835
0.352	0.001	7.235318	0.370772	0.000000	0.878584	6.356835
0.352	0.002	7.235318	0.370772	0.000000	0.878584	6.356835
0.352	0.003	7.235318	0.370772	0.000000	0.878584	6.356835
0.352	0.004	7.235318	0.370772	0.000000	0.878584	6.356835
0.353	0.000	7.208275	0.374923	0.000000	0.877269	6.323596
0.353	0.001	7.208275	0.374923	0.000000	0.877269	6.323596
0.353	0.002	7.208275	0.374923	0.000000	0.877269	6.323596
0.353	0.003	7.208275	0.374923	0.000000	0.877269	6.323596
0.353	0.004	7.208275	0.374923	0.000000	0.877269	6.323596
0.354	0.000	7.181311	0.379074	0.000000	0.875955	6.290507
0.354	0.001	7.181311	0.379074	0.000000	0.875955	6.290507
0.354	0.002	7.181311	0.379074	0.000000	0.875955	6.290507
0.354	0.003	7.181311	0.379074	0.000000	0.875955	6.290507
0.354	0.004	7.181311	0.379074	0.000000	0.875955	6.290507
0.355	0.000	7.154428	0.383226	0.000000	0.874642	6.257566
0.355	0.001	7.154428	0.383226	0.000000	0.874642	6.257566
0.355	0.002	7.154428	0.383226	0.000000	0.874642	6.257566
0.355	0.003	7.154428	0.383226	0.000000	0.874642	6.257566
0.355	0.004	7.154428	0.383226	0.000000	0.874642	6.257566
0.356	0.000	7.127628	0.387377	0.000000	0.873331	6.224775
0.356	0.001	7.127628	0.387377	0.000000	0.873331	6.224775
0.356	0.002	7.127628	0.387377	0.000000	0.873331	6.224775
0.356	0.003	7.127628	0.387377	0.000000	0.873331	6.224775
0.356	0.004	7.127628	0.387377	0.000000	0.873331	6.224775
0.357	0.000	7.100908	0.391529	0.000000	0.872019	6.192129
0.357	0.001	7.100908	0.391529	0.000000	0.872019	6.192129
0.357	0.002	7.100908	0.391529	0.000000	0.872019	6.192129
0.357	0.003	7.100908	0.391529	0.000000	0.872019	6.192129
0.357	0.004	7.100908	0.391529	0.000000	0.872019	6.192129
0.358	0.000	7.074268	0.395680	0.000000	0.870709	6.159630
0.358	0.001	7.074268	0.395680	0.000000	0.870709	6.159630
0.358	0.002	7.074268	0.395680	0.000000	0.870709	6.159630
0.358	0.003	7.074268	0.395680	0.000000	0.870709	6.159630
0.358	0.004	7.074268	0.395680	0.000000	0.870709	6.159630
0.359	0.000	7.047707	0.399832	0.000000	0.869400	6.127277
0.359	0.001	7.047707	0.399832	0.000000	0.869400	6.127277
0.359	0.002	7.047707	0.399832	0.000000	0.869400	6.127277
0.359	0.003	7.047707	0.399832	0.000000	0.869400	6.127277
0.359	0.004	7.047707	0.399832	0.000000	0.869400	6.127277
0.360	0.000	7.021227	0.403983	0.000000	0.868092	6.095069
0.360	0.001	7.021227	0.403983	0.000000	0.868092	6.095069
0.360	0.002	7.021227	0.403983	0.000000	0.868092	6.095069
0.360	0.003	7.021227	0.403983	0.000000	0.868092	6.095069
0.360	0.004	7.021227	0.403983	0.000000	0.868092	6.095069
0.361	0.000	6.994825	0.408135	0.000000	0.866785	6.063007
0.361	0.001	6.994825	0.408135	0.000000	0.866785	6.063007
0.361	0.002	6.994825	0.408135	0.000000	0.866785	6.063007
0.361	0.003	6.994825	0.408135	0.000000	0.866785	6.063007
0.361	0.004	6.994825	0.408135	0.000000	0.866785	6.063007
0.362	0.000	6.968505	0.412286	0.000000	0.865479	6.031091
0.362	0.001	6.968505	0.412286	0.000000	0.865479	6.031091
0.362	0.002	6.968505	0.412286	0.000000	0.865479	6.031091
0.362	0.003	6.968505	0.412286	0.000000	0.865479	6.031091
0.362	0.004	6.968505	0.412286	0.000000	0.865479	6.031091
0.363	0.000	6.942264	0.416438	0.000000	0.864173	5.999320
0.363	0.001	6.942264	0.416438	0.000000	0.864173	5.999320
0.363	0.002	6.942264	0.416438	0.000000	0.864173	5.999320
0.363	0.003	6.942264	0.416438	0.000000	0.864173	5.999320
0.363	0.004	6.942264	0.416438	0.000000	0.864173	5.999320
0.364	0.000	6.916100	0.420589	0.000000	0.862869	5.967690
0.364	0.001	6.916100	0.420589	0.000000	0.862869	5.967690
0.364	0.002	6.916100	0.420589	0.000000	0.862869	5.967690
0.364	0.003	6.916100	0.420589	0.000000	0.862869	5.967690
0.364	0.004	6.916100	0.420589	0.000000	0.862869	5.967690
0.365	0.000	6.890015	0.424741	0.000000	0.861566	5.936204
0.365	0.001	6.890015	0.424741	0.000000	0.861566	5.936204
0.365	0.002	6.890015	0.424741	0.000000	0.861566	5.936204
0.365	0.003	6.890015	0.424741	0.000000	0.861566	5.936204
0.365	0.004	6.890015	0.424741	0.000000	0.861566	5.936204
0.366	0.000	6.864008	0.428892	0.000000	0.860264	5.904861
0.366	0.001	6.864008	0.428892	0.000000	0.860264	5.904861
0.366	0.002	6.864008	0.428892	0.000000	0.860264	5.904861
0.366	0.003	6.864008	0.428892	0.000000	0.860264	5.904861
0.366	0.004	6.864008	0.428892	0.000000	0.860264	5.904861
0.367	0.000	6.838083	0.433043	0.000000	0.858963	5.873660
0.367	0.001	6.838083	0.433043	0.000000	0.858963	5.873660
0.367	0.002	6.838083	0.433043	0.000000	0.858963	5.873660
0.367	0.003	6.838083	0.433043	0.000000	0.858963	5.873660
0.367	0.004	6.838083	0.433043	0.000000	0.858963	5.873660
0.368	0.000	6.812236	0.437195	0.000000	0.857663	5.842602
0.368	0.001	6.812236	0.437195	0.000000	0.857663	5.842602
0.368	0.002	6.812236	0.437195	0.000000	0.857663	5.842602
0.368	0.003	6.812236	0.437195	0.000000	0.857663	5.842602
0.368	0.004	6.812236	0.437195	0.000000	0.857663	5.842602
0.369	0.000	6.786466	0.441346	0.000000	0.856364	5.811685
0.369	0.001	6.786466	0.441346	0.000000	0.856364	5.811685
0.369	0.002	6.786466	0.441346	0.000000	0.856364	5.811685
0.369	0.003	6.786466	0.441346	0.000000	0.856364	5.811685
0.369	0.004	6.786466	0.441346	0.000000	0.856364	5.811685
0.370	0.000	6.760775	0.445497	0.000000	0.855066	5.780908
0.370	0.001	6.760775	0.445497	0.000000	0.855066	5.780908
0.370	0.002	6.760775	0.445497	0.000000	0.855066	5.780908
0.370	0.003	6.760775	0.445497	0.000000	0.855066	5.780908
0.370	0.004	6.760775	0.445497	0.000000	0.855066	5.780908
0.371	0.000	6.735162	0.449648	0.000000	0.853769	5.750271
0.371	0.001	6.735162	0.449648	0.000000	0.853769	5.750271
0.371	0.002	6.735162	0.449648	0.000000	0.853769	5.750271
0.371	0.003	6.735162	0.449648	0.000000	0.853769	5.750271
0.371	0.004	6.735162	0.449648	0.000000	0.853769	5.750271
0.372	0.000	6.709627	0.453799	0.000000	0.852472	5.719772
0.372	0.001	6.709627	0.453799	0.000000	0.852472	5.719772
0.372	0.002	6.709627	0.453799	0.000000	0.852472	5.719772
0.372	0.003	6.709627	0.453799	0.000000	0.852472	5.719772
0.372	0.004	6.709627	0.453799	0.000000	0.852472	5.719772
0.373	0.000	6.684172	0.457950	0.000000	0.851177	5.689414
0.373	0.001	6.684172	0.457950	0.000000	0.851177	5.689414
0.373	0.002	6.684172	0.457950	0.000000	0.851177	5.689414
0.373	0.003	6.684172	0.457950	0.000000	0.851177	5.689414
0.373	0.004	6.684172	0.457950	0.000000	0.851177	5.689414
0.374	0.000	6.658792	0.462102	0.000000	0.849883	5.659194
0.374	0.001	6.658792	0.462102	0.000000	0.849883	5.659194
0.374	0.002	6.658792	0.462102	0.000000	0.849883	5.659194
0.374	0.003	6.658792	0.462102	0.000000	0.849883	5.659194
0.374	0.004	6.658792	0.462102	0.000000	0.849883	5.659194
0.375	0.000	6.633492	0.466253	0.000000	0.848590	5.629112
0.375	0.001	6.633492	0.466253	0.000000	0.848590	5.629112
0.375	0.002	6.633492	0.466253	0.000000	0.848590	5.629112
0.375	0.003	6.633492	0.466253	0.000000	0.848590	5.629112
0.375	0.004	6.633492	0.466253	0.000000	0.848590	5.629112
0.376	0.000	6.608270	0.470404	0.000000	0.847297	5.599168
0.376	0.001	6.608270	0.470404	0.000000	0.847297	5.599168
0.376	0.002	6.608270	0.470404	0.000000	0.847297	5.599168
0.376	0.003	6.608270	0.470404	0.000000	0.847297	5.599168
0.376	0.004	6.608270	0.470404	0.000000	0.847297	5.599168
0.377	0.000	6.583122	0.474555	0.000000	0.846006	5.569360
0.377	0.001	6.583122	0.474555	0.000000	0.846006	5.569360
0.377	0.002	6.583122	0.474555	0.000000	0.846006	5.569360
0.377	0.003	6.583122	0.474555	0.000000	0.846006	5.569360
0.377	0.004	6.583122	0.474555	0.000000	0.846006	5.569360
0.378	0.000	6.558050	0.478706	0.000000	0.844716	5.539689
0.378	0.001	6.558050	0.478706	0.000000	0.844716	5.539689
0.378	0.002	6.558050	0.478706	0.000000	0.844716	5.539689
0.378	0.003	6.558050	0.478706	0.000000	0.844716	5.539689
0.378	0.004	6.558050	0.478706	0.000000	0.844716	5.539689
0.379	0.000	6.533055	0.482857	0.000000	0.843427	5.510154
0.379	0.001	6.533055	0.482857	0.000000	0.843427	5.510154
0.379	0.002	6.533055	0.482857	0.000000	0.843427	5.510154
0.379	0.003	6.533055	0.482857	0.000000	0.843427	5.510154
0.379	0.004	6.533055	0.482857	0.000000	0.843427	5.510154
0.380	0.000	6.508136	0.487008	0.000000	0.842139	5.480753
0.380	0.001	6.508136	0.487008	0.000000	0.842139	5.480753
0.380	0.002	6.508136	0.487008	0.000000	0.842139	5.480753
0.380	0.003	6.508136	0.487008	0.000000	0.842139	5.480753
0.380	0.004	6.508136	0.487008	0.000000	0.842139	5.480753
0.381	0.000	6.483292	0.491158	0.000000	0.840852	5.451488
0.381	0.001	6.483292	0.491158	0.000000	0.840852	5.451488
0.381	0.002	6.483292	0.491158	0.000000	0.840852	5.451488
0.381	0.003	6.483292	0.491158	0.000000	0.840852	5.451488
0.381	0.004	6.483292	0.491158	0.000000	0.840852	5.451488
0.382	0.000	6.458528	0.495309	0.000000	0.839566	5.422358
0.382	0.001	6.458528	0.495309	0.000000	0.839566	5.422358
0.382	0.002	6.458528	0.495309	0.000000	0.839566	5.422358
0.382	0.003	6.458528	0.495309	0.000000	0.839566	5.422358
0.382	0.004	6.458528	0.495309	0.000000	0.839566	5.422358
0.383	0.000	6.433837	0.499460	0.000000	0.838280	5.393360
0.383	0.001	6.433837	0.499460	0.000000	0.838280	5.393360
0.383	0.002	6.433837	0.499460	0.000000	0.838280	5.393360
0.383	0.003	6.433837	0.499460	0.000000	0.838280	5.393360
0.383	0.004	6.433837	0.499460	0.000000	0.838280	5.393360
0.384	0.000	6.409225	0.503610	0.000000	0.836996	5.364498
0.384	0.001	6.409225	0.503610	0.000000	0.836996	5.364498
0.384	0.002	6.409225	0.503610	0.000000	0.836996	5.364498
0.384	0.003	6.409225	0.503610	0.000000	0.836996	5.364498
0.384	0.004	6.409225	0.503610	0.000000	0.836996	5.364498
0.385	0.000	6.384689	0.507761	0.000000	0.835713	5.335768
0.385	0.001	6.384689	0.507761	0.000000	0.835713	5.335768
0.385	0.002	6.384689	0.507761	0.000000	0.835713	5.335768
0.385	0.003	6.384689	0.507761	0.000000	0.835713	5.335768
0.385	0.004	6.384689	0.507761	0.000000	0.835713	5.335768
0.386	0.000	6.360229	0.511911	0.000000	0.834431	5.307171
0.386	0.001	6.360229	0.511911	0.000000	0.834431	5.307171
0.386	0.002	6.360229	0.511911	0.000000	0.834431	5.307171
0.386	0.003	6.360229	0.511911	0.000000	0.834431	5.307171
0.386	0.004	6.360229	0.511911	0.000000	0.834431	5.307171
0.387	0.000	6.335844	0.516061	0.000000	0.833150	5.278706
0.387	0.001	6.335844	0.516061	0.000000	0.833150	5.278706
0.387	0.002	6.335844	0.516061	0.000000	0.833150	5.278706
0.387	0.003	6.335844	0.516061	0.000000	0.833150	5.278706
0.387	0.004	6.335844	0.516061	0.000000	0.833150	5.278706
0.388	0.000	6.311535	0.520212	0.000000	0.831869	5.250372
0.388	0.001	6.311535	0.520212	0.000000	0.831869	5.250372
0.388	0.002	6.311535	0.520212	0.000000	0.831869	5.250372
0.388	0.003	6.311535	0.520212	0.000000	0.831869	5.250372
0.388	0.004	6.311535	0.520212	0.000000	0.831869	5.250372
0.389	0.000	6.287302	0.524362	0.000000	0.830590	5.222169
0.389	0.001	6.287302	0.524362	0.000000	0.830590	5.222169
0.389	0.002	6.287302	0.524362	0.000000	0.830590	5.222169
0.389	0.003	6.287302	0.524362	0.000000	0.830590	5.222169
0.389	0.004	6.287302	0.524362	0.000000	0.830590	5.222169
0.390	0.000	6.263143	0.528512	0.000000	0.829312	5.194097
0.390	0.001	6.263143	0.528512	0.000000	0.829312	5.194097
0.390	0.002	6.263143	0.528512	0.000000	0.829312	5.194097
0.390	0.003	6.263143	0.528512	0.000000	0.829312	5.194097
0.390	0.004	6.263143	0.528512	0.000000	0.829312	5.194097
0.391	0.000	6.239058	0.532663	0.000000	0.828034	5.166154
0.391	0.001	6.239058	0.532663	0.000000	0.828034	5.166154
0.391	0.002	6.239058	0.532663	0.000000	0.828034	5.166154
0.391	0.003	6.239058	0.532663	0.000000	0.828034	5.166154
0.391	0.004	6.239058	0.532663	0.000000	0.828034	5.166154
0.392	0.000	6.215049	0.536812	0.000000	0.826758	5.138342
0.392	0.001	6.215049	0.536812	0.000000	0.826758	5.138342
0.392	0.002	6.215049	0.536812	0.000000	0.826758	5.138342
0.392	0.003	6.215049	0.536812	0.000000	0.826758	5.138342
0.392	0.004	6.215049	0.536812	0.000000	0.826758	5.138342
0.393	0.000	6.191115	0.540962	0.000000	0.825483	5.110659
0.393	0.001	6.191115	0.540962	0.000000	0.825483	5.110659
0.393	0.002	6.191115	0.540962	0.000000	0.825483	5.110659
0.393	0.003	6.191115	0.540962	0.000000	0.825483	5.110659
0.393	0.004	6.191115	0.540962	0.000000	0.825483	5.110659
0.394	0.000	6.167254	0.545112	0.000000	0.824209	5.083104
0.394	0.001	6.167254	0.545112	0.000000	0.824209	5.083104
0.394	0.002	6.167254	0.545112	0.000000	0.824209	5.083104
0.394	0.003	6.167254	0.545112	0.000000	0.824209	5.083104
0.394	0.004	6.167254	0.545112	0.000000	0.824209	5.083104
0.395	0.000	6.143463	0.549261	0.000000	0.822936	5.055676
0.395	0.001	6.143463	0.549261	0.000000	0.822936	5.055676
0.395	0.002	6.143463	0.549261	0.000000	0.822936	5.055676
0.395	0.003	6.143463	0.549261	0.000000	0.822936	5.055676
0.395	0.004	6.143463	0.549261	0.000000	0.822936	5.055676
0.396	0.000	6.119746	0.553411	0.000000	0.821664	5.028376
0.396	0.001	6.119746	0.553411	0.000000	0.821664	5.028376
0.396	0.002	6.119746	0.553411	0.000000	0.821664	5.028376
0.396	0.003	6.119746	0.553411	0.000000	0.821664	5.028376
0.396	0.004	6.119746	0.553411	0.000000	0.821664	5.028376
0.397	0.000	6.096107	0.557560	0.000000	0.820393	5.001204
0.397	0.001	6.096107	0.557560	0.000000	0.820393	5.001204
0.397	0.002	6.096107	0.557560	0.000000	0.820393	5.001204
0.397	0.003	6.096107	0.557560	0.000000	0.820393	5.001204
0.397	0.004	6.096107	0.557560	0.000000	0.820393	5.001204
0.398	0.000	6.072540	0.561710	0.000000	0.819123	4.974157
0.398	0.001	6.072540	0.561710	0.000000	0.819123	4.974157
0.398	0.002	6.072540	0.561710	0.000000	0.819123	4.974157
0.398	0.003	6.072540	0.561710	0.000000	0.819123	4.974157
0.398	0.004	6.072540	0.561710	0.000000	0.819123	4.974157
0.399	0.000	6.049047	0.565859	0.000000	0.817854	4.947237
0.399	0.001	6.049047	0.565859	0.000000	0.817854	4.947237
0.399	0.002	6.049047	0.565859	0.000000	0.817854	4.947237
0.399	0.003	6.049047	0.565859	0.000000	0.817854	4.947237
0.399	0.004	6.049047	0.565859	0.000000	0.817854	4.947237
0.400	0.000	6.025628	0.570008	0.000000	0.816586	4.920443
0.400	0.001	6.025628	0.570008	0.000000	0.816586	4.920443
0.400	0.002	6.025628	0.570008	0.000000	0.816586	4.920443
0.400	0.003	6.025628	0.570008	0.000000	0.816586	4.920443
0.400	0.004	6.025628	0.570008	0.000000	0.816586	4.920443
0.401	0.000	6.002282	0.574157	0.000000	0.815319	4.893774
0.401	0.001	6.002282	0.574157	0.000000	0.815319	4.893774
0.401	0.002	6.002282	0.574157	0.000000	0.815319	4.893774
0.401	0.003	6.002282	0.574157	0.000000	0.815319	4.893774
0.401	0.004	6.002282	0.574157	0.000000	0.815319	4.893774
0.402	0.000	5.979007	0.578306	0.000000	0.814053	4.867228
0.402	0.001	5.979007	0.578306	0.000000	0.814053	4.867228
0.402	0.002	5.979007	0.578306	0.000000	0.814053	4.867228
0.402	0.003	5.979007	0.578306	0.000000	0.814053	4.867228
0.402	0.004	5.979007	0.578306	0.000000	0.814053	4.867228
0.403	0.000	5.955807	0.582455	0.000000	0.812788	4.840807
0.403	0.001	5.955807	0.582455	0.000000	0.812788	4.840807
0.403	0.002	5.955807	0.582455	0.000000	0.812788	4.840807
0.403	0.003	5.955807	0.582455	0.000000	0.812788	4.840807
0.403	0.004	5.955807	0.582455	0.000000	0.812788	4.840807
0.404	0.000	5.932679	0.586604	0.000000	0.811524	4.814511
0.404	0.001	5.932679	0.586604	0.000000	0.811524	4.814511
0.404	0.002	5.932679	0.586604	0.000000	0.811524	4.814511
0.404	0.003	5.932679	0.586604	0.000000	0.811524	4.814511
0.404	0.004	5.932679	0.586604	0.000000	0.811524	4.814511
0.405	0.000	5.909624	0.590753	0.000000	0.810261	4.788337
0.405	0.001	5.909624	0.590753	0.000000	0.810261	4.788337
0.405	0.002	5.909624	0.590753	0.000000	0.810261	4.788337
0.405	0.003	5.909624	0.590753	0.000000	0.810261	4.788337
0.405	0.004	5.909624	0.590753	0.000000	0.810261	4.788337
0.406	0.000	5.886642	0.594901	0.000000	0.808999	4.762287
0.406	0.001	5.886642	0.594901	0.000000	0.808999	4.762287
0.406	0.002	5.886642	0.594901	0.000000	0.808999	4.762287
0.406	0.003	5.886642	0.594901	0.000000	0.808999	4.762287
0.406	0.004	5.886642	0.594901	0.000000	0.808999	4.762287
0.407	0.000	5.863732	0.599050	0.000000	0.807738	4.736360
0.407	0.001	5.863732	0.599050	0.000000	0.807738	4.736360
0.407	0.002	5.863732	0.599050	0.000000	0.807738	4.736360
0.407	0.003	5.863732	0.599050	0.000000	0.807738	4.736360
0.407	0.004	5.863732	0.599050	0.000000	0.807738	4.736360
0.408	0.000	5.840894	0.603198	0.000000	0.806479	4.710555
0.408	0.001	5.840894	0.603198	0.000000	0.806479	4.710555
0.408	0.002	5.840894	0.603198	0.000000	0.806479	4.710555
0.408	0.003	5.840894	0.603198	0.000000	0.806479	4.710555
0.408	0.004	5.840894	0.603198	0.000000	0.806479	4.710555
0.409	0.000	5.818128	0.607346	0.000000	0.805220	4.684871
0.409	0.001	5.818128	0.607346	0.000000	0.805220	4.684871
0.409	0.002	5.818128	0.607346	0.000000	0.805220	4.684871
0.409	0.003	5.818128	0.607346	0.000000	0.805220	4.684871
0.409	0.004	5.818128	0.607346	0.000000	0.805220	4.684871
0.410	0.000	5.795432	0.611494	0.000000	0.803962	4.659308
0.410	0.001	5.795432	0.611494	0.000000	0.803962	4.659308
0.410	0.002	5.795432	0.611494	0.000000	0.803962	4.659308
0.410	0.003	5.795432	0.611494	0.000000	0.803962	4.659308
0.410	0.004	5.795432	0.611494	0.000000	0.803962	4.659308
0.411	0.000	5.772808	0.615641	0.000000	0.802705	4.633864
0.411	0.001	5.772808	0.615641	0.000000	0.802705	4.633864
0.411	0.002	5.772808	0.615641	0.000000	0.802705	4.633864
0.411	0.003	5.772808	0.615641	0.000000	0.802705	4.633864
0.411	0.004	5.772808	0.615641	0.000000	0.802705	4.633864
0.412	0.000	5.750256	0.619789	0.000000	0.801450	4.608542
0.412	0.001	5.750256	0.619789	0.000000	0.801450	4.608542
0.412	0.002	5.750256	0.619789	0.000000	0.801450	4.608542
0.412	0.003	5.750256	0.619789	0.000000	0.801450	4.608542
0.412	0.004	5.750256	0.619789	0.000000	0.801450	4.608542
0.413	0.000	5.727775	0.623936	0.000000	0.800195	4.583337
0.413	0.001	5.727775	0.623936	0.000000	0.800195	4.583337
0.413	0.002	5.727775	0.623936	0.000000	0.800195	4.583337
0.413	0.003	5.727775	0.623936	0.000000	0.800195	4.583337
0.413	0.004	5.727775	0.623936	0.000000	0.800195	4.583337
0.414	0.000	5.705369	0.628084	0.000000	0.798941	4.558256
0.414	0.001	5.705369	0.628084	0.000000	0.798941	4.558256
0.414	0.002	5.705369	0.628084	0.000000	0.798941	4.558256
0.414	0.003	5.705369	0.628084	0.000000	0.798941	4.558256
0.414	0.004	5.705369	0.628084	0.000000	0.798941	4.558256
0.415	0.000	5.683034	0.632231	0.000000	0.797688	4.533290
0.415	0.001	5.683034	0.632231	0.000000	0.797688	4.533290
0.415	0.002	5.683034	0.632231	0.000000	0.797688	4.533290
0.415	0.003	5.683034	0.632231	0.000000	0.797688	4.533290
0.415	0.004	5.683034	0.632231	0.000000	0.797688	4.533290
0.416	0.000	5.660770	0.636378	0.000000	0.796437	4.508445
0.416	0.001	5.660770	0.636378	0.000000	0.796437	4.508445
0.416	0.002	5.660770	0.636378	0.000000	0.796437	4.508445
0.416	0.003	5.660770	0.636378	0.000000	0.796437	4.508445
0.416	0.004	5.660770	0.636378	0.000000	0.796437	4.508445
0.417	0.000	5.638577	0.640525	0.000000	0.795186	4.483717
0.417	0.001	5.638577	0.640525	0.000000	0.795186	4.483717
0.417	0.002	5.638577	0.640525	0.000000	0.795186	4.483717
0.417	0.003	5.638577	0.640525	0.000000	0.795186	4.483717
0.417	0.004	5.638577	0.640525	0.000000	0.795186	4.483717
0.418	0.000	5.616451	0.644671	0.000000	0.793936	4.459104
0.418	0.001	5.616451	0.644671	0.000000	0.793936	4.459104
0.418	0.002	5.616451	0.644671	0.000000	0.793936	4.459104
0.418	0.003	5.616451	0.644671	0.000000	0.793936	4.459104
0.418	0.004	5.616451	0.644671	0.000000	0.793936	4.459104
0.419	0.000	5.594395	0.648817	0.000000	0.792688	4.434609
0.419	0.001	5.594395	0.648817	0.000000	0.792688	4.434609
0.419	0.002	5.594395	0.648817	0.000000	0.792688	4.434609
0.419	0.003	5.594395	0.648817	0.000000	0.792688	4.434609
0.419	0.004	5.594395	0.648817	0.000000	0.792688	4.434609
0.420	0.000	5.572409	0.652963	0.000000	0.791441	4.410231
0.420	0.001	5.572409	0.652963	0.000000	0.791441	4.410231
0.420	0.002	5.572409	0.652963	0.000000	0.791441	4.410231
0.420	0.003	5.572409	0.652963	0.000000	0.791441	4.410231
0.420	0.004	5.572409	0.652963	0.000000	0.791441	4.410231
0.421	0.000	5.550494	0.657109	0.000000	0.790194	4.385969
0.421	0.001	5.550494	0.657109	0.000000	0.790194	4.385969
0.421	0.002	5.550494	0.657109	0.000000	0.790194	4.385969
0.421	0.003	5.550494	0.657109	0.000000	0.790194	4.385969
0.421	0.004	5.550494	0.657109	0.000000	0.790194	4.385969
0.422	0.000	5.528653	0.661255	0.000000	0.788949	4.361824
0.422	0.001	5.528653	0.661255	0.000000	0.788949	4.361824
0.422	0.002	5.528653	0.661255	0.000000	0.788949	4.361824
0.422	0.003	5.528653	0.661255	0.000000	0.788949	4.361824
0.422	0.004	5.528653	0.661255	0.000000	0.788949	4.361824
0.423	0.000	5.506882	0.665401	0.000000	0.787704	4.337794
0.423	0.001	5.506882	0.665401	0.000000	0.787704	4.337794
0.423	0.002	5.506882	0.665401	0.000000	0.787704	4.337794
0.423	0.003	5.506882	0.665401	0.000000	0.787704	4.337794
0.423	0.004	5.506882	0.665401	0.000000	0.787704	4.337794
0.424	0.000	5.485180	0.669546	0.000000	0.786461	4.313880
0.424	0.001	5.485180	0.669546	0.000000	0.786461	4.313880
0.424	0.002	5.485180	0.669546	0.000000	0.786461	4.313880
0.424	0.003	5.485180	0.669546	0.000000	0.786461	4.313880
0.424	0.004	5.485180	0.669546	0.000000	0.786461	4.313880
0.425	0.000	5.463547	0.673691	0.000000	0.785219	4.290080
0.425	0.001	5.463547	0.673691	0.000000	0.785219	4.290080
0.425	0.002	5.463547	0.673691	0.000000	0.785219	4.290080
0.425	0.003	5.463547	0.673691	0.000000	0.785219	4.290080
0.425	0.004	5.463547	0.673691	0.000000	0.785219	4.290080
0.426	0.000	5.441981	0.677836	0.000000	0.783978	4.266392
0.426	0.001	5.441981	0.677836	0.000000	0.783978	4.266392
0.426	0.002	5.441981	0.677836	0.000000	0.783978	4.266392
0.426	0.003	5.441981	0.677836	0.000000	0.783978	4.266392
0.426	0.004	5.441981	0.677836	0.000000	0.783978	4.266392
0.427	0.000	5.420485	0.681981	0.000000	0.782738	4.242818
0.427	0.001	5.420485	0.681981	0.000000	0.782738	4.242818
0.427	0.002	5.420485	0.681981	0.000000	0.782738	4.242818
0.427	0.003	5.420485	0.681981	0.000000	0.782738	4.242818
0.427	0.004	5.420485	0.681981	0.000000	0.782738	4.242818
0.428	0.000	5.399057	0.686125	0.000000	0.781499	4.219357
0.428	0.001	5.399057	0.686125	0.000000	0.781499	4.219357
0.428	0.002	5.399057	0.686125	0.000000	0.781499	4.219357
0.428	0.003	5.399057	0.686125	0.000000	0.781499	4.219357
0.428	0.004	5.399057	0.686125	0.000000	0.781499	4.219357
0.429	0.000	5.377698	0.690269	0.000000	0.780261	4.196009
0.429	0.001	5.377698	0.690269	0.000000	0.780261	4.196009
0.429	0.002	5.377698	0.690269	0.000000	0.780261	4.196009
0.429	0.003	5.377698	0.690269	0.000000	0.780261	4.196009
0.429	0.004	5.377698	0.690269	0.000000	0.780261	4.196009
0.430	0.000	5.356409	0.694413	0.000000	0.779024	4.172772
0.430	0.001	5.356409	0.694413	0.000000	0.779024	4.172772
0.430	0.002	5.356409	0.694413	0.000000	0.779024	4.172772
0.430	0.003	5.356409	0.694413	0.000000	0.779024	4.172772
0.430	0.004	5.356409	0.694413	0.000000	0.779024	4.172772
0.431	0.000	5.335188	0.698557	0.000000	0.777788	4.149647
0.431	0.001	5.335188	0.698557	0.000000	0.777788	4.149647
0.431	0.002	5.335188	0.698557	0.000000	0.777788	4.149647
0.431	0.003	5.335188	0.698557	0.000000	0.777788	4.149647
0.431	0.004	5.335188	0.698557	0.000000	0.777788	4.149647
0.432	0.000	5.314038	0.702700	0.000000	0.776554	4.126635
0.432	0.001	5.314038	0.702700	0.000000	0.776554	4.126635
0.432	0.002	5.314038	0.702700	0.000000	0.776554	4.126635
0.432	0.003	5.314038	0.702700	0.000000	0.776554	4.126635
0.432	0.004	5.314038	0.702700	0.000000	0.776554	4.126635
0.433	0.000	5.292956	0.706843	0.000000	0.775320	4.103733
0.433	0.001	5.292956	0.706843	0.000000	0.775320	4.103733
0.433	0.002	5.292956	0.706843	0.000000	0.775320	4.103733
0.433	0.003	5.292956	0.706843	0.000000	0.775320	4.103733
0.433	0.004	5.292956	0.706843	0.000000	0.775320	4.103733
0.434	0.000	5.271943	0.710986	0.000000	0.774087	4.080942
0.434	0.001	5.271943	0.710986	0.000000	0.774087	4.080942
0.434	0.002	5.271943	0.710986	0.000000	0.774087	4.080942
0.434	0.003	5.271943	0.710986	0.000000	0.774087	4.080942
0.434	0.004	5.271943	0.710986	0.000000	0.774087	4.080942
0.435	0.000	5.250998	0.715128	0.000000	0.772855	4.058261
0.435	0.001	5.250998	0.715128	0.000000	0.772855	4.058261
0.435	0.002	5.250998	0.715128	0.000000	0.772855	4.058261
0.435	0.003	5.250998	0.715128	0.000000	0.772855	4.058261
0.435	0.004	5.250998	0.715128	0.000000	0.772855	4.058261
0.436	0.000	5.230120	0.719270	0.000000	0.771625	4.035692
0.436	0.001	5.230120	0.719270	0.000000	0.771625	4.035692
0.436	0.002	5.230120	0.719270	0.000000	0.771625	4.035692
0.436	0.003	5.230120	0.719270	0.000000	0.771625	4.035692
0.436	0.004	5.230120	0.719270	0.000000	0.771625	4.035692
0.437	0.000	5.209311	0.723412	0.000000	0.770396	4.013232
0.437	0.001	5.209311	0.723412	0.000000	0.770396	4.013232
0.437	0.002	5.209311	0.723412	0.000000	0.770396	4.013232
0.437	0.003	5.209311	0.723412	0.000000	0.770396	4.013232
0.437	0.004	5.209311	0.723412	0.000000	0.770396	4.013232
0.438	0.000	5.188570	0.727553	0.000000	0.769167	3.990879
0.438	0.001	5.188570	0.727553	0.000000	0.769167	3.990879
0.438	0.002	5.188570	0.727553	0.000000	0.769167	3.990879
0.438	0.003	5.188570	0.727553	0.000000	0.769167	3.990879
0.438	0.004	5.188570	0.727553	0.000000	0.769167	3.990879
0.439	0.000	5.167902	0.731694	0.000000	0.767940	3.968638
0.439	0.001	5.167902	0.731694	0.000000	0.767940	3.968638
0.439	0.002	5.167902	0.731694	0.000000	0.767940	3.968638
0.439	0.003	5.167902	0.731694	0.000000	0.767940	3.968638
0.439	0.004	5.167902	0.731694	0.000000	0.767940	3.968638
0.440	0.000	5.147300	0.735835	0.000000	0.766714	3.946505
0.440	0.001	5.147300	0.735835	0.000000	0.766714	3.946505
0.440	0.002	5.147300	0.735835	0.000000	0.766714	3.946505
0.440	0.003	5.147300	0.735835	0.000000	0.766714	3.946505
0.440	0.004	5.147300	0.735835	0.000000	0.766714	3.946505
0.441	0.000	5.126761	0.739975	0.000000	0.765489	3.924479
0.441	0.001	5.126761	0.739975	0.000000	0.765489	3.924479
0.441	0.002	5.126761	0.739975	0.000000	0.765489	3.924479
0.441	0.003	5.126761	0.739975	0.000000	0.765489	3.924479
0.441	0.004	5.126761	0.739975	0.000000	0.765489	3.924479
0.442	0.000	5.106292	0.744115	0.000000	0.764265	3.902559
0.442	0.001	5.106292	0.744115	0.000000	0.764265	3.902559
0.442	0.002	5.106292	0.744115	0.000000	0.764265	3.902559
0.442	0.003	5.106292	0.744115	0.000000	0.764265	3.902559
0.442	0.004	5.106292	0.744115	0.000000	0.764265	3.902559
0.443	0.000	5.085888	0.748255	0.000000	0.763042	3.880746
0.443	0.001	5.085888	0.748255	0.000000	0.763042	3.880746
0.443	0.002	5.085888	0.748255	0.000000	0.763042	3.880746
0.443	0.003	5.085888	0.748255	0.000000	0.763042	3.880746
0.443	0.004	5.085888	0.748255	0.000000	0.763042	3.880746
0.444	0.000	5.065553	0.752394	0.000000	0.761820	3.859041
0.444	0.001	5.065553	0.752394	0.000000	0.761820	3.859041
0.444	0.002	5.065553	0.752394	0.000000	0.761820	3.859041
0.444	0.003	5.065553	0.752394	0.000000	0.761820	3.859041
0.444	0.004	5.065553	0.752394	0.000000	0.761820	3.859041
0.445	0.000	5.045285	0.756533	0.000000	0.760599	3.837440
0.445	0.001	5.045285	0.756533	0.000000	0.760599	3.837440
0.445	0.002	5.045285	0.756533	0.000000	0.760599	3.837440
0.445	0.003	5.045285	0.756533	0.000000	0.760599	3.837440
0.445	0.004	5.045285	0.756533	0.000000	0.760599	3.837440
0.446	0.000	5.025085	0.760671	0.000000	0.759379	3.815945
0.446	0.001	5.025085	0.760671	0.000000	0.759379	3.815945
0.446	0.002	5.025085	0.760671	0.000000	0.759379	3.815945
0.446	0.003	5.025085	0.760671	0.000000	0.759379	3.815945
0.446	0.004	5.025085	0.760671	0.000000	0.759379	3.815945
0.447	0.000	5.004952	0.764809	0.000000	0.758161	3.794558
0.447	0.001	5.004952	0.764809	0.000000	0.758161	3.794558
0.447	0.002	5.004952	0.764809	0.000000	0.758161	3.794558
0.447	0.003	5.004952	0.764809	0.000000	0.758161	3.794558
0.447	0.004	5.004952	0.764809	0.000000	0.758161	3.794558
0.448	0.000	4.984885	0.768946	0.000000	0.756943	3.773276
0.448	0.001	4.984885	0.768946	0.000000	0.756943	3.773276
0.448	0.002	4.984885	0.768946	0.000000	0.756943	3.773276
0.448	0.003	4.984885	0.768946	0.000000	0.756943	3.773276
0.448	0.004	4.984885	0.768946	0.000000	0.756943	3.773276
0.449	0.000	4.964884	0.773083	0.000000	0.755727	3.752098
0.449	0.001	4.964884	0.773083	0.000000	0.755727	3.752098
0.449	0.002	4.964884	0.773083	0.000000	0.755727	3.752098
0.449	0.003	4.964884	0.773083	0.000000	0.755727	3.752098
0.449	0.004	4.964884	0.773083	0.000000	0.755727	3.752098
0.450	0.000	4.944952	0.777220	0.000000	0.754512	3.731027
0.450	0.001	4.944952	0.777220	0.000000	0.754512	3.731027
0.450	0.002	4.944952	0.777220	0.000000	0.754512	3.731027
0.450	0.003	4.944952	0.777220	0.000000	0.754512	3.731027
0.450	0.004	4.944952	0.777220	0.000000	0.754512	3.731027
0.451	0.000	4.925086	0.781355	0.000000	0.753298	3.710058
0.451	0.001	4.925086	0.781355	0.000000	0.753298	3.710058
0.451	0.002	4.925086	0.781355	0.000000	0.753298	3.710058
0.451	0.003	4.925086	0.781355	0.000000	0.753298	3.710058
0.451	0.004	4.925086	0.781355	0.000000	0.753298	3.710058
0.452	0.000	4.905285	0.785491	0.000000	0.752085	3.689190
0.452	0.001	4.905285	0.785491	0.000000	0.752085	3.689190
0.452	0.002	4.905285	0.785491	0.000000	0.752085	3.689190
0.452	0.003	4.905285	0.785491	0.000000	0.752085	3.689190
0.452	0.004	4.905285	0.785491	0.000000	0.752085	3.689190
0.453	0.000	4.885551	0.789625	0.000000	0.750873	3.668429
0.453	0.001	4.885551	0.789625	0.000000	0.750873	3.668429
0.453	0.002	4.885551	0.789625	0.000000	0.750873	3.668429
0.453	0.003	4.885551	0.789625	0.000000	0.750873	3.668429
0.453	0.004	4.885551	0.789625	0.000000	0.750873	3.668429
0.454	0.000	4.865881	0.793759	0.000000	0.749663	3.647770
0.454	0.001	4.865881	0.793759	0.000000	0.749663	3.647770
0.454	0.002	4.865881	0.793759	0.000000	0.749663	3.647770
0.454	0.003	4.865881	0.793759	0.000000	0.749663	3.647770
0.454	0.004	4.865881	0.793759	0.000000	0.749663	3.647770
0.455	0.000	4.846276	0.797893	0.000000	0.748454	3.627215
0.455	0.001	4.846276	0.797893	0.000000	0.748454	3.627215
0.455	0.002	4.846276	0.797893	0.000000	0.748454	3.627215
0.455	0.003	4.846276	0.797893	0.000000	0.748454	3.627215
0.455	0.004	4.846276	0.797893	0.000000	0.748454	3.627215
0.456	0.000	4.826741	0.802027	0.000000	0.747246	3.606761
0.456	0.001	4.826741	0.802027	0.000000	0.747246	3.606761
0.456	0.002	4.826741	0.802027	0.000000	0.747246	3.606761
0.456	0.003	4.826741	0.802027	0.000000	0.747246	3.606761
0.456	0.004	4.826741	0.802027	0.000000	0.747246	3.606761
0.457	0.000	4.807270	0.806159	0.000000	0.746039	3.586409
0.457	0.001	4.807270	0.806159	0.000000	0.746039	3.586409
0.457	0.002	4.807270	0.806159	0.000000	0.746039	3.586409
0.457	0.003	4.807270	0.806159	0.000000	0.746039	3.586409
0.457	0.004	4.807270	0.806159	0.000000	0.746039	3.586409
0.458	0.000	4.787867	0.810291	0.000000	0.744833	3.566160
0.458	0.001	4.787867	0.810291	0.000000	0.744833	3.566160
0.458	0.002	4.787867	0.810291	0.000000	0.744833	3.566160
0.458	0.003	4.787867	0.810291	0.000000	0.744833	3.566160
0.458	0.004	4.787867	0.810291	0.000000	0.744833	3.566160
0.459	0.000	4.768530	0.814422	0.000000	0.743628	3.546015
0.459	0.001	4.768530	0.814422	0.000000	0.743628	3.546015
0.459	0.002	4.768530	0.814422	0.000000	0.743628	3.546015
0.459	0.003	4.768530	0.814422	0.000000	0.743628	3.546015
0.459	0.004	4.768530	0.814422	0.000000	0.743628	3.546015
0.460	0.000	4.749261	0.818551	0.000000	0.742424	3.525968
0.460	0.001	4.749261	0.818551	0.000000	0.742424	3.525968
0.460	0.002	4.749261	0.818551	0.000000	0.742424	3.525968
0.460	0.003	4.749261	0.818551	0.000000	0.742424	3.525968
0.460	0.004	4.749261	0.818551	0.000000	0.742424	3.525968
0.461	0.000	4.730056	0.822680	0.000000	0.741222	3.506021
0.461	0.001	4.730056	0.822680	0.000000	0.741222	3.506021
0.461	0.002	4.730056	0.822680	0.000000	0.741222	3.506021
0.461	0.003	4.730056	0.822680	0.000000	0.741222	3.506021
0.461	0.004	4.730056	0.822680	0.000000	0.741222	3.506021
0.462	0.000	4.710915	0.826810	0.000000	0.740021	3.486178
0.462	0.001	4.710915	0.826810	0.000000	0.740021	3.486178
0.462	0.002	4.710915	0.826810	0.000000	0.740021	3.486178
0.462	0.003	4.710915	0.826810	0.000000	0.740021	3.486178
0.462	0.004	4.710915	0.826810	0.000000	0.740021	3.486178
0.463	0.000	4.691842	0.830938	0.000000	0.738822	3.466434
0.463	0.001	4.691842	0.830938	0.000000	0.738822	3.466434
0.463	0.002	4.691842	0.830938	0.000000	0.738822	3.466434
0.463	0.003	4.691842	0.830938	0.000000	0.738822	3.466434
0.463	0.004	4.691842	0.830938	0.000000	0.738822	3.466434
0.464	0.000	4.672830	0.835064	0.000000	0.737622	3.446784
0.464	0.001	4.672830	0.835064	0.000000	0.737622	3.446784
0.464	0.002	4.672830	0.835064	0.000000	0.737622	3.446784
0.464	0.003	4.672830	0.835064	0.000000	0.737622	3.446784
0.464	0.004	4.672830	0.835064	0.000000	0.737622	3.446784
0.465	0.000	4.653888	0.839190	0.000000	0.736426	3.427242
0.465	0.001	4.653888	0.839190	0.000000	0.736426	3.427242
0.465	0.002	4.653888	0.839190	0.000000	0.736426	3.427242
0.465	0.003	4.653888	0.839190	0.000000	0.736426	3.427242
0.465	0.004	4.653888	0.839190	0.000000	0.736426	3.427242
0.466	0.000	4.635016	0.843315	0.000000	0.735229	3.407800
0.466	0.001	4.635016	0.843315	0.000000	0.735229	3.407800
0.466	0.002	4.635016	0.843315	0.000000	0.735229	3.407800
0.466	0.003	4.635016	0.843315	0.000000	0.735229	3.407800
0.466	0.004	4.635016	0.843315	0.000000	0.735229	3.407800
0.467	0.000	4.616205	0.847439	0.000000	0.734034	3.388452
0.467	0.001	4.616205	0.847439	0.000000	0.734034	3.388452
0.467	0.002	4.616205	0.847439	0.000000	0.734034	3.388452
0.467	0.003	4.616205	0.847439	0.000000	0.734034	3.388452
0.467	0.004	4.616205	0.847439	0.000000	0.734034	3.388452
0.468	0.000	4.597462	0.851561	0.000000	0.732840	3.369205
0.468	0.001	4.597462	0.851561	0.000000	0.732840	3.369205
0.468	0.002	4.597462	0.851561	0.000000	0.732840	3.369205
0.468	0.003	4.597462	0.851561	0.000000	0.732840	3.369205
0.468	0.004	4.597462	0.851561	0.000000	0.732840	3.369205
0.469	0.000	4.578788	0.855683	0.000000	0.731648	3.350061
0.469	0.001	4.578788	0.855683	0.000000	0.731648	3.350061
0.469	0.002	4.578788	0.855683	0.000000	0.731648	3.350061
0.469	0.003	4.578788	0.855683	0.000000	0.731648	3.350061
0.469	0.004	4.578788	0.855683	0.000000	0.731648	3.350061
0.470	0.000	4.560178	0.859803	0.000000	0.730457	3.331014
0.470	0.001	4.560178	0.859803	0.000000	0.730457	3.331014
0.470	0.002	4.560178	0.859803	0.000000	0.730457	3.331014
0.470	0.003	4.560178	0.859803	0.000000	0.730457	3.331014
0.470	0.004	4.560178	0.859803	0.000000	0.730457	3.331014
0.471	0.000	4.541631	0.863922	0.000000	0.729268	3.312065
0.471	0.001	4.541631	0.863922	0.000000	0.729268	3.312065
0.471	0.002	4.541631	0.863922	0.000000	0.729268	3.312065
0.471	0.003	4.541631	0.863922	0.000000	0.729268	3.312065
0.471	0.004	4.541631	0.863922	0.000000	0.729268	3.312065
0.472	0.000	4.523156	0.868040	0.000000	0.728079	3.293216
0.472	0.001	4.523156	0.868040	0.000000	0.728079	3.293216
0.472	0.002	4.523156	0.868040	0.000000	0.728079	3.293216
0.472	0.003	4.523156	0.868040	0.000000	0.728079	3.293216
0.472	0.004	4.523156	0.868040	0.000000	0.728079	3.293216
0.473	0.000	4.504751	0.872156	0.000000	0.726893	3.274471
0.473	0.001	4.504751	0.872156	0.000000	0.726893	3.274471
0.473	0.002	4.504751	0.872156	0.000000	0.726893	3.274471
0.473	0.003	4.504751	0.872156	0.000000	0.726893	3.274471
0.473	0.004	4.504751	0.872156	0.000000	0.726893	3.274471
0.474	0.000	4.486407	0.876270	0.000000	0.725708	3.255821
0.474	0.001	4.486407	0.876270	0.000000	0.725708	3.255821
0.474	0.002	4.486407	0.876270	0.000000	0.725708	3.255821
0.474	0.003	4.486407	0.876270	0.000000	0.725708	3.255821
0.474	0.004	4.486407	0.876270	0.000000	0.725708	3.255821
0.475	0.000	4.468128	0.880381	0.000000	0.724524	3.237265
0.475	0.001	4.468128	0.880381	0.000000	0.724524	3.237265
0.475	0.002	4.468128	0.880381	0.000000	0.724524	3.237265
0.475	0.003	4.468128	0.880381	0.000000	0.724524	3.237265
0.475	0.004	4.468128	0.880381	0.000000	0.724524	3.237265
0.476	0.000	4.449925	0.884492	0.000000	0.723341	3.218813
0.476	0.001	4.449925	0.884492	0.000000	0.723341	3.218813
0.476	0.002	4.449925	0.884492	0.000000	0.723341	3.218813
0.476	0.003	4.449925	0.884492	0.000000	0.723341	3.218813
0.476	0.004	4.449925	0.884492	0.000000	0.723341	3.218813
0.477	0.000	4.431795	0.888602	0.000000	0.722160	3.200465
0.477	0.001	4.431795	0.888602	0.000000	0.722160	3.200465
0.477	0.002	4.431795	0.888602	0.000000	0.722160	3.200465
0.477	0.003	4.431795	0.888602	0.000000	0.722160	3.200465
0.477	0.004	4.431795	0.888602	0.000000	0.722160	3.200465
0.478	0.000	4.413726	0.892708	0.000000	0.720980	3.182210
0.478	0.001	4.413726	0.892708	0.000000	0.720980	3.182210
0.478	0.002	4.413726	0.892708	0.000000	0.720980	3.182210
0.478	0.003	4.413726	0.892708	0.000000	0.720980	3.182210
0.478	0.004	4.413726	0.892708	0.000000	0.720980	3.182210
0.479	0.000	4.395719	0.896810	0.000000	0.719803	3.164050
0.479	0.001	4.395719	0.896810	0.000000	0.719803	3.164050
0.479	0.002	4.395719	0.896810	0.000000	0.719803	3.164050
0.479	0.003	4.395719	0.896810	0.000000	0.719803	3.164050
0.479	0.004	4.395719	0.896810	0.000000	0.719803	3.164050
0.480	0.000	4.377790	0.900910	0.000000	0.718628	3.146001
0.480	0.001	4.377790	0.900910	0.000000	0.718628	3.146001
0.480	0.002	4.377790	0.900910	0.000000	0.718628	3.146001
0.480	0.003	4.377790	0.900910	0.000000	0.718628	3.146001
0.480	0.004	4.377790	0.900910	0.000000	0.718628	3.146001
0.481	0.000	4.359948	0.905010	0.000000	0.717455	3.128065
0.481	0.001	4.359948	0.905010	0.000000	0.717455	3.128065
0.481	0.002	4.359948	0.905010	0.000000	0.717455	3.128065
0.481	0.003	4.359948	0.905010	0.000000	0.717455	3.128065
0.481	0.004	4.359948	0.905010	0.000000	0.717455	3.128065
0.482	0.000	4.342173	0.909103	0.000000	0.716283	3.110224
0.482	0.001	4.342173	0.909103	0.000000	0.716283	3.110224
0.482	0.002	4.342173	0.909103	0.000000	0.716283	3.110224
0.482	0.003	4.342173	0.909103	0.000000	0.716283	3.110224
0.482	0.004	4.342173	0.909103	0.000000	0.716283	3.110224
0.483	0.000	4.324451	0.913189	0.000000	0.715113	3.092471
0.483	0.001	4.324451	0.913189	0.000000	0.715113	3.092471
0.483	0.002	4.324451	0.913189	0.000000	0.715113	3.092471
0.483	0.003	4.324451	0.913189	0.000000	0.715113	3.092471
0.483	0.004	4.324451	0.913189	0.000000	0.715113	3.092471
0.484	0.000	4.306828	0.917273	0.000000	0.713946	3.074841
0.484	0.001	4.306828	0.917273	0.000000	0.713946	3.074841
0.484	0.002	4.306828	0.917273	0.000000	0.713946	3.074841
0.484	0.003	4.306828	0.917273	0.000000	0.713946	3.074841
0.484	0.004	4.306828	0.917273	0.000000	0.713946	3.074841
0.485	0.000	4.289314	0.921357	0.000000	0.712783	3.057349
0.485	0.001	4.289314	0.921357	0.000000	0.712783	3.057349
0.485	0.002	4.289314	0.921357	0.000000	0.712783	3.057349
0.485	0.003	4.289314	0.921357	0.000000	0.712783	3.057349
0.485	0.004	4.289314	0.921357	0.000000	0.712783	3.057349
0.486	0.000	4.271849	0.925426	0.000000	0.711620	3.039932
0.486	0.001	4.271849	0.925426	0.000000	0.711620	3.039932
0.486	0.002	4.271849	0.925426	0.000000	0.711620	3.039932
0.486	0.003	4.271849	0.925426	0.000000	0.711620	3.039932
0.486	0.004	4.271849	0.925426	0.000000	0.711620	3.039932
0.487	0.000	4.254459	0.929482	0.000000	0.710461	3.022628
0.487	0.001	4.254459	0.929482	0.000000	0.710461	3.022628
0.487	0.002	4.254459	0.929482	0.000000	0.710461	3.022628
0.487	0.003	4.254459	0.929482	0.000000	0.710461	3.022628
0.487	0.004	4.254459	0.929482	0.000000	0.710461	3.022628
0.488	0.000	4.237239	0.933542	0.000000	0.709311	3.005518
0.488	0.001	4.237239	0.933542	0.000000	0.709311	3.005518
0.488	0.002	4.237239	0.933542	0.000000	0.709311	3.005518
0.488	0.003	4.237239	0.933542	0.000000	0.709311	3.005518
0.488	0.004	4.237239	0.933542	0.000000	0.709311	3.005518
0.489	0.000	4.220119	0.937579	0.000000	0.708161	2.988523
0.489	0.001	4.220119	0.937579	0.000000	0.708161	2.988523
0.489	0.002	4.220119	0.937579	0.000000	0.708161	2.988523
0.489	0.003	4.220119	0.937579	0.000000	0.708161	2.988523
0.489	0.004	4.220119	0.937579	0.000000	0.708161	2.988523
0.490	0.000	4.203069	0.941581	0.000000	0.707015	2.971633
0.490	0.001	4.203069	0.941581	0.000000	0.707015	2.971633
0.490	0.002	4.203069	0.941581	0.000000	0.707015	2.971633
0.490	0.003	4.203069	0.941581	0.000000	0.707015	2.971633
0.490	0.004	4.203069	0.941581	0.000000	0.707015	2.971633
0.491	0.000	4.186278	0.945570	0.000000	0.705886	2.955036
0.491	0.001	4.186278	0.945570	0.000000	0.705886	2.955036
0.491	0.002	4.186278	0.945570	0.000000	0.705886	2.955036
0.491	0.003	4.186278	0.945570	0.000000	0.705886	2.955036
0.491	0.004	4.186278	0.945570	0.000000	0.705886	2.955036
0.492	0.000	4.169805	0.949524	0.000000	0.704773	2.938764
0.492	0.001	4.169805	0.949524	0.000000	0.704773	2.938764
0.492	0.002	4.169805	0.949524	0.000000	0.704773	2.938764
0.492	0.003	4.169805	0.949524	0.000000	0.704773	2.938764
0.492	0.004	4.169805	0.949524	0.000000	0.704773	2.938764
0.493	0.000	4.153586	0.953372	0.000000	0.703672	2.922763
0.493	0.001	4.153586	0.953372	0.000000	0.703672	2.922763
0.493	0.002	4.153586	0.953372	0.000000	0.703672	2.922763
0.493	0.003	4.153586	0.953372	0.000000	0.703672	2.922763
0.493	0.004	4.153586	0.953372	0.000000	0.703672	2.922763
0.494	0.000	4.137885	0.957090	0.000000	0.702610	2.907319
0.494	0.001	4.137885	0.957090	0.000000	0.702610	2.907319
0.494	0.002	4.137885	0.957090	0.000000	0.702610	2.907319
0.494	0.003	4.137885	0.957090	0.000000	0.702610	2.907319
0.494	0.004	4.137885	0.957090	0.000000	0.702610	2.907319
0.495	0.000	4.123225	0.960639	0.000000	0.701615	2.892918
0.495	0.001	4.123225	0.960639	0.000000	0.701615	2.892918
0.495	0.002	4.123225	0.960639	0.000000	0.701615	2.892918
0.495	0.003	4.123225	0.960639	0.000000	0.701615	2.892918
0.495	0.004	4.123225	0.960639	0.000000	0.701615	2.892918
0.496	0.000	4.109967	0.963874	0.000000	0.700708	2.879887
0.496	0.001	4.109967	0.963874	0.000000	0.700708	2.879887
0.496	0.002	4.109967	0.963874	0.000000	0.700708	2.879887
0.496	0.003	4.109967	0.963874	0.000000	0.700708	2.879887
0.496	0.004	4.109967	0.963874	0.000000	0.700708	2.879887
0.497	0.000	4.098467	0.966611	0.000000	0.699922	2.868605
0.497	0.001	4.098467	0.966611	0.000000	0.699922	2.868605
0.497	0.002	4.098467	0.966611	0.000000	0.699922	2.868605
0.497	0.003	4.098467	0.966611	0.000000	0.699922	2.868605
0.497	0.004	4.098467	0.966611	0.000000	0.699922	2.868605
0.498	0.000	4.089376	0.968766	0.000000	0.699306	2.859726
0.498	0.001	4.089376	0.968766	0.000000	0.699306	2.859726
0.498	0.002	4.089376	0.968766	0.000000	0.699306	2.859726
0.498	0.003	4.089376	0.968766	0.000000	0.699306	2.859726
0.498	0.004	4.089376	0.968766	0.000000	0.699306	2.859726
0.499	0.000	4.082950	0.970362	0.000000	0.698867	2.853437
0.499	0.001	4.082950	0.970362	0.000000	0.698867	2.853437
0.499	0.002	4.082950	0.970362	0.000000	0.698867	2.853437
0.499	0.003	4.082950	0.970362	0.000000	0.698867	2.853437
0.499	0.004	4.082950	0.970362	0.000000	0.698867	2.853437
0.500	0.000	4.078442	0.971490	0.000000	0.698553	2.849007
0.500	0.001	4.078442	0.971490	0.000000	0.698553	2.849007
0.500	0.002	4.078442	0.971490	0.000000	0.698553	2.849007
0.500	0.003	4.078442	0.971490	0.000000	0.698553	2.849007
0.500	0.004	4.078442	0.971490	0.000000	0.698553	2.849007
0.501	0.000	4.074930	0.972307	0.000000	0.698313	2.845576
0.501	0.001	4.074930	0.972307	0.000000	0.698313	2.845576
0.501	0.002	4.074930	0.972307	0.000000	0.698313	2.845576
0.501	0.003	4.074930	0.972307	0.000000	0.698313	2.845576
0.501	0.004	4.074930	0.972307	0.000000	0.698313	2.845576
0.502	0.000	4.072313	0.972916	0.000000	0.698138	2.843035
0.502	0.001	4.072313	0.972916	0.000000	0.698138	2.843035
0.502	0.002	4.072313	0.972916	0.000000	0.698138	2.843035
0.502	0.003	4.072313	0.972916	0.000000	0.698138	2.843035
0.502	0.004	4.072313	0.972916	0.000000	0.698138	2.843035
0.502	0.000	4.070864	0.973293	0.000000	0.698036	2.841611
0.502	0.001	4.070864	0.973293	0.000000	0.698036	2.841611
0.502	0.002	4.070864	0.973293	0.000000	0.698036	2.841611
0.502	0.003	4.070864	0.973293	0.000000	0.698036	2.841611
0.502	0.004	4.070864	0.973293	0.000000	0.698036	2.841611
0.504	0.000	4.070357	0.973429	0.000000	0.698001	2.841113
0.504	0.001	4.070357	0.973429	0.000000	0.698001	2.841113
0.504	0.002	4.070357	0.973429	0.000000	0.698001	2.841113
0.504	0.003	4.070357	0.973429	0.000000	0.698001	2.841113
0.504	0.004	4.070357	0.973429	0.000000	0.698001	2.841113
0.505	0.000	4.070300	0.973434	0.000000	0.697998	2.841062
0.505	0.001	4.070300	0.973434	0.000000	0.697998	2.841062
0.505	0.002	4.070300	0.973434	0.000000	0.697998	2.841062
0.505	0.003	4.070300	0.973434	0.000000	0.697998	2.841062
0.505	0.004	4.070300	0.973434	0.000000	0.697998	2.841062
0.506	0.000	4.070706	0.973332	0.000000	0.698026	2.841459
0.506	0.001	4.070706	0.973332	0.000000	0.698026	2.841459
0.506	0.002	4.070706	0.973332	0.000000	0.698026	2.841459
0.506	0.003	4.070706	0.973332	0.000000	0.698026	2.841459
0.506	0.004	4.070706	0.973332	0.000000	0.698026	2.841459
0.507	0.000	4.071833	0.973053	0.000000	0.698104	2.842564
0.507	0.001	4.071833	0.973053	0.000000	0.698104	2.842564
0.507	0.002	4.071833	0.973053	0.000000	0.698104	2.842564
0.507	0.003	4.071833	0.973053	0.000000	0.698104	2.842564
0.507	0.004	4.071833	0.973053	0.000000	0.698104	2.842564
0.508	0.000	4.072894	0.972796	0.000000	0.698177	2.843600
0.508	0.001	4.072894	0.972796	0.000000	0.698177	2.843600
0.508	0.002	4.072894	0.972796	0.000000	0.698177	2.843600
0.508	0.003	4.072894	0.972796	0.000000	0.698177	2.843600
0.508	0.004	4.072894	0.972796	0.000000	0.698177	2.843600
0.509	0.000	4.073773	0.972587	0.000000	0.698236	2.844457
0.509	0.001	4.073773	0.972587	0.000000	0.698236	2.844457
0.509	0.002	4.073773	0.972587	0.000000	0.698236	2.844457
0.509	0.003	4.073773	0.972587	0.000000	0.698236	2.844457
0.509	0.004	4.073773	0.972587	0.000000	0.698236	2.844457
0.510	0.000	4.074547	0.972407	0.000000	0.698289	2.845211
0.510	0.001	4.074547	0.972407	0.000000	0.698289	2.845211
0.510	0.002	4.074547	0.972407	0.000000	0.698289	2.845211
0.510	0.003	4.074547	0.972407	0.000000	0.698289	2.845211
0.510	0.004	4.074547	0.972407	0.000000	0.698289	2.845211
0.511	0.000	4.075185	0.972247	0.000000	0.698333	2.845834
0.511	0.001	4.075185	0.972247	0.000000	0.698333	2.845834
0.511	0.002	4.075185	0.972247	0.000000	0.698333	2.845834
0.511	0.003	4.075185	0.972247	0.000000	0.698333	2.845834
0.511	0.004	4.075185	0.972247	0.000000	0.698333	2.845834
0.512	0.000	4.075689	0.972114	0.000000	0.698368	2.846329
0.512	0.001	4.075689	0.972114	0.000000	0.698368	2.846329
0.512	0.002	4.075689	0.972114	0.000000	0.698368	2.846329
0.512	0.003	4.075689	0.972114	0.000000	0.698368	2.846329
0.512	0.004	4.075689	0.972114	0.000000	0.698368	2.846329
0.513	0.000	4.076096	0.972017	0.000000	0.698397	2.846733
0.513	0.001	4.076096	0.972017	0.000000	0.698397	2.846733
0.513	0.002	4.076096	0.972017	0.000000	0.698397	2.846733
0.513	0.003	4.076096	0.972017	0.000000	0.698397	2.846733
0.513	0.004	4.076096	0.972017	0.000000	0.698397	2.846733
0.514	0.000	4.076420	0.971951	0.000000	0.698419	2.847048
0.514	0.001	4.076420	0.971951	0.000000	0.698419	2.847048
0.514	0.002	4.076420	0.971951	0.000000	0.698419	2.847048
0.514	0.003	4.076420	0.971951	0.000000	0.698419	2.847048
0.514	0.004	4.076420	0.971951	0.000000	0.698419	2.847048
0.515	0.000	4.076645	0.971898	0.000000	0.698433	2.847261
0.515	0.001	4.076645	0.971898	0.000000	0.698433	2.847261
0.515	0.002	4.076645	0.971898	0.000000	0.698433	2.847261
0.515	0.003	4.076645	0.971898	0.000000	0.698433	2.847261
0.515	0.004	4.076645	0.971898	0.000000	0.698433	2.847261
0.516	0.000	4.076786	0.971852	0.000000	0.698441	2.847395
0.516	0.001	4.076786	0.971852	0.000000	0.698441	2.847395
0.516	0.002	4.076786	0.971852	0.000000	0.698441	2.847395
0.516	0.003	4.076786	0.971852	0.000000	0.698441	2.847395
0.516	0.004	4.076786	0.971852	0.000000	0.698441	2.847395
0.516	0.000	4.076888	0.971823	0.000000	0.698451	2.847505
0.516	0.001	4.076888	0.971823	0.000000	0.698451	2.847505
0.516	0.002	4.076888	0.971823	0.000000	0.698451	2.847505
0.516	0.003	4.076888	0.971823	0.000000	0.698451	2.847505
0.516	0.004	4.076888	0.971823	0.000000	0.698451	2.847505
0.518	0.000	4.076988	0.971805	0.000000	0.698458	2.847606
0.518	0.001	4.076988	0.971805	0.000000	0.698458	2.847606
0.518	0.002	4.076988	0.971805	0.000000	0.698458	2.847606
0.518	0.003	4.076988	0.971805	0.000000	0.698458	2.847606
0.518	0.004	4.076988	0.971805	0.000000	0.698458	2.847606
0.519	0.000	4.077070	0.971791	0.000000	0.698463	2.847683
0.519	0.001	4.077070	0.971791	0.000000	0.698463	2.847683
0.519	0.002	4.077070	0.971791	0.000000	0.698463	2.847683
0.519	0.003	4.077070	0.971791	0.000000	0.698463	2.847683
0.519	0.004	4.077070	0.971791	0.000000	0.698463	2.847683
0.520	0.000	4.077120	0.971778	0.000000	0.698466	2.847729
0.520	0.001	4.077120	0.971778	0.000000	0.698466	2.847729
0.520	0.002	4.077120	0.971778	0.000000	0.698466	2.847729
0.520	0.003	4.077120	0.971778	0.000000	0.698466	2.847729
0.520	0.004	4.077120	0.971778	0.000000	0.698466	2.847729
0.521	0.000	4.077156	0.971764	0.000000	0.698468	2.847763
0.521	0.001	4.077156	0.971764	0.000000	0.698468	2.847763
0.521	0.002	4.077156	0.971764	0.000000	0.698468	2.847763
0.521	0.003	4.077156	0.971764	0.000000	0.698468	2.847763
0.521	0.004	4.077156	0.971764	0.000000	0.698468	2.847763
0.522	0.000	4.077183	0.971756	0.000000	0.698471	2.847793
0.522	0.001	4.077183	0.971756	0.000000	0.698471	2.847793
0.522	0.002	4.077183	0.971756	0.000000	0.698471	2.847793
0.522	0.003	4.077183	0.971756	0.000000	0.698471	2.847793
0.522	0.004	4.077183	0.971756	0.000000	0.698471	2.847793
0.523	0.000	4.077209	0.971751	0.000000	0.698473	2.847823
0.523	0.001	4.077209	0.971751	0.000000	0.698473	2.847823
0.523	0.002	4.077209	0.971751	0.000000	0.698473	2.847823
0.523	0.003	4.077209	0.971751	0.000000	0.698473	2.847823
0.523	0.004	4.077209	0.971751	0.000000	0.698473	2.847823
0.524	0.000	4.077246	0.971744	0.000000	0.698476	2.847859
0.524	0.001	4.077246	0.971744	0.000000	0.698476	2.847859
0.524	0.002	4.077246	0.971744	0.000000	0.698476	2.847859
0.524	0.003	4.077246	0.971744	0.000000	0.698476	2.847859
0.524	0.004	4.077246	0.971744	0.000000	0.698476	2.847859
0.525	0.000	4.077280	0.971737	0.000000	0.698479	2.847893
0.525	0.001	4.077280	0.971737	0.000000	0.698479	2.847893
0.525	0.002	4.077280	0.971737	0.000000	0.698479	2.847893
0.525	0.003	4.077280	0.971737	0.000000	0.698479	2.847893
0.525	0.004	4.077280	0.971737	0.000000	0.698479	2.847893
0.525	0.000	4.077303	0.971730	0.000000	0.698479	2.847912
0.525	0.001	4.077303	0.971730	0.000000	0.698479	2.847912
0.525	0.002	4.077303	0.971730	0.000000	0.698479	2.847912
0.525	0.003	4.077303	0.971730	0.000000	0.698479	2.847912
0.525	0.004	4.077303	0.971730	0.000000	0.698479	2.847912
0.527	0.000	4.077317	0.971725	0.000000	0.698480	2.847925
0.527	0.001	4.077317	0.971725	0.000000	0.698480	2.847925
0.527	0.002	4.077317	0.971725	0.000000	0.698480	2.847925
0.527	0.003	4.077317	0.971725	0.000000	0.698480	2.847925
0.527	0.004	4.077317	0.971725	0.000000	0.698480	2.847925
0.528	0.000	4.077334	0.971719	0.000000	0.698481	2.847942
0.528	0.001	4.077334	0.971719	0.000000	0.698481	2.847942
0.528	0.002	4.077334	0.971719	0.000000	0.698481	2.847942
0.528	0.003	4.077334	0.971719	0.000000	0.698481	2.847942
0.528	0.004	4.077334	0.971719	0.000000	0.698481	2.847942
0.529	0.000	4.077361	0.971713	0.000000	0.698484	2.847971
0.529	0.001	4.077361	0.971713	0.000000	0.698484	2.847971
0.529	0.002	4.077361	0.971713	0.000000	0.698484	2.847971
0.529	0.003	4.077361	0.971713	0.000000	0.698484	2.847971
0.529	0.004	4.077361	0.971713	0.000000	0.698484	2.847971
0.530	0.000	4.077381	0.971710	0.000000	0.698486	2.847992
0.530	0.001	4.077381	0.971710	0.000000	0.698486	2.847992
0.530	0.002	4.077381	0.971710	0.000000	0.698486	2.847992
0.530	0.003	4.077381	0.971710	0.000000	0.698486	2.847992
0.530	0.004	4.077381	0.971710	0.000000	0.698486	2.847992
0.531	0.000	4.077408	0.971705	0.000000	0.698488	2.848020
0.531	0.001	4.077408	0.971705	0.000000	0.698488	2.848020
0.531	0.002	4.077408	0.971705	0.000000	0.698488	2.848020
0.531	0.003	4.077408	0.971705	0.000000	0.698488	2.848020
0.531	0.004	4.077408	0.971705	0.000000	0.698488	2.848020
0.532	0.000	4.077429	0.971699	0.000000	0.698489	2.848038
0.532	0.001	4.077429	0.971699	0.000000	0.698489	2.848038
0.532	0.002	4.077429	0.971699	0.000000	0.698489	2.848038
0.532	0.003	4.077429	0.971699	0.000000	0.698489	2.848038
0.532	0.004	4.077429	0.971699	0.000000	0.698489	2.848038
0.533	0.000	4.077447	0.971694	0.000000	0.698489	2.848053
0.533	0.001	4.077447	0.971694	0.000000	0.698489	2.848053
0.533	0.002	4.077447	0.971694	0.000000	0.698489	2.848053
0.533	0.003	4.077447	0.971694	0.000000	0.698489	2.848053
0.533	0.004	4.077447	0.971694	0.000000	0.698489	2.848053
0.534	0.000	4.077454	0.971691	0.000000	0.698490	2.848063
0.534	0.001	4.077454	0.971691	0.000000	0.698490	2.848063
0.534	0.002	4.077454	0.971691	0.000000	0.698490	2.848063
0.534	0.003	4.077454	0.971691	0.000000	0.698490	2.848063
0.534	0.004	4.077454	0.971691	0.000000	0.698490	2.848063
0.535	0.000	4.077464	0.971689	0.000000	0.698492	2.848074
0.535	0.001	4.077464	0.971689	0.000000	0.698492	2.848074
0.535	0.002	4.077464	0.971689	0.000000	0.698492	2.848074
0.535	0.003	4.077464	0.971689	0.000000	0.698492	2.848074
0.535	0.004	4.077464	0.971689	0.000000	0.698492	2.848074
0.536	0.000	4.077468	0.971689	0.000000	0.698492	2.848078
0.536	0.001	4.077468	0.971689	0.000000	0.698492	2.848078
0.536	0.002	4.077468	0.971689	0.000000	0.698492	2.848078
0.536	0.003	4.077468	0.971689	0.000000	0.698492	2.848078
0.536	0.004	4.077468	0.971689	0.000000	0.698492	2.848078
0.537	0.000	4.077465	0.971689	0.000000	0.698491	2.848074
0.537	0.001	4.077465	0.971689	0.000000	0.698491	2.848074
0.537	0.002	4.077465	0.971689	0.000000	0.698491	2.848074
0.537	0.003	4.077465	0.971689	0.000000	0.698491	2.848074
0.537	0.004	4.077465	0.971689	0.000000	0.698491	2.848074
0.538	0.000	4.077454	0.971692	0.000000	0.698490	2.848062
0.538	0.001	4.077454	0.971692	0.000000	0.698490	2.848062
0.538	0.002	4.077454	0.971692	0.000000	0.698490	2.848062
0.538	0.003	4.077454	0.971692	0.000000	0.698490	2.848062
0.538	0.004	4.077454	0.971692	0.000000	0.698490	2.848062
0.539	0.000	4.077446	0.971694	0.000000	0.698490	2.848053
0.539	0.001	4.077446	0.971694	0.000000	0.698490	2.848053
0.539	0.002	4.077446	0.971694	0.000000	0.698490	2.848053
0.539	0.003	4.077446	0.971694	0.000000	0.698490	2.848053
0.539	0.004	4.077446	0.971694	0.000000	0.698490	2.848053
0.539	0.000	4.077441	0.971695	0.000000	0.698490	2.848052
0.539	0.001	4.077441	0.971695	0.000000	0.698490	2.848052
0.539	0.002	4.077441	0.971695	0.000000	0.698490	2.848052
0.539	0.003	4.077441	0.971695	0.000000	0.698490	2.848052
0.539	0.004	4.077441	0.971695	0.000000	0.698490	2.848052
0.541	0.000	4.077431	0.971696	0.000000	0.698490	2.848046
0.541	0.001	4.077431	0.971696	0.000000	0.698490	2.848046
0.541	0.002	4.077431	0.971696	0.000000	0.698490	2.848046
0.541	0.003	4.077431	0.971696	0.000000	0.698490	2.848046
0.541	0.004	4.077431	0.971696	0.000000	0.698490	2.848046
0.542	0.000	4.077435	0.971695	0.000000	0.698491	2.848052
0.542	0.001	4.077435	0.971695	0.000000	0.698491	2.848052
0.542	0.002	4.077435	0.971695	0.000000	0.698491	2.848052
0.542	0.003	4.077435	0.971695	0.000000	0.698491	2.848052
0.542	0.004	4.077435	0.971695	0.000000	0.698491	2.848052
0.543	0.000	4.077429	0.971697	0.000000	0.698491	2.848047
0.543	0.001	4.077429	0.971697	0.000000	0.698491	2.848047
0.543	0.002	4.077429	0.971697	0.000000	0.698491	2.848047
0.543	0.003	4.077429	0.971697	0.000000	0.698491	2.848047
0.543	0.004	4.077429	0.971697	0.000000	0.698491	2.848047
0.544	0.000	4.077433	0.971696	0.000000	0.698491	2.848050
0.544	0.001	4.077433	0.971696	0.000000	0.698491	2.848050
0.544	0.002	4.077433	0.971696	0.000000	0.698491	2.848050
0.544	0.003	4.077433	0.971696	0.000000	0.698491	2.848050
0.544	0.004	4.077433	0.971696	0.000000	0.698491	2.848050
0.545	0.000	4.077427	0.971697	0.000000	0.698491	2.848045
0.545	0.001	4.077427	0.971697	0.000000	0.698491	2.848045
0.545	0.002	4.077427	0.971697	0.000000	0.698491	2.848045
0.545	0.003	4.077427	0.971697	0.000000	0.698491	2.848045
0.545	0.004	4.077427	0.971697	0.000000	0.698491	2.848045
0.546	0.000	4.077437	0.971695	0.000000	0.698491	2.848055
0.546	0.001	4.077437	0.971695	0.000000	0.698491	2.848055
0.546	0.002	4.077437	0.971695	0.000000	0.698491	2.848055
0.546	0.003	4.077437	0.971695	0.000000	0.698491	2.848055
0.546	0.004	4.077437	0.971695	0.000000	0.698491	2.848055
0.547	0.000	4.077438	0.971695	0.000000	0.698492	2.848057
0.547	0.001	4.077438	0.971695	0.000000	0.698492	2.848057
0.547	0.002	4.077438	0.971695	0.000000	0.698492	2.848057
0.547	0.003	4.077438	0.971695	0.000000	0.698492	2.848057
0.547	0.004	4.077438	0.971695	0.000000	0.698492	2.848057
0.548	0.000	4.077430	0.971697	0.000000	0.698491	2.848048
0.548	0.001	4.077430	0.971697	0.000000	0.698491	2.848048
0.548	0.002	4.077430	0.971697	0.000000	0.698491	2.848048
0.548	0.003	4.077430	0.971697	0.000000	0.698491	2.848048
0.548	0.004	4.077430	0.971697	0.000000	0.698491	2.848048
0.549	0.000	4.077439	0.971694	0.000000	0.698492	2.848058
0.549	0.001	4.077439	0.971694	0.000000	0.698492	2.848058
0.549	0.002	4.077439	0.971694	0.000000	0.698492	2.848058
0.549	0.003	4.077439	0.971694	0.000000	0.698492	2.848058
0.549	0.004	4.077439	0.971694	0.000000	0.698492	2.848058
0.550	0.000	4.077441	0.971694	0.000000	0.698492	2.848060
0.550	0.001	4.077441	0.971694	0.000000	0.698492	2.848060
0.550	0.002	4.077441	0.971694	0.000000	0.698492	2.848060
0.550	0.003	4.077441	0.971694	0.000000	0.698492	2.848060
0.550	0.004	4.077441	0.971694	0.000000	0.698492	2.848060
0.551	0.000	4.077449	0.971692	0.000000	0.698493	2.848068
0.551	0.001	4.077449	0.971692	0.000000	0.698493	2.848068
0.551	0.002	4.077449	0.971692	0.000000	0.698493	2.848068
0.551	0.003	4.077449	0.971692	0.000000	0.698493	2.848068
0.551	0.004	4.077449	0.971692	0.000000	0.698493	2.848068
0.552	0.000	4.077442	0.971693	0.000000	0.698492	2.848061
0.552	0.001	4.077442	0.971693	0.000000	0.698492	2.848061
0.552	0.002	4.077442	0.971693	0.000000	0.698492	2.848061
0.552	0.003	4.077442	0.971693	0.000000	0.698492	2.848061
0.552	0.004	4.077442	0.971693	0.000000	0.698492	2.848061
0.553	0.000	4.077436	0.971694	0.000000	0.698492	2.848056
0.553	0.001	4.077436	0.971694	0.000000	0.698492	2.848056
0.553	0.002	4.077436	0.971694	0.000000	0.698492	2.848056
0.553	0.003	4.077436	0.971694	0.000000	0.698492	2.848056
0.553	0.004	4.077436	0.971694	0.000000	0.698492	2.848056
0.553	0.000	4.077433	0.971695	0.000000	0.698492	2.848054
0.553	0.001	4.077433	0.971695	0.000000	0.698492	2.848054
0.553	0.002	4.077433	0.971695	0.000000	0.698492	2.848054
0.553	0.003	4.077433	0.971695	0.000000	0.698492	2.848054
0.553	0.004	4.077433	0.971695	0.000000	0.698492	2.848054
0.555	0.000	4.077424	0.971697	0.000000	0.698492	2.848047
0.555	0.001	4.077424	0.971697	0.000000	0.698492	2.848047
0.555	0.002	4.077424	0.971697	0.000000	0.698492	2.848047
0.555	0.003	4.077424	0.971697	0.000000	0.698492	2.848047
0.555	0.004	4.077424	0.971697	0.000000	0.698492	2.848047
0.556	0.000	4.077431	0.971695	0.000000	0.698492	2.848053
0.556	0.001	4.077431	0.971695	0.000000	0.698492	2.848053
0.556	0.002	4.077431	0.971695	0.000000	0.698492	2.848053
0.556	0.003	4.077431	0.971695	0.000000	0.698492	2.848053
0.556	0.004	4.077431	0.971695	0.000000	0.698492	2.848053
0.557	0.000	4.077447	0.971691	0.000000	0.698493	2.848068
0.557	0.001	4.077447	0.971691	0.000000	0.698493	2.848068
0.557	0.002	4.077447	0.971691	0.000000	0.698493	2.848068
0.557	0.003	4.077447	0.971691	0.000000	0.698493	2.848068
0.557	0.004	4.077447	0.971691	0.000000	0.698493	2.848068
0.558	0.000	4.077455	0.971689	0.000000	0.698493	2.848075
0.558	0.001	4.077455	0.971689	0.000000	0.698493	2.848075
0.558	0.002	4.077455	0.971689	0.000000	0.698493	2.848075
0.558	0.003	4.077455	0.971689	0.000000	0.698493	2.848075
0.558	0.004	4.077455	0.971689	0.000000	0.698493	2.848075
0.559	0.000	4.077460	0.971688	0.000000	0.698494	2.848081
0.559	0.001	4.077460	0.971688	0.000000	0.698494	2.848081
0.559	0.002	4.077460	0.971688	0.000000	0.698494	2.848081
0.559	0.003	4.077460	0.971688	0.000000	0.698494	2.848081
0.559	0.004	4.077460	0.971688	0.000000	0.698494	2.848081
0.560	0.000	4.077470	0.971685	0.000000	0.698495	2.848092
0.560	0.001	4.077470	0.971685	0.000000	0.698495	2.848092
0.560	0.002	4.077470	0.971685	0.000000	0.698495	2.848092
0.560	0.003	4.077470	0.971685	0.000000	0.698495	2.848092
0.560	0.004	4.077470	0.971685	0.000000	0.698495	2.848092
0.561	0.000	4.077469	0.971685	0.000000	0.698495	2.848093
0.561	0.001	4.077469	0.971685	0.000000	0.698495	2.848093
0.561	0.002	4.077469	0.971685	0.000000	0.698495	2.848093
0.561	0.003	4.077469	0.971685	0.000000	0.698495	2.848093
0.561	0.004	4.077469	0.971685	0.000000	0.698495	2.848093
0.562	0.000	4.077477	0.971682	0.000000	0.698496	2.848103
0.562	0.001	4.077477	0.971682	0.000000	0.698496	2.848103
0.562	0.002	4.077477	0.971682	0.000000	0.698496	2.848103
0.562	0.003	4.077477	0.971682	0.000000	0.698496	2.848103
0.562	0.004	4.077477	0.971682	0.000000	0.698496	2.848103
0.562	0.000	4.077481	0.971680	0.000000	0.698498	2.848110
0.562	0.001	4.077481	0.971680	0.000000	0.698498	2.848110
0.562	0.002	4.077481	0.971680	0.000000	0.698498	2.848110
0.562	0.003	4.077481	0.971680	0.000000	0.698498	2.848110
0.562	0.004	4.077481	0.971680	0.000000	0.698498	2.848110
0.564	0.000	4.077473	0.971682	0.000000	0.698497	2.848104
0.564	0.001	4.077473	0.971682	0.000000	0.698497	2.848104
0.564	0.002	4.077473	0.971682	0.000000	0.698497	2.848104
0.564	0.003	4.077473	0.971682	0.000000	0.698497	2.848104
0.564	0.004	4.077473	0.971682	0.000000	0.698497	2.848104
0.565	0.000	4.077476	0.971681	0.000000	0.698498	2.848108
0.565	0.001	4.077476	0.971681	0.000000	0.698498	2.848108
0.565	0.002	4.077476	0.971681	0.000000	0.698498	2.848108
0.565	0.003	4.077476	0.971681	0.000000	0.698498	2.848108
0.565	0.004	4.077476	0.971681	0.000000	0.698498	2.848108
0.566	0.000	4.077471	0.971682	0.000000	0.698497	2.848103
0.566	0.001	4.077471	0.971682	0.000000	0.698497	2.848103
0.566	0.002	4.077471	0.971682	0.000000	0.698497	2.848103
0.566	0.003	4.077471	0.971682	0.000000	0.698497	2.848103
0.566	0.004	4.077471	0.971682	0.000000	0.698497	2.848103
0.567	0.000	4.077480	0.971680	0.000000	0.698498	2.848113
0.567	0.001	4.077480	0.971680	0.000000	0.698498	2.848113
0.567	0.002	4.077480	0.971680	0.000000	0.698498	2.848113
0.567	0.003	4.077480	0.971680	0.000000	0.698498	2.848113
0.567	0.004	4.077480	0.971680	0.000000	0.698498	2.848113
0.568	0.000	4.077475	0.971682	0.000000	0.698498	2.848107
0.568	0.001	4.077475	0.971682	0.000000	0.698498	2.848107
0.568	0.002	4.077475	0.971682	0.000000	0.698498	2.848107
0.568	0.003	4.077475	0.971682	0.000000	0.698498	2.848107
0.568	0.004	4.077475	0.971682	0.000000	0.698498	2.848107
0.569	0.000	4.077483	0.971680	0.000000	0.698499	2.848116
0.569	0.001	4.077483	0.971680	0.000000	0.698499	2.848116
0.569	0.002	4.077483	0.971680	0.000000	0.698499	2.848116
0.569	0.003	4.077483	0.971680	0.000000	0.698499	2.848116
0.569	0.004	4.077483	0.971680	0.000000	0.698499	2.848116
0.570	0.000	4.077477	0.971681	0.000000	0.698498	2.848111
0.570	0.001	4.077477	0.971681	0.000000	0.698498	2.848111
0.570	0.002	4.077477	0.971681	0.000000	0.698498	2.848111
0.570	0.003	4.077477	0.971681	0.000000	0.698498	2.848111
0.570	0.004	4.077477	0.971681	0.000000	0.698498	2.848111
0.571	0.000	4.077482	0.971680	0.000000	0.698499	2.848116
0.571	0.001	4.077482	0.971680	0.000000	0.698499	2.848116
0.571	0.002	4.077482	0.971680	0.000000	0.698499	2.848116
0.571	0.003	4.077482	0.971680	0.000000	0.698499	2.848116
0.571	0.004	4.077482	0.971680	0.000000	0.698499	2.848116
0.572	0.000	4.077478	0.971680	0.000000	0.698499	2.848113
0.572	0.001	4.077478	0.971680	0.000000	0.698499	2.848113
0.572	0.002	4.077478	0.971680	0.000000	0.698499	2.848113
0.572	0.003	4.077478	0.971680	0.000000	0.698499	2.848113
0.572	0.004	4.077478	0.971680	0.000000	0.698499	2.848113
0.573	0.000	4.077485	0.971679	0.000000	0.698499	2.848121
0.573	0.001	4.077485	0.971679	0.000000	0.698499	2.848121
0.573	0.002	4.077485	0.971679	0.000000	0.698499	2.848121
0.573	0.003	4.077485	0.971679	0.000000	0.698499	2.848121
0.573	0.004	4.077485	0.971679	0.000000	0.698499	2.848121
0.574	0.000	4.077478	0.971680	0.000000	0.698499	2.848115
0.574	0.001	4.077478	0.971680	0.000000	0.698499	2.848115
0.574	0.002	4.077478	0.971680	0.000000	0.698499	2.848115
0.574	0.003	4.077478	0.971680	0.000000	0.698499	2.848115
0.574	0.004	4.077478	0.971680	0.000000	0.698499	2.848115
0.575	0.000	4.077488	0.971678	0.000000	0.698500	2.848124
0.575	0.001	4.077488	0.971678	0.000000	0.698500	2.848124
0.575	0.002	4.077488	0.971678	0.000000	0.698500	2.848124
0.575	0.003	4.077488	0.971678	0.000000	0.698500	2.848124
0.575	0.004	4.077488	0.971678	0.000000	0.698500	2.848124
0.576	0.000	4.077490	0.971677	0.000000	0.698500	2.848126
0.576	0.001	4.077490	0.971677	0.000000	0.698500	2.848126
0.576	0.002	4.077490	0.971677	0.000000	0.698500	2.848126
0.576	0.003	4.077490	0.971677	0.000000	0.698500	2.848126
0.576	0.004	4.077490	0.971677	0.000000	0.698500	2.848126
0.576	0.000	4.077493	0.971676	0.000000	0.698500	2.848130
0.576	0.001	4.077493	0.971676	0.000000	0.698500	2.848130
0.576	0.002	4.077493	0.971676	0.000000	0.698500	2.848130
0.576	0.003	4.077493	0.971676	0.000000	0.698500	2.848130
0.576	0.004	4.077493	0.971676	0.000000	0.698500	2.848130
0.578	0.000	4.077502	0.971674	0.000000	0.698501	2.848139
0.578	0.001	4.077502	0.971674	0.000000	0.698501	2.848139
0.578	0.002	4.077502	0.971674	0.000000	0.698501	2.848139
0.578	0.003	4.077502	0.971674	0.000000	0.698501	2.848139
0.578	0.004	4.077502	0.971674	0.000000	0.698501	2.848139
0.579	0.000	4.077512	0.971672	0.000000	0.698501	2.848147
0.579	0.001	4.077512	0.971672	0.000000	0.698501	2.848147
0.579	0.002	4.077512	0.971672	0.000000	0.698501	2.848147
0.579	0.003	4.077512	0.971672	0.000000	0.698501	2.848147
0.579	0.004	4.077512	0.971672	0.000000	0.698501	2.848147
0.580	0.000	4.077507	0.971673	0.000000	0.698501	2.848143
0.580	0.001	4.077507	0.971673	0.000000	0.698501	2.848143
0.580	0.002	4.077507	0.971673	0.000000	0.698501	2.848143
0.580	0.003	4.077507	0.971673	0.000000	0.698501	2.848143
0.580	0.004	4.077507	0.971673	0.000000	0.698501	2.848143
0.581	0.000	4.077528	0.971668	0.000000	0.698503	2.848164
0.581	0.001	4.077528	0.971668	0.000000	0.698503	2.848164
0.581	0.002	4.077528	0.971668	0.000000	0.698503	2.848164
0.581	0.003	4.077528	0.971668	0.000000	0.698503	2.848164
0.581	0.004	4.077528	0.971668	0.000000	0.698503	2.848164
0.582	0.000	4.077540	0.971665	0.000000	0.698503	2.848175
0.582	0.001	4.077540	0.971665	0.000000	0.698503	2.848175
0.582	0.002	4.077540	0.971665	0.000000	0.698503	2.848175
0.582	0.003	4.077540	0.971665	0.000000	0.698503	2.848175
0.582	0.004	4.077540	0.971665	0.000000	0.698503	2.848175
0.583	0.000	4.077538	0.971666	0.000000	0.698503	2.848172
0.583	0.001	4.077538	0.971666	0.000000	0.698503	2.848172
0.583	0.002	4.077538	0.971666	0.000000	0.698503	2.848172
0.583	0.003	4.077538	0.971666	0.000000	0.698503	2.848172
0.583	0.004	4.077538	0.971666	0.000000	0.698503	2.848172
0.584	0.000	4.077539	0.971665	0.000000	0.698503	2.848175
0.584	0.001	4.077539	0.971665	0.000000	0.698503	2.848175
0.584	0.002	4.077539	0.971665	0.000000	0.698503	2.848175
0.584	0.003	4.077539	0.971665	0.000000	0.698503	2.848175
0.584	0.004	4.077539	0.971665	0.000000	0.698503	2.848175
0.585	0.000	4.077537	0.971665	0.000000	0.698503	2.848173
0.585	0.001	4.077537	0.971665	0.000000	0.698503	2.848173
0.585	0.002	4.077537	0.971665	0.000000	0.698503	2.848173
0.585	0.003	4.077537	0.971665	0.000000	0.698503	2.848173
0.585	0.004	4.077537	0.971665	0.000000	0.698503	2.848173
0.586	0.000	4.077523	0.971668	0.000000	0.698503	2.848161
0.586	0.001	4.077523	0.971668	0.000000	0.698503	2.848161
0.586	0.002	4.077523	0.971668	0.000000	0.698503	2.848161
0.586	0.003	4.077523	0.971668	0.000000	0.698503	2.848161
0.586	0.004	4.077523	0.971668	0.000000	0.698503	2.848161
0.587	0.000	4.077510	0.971671	0.000000	0.698502	2.848151
0.587	0.001	4.077510	0.971671	0.000000	0.698502	2.848151
0.587	0.002	4.077510	0.971671	0.000000	0.698502	2.848151
0.587	0.003	4.077510	0.971671	0.000000	0.698502	2.848151
0.587	0.004	4.077510	0.971671	0.000000	0.698502	2.848151
0.588	0.000	4.077502	0.971672	0.000000	0.698502	2.848145
0.588	0.001	4.077502	0.971672	0.000000	0.698502	2.848145
0.588	0.002	4.077502	0.971672	0.000000	0.698502	2.848145
0.588	0.003	4.077502	0.971672	0.000000	0.698502	2.848145
0.588	0.004	4.077502	0.971672	0.000000	0.698502	2.848145
0.589	0.000	4.077488	0.971675	0.000000	0.698502	2.848133
0.589	0.001	4.077488	0.971675	0.000000	0.698502	2.848133
0.589	0.002	4.077488	0.971675	0.000000	0.698502	2.848133
0.589	0.003	4.077488	0.971675	0.000000	0.698502	2.848133
0.589	0.004	4.077488	0.971675	0.000000	0.698502	2.848133
0.590	0.000	4.077487	0.971675	0.000000	0.698502	2.848134
0.590	0.001	4.077487	0.971675	0.000000	0.698502	2.848134
0.590	0.002	4.077487	0.971675	0.000000	0.698502	2.848134
0.590	0.003	4.077487	0.971675	0.000000	0.698502	2.848134
0.590	0.004	4.077487	0.971675	0.000000	0.698502	2.848134
0.591	0.000	4.077478	0.971676	0.000000	0.698502	2.848127
0.591	0.001	4.077478	0.971676	0.000000	0.698502	2.848127
0.591	0.002	4.077478	0.971676	0.000000	0.698502	2.848127
0.591	0.003	4.077478	0.971676	0.000000	0.698502	2.848127
0.591	0.004	4.077478	0.971676	0.000000	0.698502	2.848127
0.592	0.000	4.077477	0.971676	0.000000	0.698502	2.848127
0.592	0.001	4.077477	0.971676	0.000000	0.698502	2.848127
0.592	0.002	4.077477	0.971676	0.000000	0.698502	2.848127
0.592	0.003	4.077477	0.971676	0.000000	0.698502	2.848127
0.592	0.004	4.077477	0.971676	0.000000	0.698502	2.848127
0.593	0.000	4.077474	0.971677	0.000000	0.698502	2.848124
0.593	0.001	4.077474	0.971677	0.000000	0.698502	2.848124
0.593	0.002	4.077474	0.971677	0.000000	0.698502	2.848124
0.593	0.003	4.077474	0.971677	0.000000	0.698502	2.848124
0.593	0.004	4.077474	0.971677	0.000000	0.698502	2.848124
0.594	0.000	4.077470	0.971678	0.000000	0.698502	2.848120
0.594	0.001	4.077470	0.971678	0.000000	0.698502	2.848120
0.594	0.002	4.077470	0.971678	0.000000	0.698502	2.848120
0.594	0.003	4.077470	0.971678	0.000000	0.698502	2.848120
0.594	0.004	4.077470	0.971678	0.000000	0.698502	2.848120
0.595	0.000	4.077465	0.971679	0.000000	0.698502	2.848116
0.595	0.001	4.077465	0.971679	0.000000	0.698502	2.848116
0.595	0.002	4.077465	0.971679	0.000000	0.698502	2.848116
0.595	0.003	4.077465	0.971679	0.000000	0.698502	2.848116
0.595	0.004	4.077465	0.971679	0.000000	0.698502	2.848116
0.596	0.000	4.077468	0.971678	0.000000	0.698502	2.848119
0.596	0.001	4.077468	0.971678	0.000000	0.698502	2.848119
0.596	0.002	4.077468	0.971678	0.000000	0.698502	2.848119
0.596	0.003	4.077468	0.971678	0.000000	0.698502	2.848119
0.596	0.004	4.077468	0.971678	0.000000	0.698502	2.848119
0.597	0.000	4.077456	0.971681	0.000000	0.698501	2.848107
0.597	0.001	4.077456	0.971681	0.000000	0.698501	2.848107
0.597	0.002	4.077456	0.971681	0.000000	0.698501	2.848107
0.597	0.003	4.077456	0.971681	0.000000	0.698501	2.848107
0.597	0.004	4.077456	0.971681	0.000000	0.698501	2.848107
0.598	0.000	4.077447	0.971681	0.000000	0.698502	2.848104
0.598	0.001	4.077447	0.971681	0.000000	0.698502	2.848104
0.598	0.002	4.077447	0.971681	0.000000	0.698502	2.848104
0.598	0.003	4.077447	0.971681	0.000000	0.698502	2.848104
0.598	0.004	4.077447	0.971681	0.000000	0.698502	2.848104
0.599	0.000	4.077446	0.971681	0.000000	0.698503	2.848106
0.599	0.001	4.077446	0.971681	0.000000	0.698503	2.848106
0.599	0.002	4.077446	0.971681	0.000000	0.698503	2.848106
0.599	0.003	4.077446	0.971681	0.000000	0.698503	2.848106
0.599	0.004	4.077446	0.971681	0.000000	0.698503	2.848106
0.600	0.000	4.077435	0.971683	0.000000	0.698502	2.848096
0.600	0.001	4.077435	0.971683	0.000000	0.698502	2.848096
0.600	0.002	4.077435	0.971683	0.000000	0.698502	2.848096
0.600	0.003	4.077435	0.971683	0.000000	0.698502	2.848096
0.600	0.004	4.077435	0.971683	0.000000	0.698502	2.848096
0.601	0.000	4.077428	0.971684	0.000000	0.698503	2.848095
0.601	0.001	4.077428	0.971684	0.000000	0.698503	2.848095
0.601	0.002	4.077428	0.971684	0.000000	0.698503	2.848095
0.601	0.003	4.077428	0.971684	0.000000	0.698503	2.848095
0.601	0.004	4.077428	0.971684	0.000000	0.698503	2.848095
0.602	0.000	4.077439	0.971681	0.000000	0.698504	2.848107
0.602	0.001	4.077439	0.971681	0.000000	0.698504	2.848107
0.602	0.002	4.077439	0.971681	0.000000	0.698504	2.848107
0.602	0.003	4.077439	0.971681	0.000000	0.698504	2.848107
0.602	0.004	4.077439	0.971681	0.000000	0.698504	2.848107
0.603	0.000	4.077440	0.971680	0.000000	0.698504	2.848110
0.603	0.001	4.077440	0.971680	0.000000	0.698504	2.848110
0.603	0.002	4.077440	0.971680	0.000000	0.698504	2.848110
0.603	0.003	4.077440	0.971680	0.000000	0.698504	2.848110
0.603	0.004	4.077440	0.971680	0.000000	0.698504	2.848110
0.604	0.000	4.077453	0.971676	0.000000	0.698506	2.848124
0.604	0.001	4.077453	0.971676	0.000000	0.698506	2.848124
0.604	0.002	4.077453	0.971676	0.000000	0.698506	2.848124
0.604	0.003	4.077453	0.971676	0.000000	0.698506	2.848124
0.604	0.004	4.077453	0.971676	0.000000	0.698506	2.848124
0.605	0.000	4.077459	0.971673	0.000000	0.698508	2.848136
0.605	0.001	4.077459	0.971673	0.000000	0.698508	2.848136
0.605	0.002	4.077459	0.971673	0.000000	0.698508	2.848136
0.605	0.003	4.077459	0.971673	0.000000	0.698508	2.848136
0.605	0.004	4.077459	0.971673	0.000000	0.698508	2.848136
0.606	0.000	4.077454	0.971674	0.000000	0.698508	2.848134
0.606	0.001	4.077454	0.971674	0.000000	0.698508	2.848134
0.606	0.002	4.077454	0.971674	0.000000	0.698508	2.848134
0.606	0.003	4.077454	0.971674	0.000000	0.698508	2.848134
0.606	0.004	4.077454	0.971674	0.000000	0.698508	2.848134
0.607	0.000	4.077456	0.971673	0.000000	0.698508	2.848136
0.607	0.001	4.077456	0.971673	0.000000	0.698508	2.848136
0.607	0.002	4.077456	0.971673	0.000000	0.698508	2.848136
0.607	0.003	4.077456	0.971673	0.000000	0.698508	2.848136
0.607	0.004	4.077456	0.971673	0.000000	0.698508	2.848136
0.608	0.000	4.077453	0.971673	0.000000	0.698509	2.848138
0.608	0.001	4.077453	0.971673	0.000000	0.698509	2.848138
0.608	0.002	4.077453	0.971673	0.000000	0.698509	2.848138
0.608	0.003	4.077453	0.971673	0.000000	0.698509	2.848138
0.608	0.004	4.077453	0.971673	0.000000	0.698509	2.848138
0.609	0.000	4.077453	0.971672	0.000000	0.698510	2.848141
0.609	0.001	4.077453	0.971672	0.000000	0.698510	2.848141
0.609	0.002	4.077453	0.971672	0.000000	0.698510	2.848141
0.609	0.003	4.077453	0.971672	0.000000	0.698510	2.848141
0.609	0.004	4.077453	0.971672	0.000000	0.698510	2.848141
0.610	0.000	4.077444	0.971674	0.000000	0.698510	2.848134
0.610	0.001	4.077444	0.971674	0.000000	0.698510	2.848134
0.610	0.002	4.077444	0.971674	0.000000	0.698510	2.848134
0.610	0.003	4.077444	0.971674	0.000000	0.698510	2.848134
0.610	0.004	4.077444	0.971674	0.000000	0.698510	2.848134
0.611	0.000	4.077451	0.971672	0.000000	0.698511	2.848144
0.611	0.001	4.077451	0.971672	0.000000	0.698511	2.848144
0.611	0.002	4.077451	0.971672	0.000000	0.698511	2.848144
0.611	0.003	4.077451	0.971672	0.000000	0.698511	2.848144
0.611	0.004	4.077451	0.971672	0.000000	0.698511	2.848144
0.612	0.000	4.077446	0.971672	0.000000	0.698511	2.848141
0.612	0.001	4.077446	0.971672	0.000000	0.698511	2.848141
0.612	0.002	4.077446	0.971672	0.000000	0.698511	2.848141
0.612	0.003	4.077446	0.971672	0.000000	0.698511	2.848141
0.612	0.004	4.077446	0.971672	0.000000	0.698511	2.848141
0.613	0.000	4.077447	0.971672	0.000000	0.698512	2.848144
0.613	0.001	4.077447	0.971672	0.000000	0.698512	2.848144
0.613	0.002	4.077447	0.971672	0.000000	0.698512	2.848144
0.613	0.003	4.077447	0.971672	0.000000	0.698512	2.848144
0.613	0.004	4.077447	0.971672	0.000000	0.698512	2.848144
0.614	0.000	4.077446	0.971671	0.000000	0.698512	2.848146
0.614	0.001	4.077446	0.971671	0.000000	0.698512	2.848146
0.614	0.002	4.077446	0.971671	0.000000	0.698512	2.848146
0.614	0.003	4.077446	0.971671	0.000000	0.698512	2.848146
0.614	0.004	4.077446	0.971671	0.000000	0.698512	2.848146
0.615	0.000	4.077432	0.971674	0.000000	0.698512	2.848135
0.615	0.001	4.077432	0.971674	0.000000	0.698512	2.848135
0.615	0.002	4.077432	0.971674	0.000000	0.698512	2.848135
0.615	0.003	4.077432	0.971674	0.000000	0.698512	2.848135
0.615	0.004	4.077432	0.971674	0.000000	0.698512	2.848135
0.616	0.000	4.077435	0.971672	0.000000	0.698513	2.848141
0.616	0.001	4.077435	0.971672	0.000000	0.698513	2.848141
0.616	0.002	4.077435	0.971672	0.000000	0.698513	2.848141
0.616	0.003	4.077435	0.971672	0.000000	0.698513	2.848141
0.616	0.004	4.077435	0.971672	0.000000	0.698513	2.848141
0.617	0.000	4.077434	0.971672	0.000000	0.698513	2.848141
0.617	0.001	4.077434	0.971672	0.000000	0.698513	2.848141
0.617	0.002	4.077434	0.971672	0.000000	0.698513	2.848141
0.617	0.003	4.077434	0.971672	0.000000	0.698513	2.848141
0.617	0.004	4.077434	0.971672	0.000000	0.698513	2.848141
0.618	0.000	4.077427	0.971673	0.000000	0.698514	2.848139
0.618	0.001	4.077427	0.971673	0.000000	0.698514	2.848139
0.618	0.002	4.077427	0.971673	0.000000	0.698514	2.848139
0.618	0.003	4.077427	0.971673	0.000000	0.698514	2.848139
0.618	0.004	4.077427	0.971673	0.000000	0.698514	2.848139
0.619	0.000	4.077433	0.971670	0.000000	0.698515	2.848149
0.619	0.001	4.077433	0.971670	0.000000	0.698515	2.848149
0.619	0.002	4.077433	0.971670	0.000000	0.698515	2.848149
0.619	0.003	4.077433	0.971670	0.000000	0.698515	2.848149
0.619	0.004	4.077433	0.971670	0.000000	0.698515	2.848149
0.620	0.000	4.077426	0.971671	0.000000	0.698516	2.848147
0.620	0.001	4.077426	0.971671	0.000000	0.698516	2.848147
0.620	0.002	4.077426	0.971671	0.000000	0.698516	2.848147
0.620	0.003	4.077426	0.971671	0.000000	0.698516	2.848147
0.620	0.004	4.077426	0.971671	0.000000	0.698516	2.848147
0.621	0.000	4.077432	0.971668	0.000000	0.698517	2.848157
0.621	0.001	4.077432	0.971668	0.000000	0.698517	2.848157
0.621	0.002	4.077432	0.971668	0.000000	0.698517	2.848157
0.621	0.003	4.077432	0.971668	0.000000	0.698517	2.848157
0.621	0.004	4.077432	0.971668	0.000000	0.698517	2.848157
0.622	0.000	4.077425	0.971668	0.000000	0.698518	2.848155
0.622	0.001	4.077425	0.971668	0.000000	0.698518	2.848155
0.622	0.002	4.077425	0.971668	0.000000	0.698518	2.848155
0.622	0.003	4.077425	0.971668	0.000000	0.698518	2.848155
0.622	0.004	4.077425	0.971668	0.000000	0.698518	2.848155
0.623	0.000	4.077426	0.971667	0.000000	0.698519	2.848160
0.623	0.001	4.077426	0.971667	0.000000	0.698519	2.848160
0.623	0.002	4.077426	0.971667	0.000000	0.698519	2.848160
0.623	0.003	4.077426	0.971667	0.000000	0.698519	2.848160
0.623	0.004	4.077426	0.971667	0.000000	0.698519	2.848160
0.624	0.000	4.077428	0.971666	0.000000	0.698520	2.848167
0.624	0.001	4.077428	0.971666	0.000000	0.698520	2.848167
0.624	0.002	4.077428	0.971666	0.000000	0.698520	2.848167
0.624	0.003	4.077428	0.971666	0.000000	0.698520	2.848167
0.624	0.004	4.077428	0.971666	0.000000	0.698520	2.848167
0.625	0.000	4.077435	0.971663	0.000000	0.698522	2.848176
0.625	0.001	4.077435	0.971663	0.000000	0.698522	2.848176
0.625	0.002	4.077435	0.971663	0.000000	0.698522	2.848176
0.625	0.003	4.077435	0.971663	0.000000	0.698522	2.848176
0.625	0.004	4.077435	0.971663	0.000000	0.698522	2.848176
0.626	0.000	4.077435	0.971661	0.000000	0.698524	2.848186
0.626	0.001	4.077435	0.971661	0.000000	0.698524	2.848186
0.626	0.002	4.077435	0.971661	0.000000	0.698524	2.848186
0.626	0.003	4.077435	0.971661	0.000000	0.698524	2.848186
0.626	0.004	4.077435	0.971661	0.000000	0.698524	2.848186
0.627	0.000	4.077432	0.971660	0.000000	0.698525	2.848189
0.627	0.001	4.077432	0.971660	0.000000	0.698525	2.848189
0.627	0.002	4.077432	0.971660	0.000000	0.698525	2.848189
0.627	0.003	4.077432	0.971660	0.000000	0.698525	2.848189
0.627	0.004	4.077432	0.971660	0.000000	0.698525	2.848189
0.628	0.000	4.077432	0.971658	0.000000	0.698527	2.848196
0.628	0.001	4.077432	0.971658	0.000000	0.698527	2.848196
0.628	0.002	4.077432	0.971658	0.000000	0.698527	2.848196
0.628	0.003	4.077432	0.971658	0.000000	0.698527	2.848196
0.628	0.004	4.077432	0.971658	0.000000	0.698527	2.848196
0.629	0.000	4.077419	0.971661	0.000000	0.698527	2.848186
0.629	0.001	4.077419	0.971661	0.000000	0.698527	2.848186
0.629	0.002	4.077419	0.971661	0.000000	0.698527	2.848186
0.629	0.003	4.077419	0.971661	0.000000	0.698527	2.848186
0.629	0.004	4.077419	0.971661	0.000000	0.698527	2.848186
0.630	0.000	4.077409	0.971662	0.000000	0.698527	2.848181
0.630	0.001	4.077409	0.971662	0.000000	0.698527	2.848181
0.630	0.002	4.077409	0.971662	0.000000	0.698527	2.848181
0.630	0.003	4.077409	0.971662	0.000000	0.698527	2.848181
0.630	0.004	4.077409	0.971662	0.000000	0.698527	2.848181
0.631	0.000	4.077394	0.971664	0.000000	0.698527	2.848171
0.631	0.001	4.077394	0.971664	0.000000	0.698527	2.848171
0.631	0.002	4.077394	0.971664	0.000000	0.698527	2.848171
0.631	0.003	4.077394	0.971664	0.000000	0.698527	2.848171
0.631	0.004	4.077394	0.971664	0.000000	0.698527	2.848171
0.632	0.000	4.077381	0.971666	0.000000	0.698528	2.848165
0.632	0.001	4.077381	0.971666	0.000000	0.698528	2.848165
0.632	0.002	4.077381	0.971666	0.000000	0.698528	2.848165
0.632	0.003	4.077381	0.971666	0.000000	0.698528	2.848165
0.632	0.004	4.077381	0.971666	0.000000	0.698528	2.848165
0.633	0.000	4.077366	0.971667	0.000000	0.698529	2.848159
0.633	0.001	4.077366	0.971667	0.000000	0.698529	2.848159
0.633	0.002	4.077366	0.971667	0.000000	0.698529	2.848159
0.633	0.003	4.077366	0.971667	0.000000	0.698529	2.848159
0.633	0.004	4.077366	0.971667	0.000000	0.698529	2.848159
0.634	0.000	4.077361	0.971667	0.000000	0.698531	2.848162
0.634	0.001	4.077361	0.971667	0.000000	0.698531	2.848162
0.634	0.002	4.077361	0.971667	0.000000	0.698531	2.848162
0.634	0.003	4.077361	0.971667	0.000000	0.698531	2.848162
0.634	0.004	4.077361	0.971667	0.000000	0.698531	2.848162
0.635	0.000	4.077346	0.971669	0.000000	0.698531	2.848153
0.635	0.001	4.077346	0.971669	0.000000	0.698531	2.848153
0.635	0.002	4.077346	0.971669	0.000000	0.698531	2.848153
0.635	0.003	4.077346	0.971669	0.000000	0.698531	2.848153
0.635	0.004	4.077346	0.971669	0.000000	0.698531	2.848153
0.636	0.000	4.077336	0.971669	0.000000	0.698532	2.848151
0.636	0.001	4.077336	0.971669	0.000000	0.698532	2.848151
0.636	0.002	4.077336	0.971669	0.000000	0.698532	2.848151
0.636	0.003	4.077336	0.971669	0.000000	0.698532	2.848151
0.636	0.004	4.077336	0.971669	0.000000	0.698532	2.848151
0.637	0.000	4.077317	0.971672	0.000000	0.698533	2.848141
0.637	0.001	4.077317	0.971672	0.000000	0.698533	2.848141
0.637	0.002	4.077317	0.971672	0.000000	0.698533	2.848141
0.637	0.003	4.077317	0.971672	0.000000	0.698533	2.848141
0.637	0.004	4.077317	0.971672	0.000000	0.698533	2.848141
0.638	0.000	4.077307	0.971672	0.000000	0.698535	2.848140
0.638	0.001	4.077307	0.971672	0.000000	0.698535	2.848140
0.638	0.002	4.077307	0.971672	0.000000	0.698535	2.848140
0.638	0.003	4.077307	0.971672	0.000000	0.698535	2.848140
0.638	0.004	4.077307	0.971672	0.000000	0.698535	2.848140
0.639	0.000	4.077291	0.971674	0.000000	0.698536	2.848134
0.639	0.001	4.077291	0.971674	0.000000	0.698536	2.848134
0.639	0.002	4.077291	0.971674	0.000000	0.698536	2.848134
0.639	0.003	4.077291	0.971674	0.000000	0.698536	2.848134
0.639	0.004	4.077291	0.971674	0.000000	0.698536	2.848134
0.640	0.000	4.077281	0.971674	0.000000	0.698538	2.848134
0.640	0.001	4.077281	0.971674	0.000000	0.698538	2.848134
0.640	0.002	4.077281	0.971674	0.000000	0.698538	2.848134
0.640	0.003	4.077281	0.971674	0.000000	0.698538	2.848134
0.640	0.004	4.077281	0.971674	0.000000	0.698538	2.848134
0.641	0.000	4.077271	0.971674	0.000000	0.698540	2.848135
0.641	0.001	4.077271	0.971674	0.000000	0.698540	2.848135
0.641	0.002	4.077271	0.971674	0.000000	0.698540	2.848135
0.641	0.003	4.077271	0.971674	0.000000	0.698540	2.848135
0.641	0.004	4.077271	0.971674	0.000000	0.698540	2.848135
0.642	0.000	4.077252	0.971676	0.000000	0.698540	2.848126
0.642	0.001	4.077252	0.971676	0.000000	0.698540	2.848126
0.642	0.002	4.077252	0.971676	0.000000	0.698540	2.848126
0.642	0.003	4.077252	0.971676	0.000000	0.698540	2.848126
0.642	0.004	4.077252	0.971676	0.000000	0.698540	2.848126
0.643	0.000	4.077240	0.971676	0.000000	0.698542	2.848125
0.643	0.001	4.077240	0.971676	0.000000	0.698542	2.848125
0.643	0.002	4.077240	0.971676	0.000000	0.698542	2.848125
0.643	0.003	4.077240	0.971676	0.000000	0.698542	2.848125
0.643	0.004	4.077240	0.971676	0.000000	0.698542	2.848125
0.644	0.000	4.077222	0.971678	0.000000	0.698545	2.848121
0.644	0.001	4.077222	0.971678	0.000000	0.698545	2.848121
0.644	0.002	4.077222	0.971678	0.000000	0.698545	2.848121
0.644	0.003	4.077222	0.971678	0.000000	0.698545	2.848121
0.644	0.004	4.077222	0.971678	0.000000	0.698545	2.848121
0.645	0.000	4.077204	0.971679	0.000000	0.698546	2.848115
0.645	0.001	4.077204	0.971679	0.000000	0.698546	2.848115
0.645	0.002	4.077204	0.971679	0.000000	0.698546	2.848115
0.645	0.003	4.077204	0.971679	0.000000	0.698546	2.848115
0.645	0.004	4.077204	0.971679	0.000000	0.698546	2.848115
0.646	0.000	4.077183	0.971679	0.000000	0.698550	2.848115
0.646	0.001	4.077183	0.971679	0.000000	0.698550	2.848115
0.646	0.002	4.077183	0.971679	0.000000	0.698550	2.848115
0.646	0.003	4.077183	0.971679	0.000000	0.698550	2.848115
0.646	0.004	4.077183	0.971679	0.000000	0.698550	2.848115
0.647	0.000	4.077177	0.971678	0.000000	0.698552	2.848121
0.647	0.001	4.077177	0.971678	0.000000	0.698552	2.848121
0.647	0.002	4.077177	0.971678	0.000000	0.698552	2.848121
0.647	0.003	4.077177	0.971678	0.000000	0.698552	2.848121
0.647	0.004	4.077177	0.971678	0.000000	0.698552	2.848121
0.648	0.000	4.077170	0.971676	0.000000	0.698555	2.848129
0.648	0.001	4.077170	0.971676	0.000000	0.698555	2.848129
0.648	0.002	4.077170	0.971676	0.000000	0.698555	2.848129
0.648	0.003	4.077170	0.971676	0.000000	0.698555	2.848129
0.648	0.004	4.077170	0.971676	0.000000	0.698555	2.848129
0.649	0.000	4.077162	0.971674	0.000000	0.698559	2.848139
0.649	0.001	4.077162	0.971674	0.000000	0.698559	2.848139
0.649	0.002	4.077162	0.971674	0.000000	0.698559	2.848139
0.649	0.003	4.077162	0.971674	0.000000	0.698559	2.848139
0.649	0.004	4.077162	0.971674	0.000000	0.698559	2.848139
0.650	0.000	4.077151	0.971673	0.000000	0.698562	2.848141
0.650	0.001	4.077151	0.971673	0.000000	0.698562	2.848141
0.650	0.002	4.077151	0.971673	0.000000	0.698562	2.848141
0.650	0.003	4.077151	0.971673	0.000000	0.698562	2.848141
0.650	0.004	4.077151	0.971673	0.000000	0.698562	2.848141
0.651	0.000	4.077143	0.971671	0.000000	0.698566	2.848152
0.651	0.001	4.077143	0.971671	0.000000	0.698566	2.848152
0.651	0.002	4.077143	0.971671	0.000000	0.698566	2.848152
0.651	0.003	4.077143	0.971671	0.000000	0.698566	2.848152
0.651	0.004	4.077143	0.971671	0.000000	0.698566	2.848152
0.652	0.000	4.077127	0.971670	0.000000	0.698568	2.848152
0.652	0.001	4.077127	0.971670	0.000000	0.698568	2.848152
0.652	0.002	4.077127	0.971670	0.000000	0.698568	2.848152
0.652	0.003	4.077127	0.971670	0.000000	0.698568	2.848152
0.652	0.004	4.077127	0.971670	0.000000	0.698568	2.848152
0.653	0.000	4.077106	0.971670	0.000000	0.698571	2.848150
0.653	0.001	4.077106	0.971670	0.000000	0.698571	2.848150
0.653	0.002	4.077106	0.971670	0.000000	0.698571	2.848150
0.653	0.003	4.077106	0.971670	0.000000	0.698571	2.848150
0.653	0.004	4.077106	0.971670	0.000000	0.698571	2.848150
0.654	0.000	4.077085	0.971670	0.000000	0.698576	2.848152
0.654	0.001	4.077085	0.971670	0.000000	0.698576	2.848152
0.654	0.002	4.077085	0.971670	0.000000	0.698576	2.848152
0.654	0.003	4.077085	0.971670	0.000000	0.698576	2.848152
0.654	0.004	4.077085	0.971670	0.000000	0.698576	2.848152
0.655	0.000	4.077061	0.971669	0.000000	0.698581	2.848156
0.655	0.001	4.077061	0.971669	0.000000	0.698581	2.848156
0.655	0.002	4.077061	0.971669	0.000000	0.698581	2.848156
0.655	0.003	4.077061	0.971669	0.000000	0.698581	2.848156
0.655	0.004	4.077061	0.971669	0.000000	0.698581	2.848156
0.656	0.000	4.077031	0.971669	0.000000	0.698586	2.848155
0.656	0.001	4.077031	0.971669	0.000000	0.698586	2.848155
0.656	0.002	4.077031	0.971669	0.000000	0.698586	2.848155
0.656	0.003	4.077031	0.971669	0.000000	0.698586	2.848155
0.656	0.004	4.077031	0.971669	0.000000	0.698586	2.848155
0.657	0.000	4.076998	0.971670	0.000000	0.698591	2.848152
0.657	0.001	4.076998	0.971670	0.000000	0.698591	2.848152
0.657	0.002	4.076998	0.971670	0.000000	0.698591	2.848152
0.657	0.003	4.076998	0.971670	0.000000	0.698591	2.848152
0.657	0.004	4.076998	0.971670	0.000000	0.698591	2.848152
0.658	0.000	4.076964	0.971669	0.000000	0.698597	2.848154
0.658	0.001	4.076964	0.971669	0.000000	0.698597	2.848154
0.658	0.002	4.076964	0.971669	0.000000	0.698597	2.848154
0.658	0.003	4.076964	0.971669	0.000000	0.698597	2.848154
0.658	0.004	4.076964	0.971669	0.000000	0.698597	2.848154
0.659	0.000	4.076928	0.971669	0.000000	0.698603	2.848155
0.659	0.001	4.076928	0.971669	0.000000	0.698603	2.848155
0.659	0.002	4.076928	0.971669	0.000000	0.698603	2.848155
0.659	0.003	4.076928	0.971669	0.000000	0.698603	2.848155
0.659	0.004	4.076928	0.971669	0.000000	0.698603	2.848155
0.660	0.000	4.076883	0.971670	0.000000	0.698610	2.848150
0.660	0.001	4.076883	0.971670	0.000000	0.698610	2.848150
0.660	0.002	4.076883	0.971670	0.000000	0.698610	2.848150
0.660	0.003	4.076883	0.971670	0.000000	0.698610	2.848150
0.660	0.004	4.076883	0.971670	0.000000	0.698610	2.848150
0.661	0.000	4.076841	0.971669	0.000000	0.698619	2.848157
0.661	0.001	4.076841	0.971669	0.000000	0.698619	2.848157
0.661	0.002	4.076841	0.971669	0.000000	0.698619	2.848157
0.661	0.003	4.076841	0.971669	0.000000	0.698619	2.848157
0.661	0.004	4.076841	0.971669	0.000000	0.698619	2.848157
0.662	0.000	4.076789	0.971669	0.000000	0.698628	2.848157
0.662	0.001	4.076789	0.971669	0.000000	0.698628	2.848157
0.662	0.002	4.076789	0.971669	0.000000	0.698628	2.848157
0.662	0.003	4.076789	0.971669	0.000000	0.698628	2.848157
0.662	0.004	4.076789	0.971669	0.000000	0.698628	2.848157
0.663	0.000	4.076724	0.971669	0.000000	0.698638	2.848154
0.663	0.001	4.076724	0.971669	0.000000	0.698638	2.848154
0.663	0.002	4.076724	0.971669	0.000000	0.698638	2.848154
0.663	0.003	4.076724	0.971669	0.000000	0.698638	2.848154
0.663	0.004	4.076724	0.971669	0.000000	0.698638	2.848154
0.664	0.000	4.076653	0.971669	0.000000	0.698651	2.848158
0.664	0.001	4.076653	0.971669	0.000000	0.698651	2.848158
0.664	0.002	4.076653	0.971669	0.000000	0.698651	2.848158
0.664	0.003	4.076653	0.971669	0.000000	0.698651	2.848158
0.664	0.004	4.076653	0.971669	0.000000	0.698651	2.848158
0.665	0.000	4.076566	0.971668	0.000000	0.698667	2.848161
0.665	0.001	4.076566	0.971668	0.000000	0.698667	2.848161
0.665	0.002	4.076566	0.971668	0.000000	0.698667	2.848161
0.665	0.003	4.076566	0.971668	0.000000	0.698667	2.848161
0.665	0.004	4.076566	0.971668	0.000000	0.698667	2.848161
0.666	0.000	4.076457	0.971668	0.000000	0.698685	2.848161
0.666	0.001	4.076457	0.971668	0.000000	0.698685	2.848161
0.666	0.002	4.076457	0.971668	0.000000	0.698685	2.848161
0.666	0.003	4.076457	0.971668	0.000000	0.698685	2.848161
0.666	0.004	4.076457	0.971668	0.000000	0.698685	2.848161
0.667	0.000	4.076330	0.971665	0.000000	0.698710	2.848171
0.667	0.001	4.076330	0.971665	0.000000	0.698710	2.848171
0.667	0.002	4.076330	0.971665	0.000000	0.698710	2.848171
0.667	0.003	4.076330	0.971665	0.000000	0.698710	2.848171
0.667	0.004	4.076330	0.971665	0.000000	0.698710	2.848171
0.668	0.000	4.076160	0.971664	0.000000	0.698740	2.848177
0.668	0.001	4.076160	0.971664	0.000000	0.698740	2.848177
0.668	0.002	4.076160	0.971664	0.000000	0.698740	2.848177
0.668	0.003	4.076160	0.971664	0.000000	0.698740	2.848177
0.668	0.004	4.076160	0.971664	0.000000	0.698740	2.848177
0.669	0.000	4.075936	0.971662	0.000000	0.698780	2.848184
0.669	0.001	4.075936	0.971662	0.000000	0.698780	2.848184
0.669	0.002	4.075936	0.971662	0.000000	0.698780	2.848184
0.669	0.003	4.075936	0.971662	0.000000	0.698780	2.848184
0.669	0.004	4.075936	0.971662	0.000000	0.698780	2.848184
0.670	0.000	4.075629	0.971661	0.000000	0.698834	2.848190
0.670	0.001	4.075629	0.971661	0.000000	0.698834	2.848190
0.670	0.002	4.075629	0.971661	0.000000	0.698834	2.848190
0.670	0.003	4.075629	0.971661	0.000000	0.698834	2.848190
0.670	0.004	4.075629	0.971661	0.000000	0.698834	2.848190
0.671	0.000	4.075208	0.971660	0.000000	0.698908	2.848195
0.671	0.001	4.075208	0.971660	0.000000	0.698908	2.848195
0.671	0.002	4.075208	0.971660	0.000000	0.698908	2.848195
0.671	0.003	4.075208	0.971660	0.000000	0.698908	2.848195
0.671	0.004	4.075208	0.971660	0.000000	0.698908	2.848195
0.672	0.000	4.074621	0.971660	0.000000	0.699009	2.848196
0.672	0.001	4.074621	0.971660	0.000000	0.699009	2.848196
0.672	0.002	4.074621	0.971660	0.000000	0.699009	2.848196
0.672	0.003	4.074621	0.971660	0.000000	0.699009	2.848196
0.672	0.004	4.074621	0.971660	0.000000	0.699009	2.848196
0.673	0.000	4.073801	0.971660	0.000000	0.699149	2.848195
0.673	0.001	4.073801	0.971660	0.000000	0.699149	2.848195
0.673	0.002	4.073801	0.971660	0.000000	0.699149	2.848195
0.673	0.003	4.073801	0.971660	0.000000	0.699149	2.848195
0.673	0.004	4.073801	0.971660	0.000000	0.699149	2.848195
0.674	0.000	4.072651	0.971661	0.000000	0.699346	2.848191
0.674	0.001	4.072651	0.971661	0.000000	0.699346	2.848191
0.674	0.002	4.072651	0.971661	0.000000	0.699346	2.848191
0.674	0.003	4.072651	0.971661	0.000000	0.699346	2.848191
0.674	0.004	4.072651	0.971661	0.000000	0.699346	2.848191
0.675	0.000	4.071045	0.971663	0.000000	0.699620	2.848185
0.675	0.001	4.071045	0.971663	0.000000	0.699620	2.848185
0.675	0.002	4.071045	0.971663	0.000000	0.699620	2.848185
0.675	0.003	4.071045	0.971663	0.000000	0.699620	2.848185
0.675	0.004	4.071045	0.971663	0.000000	0.699620	2.848185
0.676	0.000	4.068807	0.971663	0.000000	0.700004	2.848182
0.676	0.001	4.068807	0.971663	0.000000	0.700004	2.848182
0.676	0.002	4.068807	0.971663	0.000000	0.700004	2.848182
0.676	0.003	4.068807	0.971663	0.000000	0.700004	2.848182
0.676	0.004	4.068807	0.971663	0.000000	0.700004	2.848182
0.677	0.000	4.065693	0.971665	0.000000	0.700539	2.848178
0.677	0.001	4.065693	0.971665	0.000000	0.700539	2.848178
0.677	0.002	4.065693	0.971665	0.000000	0.700539	2.848178
0.677	0.003	4.065693	0.971665	0.000000	0.700539	2.848178
0.677	0.004	4.065693	0.971665	0.000000	0.700539	2.848178
0.678	0.000	4.061389	0.971666	0.000000	0.701280	2.848172
0.678	0.001	4.061389	0.971666	0.000000	0.701280	2.848172
0.678	0.002	4.061389	0.971666	0.000000	0.701280	2.848172
0.678	0.003	4.061389	0.971666	0.000000	0.701280	2.848172
0.678	0.004	4.061389	0.971666	0.000000	0.701280	2.848172
0.679	0.000	4.055479	0.971668	0.000000	0.702301	2.848168
0.679	0.001	4.055479	0.971668	0.000000	0.702301	2.848168
0.679	0.002	4.055479	0.971668	0.000000	0.702301	2.848168
0.679	0.003	4.055479	0.971668	0.000000	0.702301	2.848168
0.679	0.004	4.055479	0.971668	0.000000	0.702301	2.848168
0.680	0.000	4.047427	0.971669	0.000000	0.703697	2.848163
0.680	0.001	4.047427	0.971669	0.000000	0.703697	2.848163
0.680	0.002	4.047427	0.971669	0.000000	0.703697	2.848163
0.680	0.003	4.047427	0.971669	0.000000	0.703697	2.848163
0.680	0.004	4.047427	0.971669	0.000000	0.703697	2.848163
0.681	0.000	4.036553	0.971669	0.000000	0.705592	2.848158
0.681	0.001	4.036553	0.971669	0.000000	0.705592	2.848158
0.681	0.002	4.036553	0.971669	0.000000	0.705592	2.848158
0.681	0.003	4.036553	0.971669	0.000000	0.705592	2.848158
0.681	0.004	4.036553	0.971669	0.000000	0.705592	2.848158
0.682	0.000	4.022011	0.971670	0.000000	0.708142	2.848154
0.682	0.001	4.022011	0.971670	0.000000	0.708142	2.848154
0.682	0.002	4.022011	0.971670	0.000000	0.708142	2.848154
0.682	0.003	4.022011	0.971670	0.000000	0.708142	2.848154
0.682	0.004	4.022011	0.971670	0.000000	0.708142	2.848154
0.683	0.000	4.002770	0.971672	0.000000	0.711544	2.848149
0.683	0.001	4.002770	0.971672	0.000000	0.711544	2.848149
0.683	0.002	4.002770	0.971672	0.000000	0.711544	2.848149
0.683	0.003	4.002770	0.971672	0.000000	0.711544	2.848149
0.683	0.004	4.002770	0.971672	0.000000	0.711544	2.848149
0.684	0.000	3.977602	0.971672	0.000000	0.716046	2.848147
0.684	0.001	3.977602	0.971672	0.000000	0.716046	2.848147
0.684	0.002	3.977602	0.971672	0.000000	0.716046	2.848147
0.684	0.003	3.977602	0.971672	0.000000	0.716046	2.848147
0.684	0.004	3.977602	0.971672	0.000000	0.716046	2.848147
0.685	0.000	3.945063	0.971673	0.000000	0.721951	2.848143
0.685	0.001	3.945063	0.971673	0.000000	0.721951	2.848143
0.685	0.002	3.945063	0.971673	0.000000	0.721951	2.848143
0.685	0.003	3.945063	0.971673	0.000000	0.721951	2.848143
0.685	0.004	3.945063	0.971673	0.000000	0.721951	2.848143
0.686	0.000	3.903521	0.971675	0.000000	0.729633	2.848137
0.686	0.001	3.903521	0.971675	0.000000	0.729633	2.848137
0.686	0.002	3.903521	0.971675	0.000000	0.729633	2.848137
0.686	0.003	3.903521	0.971675	0.000000	0.729633	2.848137
0.686	0.004	3.903521	0.971675	0.000000	0.729633	2.848137
0.687	0.000	3.851179	0.971675	0.000000	0.739549	2.848135
0.687	0.001	3.851179	0.971675	0.000000	0.739549	2.848135
0.687	0.002	3.851179	0.971675	0.000000	0.739549	2.848135
0.687	0.003	3.851179	0.971675	0.000000	0.739549	2.848135
0.687	0.004	3.851179	0.971675	0.000000	0.739549	2.848135
0.688	0.000	3.786121	0.971677	0.000000	0.752255	2.848131
0.688	0.001	3.786121	0.971677	0.000000	0.752255	2.848131
0.688	0.002	3.786121	0.971677	0.000000	0.752255	2.848131
0.688	0.003	3.786121	0.971677	0.000000	0.752255	2.848131
0.688	0.004	3.786121	0.971677	0.000000	0.752255	2.848131
0.689	0.000	3.706409	0.971677	0.000000	0.768434	2.848129
0.689	0.001	3.706409	0.971677	0.000000	0.768434	2.848129
0.689	0.002	3.706409	0.971677	0.000000	0.768434	2.848129
0.689	0.003	3.706409	0.971677	0.000000	0.768434	2.848129
0.689	0.004	3.706409	0.971677	0.000000	0.768434	2.848129
0.690	0.000	3.610184	0.971677	0.000000	0.788915	2.848129
0.690	0.001	3.610184	0.971677	0.000000	0.788915	2.848129
0.690	0.002	3.610184	0.971677	0.000000	0.788915	2.848129
0.690	0.003	3.610184	0.971677	0.000000	0.788915	2.848129
0.690	0.004	3.610184	0.971677	0.000000	0.788915	2.848129
0.691	0.000	3.495815	0.971678	0.000000	0.814725	2.848128
0.691	0.001	3.495815	0.971678	0.000000	0.814725	2.848128
0.691	0.002	3.495815	0.971678	0.000000	0.814725	2.848128
0.691	0.003	3.495815	0.971678	0.000000	0.814725	2.848128
0.691	0.004	3.495815	0.971678	0.000000	0.814725	2.848128
0.692	0.000	3.362063	0.971677	0.000000	0.847138	2.848130
0.692	0.001	3.362063	0.971677	0.000000	0.847138	2.848130
0.692	0.002	3.362063	0.971677	0.000000	0.847138	2.848130
0.692	0.003	3.362063	0.971677	0.000000	0.847138	2.848130
0.692	0.004	3.362063	0.971677	0.000000	0.847138	2.848130
0.693	0.000	3.208247	0.971676	0.000000	0.887754	2.848133
0.693	0.001	3.208247	0.971676	0.000000	0.887754	2.848133
0.693	0.002	3.208247	0.971676	0.000000	0.887754	2.848133
0.693	0.003	3.208247	0.971676	0.000000	0.887754	2.848133
0.693	0.004	3.208247	0.971676	0.000000	0.887754	2.848133
0.694	0.000	3.034568	0.971674	0.000000	0.938566	2.848141
0.694	0.001	3.034568	0.971674	0.000000	0.938566	2.848141
0.694	0.002	3.034568	0.971674	0.000000	0.938566	2.848141
0.694	0.003	3.034568	0.971674	0.000000	0.938566	2.848141
0.694	0.004	3.034568	0.971674	0.000000	0.938566	2.848141
0.695	0.000	2.846181	0.971673	0.000000	1.000691	2.848147
0.695	0.001	2.846181	0.971673	0.000000	1.000691	2.848147
0.695	0.002	2.846181	0.971673	0.000000	1.000691	2.848147
0.695	0.003	2.846181	0.971673	0.000000	1.000691	2.848147
0.695	0.004	2.846181	0.971673	0.000000	1.000691	2.848147
0.696	0.000	2.674836	0.971671	0.000000	1.064795	2.848152
0.696	0.001	2.674836	0.971671	0.000000	1.064795	2.848152
0.696	0.002	2.674836	0.971671	0.000000	1.064795	2.848152
0.696	0.003	2.674836	0.971671	0.000000	1.064795	2.848152
0.696	0.004	2.674836	0.971671	0.000000	1.064795	2.848152
0.697	0.000	2.534734	0.971671	0.000000	1.123650	2.848155
0.697	0.001	2.534734	0.971671	0.000000	1.123650	2.848155
0.697	0.002	2.534734	0.971671	0.000000	1.123650	2.848155
0.697	0.003	2.534734	0.971671	0.000000	1.123650	2.848155
0.697	0.004	2.534734	0.971671	0.000000	1.123650	2.848155
0.698	0.000	2.421647	0.971670	0.000000	1.176124	2.848158
0.698	0.001	2.421647	0.971670	0.000000	1.176124	2.848158
0.698	0.002	2.421647	0.971670	0.000000	1.176124	2.848158
0.698	0.003	2.421647	0.971670	0.000000	1.176124	2.848158
0.698	0.004	2.421647	0.971670	0.000000	1.176124	2.848158
0.699	0.000	2.331519	0.971669	0.000000	1.221590	2.848159
0.699	0.001	2.331519	0.971669	0.000000	1.221590	2.848159
0.699	0.002	2.331519	0.971669	0.000000	1.221590	2.848159
0.699	0.003	2.331519	0.971669	0.000000	1.221590	2.848159
0.699	0.004	2.331519	0.971669	0.000000	1.221590	2.848159
0.700	0.000	2.260575	0.971669	0.000000	1.259926	2.848158
0.700	0.001	2.260575	0.971669	0.000000	1.259926	2.848158
0.700	0.002	2.260575	0.971669	0.000000	1.259926	2.848158
0.700	0.003	2.260575	0.971669	0.000000	1.259926	2.848158
0.700	0.004	2.260575	0.971669	0.000000	1.259926	2.848158
0.701	0.000	2.205404	0.971669	0.000000	1.291446	2.848160
0.701	0.001	2.205404	0.971669	0.000000	1.291446	2.848160
0.701	0.002	2.205404	0.971669	0.000000	1.291446	2.848160
0.701	0.003	2.205404	0.971669	0.000000	1.291446	2.848160
0.701	0.004	2.205404	0.971669	0.000000	1.291446	2.848160
0.702	0.000	2.163004	0.971668	0.000000	1.316761	2.848161
0.702	0.001	2.163004	0.971668	0.000000	1.316761	2.848161
0.702	0.002	2.163004	0.971668	0.000000	1.316761	2.848161
0.702	0.003	2.163004	0.971668	0.000000	1.316761	2.848161
0.702	0.004	2.163004	0.971668	0.000000	1.316761	2.848161
0.703	0.000	2.130803	0.971668	0.000000	1.336660	2.848161
0.703	0.001	2.130803	0.971668	0.000000	1.336660	2.848161
0.703	0.002	2.130803	0.971668	0.000000	1.336660	2.848161
0.703	0.003	2.130803	0.971668	0.000000	1.336660	2.848161
0.703	0.004	2.130803	0.971668	0.000000	1.336660	2.848161
0.704	0.000	2.106633	0.971668	0.000000	1.351997	2.848161
0.704	0.001	2.106633	0.971668	0.000000	1.351997	2.848161
0.704	0.002	2.106633	0.971668	0.000000	1.351997	2.848161
0.704	0.003	2.106633	0.971668	0.000000	1.351997	2.848161
0.704	0.004	2.106633	0.971668	0.000000	1.351997	2.848161
0.705	0.000	2.088703	0.971668	0.000000	1.363603	2.848161
0.705	0.001	2.088703	0.971668	0.000000	1.363603	2.848161
0.705	0.002	2.088703	0.971668	0.000000	1.363603	2.848161
0.705	0.003	2.088703	0.971668	0.000000	1.363603	2.848161
0.705	0.004	2.088703	0.971668	0.000000	1.363603	2.848161
0.706	0.000	2.075559	0.971668	0.000000	1.372238	2.848161
0.706	0.001	2.075559	0.971668	0.000000	1.372238	2.848161
0.706	0.002	2.075559	0.971668	0.000000	1.372238	2.848161
0.706	0.003	2.075559	0.971668	0.000000	1.372238	2.848161
0.706	0.004	2.075559	0.971668	0.000000	1.372238	2.848161
0.707	0.000	2.066037	0.971669	0.000000	1.378563	2.848162
0.707	0.001	2.066037	0.971669	0.000000	1.378563	2.848162
0.707	0.002	2.066037	0.971669	0.000000	1.378563	2.848162
0.707	0.003	2.066037	0.971669	0.000000	1.378563	2.848162
0.707	0.004	2.066037	0.971669	0.000000	1.378563	2.848162
0.708	0.000	2.059219	0.971668	0.000000	1.383127	2.848162
0.708	0.001	2.059219	0.971668	0.000000	1.383127	2.848162
0.708	0.002	2.059219	0.971668	0.000000	1.383127	2.848162
0.708	0.003	2.059219	0.971668	0.000000	1.383127	2.848162
0.708	0.004	2.059219	0.971668	0.000000	1.383127	2.848162
0.709	0.000	2.054396	0.971669	0.000000	1.386375	2.848163
0.709	0.001	2.054396	0.971669	0.000000	1.386375	2.848163
0.709	0.002	2.054396	0.971669	0.000000	1.386375	2.848163
0.709	0.003	2.054396	0.971669	0.000000	1.386375	2.848163
0.709	0.004	2.054396	0.971669	0.000000	1.386375	2.848163
0.710	0.000	2.051024	0.971669	0.000000	1.388654	2.848163
0.710	0.001	2.051024	0.971669	0.000000	1.388654	2.848163
0.710	0.002	2.051024	0.971669	0.000000	1.388654	2.848163
0.710	0.003	2.051024	0.971669	0.000000	1.388654	2.848163
0.710	0.004	2.051024	0.971669	0.000000	1.388654	2.848163
0.711	0.000	2.048697	0.971669	0.000000	1.390231	2.848163
0.711	0.001	2.048697	0.971669	0.000000	1.390231	2.848163
0.711	0.002	2.048697	0.971669	0.000000	1.390231	2.848163
0.711	0.003	2.048697	0.971669	0.000000	1.390231	2.848163
0.711	0.004	2.048697	0.971669	0.000000	1.390231	2.848163
0.712	0.000	2.047112	0.971669	0.000000	1.391308	2.848163
0.712	0.001	2.047112	0.971669	0.000000	1.391308	2.848163
0.712	0.002	2.047112	0.971669	0.000000	1.391308	2.848163
0.712	0.003	2.047112	0.971669	0.000000	1.391308	2.848163
0.712	0.004	2.047112	0.971669	0.000000	1.391308	2.848163
0.713	0.000	2.046047	0.971668	0.000000	1.392033	2.848165
0.713	0.001	2.046047	0.971668	0.000000	1.392033	2.848165
0.713	0.002	2.046047	0.971668	0.000000	1.392033	2.848165
0.713	0.003	2.046047	0.971668	0.000000	1.392033	2.848165
0.713	0.004	2.046047	0.971668	0.000000	1.392033	2.848165
0.714	0.000	2.045340	0.971668	0.000000	1.392514	2.848165
0.714	0.001	2.045340	0.971668	0.000000	1.392514	2.848165
0.714	0.002	2.045340	0.971668	0.000000	1.392514	2.848165
0.714	0.003	2.045340	0.971668	0.000000	1.392514	2.848165
0.714	0.004	2.045340	0.971668	0.000000	1.392514	2.848165
0.715	0.000	2.044878	0.971668	0.000000	1.392829	2.848166
0.715	0.001	2.044878	0.971668	0.000000	1.392829	2.848166
0.715	0.002	2.044878	0.971668	0.000000	1.392829	2.848166
0.715	0.003	2.044878	0.971668	0.000000	1.392829	2.848166
0.715	0.004	2.044878	0.971668	0.000000	1.392829	2.848166
0.716	0.000	2.044584	0.971668	0.000000	1.393031	2.848169
0.716	0.001	2.044584	0.971668	0.000000	1.393031	2.848169
0.716	0.002	2.044584	0.971668	0.000000	1.393031	2.848169
0.716	0.003	2.044584	0.971668	0.000000	1.393031	2.848169
0.716	0.004	2.044584	0.971668	0.000000	1.393031	2.848169
0.717	0.000	2.044399	0.971668	0.000000	1.393157	2.848170
0.717	0.001	2.044399	0.971668	0.000000	1.393157	2.848170
0.717	0.002	2.044399	0.971668	0.000000	1.393157	2.848170
0.717	0.003	2.044399	0.971668	0.000000	1.393157	2.848170
0.717	0.004	2.044399	0.971668	0.000000	1.393157	2.848170
0.718	0.000	2.044288	0.971667	0.000000	1.393234	2.848171
0.718	0.001	2.044288	0.971667	0.000000	1.393234	2.848171
0.718	0.002	2.044288	0.971667	0.000000	1.393234	2.848171
0.718	0.003	2.044288	0.971667	0.000000	1.393234	2.848171
0.718	0.004	2.044288	0.971667	0.000000	1.393234	2.848171
0.719	0.000	2.044225	0.971667	0.000000	1.393278	2.848173
0.719	0.001	2.044225	0.971667	0.000000	1.393278	2.848173
0.719	0.002	2.044225	0.971667	0.000000	1.393278	2.848173
0.719	0.003	2.044225	0.971667	0.000000	1.393278	2.848173
0.719	0.004	2.044225	0.971667	0.000000	1.393278	2.848173
0.720	0.000	2.044192	0.971666	0.000000	1.393302	2.848177
0.720	0.001	2.044192	0.971666	0.000000	1.393302	2.848177
0.720	0.002	2.044192	0.971666	0.000000	1.393302	2.848177
0.720	0.003	2.044192	0.971666	0.000000	1.393302	2.848177
0.720	0.004	2.044192	0.971666	0.000000	1.393302	2.848177
0.721	0.000	2.044179	0.971664	0.000000	1.393313	2.848181
0.721	0.001	2.044179	0.971664	0.000000	1.393313	2.848181
0.721	0.002	2.044179	0.971664	0.000000	1.393313	2.848181
0.721	0.003	2.044179	0.971664	0.000000	1.393313	2.848181
0.721	0.004	2.044179	0.971664	0.000000	1.393313	2.848181
0.722	0.000	2.044176	0.971663	0.000000	1.393318	2.848186
0.722	0.001	2.044176	0.971663	0.000000	1.393318	2.848186
0.722	0.002	2.044176	0.971663	0.000000	1.393318	2.848186
0.722	0.003	2.044176	0.971663	0.000000	1.393318	2.848186
0.722	0.004	2.044176	0.971663	0.000000	1.393318	2.848186
0.723	0.000	2.044176	0.971661	0.000000	1.393320	2.848191
0.723	0.001	2.044176	0.971661	0.000000	1.393320	2.848191
0.723	0.002	2.044176	0.971661	0.000000	1.393320	2.848191
0.723	0.003	2.044176	0.971661	0.000000	1.393320	2.848191
0.723	0.004	2.044176	0.971661	0.000000	1.393320	2.848191
0.724	0.000	2.044179	0.971660	0.000000	1.393320	2.848195
0.724	0.001	2.044179	0.971660	0.000000	1.393320	2.848195
0.724	0.002	2.044179	0.971660	0.000000	1.393320	2.848195
0.724	0.003	2.044179	0.971660	0.000000	1.393320	2.848195
0.724	0.004	2.044179	0.971660	0.000000	1.393320	2.848195
0.725	0.000	2.044185	0.971659	0.000000	1.393317	2.848197
0.725	0.001	2.044185	0.971659	0.000000	1.393317	2.848197
0.725	0.002	2.044185	0.971659	0.000000	1.393317	2.848197
0.725	0.003	2.044185	0.971659	0.000000	1.393317	2.848197
0.725	0.004	2.044185	0.971659	0.000000	1.393317	2.848197
0.726	0.000	2.044195	0.971658	0.000000	1.393310	2.848198
0.726	0.001	2.044195	0.971658	0.000000	1.393310	2.848198
0.726	0.002	2.044195	0.971658	0.000000	1.393310	2.848198
0.726	0.003	2.044195	0.971658	0.000000	1.393310	2.848198
0.726	0.004	2.044195	0.971658	0.000000	1.393310	2.848198
0.727	0.000	2.044211	0.971658	0.000000	1.393300	2.848198
0.727	0.001	2.044211	0.971658	0.000000	1.393300	2.848198
0.727	0.002	2.044211	0.971658	0.000000	1.393300	2.848198
0.727	0.003	2.044211	0.971658	0.000000	1.393300	2.848198
0.727	0.004	2.044211	0.971658	0.000000	1.393300	2.848198
0.728	0.000	2.044231	0.971658	0.000000	1.393285	2.848198
0.728	0.001	2.044231	0.971658	0.000000	1.393285	2.848198
0.728	0.002	2.044231	0.971658	0.000000	1.393285	2.848198
0.728	0.003	2.044231	0.971658	0.000000	1.393285	2.848198
0.728	0.004	2.044231	0.971658	0.000000	1.393285	2.848198
0.729	0.000	2.044255	0.971659	0.000000	1.393269	2.848196
0.729	0.001	2.044255	0.971659	0.000000	1.393269	2.848196
0.729	0.002	2.044255	0.971659	0.000000	1.393269	2.848196
0.729	0.003	2.044255	0.971659	0.000000	1.393269	2.848196
0.729	0.004	2.044255	0.971659	0.000000	1.393269	2.848196
0.730	0.000	2.044276	0.971660	0.000000	1.393253	2.848193
0.730	0.001	2.044276	0.971660	0.000000	1.393253	2.848193
0.730	0.002	2.044276	0.971660	0.000000	1.393253	2.848193
0.730	0.003	2.044276	0.971660	0.000000	1.393253	2.848193
0.730	0.004	2.044276	0.971660	0.000000	1.393253	2.848193
0.731	0.000	2.044288	0.971663	0.000000	1.393241	2.848186
0.731	0.001	2.044288	0.971663	0.000000	1.393241	2.848186
0.731	0.002	2.044288	0.971663	0.000000	1.393241	2.848186
0.731	0.003	2.044288	0.971663	0.000000	1.393241	2.848186
0.731	0.004	2.044288	0.971663	0.000000	1.393241	2.848186
0.732	0.000	2.044298	0.971664	0.000000	1.393232	2.848181
0.732	0.001	2.044298	0.971664	0.000000	1.393232	2.848181
0.732	0.002	2.044298	0.971664	0.000000	1.393232	2.848181
0.732	0.003	2.044298	0.971664	0.000000	1.393232	2.848181
0.732	0.004	2.044298	0.971664	0.000000	1.393232	2.848181
0.733	0.000	2.044305	0.971666	0.000000	1.393226	2.848178
0.733	0.001	2.044305	0.971666	0.000000	1.393226	2.848178
0.733	0.002	2.044305	0.971666	0.000000	1.393226	2.848178
0.733	0.003	2.044305	0.971666	0.000000	1.393226	2.848178
0.733	0.004	2.044305	0.971666	0.000000	1.393226	2.848178
0.734	0.000	2.044309	0.971667	0.000000	1.393221	2.848175
0.734	0.001	2.044309	0.971667	0.000000	1.393221	2.848175
0.734	0.002	2.044309	0.971667	0.000000	1.393221	2.848175
0.734	0.003	2.044309	0.971667	0.000000	1.393221	2.848175
0.734	0.004	2.044309	0.971667	0.000000	1.393221	2.848175
0.735	0.000	2.044311	0.971668	0.000000	1.393218	2.848171
0.735	0.001	2.044311	0.971668	0.000000	1.393218	2.848171
0.735	0.002	2.044311	0.971668	0.000000	1.393218	2.848171
0.735	0.003	2.044311	0.971668	0.000000	1.393218	2.848171
0.735	0.004	2.044311	0.971668	0.000000	1.393218	2.848171
0.736	0.000	2.044312	0.971668	0.000000	1.393216	2.848168
0.736	0.001	2.044312	0.971668	0.000000	1.393216	2.848168
0.736	0.002	2.044312	0.971668	0.000000	1.393216	2.848168
0.736	0.003	2.044312	0.971668	0.000000	1.393216	2.848168
0.736	0.004	2.044312	0.971668	0.000000	1.393216	2.848168
0.737	0.000	2.044312	0.971669	0.000000	1.393215	2.848166
0.737	0.001	2.044312	0.971669	0.000000	1.393215	2.848166
0.737	0.002	2.044312	0.971669	0.000000	1.393215	2.848166
0.737	0.003	2.044312	0.971669	0.000000	1.393215	2.848166
0.737	0.004	2.044312	0.971669	0.000000	1.393215	2.848166
0.738	0.000	2.044313	0.971670	0.000000	1.393214	2.848166
0.738	0.001	2.044313	0.971670	0.000000	1.393214	2.848166
0.738	0.002	2.044313	0.971670	0.000000	1.393214	2.848166
0.738	0.003	2.044313	0.971670	0.000000	1.393214	2.848166
0.738	0.004	2.044313	0.971670	0.000000	1.393214	2.848166
0.739	0.000	2.044312	0.971671	0.000000	1.393213	2.848163
0.739	0.001	2.044312	0.971671	0.000000	1.393213	2.848163
0.739	0.002	2.044312	0.971671	0.000000	1.393213	2.848163
0.739	0.003	2.044312	0.971671	0.000000	1.393213	2.848163
0.739	0.004	2.044312	0.971671	0.000000	1.393213	2.848163
0.740	0.000	2.044312	0.971671	0.000000	1.393213	2.848161
0.740	0.001	2.044312	0.971671	0.000000	1.393213	2.848161
0.740	0.002	2.044312	0.971671	0.000000	1.393213	2.848161
0.740	0.003	2.044312	0.971671	0.000000	1.393213	2.848161
0.740	0.004	2.044312	0.971671	0.000000	1.393213	2.848161
0.741	0.000	2.044311	0.971672	0.000000	1.393212	2.848158
0.741	0.001	2.044311	0.971672	0.000000	1.393212	2.848158
0.741	0.002	2.044311	0.971672	0.000000	1.393212	2.848158
0.741	0.003	2.044311	0.971672	0.000000	1.393212	2.848158
0.741	0.004	2.044311	0.971672	0.000000	1.393212	2.848158
0.742	0.000	2.044309	0.971673	0.000000	1.393212	2.848156
0.742	0.001	2.044309	0.971673	0.000000	1.393212	2.848156
0.742	0.002	2.044309	0.971673	0.000000	1.393212	2.848156
0.742	0.003	2.044309	0.971673	0.000000	1.393212	2.848156
0.742	0.004	2.044309	0.971673	0.000000	1.393212	2.848156
0.743	0.000	2.044308	0.971673	0.000000	1.393212	2.848155
0.743	0.001	2.044308	0.971673	0.000000	1.393212	2.848155
0.743	0.002	2.044308	0.971673	0.000000	1.393212	2.848155
0.743	0.003	2.044308	0.971673	0.000000	1.393212	2.848155
0.743	0.004	2.044308	0.971673	0.000000	1.393212	2.848155
0.744	0.000	2.044306	0.971674	0.000000	1.393212	2.848152
0.744	0.001	2.044306	0.971674	0.000000	1.393212	2.848152
0.744	0.002	2.044306	0.971674	0.000000	1.393212	2.848152
0.744	0.003	2.044306	0.971674	0.000000	1.393212	2.848152
0.744	0.004	2.044306	0.971674	0.000000	1.393212	2.848152
0.745	0.000	2.044305	0.971675	0.000000	1.393212	2.848151
0.745	0.001	2.044305	0.971675	0.000000	1.393212	2.848151
0.745	0.002	2.044305	0.971675	0.000000	1.393212	2.848151
0.745	0.003	2.044305	0.971675	0.000000	1.393212	2.848151
0.745	0.004	2.044305	0.971675	0.000000	1.393212	2.848151
0.746	0.000	2.044305	0.971676	0.000000	1.393211	2.848149
0.746	0.001	2.044305	0.971676	0.000000	1.393211	2.848149
0.746	0.002	2.044305	0.971676	0.000000	1.393211	2.848149
0.746	0.003	2.044305	0.971676	0.000000	1.393211	2.848149
0.746	0.004	2.044305	0.971676	0.000000	1.393211	2.848149
0.747	0.000	2.044304	0.971677	0.000000	1.393210	2.848145
0.747	0.001	2.044304	0.971677	0.000000	1.393210	2.848145
0.747	0.002	2.044304	0.971677	0.000000	1.393210	2.848145
0.747	0.003	2.044304	0.971677	0.000000	1.393210	2.848145
0.747	0.004	2.044304	0.971677	0.000000	1.393210	2.848145
0.748	0.000	2.044302	0.971678	0.000000	1.393209	2.848141
0.748	0.001	2.044302	0.971678	0.000000	1.393209	2.848141
0.748	0.002	2.044302	0.971678	0.000000	1.393209	2.848141
0.748	0.003	2.044302	0.971678	0.000000	1.393209	2.848141
0.748	0.004	2.044302	0.971678	0.000000	1.393209	2.848141
0.749	0.000	2.044302	0.971679	0.000000	1.393208	2.848137
0.749	0.001	2.044302	0.971679	0.000000	1.393208	2.848137
0.749	0.002	2.044302	0.971679	0.000000	1.393208	2.848137
0.749	0.003	2.044302	0.971679	0.000000	1.393208	2.848137
0.749	0.004	2.044302	0.971679	0.000000	1.393208	2.848137
0.750	0.000	2.044303	0.971680	0.000000	1.393206	2.848136
0.750	0.001	2.044303	0.971680	0.000000	1.393206	2.848136
0.750	0.002	2.044303	0.971680	0.000000	1.393206	2.848136
0.750	0.003	2.044303	0.971680	0.000000	1.393206	2.848136
0.750	0.004	2.044303	0.971680	0.000000	1.393206	2.848136
0.751	0.000	2.044305	0.971680	0.000000	1.393204	2.848135
0.751	0.001	2.044305	0.971680	0.000000	1.393204	2.848135
0.751	0.002	2.044305	0.971680	0.000000	1.393204	2.848135
0.751	0.003	2.044305	0.971680	0.000000	1.393204	2.848135
0.751	0.004	2.044305	0.971680	0.000000	1.393204	2.848135
0.752	0.000	2.044308	0.971680	0.000000	1.393202	2.848135
0.752	0.001	2.044308	0.971680	0.000000	1.393202	2.848135
0.752	0.002	2.044308	0.971680	0.000000	1.393202	2.848135
0.752	0.003	2.044308	0.971680	0.000000	1.393202	2.848135
0.752	0.004	2.044308	0.971680	0.000000	1.393202	2.848135
0.753	0.000	2.044312	0.971680	0.000000	1.393199	2.848135
0.753	0.001	2.044312	0.971680	0.000000	1.393199	2.848135
0.753	0.002	2.044312	0.971680	0.000000	1.393199	2.848135
0.753	0.003	2.044312	0.971680	0.000000	1.393199	2.848135
0.753	0.004	2.044312	0.971680	0.000000	1.393199	2.848135
0.754	0.000	2.044318	0.971680	0.000000	1.393196	2.848135
0.754	0.001	2.044318	0.971680	0.000000	1.393196	2.848135
0.754	0.002	2.044318	0.971680	0.000000	1.393196	2.848135
0.754	0.003	2.044318	0.971680	0.000000	1.393196	2.848135
0.754	0.004	2.044318	0.971680	0.000000	1.393196	2.848135
0.755	0.000	2.044327	0.971678	0.000000	1.393193	2.848141
0.755	0.001	2.044327	0.971678	0.000000	1.393193	2.848141
0.755	0.002	2.044327	0.971678	0.000000	1.393193	2.848141
0.755	0.003	2.044327	0.971678	0.000000	1.393193	2.848141
0.755	0.004	2.044327	0.971678	0.000000	1.393193	2.848141
0.756	0.000	2.044336	0.971675	0.000000	1.393189	2.848146
0.756	0.001	2.044336	0.971675	0.000000	1.393189	2.848146
0.756	0.002	2.044336	0.971675	0.000000	1.393189	2.848146
0.756	0.003	2.044336	0.971675	0.000000	1.393189	2.848146
0.756	0.004	2.044336	0.971675	0.000000	1.393189	2.848146
0.757	0.000	2.044344	0.971674	0.000000	1.393186	2.848152
0.757	0.001	2.044344	0.971674	0.000000	1.393186	2.848152
0.757	0.002	2.044344	0.971674	0.000000	1.393186	2.848152
0.757	0.003	2.044344	0.971674	0.000000	1.393186	2.848152
0.757	0.004	2.044344	0.971674	0.000000	1.393186	2.848152
0.758	0.000	2.044350	0.971673	0.000000	1.393184	2.848155
0.758	0.001	2.044350	0.971673	0.000000	1.393184	2.848155
0.758	0.002	2.044350	0.971673	0.000000	1.393184	2.848155
0.758	0.003	2.044350	0.971673	0.000000	1.393184	2.848155
0.758	0.004	2.044350	0.971673	0.000000	1.393184	2.848155
0.759	0.000	2.044354	0.971672	0.000000	1.393182	2.848158
0.759	0.001	2.044354	0.971672	0.000000	1.393182	2.848158
0.759	0.002	2.044354	0.971672	0.000000	1.393182	2.848158
0.759	0.003	2.044354	0.971672	0.000000	1.393182	2.848158
0.759	0.004	2.044354	0.971672	0.000000	1.393182	2.848158
0.760	0.000	2.044358	0.971671	0.000000	1.393181	2.848160
0.760	0.001	2.044358	0.971671	0.000000	1.393181	2.848160
0.760	0.002	2.044358	0.971671	0.000000	1.393181	2.848160
0.760	0.003	2.044358	0.971671	0.000000	1.393181	2.848160
0.760	0.004	2.044358	0.971671	0.000000	1.393181	2.848160
0.761	0.000	2.044360	0.971671	0.000000	1.393180	2.848161
0.761	0.001	2.044360	0.971671	0.000000	1.393180	2.848161
0.761	0.002	2.044360	0.971671	0.000000	1.393180	2.848161
0.761	0.003	2.044360	0.971671	0.000000	1.393180	2.848161
0.761	0.004	2.044360	0.971671	0.000000	1.393180	2.848161
0.762	0.000	2.044360	0.971671	0.000000	1.393180	2.848161
0.762	0.001	2.044360	0.971671	0.000000	1.393180	2.848161
0.762	0.002	2.044360	0.971671	0.000000	1.393180	2.848161
0.762	0.003	2.044360	0.971671	0.000000	1.393180	2.848161
0.762	0.004	2.044360	0.971671	0.000000	1.393180	2.848161
0.763	0.000	2.044360	0.971671	0.000000	1.393180	2.848161
0.763	0.001	2.044360	0.971671	0.000000	1.393180	2.848161
0.763	0.002	2.044360	0.971671	0.000000	1.393180	2.848161
0.763	0.003	2.044360	0.971671	0.000000	1.393180	2.848161
0.763	0.004	2.044360	0.971671	0.000000	1.393180	2.848161
0.764	0.000	2.044359	0.971671	0.000000	1.393181	2.848161
0.764	0.001	2.044359	0.971671	0.000000	1.393181	2.848161
0.764	0.002	2.044359	0.971671	0.000000	1.393181	2.848161
0.764	0.003	2.044359	0.971671	0.000000	1.393181	2.848161
0.764	0.004	2.044359	0.971671	0.000000	1.393181	2.848161
0.765	0.000	2.044358	0.971670	0.000000	1.393181	2.848162
0.765	0.001	2.044358	0.971670	0.000000	1.393181	2.848162
0.765	0.002	2.044358	0.971670	0.000000	1.393181	2.848162
0.765	0.003	2.044358	0.971670	0.000000	1.393181	2.848162
0.765	0.004	2.044358	0.971670	0.000000	1.393181	2.848162
0.766	0.000	2.044358	0.971670	0.000000	1.393183	2.848163
0.766	0.001	2.044358	0.971670	0.000000	1.393183	2.848163
0.766	0.002	2.044358	0.971670	0.000000	1.393183	2.848163
0.766	0.003	2.044358	0.971670	0.000000	1.393183	2.848163
0.766	0.004	2.044358	0.971670	0.000000	1.393183	2.848163
0.767	0.000	2.044355	0.971670	0.000000	1.393185	2.848164
0.767	0.001	2.044355	0.971670	0.000000	1.393185	2.848164
0.767	0.002	2.044355	0.971670	0.000000	1.393185	2.848164
0.767	0.003	2.044355	0.971670	0.000000	1.393185	2.848164
0.767	0.004	2.044355	0.971670	0.000000	1.393185	2.848164
0.768	0.000	2.044352	0.971671	0.000000	1.393187	2.848165
0.768	0.001	2.044352	0.971671	0.000000	1.393187	2.848165
0.768	0.002	2.044352	0.971671	0.000000	1.393187	2.848165
0.768	0.003	2.044352	0.971671	0.000000	1.393187	2.848165
0.768	0.004	2.044352	0.971671	0.000000	1.393187	2.848165
0.769	0.000	2.044349	0.971671	0.000000	1.393189	2.848165
0.769	0.001	2.044349	0.971671	0.000000	1.393189	2.848165
0.769	0.002	2.044349	0.971671	0.000000	1.393189	2.848165
0.769	0.003	2.044349	0.971671	0.000000	1.393189	2.848165
0.769	0.004	2.044349	0.971671	0.000000	1.393189	2.848165
0.770	0.000	2.044346	0.971671	0.000000	1.393191	2.848165
0.770	0.001	2.044346	0.971671	0.000000	1.393191	2.848165
0.770	0.002	2.044346	0.971671	0.000000	1.393191	2.848165
0.770	0.003	2.044346	0.971671	0.000000	1.393191	2.848165
0.770	0.004	2.044346	0.971671	0.000000	1.393191	2.848165
0.771	0.000	2.044343	0.971671	0.000000	1.393193	2.848164
0.771	0.001	2.044343	0.971671	0.000000	1.393193	2.848164
0.771	0.002	2.044343	0.971671	0.000000	1.393193	2.848164
0.771	0.003	2.044343	0.971671	0.000000	1.393193	2.848164
0.771	0.004	2.044343	0.971671	0.000000	1.393193	2.848164
0.772	0.000	2.044342	0.971671	0.000000	1.393194	2.848165
0.772	0.001	2.044342	0.971671	0.000000	1.393194	2.848165
0.772	0.002	2.044342	0.971671	0.000000	1.393194	2.848165
0.772	0.003	2.044342	0.971671	0.000000	1.393194	2.848165
0.772	0.004	2.044342	0.971671	0.000000	1.393194	2.848165
0.773	0.000	2.044342	0.971672	0.000000	1.393194	2.848166
0.773	0.001	2.044342	0.971672	0.000000	1.393194	2.848166
0.773	0.002	2.044342	0.971672	0.000000	1.393194	2.848166
0.773	0.003	2.044342	0.971672	0.000000	1.393194	2.848166
0.773	0.004	2.044342	0.971672	0.000000	1.393194	2.848166
0.774	0.000	2.044343	0.971671	0.000000	1.393194	2.848166
0.774	0.001	2.044343	0.971671	0.000000	1.393194	2.848166
0.774	0.002	2.044343	0.971671	0.000000	1.393194	2.848166
0.774	0.003	2.044343	0.971671	0.000000	1.393194	2.848166
0.774	0.004	2.044343	0.971671	0.000000	1.393194	2.848166
0.775	0.000	2.044343	0.971672	0.000000	1.393194	2.848166
0.775	0.001	2.044343	0.971672	0.000000	1.393194	2.848166
0.775	0.002	2.044343	0.971672	0.000000	1.393194	2.848166
0.775	0.003	2.044343	0.971672	0.000000	1.393194	2.848166
0.775	0.004	2.044343	0.971672	0.000000	1.393194	2.848166
0.776	0.000	2.044343	0.971672	0.000000	1.393194	2.848166
0.776	0.001	2.044343	0.971672	0.000000	1.393194	2.848166
0.776	0.002	2.044343	0.971672	0.000000	1.393194	2.848166
0.776	0.003	2.044343	0.971672	0.000000	1.393194	2.848166
0.776	0.004	2.044343	0.971672	0.000000	1.393194	2.848166
0.777	0.000	2.044345	0.971671	0.000000	1.393193	2.848167
0.777	0.001	2.044345	0.971671	0.000000	1.393193	2.848167
0.777	0.002	2.044345	0.971671	0.000000	1.393193	2.848167
0.777	0.003	2.044345	0.971671	0.000000	1.393193	2.848167
0.777	0.004	2.044345	0.971671	0.000000	1.393193	2.848167
0.778	0.000	2.044348	0.971671	0.000000	1.393191	2.848169
0.778	0.001	2.044348	0.971671	0.000000	1.393191	2.848169
0.778	0.002	2.044348	0.971671	0.000000	1.393191	2.848169
0.778	0.003	2.044348	0.971671	0.000000	1.393191	2.848169
0.778	0.004	2.044348	0.971671	0.000000	1.393191	2.848169
0.779	0.000	2.044353	0.971671	0.000000	1.393189	2.848170
0.779	0.001	2.044353	0.971671	0.000000	1.393189	2.848170
0.779	0.002	2.044353	0.971671	0.000000	1.393189	2.848170
0.779	0.003	2.044353	0.971671	0.000000	1.393189	2.848170
0.779	0.004	2.044353	0.971671	0.000000	1.393189	2.848170
0.780	0.000	2.044358	0.971671	0.000000	1.393186	2.848171
0.780	0.001	2.044358	0.971671	0.000000	1.393186	2.848171
0.780	0.002	2.044358	0.971671	0.000000	1.393186	2.848171
0.780	0.003	2.044358	0.971671	0.000000	1.393186	2.848171
0.780	0.004	2.044358	0.971671	0.000000	1.393186	2.848171
0.781	0.000	2.044365	0.971670	0.000000	1.393182	2.848173
0.781	0.001	2.044365	0.971670	0.000000	1.393182	2.848173
0.781	0.002	2.044365	0.971670	0.000000	1.393182	2.848173
0.781	0.003	2.044365	0.971670	0.000000	1.393182	2.848173
0.781	0.004	2.044365	0.971670	0.000000	1.393182	2.848173
0.782	0.000	2.044373	0.971670	0.000000	1.393178	2.848176
0.782	0.001	2.044373	0.971670	0.000000	1.393178	2.848176
0.782	0.002	2.044373	0.971670	0.000000	1.393178	2.848176
0.782	0.003	2.044373	0.971670	0.000000	1.393178	2.848176
0.782	0.004	2.044373	0.971670	0.000000	1.393178	2.848176
0.783	0.000	2.044380	0.971669	0.000000	1.393175	2.848179
0.783	0.001	2.044380	0.971669	0.000000	1.393175	2.848179
0.783	0.002	2.044380	0.971669	0.000000	1.393175	2.848179
0.783	0.003	2.044380	0.971669	0.000000	1.393175	2.848179
0.783	0.004	2.044380	0.971669	0.000000	1.393175	2.848179
0.784	0.000	2.044387	0.971666	0.000000	1.393174	2.848186
0.784	0.001	2.044387	0.971666	0.000000	1.393174	2.848186
0.784	0.002	2.044387	0.971666	0.000000	1.393174	2.848186
0.784	0.003	2.044387	0.971666	0.000000	1.393174	2.848186
0.784	0.004	2.044387	0.971666	0.000000	1.393174	2.848186
0.785	0.000	2.044394	0.971664	0.000000	1.393173	2.848195
0.785	0.001	2.044394	0.971664	0.000000	1.393173	2.848195
0.785	0.002	2.044394	0.971664	0.000000	1.393173	2.848195
0.785	0.003	2.044394	0.971664	0.000000	1.393173	2.848195
0.785	0.004	2.044394	0.971664	0.000000	1.393173	2.848195
0.786	0.000	2.044397	0.971662	0.000000	1.393174	2.848200
0.786	0.001	2.044397	0.971662	0.000000	1.393174	2.848200
0.786	0.002	2.044397	0.971662	0.000000	1.393174	2.848200
0.786	0.003	2.044397	0.971662	0.000000	1.393174	2.848200
0.786	0.004	2.044397	0.971662	0.000000	1.393174	2.848200
0.787	0.000	2.044399	0.971660	0.000000	1.393174	2.848204
0.787	0.001	2.044399	0.971660	0.000000	1.393174	2.848204
0.787	0.002	2.044399	0.971660	0.000000	1.393174	2.848204
0.787	0.003	2.044399	0.971660	0.000000	1.393174	2.848204
0.787	0.004	2.044399	0.971660	0.000000	1.393174	2.848204
0.788	0.000	2.044401	0.971660	0.000000	1.393174	2.848207
0.788	0.001	2.044401	0.971660	0.000000	1.393174	2.848207
0.788	0.002	2.044401	0.971660	0.000000	1.393174	2.848207
0.788	0.003	2.044401	0.971660	0.000000	1.393174	2.848207
0.788	0.004	2.044401	0.971660	0.000000	1.393174	2.848207
0.789	0.000	2.044401	0.971660	0.000000	1.393175	2.848208
0.789	0.001	2.044401	0.971660	0.000000	1.393175	2.848208
0.789	0.002	2.044401	0.971660	0.000000	1.393175	2.848208
0.789	0.003	2.044401	0.971660	0.000000	1.393175	2.848208
0.789	0.004	2.044401	0.971660	0.000000	1.393175	2.848208
0.790	0.000	2.044400	0.971660	0.000000	1.393175	2.848207
0.790	0.001	2.044400	0.971660	0.000000	1.393175	2.848207
0.790	0.002	2.044400	0.971660	0.000000	1.393175	2.848207
0.790	0.003	2.044400	0.971660	0.000000	1.393175	2.848207
0.790	0.004	2.044400	0.971660	0.000000	1.393175	2.848207
0.791	0.000	2.044397	0.971660	0.000000	1.393176	2.848205
0.791	0.001	2.044397	0.971660	0.000000	1.393176	2.848205
0.791	0.002	2.044397	0.971660	0.000000	1.393176	2.848205
0.791	0.003	2.044397	0.971660	0.000000	1.393176	2.848205
0.791	0.004	2.044397	0.971660	0.000000	1.393176	2.848205
0.792	0.000	2.044392	0.971662	0.000000	1.393177	2.848201
0.792	0.001	2.044392	0.971662	0.000000	1.393177	2.848201
0.792	0.002	2.044392	0.971662	0.000000	1.393177	2.848201
0.792	0.003	2.044392	0.971662	0.000000	1.393177	2.848201
0.792	0.004	2.044392	0.971662	0.000000	1.393177	2.848201
0.793	0.000	2.044386	0.971664	0.000000	1.393179	2.848195
0.793	0.001	2.044386	0.971664	0.000000	1.393179	2.848195
0.793	0.002	2.044386	0.971664	0.000000	1.393179	2.848195
0.793	0.003	2.044386	0.971664	0.000000	1.393179	2.848195
0.793	0.004	2.044386	0.971664	0.000000	1.393179	2.848195
0.794	0.000	2.044380	0.971666	0.000000	1.393181	2.848190
0.794	0.001	2.044380	0.971666	0.000000	1.393181	2.848190
0.794	0.002	2.044380	0.971666	0.000000	1.393181	2.848190
0.794	0.003	2.044380	0.971666	0.000000	1.393181	2.848190
0.794	0.004	2.044380	0.971666	0.000000	1.393181	2.848190
0.795	0.000	2.044373	0.971667	0.000000	1.393183	2.848186
0.795	0.001	2.044373	0.971667	0.000000	1.393183	2.848186
0.795	0.002	2.044373	0.971667	0.000000	1.393183	2.848186
0.795	0.003	2.044373	0.971667	0.000000	1.393183	2.848186
0.795	0.004	2.044373	0.971667	0.000000	1.393183	2.848186
0.796	0.000	2.044365	0.971668	0.000000	1.393187	2.848183
0.796	0.001	2.044365	0.971668	0.000000	1.393187	2.848183
0.796	0.002	2.044365	0.971668	0.000000	1.393187	2.848183
0.796	0.003	2.044365	0.971668	0.000000	1.393187	2.848183
0.796	0.004	2.044365	0.971668	0.000000	1.393187	2.848183
0.797	0.000	2.044360	0.971669	0.000000	1.393190	2.848181
0.797	0.001	2.044360	0.971669	0.000000	1.393190	2.848181
0.797	0.002	2.044360	0.971669	0.000000	1.393190	2.848181
0.797	0.003	2.044360	0.971669	0.000000	1.393190	2.848181
0.797	0.004	2.044360	0.971669	0.000000	1.393190	2.848181
0.798	0.000	2.044355	0.971670	0.000000	1.393192	2.848178
0.798	0.001	2.044355	0.971670	0.000000	1.393192	2.848178
0.798	0.002	2.044355	0.971670	0.000000	1.393192	2.848178
0.798	0.003	2.044355	0.971670	0.000000	1.393192	2.848178
0.798	0.004	2.044355	0.971670	0.000000	1.393192	2.848178
0.799	0.000	2.044353	0.971671	0.000000	1.393192	2.848176
0.799	0.001	2.044353	0.971671	0.000000	1.393192	2.848176
0.799	0.002	2.044353	0.971671	0.000000	1.393192	2.848176
0.799	0.003	2.044353	0.971671	0.000000	1.393192	2.848176
0.799	0.004	2.044353	0.971671	0.000000	1.393192	2.848176
0.800	0.000	2.044352	0.971672	0.000000	1.393191	2.848173
0.800	0.001	2.044352	0.971672	0.000000	1.393191	2.848173
0.800	0.002	2.044352	0.971672	0.000000	1.393191	2.848173
0.800	0.003	2.044352	0.971672	0.000000	1.393191	2.848173
0.800	0.004	2.044352	0.971672	0.000000	1.393191	2.848173
0.801	0.000	2.044352	0.971673	0.000000	1.393190	2.848171
0.801	0.001	2.044352	0.971673	0.000000	1.393190	2.848171
0.801	0.002	2.044352	0.971673	0.000000	1.393190	2.848171
0.801	0.003	2.044352	0.971673	0.000000	1.393190	2.848171
0.801	0.004	2.044352	0.971673	0.000000	1.393190	2.848171
0.802	0.000	2.044353	0.971674	0.000000	1.393188	2.848168
0.802	0.001	2.044353	0.971674	0.000000	1.393188	2.848168
0.802	0.002	2.044353	0.971674	0.000000	1.393188	2.848168
0.802	0.003	2.044353	0.971674	0.000000	1.393188	2.848168
0.802	0.004	2.044353	0.971674	0.000000	1.393188	2.848168
0.803	0.000	2.044353	0.971675	0.000000	1.393186	2.848166
0.803	0.001	2.044353	0.971675	0.000000	1.393186	2.848166
0.803	0.002	2.044353	0.971675	0.000000	1.393186	2.848166
0.803	0.003	2.044353	0.971675	0.000000	1.393186	2.848166
0.803	0.004	2.044353	0.971675	0.000000	1.393186	2.848166
0.804	0.000	2.044356	0.971675	0.000000	1.393184	2.848164
0.804	0.001	2.044356	0.971675	0.000000	1.393184	2.848164
0.804	0.002	2.044356	0.971675	0.000000	1.393184	2.848164
0.804	0.003	2.044356	0.971675	0.000000	1.393184	2.848164
0.804	0.004	2.044356	0.971675	0.000000	1.393184	2.848164
0.805	0.000	2.044361	0.971676	0.000000	1.393180	2.848163
0.805	0.001	2.044361	0.971676	0.000000	1.393180	2.848163
0.805	0.002	2.044361	0.971676	0.000000	1.393180	2.848163
0.805	0.003	2.044361	0.971676	0.000000	1.393180	2.848163
0.805	0.004	2.044361	0.971676	0.000000	1.393180	2.848163
0.806	0.000	2.044366	0.971677	0.000000	1.393176	2.848161
0.806	0.001	2.044366	0.971677	0.000000	1.393176	2.848161
0.806	0.002	2.044366	0.971677	0.000000	1.393176	2.848161
0.806	0.003	2.044366	0.971677	0.000000	1.393176	2.848161
0.806	0.004	2.044366	0.971677	0.000000	1.393176	2.848161
0.807	0.000	2.044372	0.971677	0.000000	1.393171	2.848159
0.807	0.001	2.044372	0.971677	0.000000	1.393171	2.848159
0.807	0.002	2.044372	0.971677	0.000000	1.393171	2.848159
0.807	0.003	2.044372	0.971677	0.000000	1.393171	2.848159
0.807	0.004	2.044372	0.971677	0.000000	1.393171	2.848159
0.808	0.000	2.044375	0.971678	0.000000	1.393168	2.848157
0.808	0.001	2.044375	0.971678	0.000000	1.393168	2.848157
0.808	0.002	2.044375	0.971678	0.000000	1.393168	2.848157
0.808	0.003	2.044375	0.971678	0.000000	1.393168	2.848157
0.808	0.004	2.044375	0.971678	0.000000	1.393168	2.848157
0.809	0.000	2.044377	0.971679	0.000000	1.393165	2.848156
0.809	0.001	2.044377	0.971679	0.000000	1.393165	2.848156
0.809	0.002	2.044377	0.971679	0.000000	1.393165	2.848156
0.809	0.003	2.044377	0.971679	0.000000	1.393165	2.848156
0.809	0.004	2.044377	0.971679	0.000000	1.393165	2.848156
0.810	0.000	2.044377	0.971680	0.000000	1.393164	2.848152
0.810	0.001	2.044377	0.971680	0.000000	1.393164	2.848152
0.810	0.002	2.044377	0.971680	0.000000	1.393164	2.848152
0.810	0.003	2.044377	0.971680	0.000000	1.393164	2.848152
0.810	0.004	2.044377	0.971680	0.000000	1.393164	2.848152
0.811	0.000	2.044376	0.971681	0.000000	1.393163	2.848149
0.811	0.001	2.044376	0.971681	0.000000	1.393163	2.848149
0.811	0.002	2.044376	0.971681	0.000000	1.393163	2.848149
0.811	0.003	2.044376	0.971681	0.000000	1.393163	2.848149
0.811	0.004	2.044376	0.971681	0.000000	1.393163	2.848149
0.812	0.000	2.044375	0.971682	0.000000	1.393161	2.848144
0.812	0.001	2.044375	0.971682	0.000000	1.393161	2.848144
0.812	0.002	2.044375	0.971682	0.000000	1.393161	2.848144
0.812	0.003	2.044375	0.971682	0.000000	1.393161	2.848144
0.812	0.004	2.044375	0.971682	0.000000	1.393161	2.848144
0.813	0.000	2.044374	0.971684	0.000000	1.393160	2.848140
0.813	0.001	2.044374	0.971684	0.000000	1.393160	2.848140
0.813	0.002	2.044374	0.971684	0.000000	1.393160	2.848140
0.813	0.003	2.044374	0.971684	0.000000	1.393160	2.848140
0.813	0.004	2.044374	0.971684	0.000000	1.393160	2.848140
0.814	0.000	2.044374	0.971684	0.000000	1.393160	2.848139
0.814	0.001	2.044374	0.971684	0.000000	1.393160	2.848139
0.814	0.002	2.044374	0.971684	0.000000	1.393160	2.848139
0.814	0.003	2.044374	0.971684	0.000000	1.393160	2.848139
0.814	0.004	2.044374	0.971684	0.000000	1.393160	2.848139
0.815	0.000	2.044372	0.971684	0.000000	1.393160	2.848139
0.815	0.001	2.044372	0.971684	0.000000	1.393160	2.848139
0.815	0.002	2.044372	0.971684	0.000000	1.393160	2.848139
0.815	0.003	2.044372	0.971684	0.000000	1.393160	2.848139
0.815	0.004	2.044372	0.971684	0.000000	1.393160	2.848139
0.816	0.000	2.044370	0.971684	0.000000	1.393162	2.848139
0.816	0.001	2.044370	0.971684	0.000000	1.393162	2.848139
0.816	0.002	2.044370	0.971684	0.000000	1.393162	2.848139
0.816	0.003	2.044370	0.971684	0.000000	1.393162	2.848139
0.816	0.004	2.044370	0.971684	0.000000	1.393162	2.848139
0.817	0.000	2.044369	0.971682	0.000000	1.393164	2.848143
0.817	0.001	2.044369	0.971682	0.000000	1.393164	2.848143
0.817	0.002	2.044369	0.971682	0.000000	1.393164	2.848143
0.817	0.003	2.044369	0.971682	0.000000	1.393164	2.848143
0.817	0.004	2.044369	0.971682	0.000000	1.393164	2.848143
0.818	0.000	2.044369	0.971680	0.000000	1.393168	2.848150
0.818	0.001	2.044369	0.971680	0.000000	1.393168	2.848150
0.818	0.002	2.044369	0.971680	0.000000	1.393168	2.848150
0.818	0.003	2.044369	0.971680	0.000000	1.393168	2.848150
0.818	0.004	2.044369	0.971680	0.000000	1.393168	2.848150
0.819	0.000	2.044367	0.971677	0.000000	1.393173	2.848156
0.819	0.001	2.044367	0.971677	0.000000	1.393173	2.848156
0.819	0.002	2.044367	0.971677	0.000000	1.393173	2.848156
0.819	0.003	2.044367	0.971677	0.000000	1.393173	2.848156
0.819	0.004	2.044367	0.971677	0.000000	1.393173	2.848156
0.820	0.000	2.044364	0.971676	0.000000	1.393178	2.848162
0.820	0.001	2.044364	0.971676	0.000000	1.393178	2.848162
0.820	0.002	2.044364	0.971676	0.000000	1.393178	2.848162
0.820	0.003	2.044364	0.971676	0.000000	1.393178	2.848162
0.820	0.004	2.044364	0.971676	0.000000	1.393178	2.848162
0.821	0.000	2.044360	0.971674	0.000000	1.393181	2.848164
0.821	0.001	2.044360	0.971674	0.000000	1.393181	2.848164
0.821	0.002	2.044360	0.971674	0.000000	1.393181	2.848164
0.821	0.003	2.044360	0.971674	0.000000	1.393181	2.848164
0.821	0.004	2.044360	0.971674	0.000000	1.393181	2.848164
0.822	0.000	2.044355	0.971674	0.000000	1.393186	2.848166
0.822	0.001	2.044355	0.971674	0.000000	1.393186	2.848166
0.822	0.002	2.044355	0.971674	0.000000	1.393186	2.848166
0.822	0.003	2.044355	0.971674	0.000000	1.393186	2.848166
0.822	0.004	2.044355	0.971674	0.000000	1.393186	2.848166
0.823	0.000	2.044351	0.971674	0.000000	1.393189	2.848168
0.823	0.001	2.044351	0.971674	0.000000	1.393189	2.848168
0.823	0.002	2.044351	0.971674	0.000000	1.393189	2.848168
0.823	0.003	2.044351	0.971674	0.000000	1.393189	2.848168
0.823	0.004	2.044351	0.971674	0.000000	1.393189	2.848168
0.824	0.000	2.044350	0.971674	0.000000	1.393191	2.848169
0.824	0.001	2.044350	0.971674	0.000000	1.393191	2.848169
0.824	0.002	2.044350	0.971674	0.000000	1.393191	2.848169
0.824	0.003	2.044350	0.971674	0.000000	1.393191	2.848169
0.824	0.004	2.044350	0.971674	0.000000	1.393191	2.848169
0.825	0.000	2.044350	0.971674	0.000000	1.393191	2.848170
0.825	0.001	2.044350	0.971674	0.000000	1.393191	2.848170
0.825	0.002	2.044350	0.971674	0.000000	1.393191	2.848170
0.825	0.003	2.044350	0.971674	0.000000	1.393191	2.848170
0.825	0.004	2.044350	0.971674	0.000000	1.393191	2.848170
0.826	0.000	2.044350	0.971674	0.000000	1.393191	2.848170
0.826	0.001	2.044350	0.971674	0.000000	1.393191	2.848170
0.826	0.002	2.044350	0.971674	0.000000	1.393191	2.848170
0.826	0.003	2.044350	0.971674	0.000000	1.393191	2.848170
0.826	0.004	2.044350	0.971674	0.000000	1.393191	2.848170
0.827	0.000	2.044352	0.971674	0.000000	1.393190	2.848171
0.827	0.001	2.044352	0.971674	0.000000	1.393190	2.848171
0.827	0.002	2.044352	0.971674	0.000000	1.393190	2.848171
0.827	0.003	2.044352	0.971674	0.000000	1.393190	2.848171
0.827	0.004	2.044352	0.971674	0.000000	1.393190	2.848171
0.828	0.000	2.044356	0.971674	0.000000	1.393188	2.848172
0.828	0.001	2.044356	0.971674	0.000000	1.393188	2.848172
0.828	0.002	2.044356	0.971674	0.000000	1.393188	2.848172
0.828	0.003	2.044356	0.971674	0.000000	1.393188	2.848172
0.828	0.004	2.044356	0.971674	0.000000	1.393188	2.848172
0.829	0.000	2.044363	0.971674	0.000000	1.393184	2.848175
0.829	0.001	2.044363	0.971674	0.000000	1.393184	2.848175
0.829	0.002	2.044363	0.971674	0.000000	1.393184	2.848175
0.829	0.003	2.044363	0.971674	0.000000	1.393184	2.848175
0.829	0.004	2.044363	0.971674	0.000000	1.393184	2.848175
0.830	0.000	2.044371	0.971674	0.000000	1.393180	2.848176
0.830	0.001	2.044371	0.971674	0.000000	1.393180	2.848176
0.830	0.002	2.044371	0.971674	0.000000	1.393180	2.848176
0.830	0.003	2.044371	0.971674	0.000000	1.393180	2.848176
0.830	0.004	2.044371	0.971674	0.000000	1.393180	2.848176
0.831	0.000	2.044380	0.971674	0.000000	1.393174	2.848177
0.831	0.001	2.044380	0.971674	0.000000	1.393174	2.848177
0.831	0.002	2.044380	0.971674	0.000000	1.393174	2.848177
0.831	0.003	2.044380	0.971674	0.000000	1.393174	2.848177
0.831	0.004	2.044380	0.971674	0.000000	1.393174	2.848177
0.832	0.000	2.044386	0.971674	0.000000	1.393170	2.848177
0.832	0.001	2.044386	0.971674	0.000000	1.393170	2.848177
0.832	0.002	2.044386	0.971674	0.000000	1.393170	2.848177
0.832	0.003	2.044386	0.971674	0.000000	1.393170	2.848177
0.832	0.004	2.044386	0.971674	0.000000	1.393170	2.848177
0.833	0.000	2.044389	0.971674	0.000000	1.393167	2.848177
0.833	0.001	2.044389	0.971674	0.000000	1.393167	2.848177
0.833	0.002	2.044389	0.971674	0.000000	1.393167	2.848177
0.833	0.003	2.044389	0.971674	0.000000	1.393167	2.848177
0.833	0.004	2.044389	0.971674	0.000000	1.393167	2.848177
0.834	0.000	2.044392	0.971675	0.000000	1.393165	2.848175
0.834	0.001	2.044392	0.971675	0.000000	1.393165	2.848175
0.834	0.002	2.044392	0.971675	0.000000	1.393165	2.848175
0.834	0.003	2.044392	0.971675	0.000000	1.393165	2.848175
0.834	0.004	2.044392	0.971675	0.000000	1.393165	2.848175
0.835	0.000	2.044394	0.971675	0.000000	1.393163	2.848174
0.835	0.001	2.044394	0.971675	0.000000	1.393163	2.848174
0.835	0.002	2.044394	0.971675	0.000000	1.393163	2.848174
0.835	0.003	2.044394	0.971675	0.000000	1.393163	2.848174
0.835	0.004	2.044394	0.971675	0.000000	1.393163	2.848174
0.836	0.000	2.044395	0.971676	0.000000	1.393162	2.848174
0.836	0.001	2.044395	0.971676	0.000000	1.393162	2.848174
0.836	0.002	2.044395	0.971676	0.000000	1.393162	2.848174
0.836	0.003	2.044395	0.971676	0.000000	1.393162	2.848174
0.836	0.004	2.044395	0.971676	0.000000	1.393162	2.848174
0.837	0.000	2.044395	0.971676	0.000000	1.393162	2.848173
0.837	0.001	2.044395	0.971676	0.000000	1.393162	2.848173
0.837	0.002	2.044395	0.971676	0.000000	1.393162	2.848173
0.837	0.003	2.044395	0.971676	0.000000	1.393162	2.848173
0.837	0.004	2.044395	0.971676	0.000000	1.393162	2.848173
0.838	0.000	2.044397	0.971675	0.000000	1.393162	2.848175
0.838	0.001	2.044397	0.971675	0.000000	1.393162	2.848175
0.838	0.002	2.044397	0.971675	0.000000	1.393162	2.848175
0.838	0.003	2.044397	0.971675	0.000000	1.393162	2.848175
0.838	0.004	2.044397	0.971675	0.000000	1.393162	2.848175
0.839	0.000	2.044397	0.971675	0.000000	1.393162	2.848177
0.839	0.001	2.044397	0.971675	0.000000	1.393162	2.848177
0.839	0.002	2.044397	0.971675	0.000000	1.393162	2.848177
0.839	0.003	2.044397	0.971675	0.000000	1.393162	2.848177
0.839	0.004	2.044397	0.971675	0.000000	1.393162	2.848177
0.840	0.000	2.044397	0.971675	0.000000	1.393163	2.848179
0.840	0.001	2.044397	0.971675	0.000000	1.393163	2.848179
0.840	0.002	2.044397	0.971675	0.000000	1.393163	2.848179
0.840	0.003	2.044397	0.971675	0.000000	1.393163	2.848179
0.840	0.004	2.044397	0.971675	0.000000	1.393163	2.848179
0.841	0.000	2.044397	0.971675	0.000000	1.393164	2.848180
0.841	0.001	2.044397	0.971675	0.000000	1.393164	2.848180
0.841	0.002	2.044397	0.971675	0.000000	1.393164	2.848180
0.841	0.003	2.044397	0.971675	0.000000	1.393164	2.848180
0.841	0.004	2.044397	0.971675	0.000000	1.393164	2.848180
0.842	0.000	2.044396	0.971675	0.000000	1.393165	2.848182
0.842	0.001	2.044396	0.971675	0.000000	1.393165	2.848182
0.842	0.002	2.044396	0.971675	0.000000	1.393165	2.848182
0.842	0.003	2.044396	0.971675	0.000000	1.393165	2.848182
0.842	0.004	2.044396	0.971675	0.000000	1.393165	2.848182
0.843	0.000	2.044395	0.971674	0.000000	1.393168	2.848186
0.843	0.001	2.044395	0.971674	0.000000	1.393168	2.848186
0.843	0.002	2.044395	0.971674	0.000000	1.393168	2.848186
0.843	0.003	2.044395	0.971674	0.000000	1.393168	2.848186
0.843	0.004	2.044395	0.971674	0.000000	1.393168	2.848186
0.844	0.000	2.044393	0.971673	0.000000	1.393170	2.848188
0.844	0.001	2.044393	0.971673	0.000000	1.393170	2.848188
0.844	0.002	2.044393	0.971673	0.000000	1.393170	2.848188
0.844	0.003	2.044393	0.971673	0.000000	1.393170	2.848188
0.844	0.004	2.044393	0.971673	0.000000	1.393170	2.848188
0.845	0.000	2.044388	0.971673	0.000000	1.393175	2.848190
0.845	0.001	2.044388	0.971673	0.000000	1.393175	2.848190
0.845	0.002	2.044388	0.971673	0.000000	1.393175	2.848190
0.845	0.003	2.044388	0.971673	0.000000	1.393175	2.848190
0.845	0.004	2.044388	0.971673	0.000000	1.393175	2.848190
0.846	0.000	2.044380	0.971672	0.000000	1.393182	2.848193
0.846	0.001	2.044380	0.971672	0.000000	1.393182	2.848193
0.846	0.002	2.044380	0.971672	0.000000	1.393182	2.848193
0.846	0.003	2.044380	0.971672	0.000000	1.393182	2.848193
0.846	0.004	2.044380	0.971672	0.000000	1.393182	2.848193
0.847	0.000	2.044370	0.971671	0.000000	1.393190	2.848197
0.847	0.001	2.044370	0.971671	0.000000	1.393190	2.848197
0.847	0.002	2.044370	0.971671	0.000000	1.393190	2.848197
0.847	0.003	2.044370	0.971671	0.000000	1.393190	2.848197
0.847	0.004	2.044370	0.971671	0.000000	1.393190	2.848197
0.848	0.000	2.044365	0.971670	0.000000	1.393197	2.848202
0.848	0.001	2.044365	0.971670	0.000000	1.393197	2.848202
0.848	0.002	2.044365	0.971670	0.000000	1.393197	2.848202
0.848	0.003	2.044365	0.971670	0.000000	1.393197	2.848202
0.848	0.004	2.044365	0.971670	0.000000	1.393197	2.848202
0.849	0.000	2.044367	0.971666	0.000000	1.393201	2.848215
0.849	0.001	2.044367	0.971666	0.000000	1.393201	2.848215
0.849	0.002	2.044367	0.971666	0.000000	1.393201	2.848215
0.849	0.003	2.044367	0.971666	0.000000	1.393201	2.848215
0.849	0.004	2.044367	0.971666	0.000000	1.393201	2.848215
0.850	0.000	2.044369	0.971664	0.000000	1.393205	2.848224
0.850	0.001	2.044369	0.971664	0.000000	1.393205	2.848224
0.850	0.002	2.044369	0.971664	0.000000	1.393205	2.848224
0.850	0.003	2.044369	0.971664	0.000000	1.393205	2.848224
0.850	0.004	2.044369	0.971664	0.000000	1.393205	2.848224
0.851	0.000	2.044371	0.971663	0.000000	1.393205	2.848228
0.851	0.001	2.044371	0.971663	0.000000	1.393205	2.848228
0.851	0.002	2.044371	0.971663	0.000000	1.393205	2.848228
0.851	0.003	2.044371	0.971663	0.000000	1.393205	2.848228
0.851	0.004	2.044371	0.971663	0.000000	1.393205	2.848228
0.852	0.000	2.044375	0.971663	0.000000	1.393203	2.848230
0.852	0.001	2.044375	0.971663	0.000000	1.393203	2.848230
0.852	0.002	2.044375	0.971663	0.000000	1.393203	2.848230
0.852	0.003	2.044375	0.971663	0.000000	1.393203	2.848230
0.852	0.004	2.044375	0.971663	0.000000	1.393203	2.848230
0.853	0.000	2.044381	0.971664	0.000000	1.393198	2.848229
0.853	0.001	2.044381	0.971664	0.000000	1.393198	2.848229
0.853	0.002	2.044381	0.971664	0.000000	1.393198	2.848229
0.853	0.003	2.044381	0.971664	0.000000	1.393198	2.848229
0.853	0.004	2.044381	0.971664	0.000000	1.393198	2.848229
0.854	0.000	2.044389	0.971665	0.000000	1.393191	2.848224
0.854	0.001	2.044389	0.971665	0.000000	1.393191	2.848224
0.854	0.002	2.044389	0.971665	0.000000	1.393191	2.848224
0.854	0.003	2.044389	0.971665	0.000000	1.393191	2.848224
0.854	0.004	2.044389	0.971665	0.000000	1.393191	2.848224
0.855	0.000	2.044399	0.971668	0.000000	1.393182	2.848218
0.855	0.001	2.044399	0.971668	0.000000	1.393182	2.848218
0.855	0.002	2.044399	0.971668	0.000000	1.393182	2.848218
0.855	0.003	2.044399	0.971668	0.000000	1.393182	2.848218
0.855	0.004	2.044399	0.971668	0.000000	1.393182	2.848218
0.856	0.000	2.044404	0.971671	0.000000	1.393174	2.848211
0.856	0.001	2.044404	0.971671	0.000000	1.393174	2.848211
0.856	0.002	2.044404	0.971671	0.000000	1.393174	2.848211
0.856	0.003	2.044404	0.971671	0.000000	1.393174	2.848211
0.856	0.004	2.044404	0.971671	0.000000	1.393174	2.848211
0.857	0.000	2.044407	0.971673	0.000000	1.393169	2.848205
0.857	0.001	2.044407	0.971673	0.000000	1.393169	2.848205
0.857	0.002	2.044407	0.971673	0.000000	1.393169	2.848205
0.857	0.003	2.044407	0.971673	0.000000	1.393169	2.848205
0.857	0.004	2.044407	0.971673	0.000000	1.393169	2.848205
0.858	0.000	2.044411	0.971674	0.000000	1.393165	2.848202
0.858	0.001	2.044411	0.971674	0.000000	1.393165	2.848202
0.858	0.002	2.044411	0.971674	0.000000	1.393165	2.848202
0.858	0.003	2.044411	0.971674	0.000000	1.393165	2.848202
0.858	0.004	2.044411	0.971674	0.000000	1.393165	2.848202
0.859	0.000	2.044413	0.971675	0.000000	1.393163	2.848201
0.859	0.001	2.044413	0.971675	0.000000	1.393163	2.848201
0.859	0.002	2.044413	0.971675	0.000000	1.393163	2.848201
0.859	0.003	2.044413	0.971675	0.000000	1.393163	2.848201
0.859	0.004	2.044413	0.971675	0.000000	1.393163	2.848201
0.860	0.000	2.044413	0.971676	0.000000	1.393162	2.848199
0.860	0.001	2.044413	0.971676	0.000000	1.393162	2.848199
0.860	0.002	2.044413	0.971676	0.000000	1.393162	2.848199
0.860	0.003	2.044413	0.971676	0.000000	1.393162	2.848199
0.860	0.004	2.044413	0.971676	0.000000	1.393162	2.848199
0.861	0.000	2.044411	0.971677	0.000000	1.393163	2.848197
0.861	0.001	2.044411	0.971677	0.000000	1.393163	2.848197
0.861	0.002	2.044411	0.971677	0.000000	1.393163	2.848197
0.861	0.003	2.044411	0.971677	0.000000	1.393163	2.848197
0.861	0.004	2.044411	0.971677	0.000000	1.393163	2.848197
0.862	0.000	2.044406	0.971678	0.000000	1.393163	2.848192
0.862	0.001	2.044406	0.971678	0.000000	1.393163	2.848192
0.862	0.002	2.044406	0.971678	0.000000	1.393163	2.848192
0.862	0.003	2.044406	0.971678	0.000000	1.393163	2.848192
0.862	0.004	2.044406	0.971678	0.000000	1.393163	2.848192
0.863	0.000	2.044404	0.971676	0.000000	1.393163	2.848188
0.863	0.001	2.044404	0.971676	0.000000	1.393163	2.848188
0.863	0.002	2.044404	0.971676	0.000000	1.393163	2.848188
0.863	0.003	2.044404	0.971676	0.000000	1.393163	2.848188
0.863	0.004	2.044404	0.971676	0.000000	1.393163	2.848188
0.864	0.000	2.044396	0.971677	0.000000	1.393162	2.848175
0.864	0.001	2.044396	0.971677	0.000000	1.393162	2.848175
0.864	0.002	2.044396	0.971677	0.000000	1.393162	2.848175
0.864	0.003	2.044396	0.971677	0.000000	1.393162	2.848175
0.864	0.004	2.044396	0.971677	0.000000	1.393162	2.848175
0.865	0.000	2.044396	0.971671	0.000000	1.393159	2.848170
0.865	0.001	2.044396	0.971671	0.000000	1.393159	2.848170
0.865	0.002	2.044396	0.971671	0.000000	1.393159	2.848170
0.865	0.003	2.044396	0.971671	0.000000	1.393159	2.848170
0.865	0.004	2.044396	0.971671	0.000000	1.393159	2.848170
0.866	0.000	2.044379	0.971671	0.000000	1.393152	2.848131
0.866	0.001	2.044379	0.971671	0.000000	1.393152	2.848131
0.866	0.002	2.044379	0.971671	0.000000	1.393152	2.848131
0.866	0.003	2.044379	0.971671	0.000000	1.393152	2.848131
0.866	0.004	2.044379	0.971671	0.000000	1.393152	2.848131
0.867	0.000	2.044379	0.971650	0.000000	1.393151	2.848128
0.867	0.001	2.044379	0.971650	0.000000	1.393151	2.848128
0.867	0.002	2.044379	0.971650	0.000000	1.393151	2.848128
0.867	0.003	2.044379	0.971650	0.000000	1.393151	2.848128
0.867	0.004	2.044379	0.971650	0.000000	1.393151	2.848128
0.868	0.000	2.044318	0.971646	0.000000	1.393134	2.848009
0.868	0.001	2.044318	0.971646	0.000000	1.393134	2.848009
0.868	0.002	2.044318	0.971646	0.000000	1.393134	2.848009
0.868	0.003	2.044318	0.971646	0.000000	1.393134	2.848009
0.868	0.004	2.044318	0.971646	0.000000	1.393134	2.848009
0.869	0.000	2.044292	0.971566	0.000000	1.393131	2.847965
0.869	0.001	2.044292	0.971566	0.000000	1.393131	2.847965
0.869	0.002	2.044292	0.971566	0.000000	1.393131	2.847965
0.869	0.003	2.044292	0.971566	0.000000	1.393131	2.847965
0.869	0.004	2.044292	0.971566	0.000000	1.393131	2.847965
0.870	0.000	2.044073	0.971551	0.000000	1.393078	2.847552
0.870	0.001	2.044073	0.971551	0.000000	1.393078	2.847552
0.870	0.002	2.044073	0.971551	0.000000	1.393078	2.847552
0.870	0.003	2.044073	0.971551	0.000000	1.393078	2.847552
0.870	0.004	2.044073	0.971551	0.000000	1.393078	2.847552
0.871	0.000	2.044074	0.971308	0.000000	1.393086	2.847570
0.871	0.001	2.044074	0.971308	0.000000	1.393086	2.847570
0.871	0.002	2.044074	0.971308	0.000000	1.393086	2.847570
0.871	0.003	2.044074	0.971308	0.000000	1.393086	2.847570
0.871	0.004	2.044074	0.971308	0.000000	1.393086	2.847570
0.872	0.000	2.043443	0.971362	0.000000	1.392925	2.846363
0.872	0.001	2.043443	0.971362	0.000000	1.392925	2.846363
0.872	0.002	2.043443	0.971362	0.000000	1.392925	2.846363
0.872	0.003	2.043443	0.971362	0.000000	1.392925	2.846363
0.872	0.004	2.043443	0.971362	0.000000	1.392925	2.846363
0.873	0.000	2.043649	0.970611	0.000000	1.392995	2.846793
0.873	0.001	2.043649	0.970611	0.000000	1.392995	2.846793
0.873	0.002	2.043649	0.970611	0.000000	1.392995	2.846793
0.873	0.003	2.043649	0.970611	0.000000	1.392995	2.846793
0.873	0.004	2.043649	0.970611	0.000000	1.392995	2.846793
0.874	0.000	2.041737	0.970942	0.000000	1.392489	2.843097
0.874	0.001	2.041737	0.970942	0.000000	1.392489	2.843097
0.874	0.002	2.041737	0.970942	0.000000	1.392489	2.843097
0.874	0.003	2.041737	0.970942	0.000000	1.392489	2.843097
0.874	0.004	2.041737	0.970942	0.000000	1.392489	2.843097
0.875	0.000	2.042311	0.968897	0.000000	1.392666	2.844258
0.875	0.001	2.042311	0.968897	0.000000	1.392666	2.844258
0.875	0.002	2.042311	0.968897	0.000000	1.392666	2.844258
0.875	0.003	2.042311	0.968897	0.000000	1.392666	2.844258
0.875	0.004	2.042311	0.968897	0.000000	1.392666	2.844258
0.876	0.000	2.036784	0.968124	0.000000	1.391175	2.833523
0.876	0.001	2.036784	0.968124	0.000000	1.391175	2.833523
0.876	0.002	2.036784	0.968124	0.000000	1.391175	2.833523
0.876	0.003	2.036784	0.968124	0.000000	1.391175	2.833523
0.876	0.004	2.036784	0.968124	0.000000	1.391175	2.833523
0.877	0.000	2.029058	0.959711	0.000000	1.389061	2.818484
0.877	0.001	2.029058	0.959711	0.000000	1.389061	2.818484
0.877	0.002	2.029058	0.959711	0.000000	1.389061	2.818484
0.877	0.003	2.029058	0.959711	0.000000	1.389061	2.818484
0.877	0.004	2.029058	0.959711	0.000000	1.389061	2.818484
0.878	0.000	1.999965	0.942615	0.000000	1.380979	2.761911
0.878	0.001	1.999965	0.942615	0.000000	1.380979	2.761911
0.878	0.002	1.999965	0.942615	0.000000	1.380979	2.761911
0.878	0.003	1.999965	0.942615	0.000000	1.380979	2.761911
0.878	0.004	1.999965	0.942615	0.000000	1.380979	2.761911
0.879	0.000	1.931821	0.891312	0.000000	1.361509	2.630192
0.879	0.001	1.931821	0.891312	0.000000	1.361509	2.630192
0.879	0.002	1.931821	0.891312	0.000000	1.361509	2.630192
0.879	0.003	1.931821	0.891312	0.000000	1.361509	2.630192
0.879	0.004	1.931821	0.891312	0.000000	1.361509	2.630192
0.880	0.000	1.758010	0.763775	0.000000	1.308380	2.300146
0.880	0.001	1.758010	0.763775	0.000000	1.308380	2.300146
0.880	0.002	1.758010	0.763775	0.000000	1.308380	2.300146
0.880	0.003	1.758010	0.763775	0.000000	1.308380	2.300146
0.880	0.004	1.758010	0.763775	0.000000	1.308380	2.300146
0.881	0.000	1.417391	0.460972	0.000000	1.187507	1.683162
0.881	0.001	1.417391	0.460972	0.000000	1.187507	1.683162
0.881	0.002	1.417391	0.460972	0.000000	1.187507	1.683162
0.881	0.003	1.417391	0.460972	0.000000	1.187507	1.683162
0.881	0.004	1.417391	0.460972	0.000000	1.187507	1.683162
0.882	0.000	1.095385	0.116199	0.000000	1.045387	1.145101
0.882	0.001	1.095385	0.116199	0.000000	1.045387	1.145101
0.882	0.002	1.095385	0.116199	0.000000	1.045387	1.145101
0.882	0.003	1.095385	0.116199	0.000000	1.045387	1.145101
0.882	0.004	1.095385	0.116199	0.000000	1.045387	1.145101
0.883	0.000	1.016309	0.019712	0.000000	1.007089	1.023514
0.883	0.001	1.016309	0.019712	0.000000	1.007089	1.023514
0.883	0.002	1.016309	0.019712	0.000000	1.007089	1.023514
0.883	0.003	1.016309	0.019712	0.000000	1.007089	1.023514
0.883	0.004	1.016309	0.019712	0.000000	1.007089	1.023514
0.884	0.000	1.002529	0.003014	0.000000	1.001039	1.003571
0.884	0.001	1.002529	0.003014	0.000000	1.001039	1.003571
0.884	0.002	1.002529	0.003014	0.000000	1.001039	1.003571
0.884	0.003	1.002529	0.003014	0.000000	1.001039	1.003571
0.884	0.004	1.002529	0.003014	0.000000	1.001039	1.003571
0.885	0.000	1.000384	0.000455	0.000000	1.000155	1.000539
0.885	0.001	1.000384	0.000455	0.000000	1.000155	1.000539
0.885	0.002	1.000384	0.000455	0.000000	1.000155	1.000539
0.885	0.003	1.000384	0.000455	0.000000	1.000155	1.000539
0.885	0.004	1.000384	0.000455	0.000000	1.000155	1.000539
0.886	0.000	1.000058	0.000069	0.000000	1.000024	1.000081
0.886	0.001	1.000058	0.000069	0.000000	1.000024	1.000081
0.886	0.002	1.000058	0.000069	0.000000	1.000024	1.000081
0.886	0.003	1.000058	0.000069	0.000000	1.000024	1.000081
0.886	0.004	1.000058	0.000069	0.000000	1.000024	1.000081
0.887	0.000	1.000009	0.000010	0.000000	1.000004	1.000012
0.887	0.001	1.000009	0.000010	0.000000	1.000004	1.000012
0.887	0.002	1.000009	0.000010	0.000000	1.000004	1.000012
0.887	0.003	1.000009	0.000010	0.000000	1.000004	1.000012
0.887	0.004	1.000009	0.000010	0.000000	1.000004	1.000012
0.888	0.000	1.000001	0.000002	0.000000	1.000000	1.000002
0.888	0.001	1.000001	0.000002	0.000000	1.000000	1.000002
0.888	0.002	1.000001	0.000002	0.000000	1.000000	1.000002
0.888	0.003	1.000001	0.000002	0.000000	1.000000	1.000002
0.888	0.004	1.000001	0.000002	0.000000	1.000000	1.000002
0.889	0.000	1.000000	0.000000	0.000000	1.000000	1.000000
0.889	0.001	1.000000	0.000000	0.000000	1.000000	1.000000
0.889	0.002	1.000000	0.000000	0.000000	1.000000	1.000000
0.889	0.003	1.000000	0.000000	0.000000	1.000000	1.000000
0.889	0.004	1.000000	0.000000	0.000000	1.000000	1.000000
0.890	0.000	1.000000	0.000000	0.000000	1.000000	1.000000
0.890	0.001	1.000000	0.000000	0.000000	1.000000	1.000000
0.890	0.002	1.000000	0.000000	0.000000	1.000000	1.000000
0.890	0.003	1.000000	0.000000	0.000000	1.000000	1.000000
0.890	0.004	1.000000	0.000000	0.000000	1.000000	1.000000
0.891	0.000	1.000000	0.000000	0.000000	1.000000	1.000000
0.891	0.001	1.000000	0.000000	0.000000	1.000000	1.000000
0.891	0.002	1.000000	0.000000	0.000000	1.000000	1.000000
0.891	0.003	1.000000	0.000000	0.000000	1.000000	1.000000
0.891	0.004	1.000000	0.000000	0.000000	1.000000	1.000000
0.892	0.000	1.000000	0.000000	0.000000	1.000000	1.000000
0.892	0.001	1.000000	0.000000	0.000000	1.000000	1.000000
0.892	0.002	1.000000	0.000000	0.000000	1.000000	1.000000
0.892	0.003	1.000000	0.000000	0.000000	1.000000	1.000000
0.892	0.004	1.000000	0.000000	0.000000	1.000000	1.000000
0.893	0.000	1.000000	0.000000	0.000000	1.000000	1.000000
0.893	0.001	1.000000	0.000000	0.000000	1.000000	1.000000
0.893	0.002	1.000000	0.000000	0.000000	1.000000	1.000000
0.893	0.003	1.000000	0.000000	0.000000	1.000000	1.000000
0.893	0.004	1.000000	0.000000	0.000000	1.000000	1.000000
0.894	0.000	1.000000	0.000000	0.000000	1.000000	1.000000
0.894	0.001	1.000000	0.000000	0.000000	1.000000	1.000000
0.894	0.002	1.000000	0.000000	0.000000	1.000000	1.000000
0.894	0.003	1.000000	0.000000	0.000000	1.000000	1.000000
0.894	0.004	1.000000	0.000000	0.000000	1.000000	1.000000
0.895	0.000	1.000000	0.000000	0.000000	1.000000	1.000000
0.895	0.001	1.000000	0.000000	0.000000	1.000000	1.000000
0.895	0.002	1.000000	0.000000	0.000000	1.000000	1.000000
0.895	0.003	1.000000	0.000000	0.000000	1.000000	1.000000
0.895	0.004	1.000000	0.000000	0.000000	1.000000	1.000000
0.896	0.000	1.000000	0.000000	0.000000	1.000000	1.000000
0.896	0.001	1.000000	0.000000	0.000000	1.000000	1.000000
0.896	0.002	1.000000	0.000000	0.000000	1.000000	1.000000
0.896	0.003	1.000000	0.000000	0.000000	1.000000	1.000000
0.896	0.004	1.000000	0.000000	0.000000	1.000000	1.000000
0.897	0.000	1.000000	0.000000	0.000000	1.000000	1.000000
0.897	0.001	1.000000	0.000000	0.000000	1.000000	1.000000
0.897	0.002	1.000000	0.000000	0.000000	1.000000	1.000000
0.897	0.003	1.000000	0.000000	0.000000	1.000000	1.000000
0.897	0.004	1.000000	0.000000	0.000000	1.000000	1.000000
0.898	0.000	1.000000	0.000000	0.000000	1.000000	1.000000
0.898	0.001	1.000000	0.000000	0.000000	1.000000	1.000000
0.898	0.002	1.000000	0.000000	0.000000	1.000000	1.000000
0.898	0.003	1.000000	0.000000	0.000000	1.000000	1.000000
0.898	0.004	1.000000	0.000000	0.000000	1.000000	1.000000
0.899	0.000	1.000000	0.000000	0.000000	1.000000	1.000000
0.899	0.001	1.000000	0.000000	0.000000	1.000000	1.000000
0.899	0.002	1.000000	0.000000	0.000000	1.000000	1.000000
0.899	0.003	1.000000	0.000000	0.000000	1.000000	1.000000
0.899	0.004	1.000000	0.000000	0.000000	1.000000	1.000000
0.900	0.000	1.000000	0.000000	0.000000	1.000000	1.000000
0.900	0.001	1.000000	0.000000	0.000000	1.000000	1.000000
0.900	0.002	1.000000	0.000000	0.000000	1.000000	1.000000
0.900	0.003	1.000000	0.000000	0.000000	1.000000	1.000000
0.900	0.004	1.000000	0.000000	0.000000	1.000000	1.000000
0.901	0.000	1.000000	0.000000	0.000000	1.000000	1.000000
0.901	0.001	1.000000	0.000000	0.000000	1.000000	1.000000
0.901	0.002	1.000000	0.000000	0.000000	1.000000	1.000000
0.901	0.003	1.000000	0.000000	0.000000	1.000000	1.000000
0.901	0.004	1.000000	0.000000	0.000000	1.000000	1.000000
0.902	0.000	1.000000	0.000000	0.000000	1.000000	1.000000
0.902	0.001	1.000000	0.000000	0.000000	1.000000	1.000000
0.902	0.002	1.000000	0.000000	0.000000	1.000000	1.000000
0.902	0.003	1.000000	0.000000	0.000000	1.000000	1.000000
0.902	0.004	1.000000	0.000000	0.000000	1.000000	1.000000
0.903	0.000	1.000000	0.000000	0.000000	1.000000	1.000000
0.903	0.001	1.000000	0.000000	0.000000	1.000000	1.000000
0.903	0.002	1.000000	0.000000	0.000000	1.000000	1.000000
0.903	0.003	1.000000	0.000000	0.000000	1.000000	1.000000
0.903	0.004	1.000000	0.000000	0.000000	1.000000	1.000000
0.904	0.000	1.000000	0.000000	0.000000	1.000000	1.000000
0.904	0.001	1.000000	0.000000	0.000000	1.000000	1.000000
0.904	0.002	1.000000	0.000000	0.000000	1.000000	1.000000
0.904	0.003	1.000000	0.000000	0.000000	1.000000	1.000000
0.904	0.004	1.000000	0.000000	0.000000	1.000000	1.000000
0.905	0.000	1.000000	0.000000	0.000000	1.000000	1.000000
0.905	0.001	1.000000	0.000000	0.000000	1.000000	1.000000
0.905	0.002	1.000000	0.000000	0.000000	1.000000	1.000000
0.905	0.003	1.000000	0.000000	0.000000	1.000000	1.000000
0.905	0.004	1.000000	0.000000	0.000000	1.000000	1.000000
0.906	0.000	1.000000	0.000000	0.000000	1.000000	1.000000
0.906	0.001	1.000000	0.000000	0.000000	1.000000	1.000000
0.906	0.002	1.000000	0.000000	0.000000	1.000000	1.000000
0.906	0.003	1.000000	0.000000	0.000000	1.000000	1.000000
0.906	0.004	1.000000	0.000000	0.000000	1.000000	1.000000
0.907	0.000	1.000000	0.000000	0.000000	1.000000	1.000000
0.907	0.001	1.000000	0.000000	0.000000	1.000000	1.000000
0.907	0.002	1.000000	0.000000	0.000000	1.000000	1.000000
0.907	0.003	1.000000	0.000000	0.000000	1.000000	1.000000
0.907	0.004	1.000000	0.000000	0.000000	1.000000	1.000000
0.908	0.000	1.000000	0.000000	0.000000	1.000000	1.000000
0.908	0.001	1.000000	0.000000	0.000000	1.000000	1.000000
0.908	0.002	1.000000	0.000000	0.000000	1.000000	1.000000
0.908	0.003	1.000000	0.000000	0.000000	1.000000	1.000000
0.908	0.004	1.000000	0.000000	0.000000	1.000000	1.000000
0.909	0.000	1.000000	0.000000	0.000000	1.000000	1.000000
0.909	0.001	1.000000	0.000000	0.000000	1.000000	1.000000
0.909	0.002	1.000000	0.000000	0.000000	1.000000	1.000000
0.909	0.003	1.000000	0.000000	0.000000	1.000000	1.000000
0.909	0.004	1.000000	0.000000	0.000000	1.000000	1.000000
0.910	0.000	1.000000	0.000000	0.000000	1.000000	1.000000
0.910	0.001	1.000000	0.000000	0.000000	1.000000	1.000000
0.910	0.002	1.000000	0.000000	0.000000	1.000000	1.000000
0.910	0.003	1.000000	0.000000	0.000000	1.000000	1.000000
0.910	0.004	1.000000	0.000000	0.000000	1.000000	1.000000
0.911	0.000	1.000000	0.000000	0.000000	1.000000	1.000000
0.911	0.001	1.000000	0.000000	0.000000	1.000000	1.000000
0.911	0.002	1.000000	0.000000	0.000000	1.000000	1.000000
0.911	0.003	1.000000	0.000000	0.000000	1.000000	1.000000
0.911	0.004	1.000000	0.000000	0.000000	1.000000	1.000000
0.912	0.000	1.000000	0.000000	0.000000	1.000000	1.000000
0.912	0.001	1.000000	0.000000	0.000000	1.000000	1.000000
0.912	0.002	1.000000	0.000000	0.000000	1.000000	1.000000
0.912	0.003	1.000000	0.000000	0.000000	1.000000	1.000000
0.912	0.004	1.000000	0.000000	0.000000	1.000000	1.000000
0.913	0.000	1.000000	0.000000	0.000000	1.000000	1.000000
0.913	0.001	1.000000	0.000000	0.000000	1.000000	1.000000
0.913	0.002	1.000000	0.000000	0.000000	1.000000	1.000000
0.913	0.003	1.000000	0.000000	0.000000	1.000000	1.000000
0.913	0.004	1.000000	0.000000	0.000000	1.000000	1.000000
0.914	0.000	1.000000	0.000000	0.000000	1.000000	1.000000
0.914	0.001	1.000000	0.000000	0.000000	1.000000	1.000000
0.914	0.002	1.000000	0.000000	0.000000	1.000000	1.000000
0.914	0.003	1.000000	0.000000	0.000000	1.000000	1.000000
0.914	0.004	1.000000	0.000000	0.000000	1.000000	1.000000
0.915	0.000	1.000000	0.000000	0.000000	1.000000	1.000000
0.915	0.001	1.000000	0.000000	0.000000	1.000000	1.000000
0.915	0.002	1.000000	0.000000	0.000000	1.000000	1.000000
0.915	0.003	1.000000	0.000000	0.000000	1.000000	1.000000
0.915	0.004	1.000000	0.000000	0.000000	1.000000	1.000000
0.916	0.000	1.000000	0.000000	0.000000	1.000000	1.000000
0.916	0.001	1.000000	0.000000	0.000000	1.000000	1.000000
0.916	0.002	1.000000	0.000000	0.000000	1.000000	1.000000
0.916	0.003	1.000000	0.000000	0.000000	1.000000	1.000000
0.916	0.004	1.000000	0.000000	0.000000	1.000000	1.000000
0.917	0.000	1.000000	0.000000	0.000000	1.000000	1.000000
0.917	0.001	1.000000	0.000000	0.000000	1.000000	1.000000
0.917	0.002	1.000000	0.000000	0.000000	1.000000	1.000000
0.917	0.003	1.000000	0.000000	0.000000	1.000000	1.000000
0.917	0.004	1.000000	0.000000	0.000000	1.000000	1.000000
0.918	0.000	1.000000	0.000000	0.000000	1.000000	1.000000
0.918	0.001	1.000000	0.000000	0.000000	1.000000	1.000000
0.918	0.002	1.000000	0.000000	0.000000	1.000000	1.000000
0.918	0.003	1.000000	0.000000	0.000000	1.000000	1.000000
0.918	0.004	1.000000	0.000000	0.000000	1.000000	1.000000
0.919	0.000	1.000000	0.000000	0.000000	1.000000	1.000000
0.919	0.001	1.000000	0.000000	0.000000	1.000000	1.000000
0.919	0.002	1.000000	0.000000	0.000000	1.000000	1.000000
0.919	0.003	1.000000	0.000000	0.000000	1.000000	1.000000
0.919	0.004	1.000000	0.000000	0.000000	1.000000	1.000000
0.920	0.000	1.000000	0.000000	0.000000	1.000000	1.000000
0.920	0.001	1.000000	0.000000	0.000000	1.000000	1.000000
0.920	0.002	1.000000	0.000000	0.000000	1.000000	1.000000
0.920	0.003	1.000000	0.000000	0.000000	1.000000	1.000000
0.920	0.004	1.000000	0.000000	0.000000	1.000000	1.000000
0.921	0.000	1.000000	0.000000	0.000000	1.000000	1.000000
0.921	0.001	1.000000	0.000000	0.000000	1.000000	1.000000
0.921	0.002	1.000000	0.000000	0.000000	1.000000	1.000000
0.921	0.003	1.000000	0.000000	0.000000	1.000000	1.000000
0.921	0.004	1.000000	0.000000	0.000000	1.000000	1.000000
0.922	0.000	1.000000	0.000000	0.000000	1.000000	1.000000
0.922	0.001	1.000000	0.000000	0.000000	1.000000	1.000000
0.922	0.002	1.000000	0.000000	0.000000	1.000000	1.000000
0.922	0.003	1.000000	0.000000	0.000000	1.000000	1.000000
0.922	0.004	1.000000	0.000000	0.000000	1.000000	1.000000
0.923	0.000	1.000000	0.000000	0.000000	1.000000	1.000000
0.923	0.001	1.000000	0.000000	0.000000	1.000000	1.000000
0.923	0.002	1.000000	0.000000	0.000000	1.000000	1.000000
0.923	0.003	1.000000	0.000000	0.000000	1.000000	1.000000
0.923	0.004	1.000000	0.000000	0.000000	1.000000	1.000000
0.924	0.000	1.000000	0.000000	0.000000	1.000000	1.000000
0.924	0.001	1.000000	0.000000	0.000000	1.000000	1.000000
0.924	0.002	1.000000	0.000000	0.000000	1.000000	1.000000
0.924	0.003	1.000000	0.000000	0.000000	1.000000	1.000000
0.924	0.004	1.000000	0.000000	0.000000	1.000000	1.000000
0.925	0.000	1.000000	0.000000	0.000000	1.000000	1.000000
0.925	0.001	1.000000	0.000000	0.000000	1.000000	1.000000
0.925	0.002	1.000000	0.000000	0.000000	1.000000	1.000000
0.925	0.003	1.000000	0.000000	0.000000	1.000000	1.000000
0.925	0.004	1.000000	0.000000	0.000000	1.000000	1.000000
0.926	0.000	1.000000	0.000000	0.000000	1.000000	1.000000
0.926	0.001	1.000000	0.000000	0.000000	1.000000	1.000000
0.926	0.002	1.000000	0.000000	0.000000	1.000000	1.000000
0.926	0.003	1.000000	0.000000	0.000000	1.000000	1.000000
0.926	0.004	1.000000	0.000000	0.000000	1.000000	1.000000
0.927	0.000	1.000000	0.000000	0.000000	1.000000	1.000000
0.927	0.001	1.000000	0.000000	0.000000	1.000000	1.000000
0.927	0.002	1.000000	0.000000	0.000000	1.000000	1.000000
0.927	0.003	1.000000	0.000000	0.000000	1.000000	1.000000
0.927	0.004	1.000000	0.000000	0.000000	1.000000	1.000000
0.928	0.000	1.000000	0.000000	0.000000	1.000000	1.000000
0.928	0.001	1.000000	0.000000	0.000000	1.000000	1.000000
0.928	0.002	1.000000	0.000000	0.000000	1.000000	1.000000
0.928	0.003	1.000000	0.000000	0.000000	1.000000	1.000000
0.928	0.004	1.000000	0.000000	0.000000	1.000000	1.000000
0.929	0.000	1.000000	0.000000	0.000000	1.000000	1.000000
0.929	0.001	1.000000	0.000000	0.000000	1.000000	1.000000
0.929	0.002	1.000000	0.000000	0.000000	1.000000	1.000000
0.929	0.003	1.000000	0.000000	0.000000	1.000000	1.000000
0.929	0.004	1.000000	0.000000	0.000000	1.000000	1.000000
0.930	0.000	1.000000	0.000000	0.000000	1.000000	1.000000
0.930	0.001	1.000000	0.000000	0.000000	1.000000	1.000000
0.930	0.002	1.000000	0.000000	0.000000	1.000000	1.000000
0.930	0.003	1.000000	0.000000	0.000000	1.000000	1.000000
0.930	0.004	1.000000	0.000000	0.000000	1.000000	1.000000
0.931	0.000	1.000000	0.000000	0.000000	1.000000	1.000000
0.931	0.001	1.000000	0.000000	0.000000	1.000000	1.000000
0.931	0.002	1.000000	0.000000	0.000000	1.000000	1.000000
0.931	0.003	1.000000	0.000000	0.000000	1.000000	1.000000
0.931	0.004	1.000000	0.000000	0.000000	1.000000	1.000000
0.932	0.000	1.000000	0.000000	0.000000	1.000000	1.000000
0.932	0.001	1.000000	0.000000	0.000000	1.000000	1.000000
0.932	0.002	1.000000	0.000000	0.000000	1.000000	1.000000
0.932	0.003	1.000000	0.000000	0.000000	1.000000	1.000000
0.932	0.004	1.000000	0.000000	0.000000	1.000000	1.000000
0.933	0.000	1.000000	0.000000	0.000000	1.000000	1.000000
0.933	0.001	1.000000	0.000000	0.000000	1.000000	1.000000
0.933	0.002	1.000000	0.000000	0.000000	1.000000	1.000000
0.933	0.003	1.000000	0.000000	0.000000	1.000000	1.000000
0.933	0.004	1.000000	0.000000	0.000000	1.000000	1.000000
0.934	0.000	1.000000	0.000000	0.000000	1.000000	1.000000
0.934	0.001	1.000000	0.000000	0.000000	1.000000	1.000000
0.934	0.002	1.000000	0.000000	0.000000	1.000000	1.000000
0.934	0.003	1.000000	0.000000	0.000000	1.000000	1.000000
0.934	0.004	1.000000	0.000000	0.000000	1.000000	1.000000
0.935	0.000	1.000000	0.000000	0.000000	1.000000	1.000000
0.935	0.001	1.000000	0.000000	0.000000	1.000000	1.000000
0.935	0.002	1.000000	0.000000	0.000000	1.000000	1.000000
0.935	0.003	1.000000	0.000000	0.000000	1.000000	1.000000
0.935	0.004	1.000000	0.000000	0.000000	1.000000	1.000000
0.936	0.000	1.000000	0.000000	0.000000	1.000000	1.000000
0.936	0.001	1.000000	0.000000	0.000000	1.000000	1.000000
0.936	0.002	1.000000	0.000000	0.000000	1.000000	1.000000
0.936	0.003	1.000000	0.000000	0.000000	1.000000	1.000000
0.936	0.004	1.000000	0.000000	0.000000	1.000000	1.000000
0.937	0.000	1.000000	0.000000	0.000000	1.000000	1.000000
0.937	0.001	1.000000	0.000000	0.000000	1.000000	1.000000
0.937	0.002	1.000000	0.000000	0.000000	1.000000	1.000000
0.937	0.003	1.000000	0.000000	0.000000	1.000000	1.000000
0.937	0.004	1.000000	0.000000	0.000000	1.000000	1.000000
0.938	0.000	1.000000	0.000000	0.000000	1.000000	1.000000
0.938	0.001	1.000000	0.000000	0.000000	1.000000	1.000000
0.938	0.002	1.000000	0.000000	0.000000	1.000000	1.000000
0.938	0.003	1.000000	0.000000	0.000000	1.000000	1.000000
0.938	0.004	1.000000	0.000000	0.000000	1.000000	1.000000
0.939	0.000	1.000000	0.000000	0.000000	1.000000	1.000000
0.939	0.001	1.000000	0.000000	0.000000	1.000000	1.000000
0.939	0.002	1.000000	0.000000	0.000000	1.000000	1.000000
0.939	0.003	1.000000	0.000000	0.000000	1.000000	1.000000
0.939	0.004	1.000000	0.000000	0.000000	1.000000	1.000000
0.940	0.000	1.000000	0.000000	0.000000	1.000000	1.000000
0.940	0.001	1.000000	0.000000	0.000000	1.000000	1.000000
0.940	0.002	1.000000	0.000000	0.000000	1.000000	1.000000
0.940	0.003	1.000000	0.000000	0.000000	1.000000	1.000000
0.940	0.004	1.000000	0.000000	0.000000	1.000000	1.000000
0.941	0.000	1.000000	0.000000	0.000000	1.000000	1.000000
0.941	0.001	1.000000	0.000000	0.000000	1.000000	1.000000
0.941	0.002	1.000000	0.000000	0.000000	1.000000	1.000000
0.941	0.003	1.000000	0.000000	0.000000	1.000000	1.000000
0.941	0.004	1.000000	0.000000	0.000000	1.000000	1.000000
0.942	0.000	1.000000	0.000000	0.000000	1.000000	1.000000
0.942	0.001	1.000000	0.000000	0.000000	1.000000	1.000000
0.942	0.002	1.000000	0.000000	0.000000	1.000000	1.000000
0.942	0.003	1.000000	0.000000	0.000000	1.000000	1.000000
0.942	0.004	1.000000	0.000000	0.000000	1.000000	1.000000
0.943	0.000	1.000000	0.000000	0.000000	1.000000	1.000000
0.943	0.001	1.000000	0.000000	0.000000	1.000000	1.000000
0.943	0.002	1.000000	0.000000	0.000000	1.000000	1.000000
0.943	0.003	1.000000	0.000000	0.000000	1.000000	1.000000
0.943	0.004	1.000000	0.000000	0.000000	1.000000	1.000000
0.944	0.000	1.000000	0.000000	0.000000	1.000000	1.000000
0.944	0.001	1.000000	0.000000	0.000000	1.000000	1.000000
0.944	0.002	1.000000	0.000000	0.000000	1.000000	1.000000
0.944	0.003	1.000000	0.000000	0.000000	1.000000	1.000000
0.944	0.004	1.000000	0.000000	0.000000	1.000000	1.000000
0.945	0.000	1.000000	0.000000	0.000000	1.000000	1.000000
0.945	0.001	1.000000	0.000000	0.000000	1.000000	1.000000
0.945	0.002	1.000000	0.000000	0.000000	1.000000	1.000000
0.945	0.003	1.000000	0.000000	0.000000	1.000000	1.000000
0.945	0.004	1.000000	0.000000	0.000000	1.000000	1.000000
0.946	0.000	1.000000	0.000000	0.000000	1.000000	1.000000
0.946	0.001	1.000000	0.000000	0.000000	1.000000	1.000000
0.946	0.002	1.000000	0.000000	0.000000	1.000000	1.000000
0.946	0.003	1.000000	0.000000	0.000000	1.000000	1.000000
0.946	0.004	1.000000	0.000000	0.000000	1.000000	1.000000
0.947	0.000	1.000000	0.000000	0.000000	1.000000	1.000000
0.947	0.001	1.000000	0.000000	0.000000	1.000000	1.000000
0.947	0.002	1.000000	0.000000	0.000000	1.000000	1.000000
0.947	0.003	1.000000	0.000000	0.000000	1.000000	1.000000
0.947	0.004	1.000000	0.000000	0.000000	1.000000	1.000000
0.948	0.000	1.000000	0.000000	0.000000	1.000000	1.000000
0.948	0.001	1.000000	0.000000	0.000000	1.000000	1.000000
0.948	0.002	1.000000	0.000000	0.000000	1.000000	1.000000
0.948	0.003	1.000000	0.000000	0.000000	1.000000	1.000000
0.948	0.004	1.000000	0.000000	0.000000	1.000000	1.000000
0.949	0.000	1.000000	0.000000	0.000000	1.000000	1.000000
0.949	0.001	1.000000	0.000000	0.000000	1.000000	1.000000
0.949	0.002	1.000000	0.000000	0.000000	1.000000	1.000000
0.949	0.003	1.000000	0.000000	0.000000	1.000000	1.000000
0.949	0.004	1.000000	0.000000	0.000000	1.000000	1.000000
0.950	0.000	1.000000	0.000000	0.000000	1.000000	1.000000
0.950	0.001	1.000000	0.000000	0.000000	1.000000	1.000000
0.950	0.002	1.000000	0.000000	0.000000	1.000000	1.000000
0.950	0.003	1.000000	0.000000	0.000000	1.000000	1.000000
0.950	0.004	1.000000	0.000000	0.000000	1.000000	1.000000
0.951	0.000	1.000000	0.000000	0.000000	1.000000	1.000000
0.951	0.001	1.000000	0.000000	0.000000	1.000000	1.000000
0.951	0.002	1.000000	0.000000	0.000000	1.000000	1.000000
0.951	0.003	1.000000	0.000000	0.000000	1.000000	1.000000
0.951	0.004	1.000000	0.000000	0.000000	1.000000	1.000000
0.952	0.000	1.000000	0.000000	0.000000	1.000000	1.000000
0.952	0.001	1.000000	0.000000	0.000000	1.000000	1.000000
0.952	0.002	1.000000	0.000000	0.000000	1.000000	1.000000
0.952	0.003	1.000000	0.000000	0.000000	1.000000	1.000000
0.952	0.004	1.000000	0.000000	0.000000	1.000000	1.000000
0.953	0.000	1.000000	0.000000	0.000000	1.000000	1.000000
0.953	0.001	1.000000	0.000000	0.000000	1.000000	1.000000
0.953	0.002	1.000000	0.000000	0.000000	1.000000	1.000000
0.953	0.003	1.000000	0.000000	0.000000	1.000000	1.000000
0.953	0.004	1.000000	0.000000	0.000000	1.000000	1.000000
0.954	0.000	1.000000	0.000000	0.000000	1.000000	1.000000
0.954	0.001	1.000000	0.000000	0.000000	1.000000	1.000000
0.954	0.002	1.000000	0.000000	0.000000	1.000000	1.000000
0.954	0.003	1.000000	0.000000	0.000000	1.000000	1.000000
0.954	0.004	1.000000	0.000000	0.000000	1.000000	1.000000
0.955	0.000	1.000000	0.000000	0.000000	1.000000	1.000000
0.955	0.001	1.000000	0.000000	0.000000	1.000000	1.000000
0.955	0.002	1.000000	0.000000	0.000000	1.000000	1.000000
0.955	0.003	1.000000	0.000000	0.000000	1.000000	1.000000
0.955	0.004	1.000000	0.000000	0.000000	1.000000	1.000000
0.956	0.000	1.000000	0.000000	0.000000	1.000000	1.000000
0.956	0.001	1.000000	0.000000	0.000000	1.000000	1.000000
0.956	0.002	1.000000	0.000000	0.000000	1.000000	1.000000
0.956	0.003	1.000000	0.000000	0.000000	1.000000	1.000000
0.956	0.004	1.000000	0.000000	0.000000	1.000000	1.000000
0.957	0.000	1.000000	0.000000	0.000000	1.000000	1.000000
0.957	0.001	1.000000	0.000000	0.000000	1.000000	1.000000
0.957	0.002	1.000000	0.000000	0.000000	1.000000	1.000000
0.957	0.003	1.000000	0.000000	0.000000	1.000000	1.000000
0.957	0.004	1.000000	0.000000	0.000000	1.000000	1.000000
0.958	0.000	1.000000	0.000000	0.000000	1.000000	1.000000
0.958	0.001	1.000000	0.000000	0.000000	1.000000	1.000000
0.958	0.002	1.000000	0.000000	0.000000	1.000000	1.000000
0.958	0.003	1.000000	0.000000	0.000000	1.000000	1.000000
0.958	0.004	1.000000	0.000000	0.000000	1.000000	1.000000
0.959	0.000	1.000000	0.000000	0.000000	1.000000	1.000000
0.959	0.001	1.000000	0.000000	0.000000	1.000000	1.000000
0.959	0.002	1.000000	0.000000	0.000000	1.000000	1.000000
0.959	0.003	1.000000	0.000000	0.000000	1.000000	1.000000
0.959	0.004	1.000000	0.000000	0.000000	1.000000	1.000000
0.960	0.000	1.000000	0.000000	0.000000	1.000000	1.000000
0.960	0.001	1.000000	0.000000	0.000000	1.000000	1.000000
0.960	0.002	1.000000	0.000000	0.000000	1.000000	1.000000
0.960	0.003	1.000000	0.000000	0.000000	1.000000	1.000000
0.960	0.004	1.000000	0.000000	0.000000	1.000000	1.000000
0.961	0.000	1.000000	0.000000	0.000000	1.000000	1.000000
0.961	0.001	1.000000	0.000000	0.000000	1.000000	1.000000
0.961	0.002	1.000000	0.000000	0.000000	1.000000	1.000000
0.961	0.003	1.000000	0.000000	0.000000	1.000000	1.000000
0.961	0.004	1.000000	0.000000	0.000000	1.000000	1.000000
0.962	0.000	1.000000	0.000000	0.000000	1.000000	1.000000
0.962	0.001	1.000000	0.000000	0.000000	1.000000	1.000000
0.962	0.002	1.000000	0.000000	0.000000	1.000000	1.000000
0.962	0.003	1.000000	0.000000	0.000000	1.000000	1.000000
0.962	0.004	1.000000	0.000000	0.000000	1.000000	1.000000
0.963	0.000	1.000000	0.000000	0.000000	1.000000	1.000000
0.963	0.001	1.000000	0.000000	0.000000	1.000000	1.000000
0.963	0.002	1.000000	0.000000	0.000000	1.000000	1.000000
0.963	0.003	1.000000	0.000000	0.000000	1.000000	1.000000
0.963	0.004	1.000000	0.000000	0.000000	1.000000	1.000000
0.964	0.000	1.000000	0.000000	0.000000	1.000000	1.000000
0.964	0.001	1.000000	0.000000	0.000000	1.000000	1.000000
0.964	0.002	1.000000	0.000000	0.000000	1.000000	1.000000
0.964	0.003	1.000000	0.000000	0.000000	1.000000	1.000000
0.964	0.004	1.000000	0.000000	0.000000	1.000000	1.000000
0.965	0.000	1.000000	0.000000	0.000000	1.000000	1.000000
0.965	0.001	1.000000	0.000000	0.000000	1.000000	1.000000
0.965	0.002	1.000000	0.000000	0.000000	1.000000	1.000000
0.965	0.003	1.000000	0.000000	0.000000	1.000000	1.000000
0.965	0.004	1.000000	0.000000	0.000000	1.000000	1.000000
0.966	0.000	1.000000	0.000000	0.000000	1.000000	1.000000
0.966	0.001	1.000000	0.000000	0.000000	1.000000	1.000000
0.966	0.002	1.000000	0.000000	0.000000	1.000000	1.000000
0.966	0.003	1.000000	0.000000	0.000000	1.000000	1.000000
0.966	0.004	1.000000	0.000000	0.000000	1.000000	1.000000
0.967	0.000	1.000000	0.000000	0.000000	1.000000	1.000000
0.967	0.001	1.000000	0.000000	0.000000	1.000000	1.000000
0.967	0.002	1.000000	0.000000	0.000000	1.000000	1.000000
0.967	0.003	1.000000	0.000000	0.000000	1.000000	1.000000
0.967	0.004	1.000000	0.000000	0.000000	1.000000	1.000000
0.968	0.000	1.000000	0.000000	0.000000	1.000000	1.000000
0.968	0.001	1.000000	0.000000	0.000000	1.000000	1.000000
0.968	0.002	1.000000	0.000000	0.000000	1.000000	1.000000
0.968	0.003	1.000000	0.000000	0.000000	1.000000	1.000000
0.968	0.004	1.000000	0.000000	0.000000	1.000000	1.000000
0.969	0.000	1.000000	0.000000	0.000000	1.000000	1.000000
0.969	0.001	1.000000	0.000000	0.000000	1.000000	1.000000
0.969	0.002	1.000000	0.000000	0.000000	1.000000	1.000000
0.969	0.003	1.000000	0.000000	0.000000	1.000000	1.000000
0.969	0.004	1.000000	0.000000	0.000000	1.000000	1.000000
0.970	0.000	1.000000	0.000000	0.000000	1.000000	1.000000
0.970	0.001	1.000000	0.000000	0.000000	1.000000	1.000000
0.970	0.002	1.000000	0.000000	0.000000	1.000000	1.000000
0.970	0.003	1.000000	0.000000	0.000000	1.000000	1.000000
0.970	0.004	1.000000	0.000000	0.000000	1.000000	1.000000
0.971	0.000	1.000000	0.000000	0.000000	1.000000	1.000000
0.971	0.001	1.000000	0.000000	0.000000	1.000000	1.000000
0.971	0.002	1.000000	0.000000	0.000000	1.000000	1.000000
0.971	0.003	1.000000	0.000000	0.000000	1.000000	1.000000
0.971	0.004	1.000000	0.000000	0.000000	1.000000	1.000000
0.972	0.000	1.000000	0.000000	0.000000	1.000000	1.000000
0.972	0.001	1.000000	0.000000	0.000000	1.000000	1.000000
0.972	0.002	1.000000	0.000000	0.000000	1.000000	1.000000
0.972	0.003	1.000000	0.000000	0.000000	1.000000	1.000000
0.972	0.004	1.000000	0.000000	0.000000	1.000000	1.000000
0.973	0.000	1.000000	0.000000	0.000000	1.000000	1.000000
0.973	0.001	1.000000	0.000000	0.000000	1.000000	1.000000
0.973	0.002	1.000000	0.000000	0.000000	1.000000	1.000000
0.973	0.003	1.000000	0.000000	0.000000	1.000000	1.000000
0.973	0.004	1.000000	0.000000	0.000000	1.000000	1.000000
0.974	0.000	1.000000	0.000000	0.000000	1.000000	1.000000
0.974	0.001	1.000000	0.000000	0.000000	1.000000	1.000000
0.974	0.002	1.000000	0.000000	0.000000	1.000000	1.000000
0.974	0.003	1.000000	0.000000	0.000000	1.000000	1.000000
0.974	0.004	1.000000	0.000000	0.000000	1.000000	1.000000
0.975	0.000	1.000000	0.000000	0.000000	1.000000	1.000000
0.975	0.001	1.000000	0.000000	0.000000	1.000000	1.000000
0.975	0.002	1.000000	0.000000	0.000000	1.000000	1.000000
0.975	0.003	1.000000	0.000000	0.000000	1.000000	1.000000
0.975	0.004	1.000000	0.000000	0.000000	1.000000	1.000000
0.976	0.000	1.000000	0.000000	0.000000	1.000000	1.000000
0.976	0.001	1.000000	0.000000	0.000000	1.000000	1.000000
0.976	0.002	1.000000	0.000000	0.000000	1.000000	1.000000
0.976	0.003	1.000000	0.000000	0.000000	1.000000	1.000000
0.976	0.004	1.000000	0.000000	0.000000	1.000000	1.000000
0.977	0.000	1.000000	0.000000	0.000000	1.000000	1.000000
0.977	0.001	1.000000	0.000000	0.000000	1.000000	1.000000
0.977	0.002	1.000000	0.000000	0.000000	1.000000	1.000000
0.977	0.003	1.000000	0.000000	0.000000	1.000000	1.000000
0.977	0.004	1.000000	0.000000	0.000000	1.000000	1.000000
0.978	0.000	1.000000	0.000000	0.000000	1.000000	1.000000
0.978	0.001	1.000000	0.000000	0.000000	1.000000	1.000000
0.978	0.002	1.000000	0.000000	0.000000	1.000000	1.000000
0.978	0.003	1.000000	0.000000	0.000000	1.000000	1.000000
0.978	0.004	1.000000	0.000000	0.000000	1.000000	1.000000
0.979	0.000	1.000000	0.000000	0.000000	1.000000	1.000000
0.979	0.001	1.000000	0.000000	0.000000	1.000000	1.000000
0.979	0.002	1.000000	0.000000	0.000000	1.000000	1.000000
0.979	0.003	1.000000	0.000000	0.000000	1.000000	1.000000
0.979	0.004	1.000000	0.000000	0.000000	1.000000	1.000000
0.980	0.000	1.000000	0.000000	0.000000	1.000000	1.000000
0.980	0.001	1.000000	0.000000	0.000000	1.000000	1.000000
0.980	0.002	1.000000	0.000000	0.000000	1.000000	1.000000
0.980	0.003	1.000000	0.000000	0.000000	1.000000	1.000000
0.980	0.004	1.000000	0.000000	0.000000	1.000000	1.000000
0.981	0.000	1.000000	0.000000	0.000000	1.000000	1.000000
0.981	0.001	1.000000	0.000000	0.000000	1.000000	1.000000
0.981	0.002	1.000000	0.000000	0.000000	1.000000	1.000000
0.981	0.003	1.000000	0.000000	0.000000	1.000000	1.000000
0.981	0.004	1.000000	0.000000	0.000000	1.000000	1.000000
0.982	0.000	1.000000	0.000000	0.000000	1.000000	1.000000
0.982	0.001	1.000000	0.000000	0.000000	1.000000	1.000000
0.982	0.002	1.000000	0.000000	0.000000	1.000000	1.000000
0.982	0.003	1.000000	0.000000	0.000000	1.000000	1.000000
0.982	0.004	1.000000	0.000000	0.000000	1.000000	1.000000
0.983	0.000	1.000000	0.000000	0.000000	1.000000	1.000000
0.983	0.001	1.000000	0.000000	0.000000	1.000000	1.000000
0.983	0.002	1.000000	0.000000	0.000000	1.000000	1.000000
0.983	0.003	1.000000	0.000000	0.000000	1.000000	1.000000
0.983	0.004	1.000000	0.000000	0.000000	1.000000	1.000000
0.984	0.000	1.000000	0.000000	0.000000	1.000000	1.000000
0.984	0.001	1.000000	0.000000	0.000000	1.000000	1.000000
0.984	0.002	1.000000	0.000000	0.000000	1.000000	1.000000
0.984	0.003	1.000000	0.000000	0.000000	1.000000	1.000000
0.984	0.004	1.000000	0.000000	0.000000	1.000000	1.000000
0.985	0.000	1.000000	0.000000	0.000000	1.000000	1.000000
0.985	0.001	1.000000	0.000000	0.000000	1.000000	1.000000
0.985	0.002	1.000000	0.000000	0.000000	1.000000	1.000000
0.985	0.003	1.000000	0.000000	0.000000	1.000000	1.000000
0.985	0.004	1.000000	0.000000	0.000000	1.000000	1.000000
0.986	0.000	1.000000	0.000000	0.000000	1.000000	1.000000
0.986	0.001	1.000000	0.000000	0.000000	1.000000	1.000000
0.986	0.002	1.000000	0.000000	0.000000	1.000000	1.000000
0.986	0.003	1.000000	0.000000	0.000000	1.000000	1.000000
0.986	0.004	1.000000	0.000000	0.000000	1.000000	1.000000
0.987	0.000	1.000000	0.000000	0.000000	1.000000	1.000000
0.987	0.001	1.000000	0.000000	0.000000	1.000000	1.000000
0.987	0.002	1.000000	0.000000	0.000000	1.000000	1.000000
0.987	0.003	1.000000	0.000000	0.000000	1.000000	1.000000
0.987	0.004	1.000000	0.000000	0.000000	1.000000	1.000000
0.988	0.000	1.000000	0.000000	0.000000	1.000000	1.000000
0.988	0.001	1.000000	0.000000	0.000000	1.000000	1.000000
0.988	0.002	1.000000	0.000000	0.000000	1.000000	1.000000
0.988	0.003	1.000000	0.000000	0.000000	1.000000	1.000000
0.988	0.004	1.000000	0.000000	0.000000	1.000000	1.000000
0.989	0.000	1.000000	0.000000	0.000000	1.000000	1.000000
0.989	0.001	1.000000	0.000000	0.000000	1.000000	1.000000
0.989	0.002	1.000000	0.000000	0.000000	1.000000	1.000000
0.989	0.003	1.000000	0.000000	0.000000	1.000000	1.000000
0.989	0.004	1.000000	0.000000	0.000000	1.000000	1.000000
0.990	0.000	1.000000	0.000000	0.000000	1.000000	1.000000
0.990	0.001	1.000000	0.000000	0.000000	1.000000	1.000000
0.990	0.002	1.000000	0.000000	0.000000	1.000000	1.000000
0.990	0.003	1.000000	0.000000	0.000000	1.000000	1.000000
0.990	0.004	1.000000	0.000000	0.000000	1.000000	1.000000
0.991	0.000	1.000000	0.000000	0.000000	1.000000	1.000000
0.991	0.001	1.000000	0.000000	0.000000	1.000000	1.000000
0.991	0.002	1.000000	0.000000	0.000000	1.000000	1.000000
0.991	0.003	1.000000	0.000000	0.000000	1.000000	1.000000
0.991	0.004	1.000000	0.000000	0.000000	1.000000	1.000000
0.992	0.000	1.000000	0.000000	0.000000	1.000000	1.000000
0.992	0.001	1.000000	0.000000	0.000000	1.000000	1.000000
0.992	0.002	1.000000	0.000000	0.000000	1.000000	1.000000
0.992	0.003	1.000000	0.000000	0.000000	1.000000	1.000000
0.992	0.004	1.000000	0.000000	0.000000	1.000000	1.000000
0.993	0.000	1.000000	0.000000	0.000000	1.000000	1.000000
0.993	0.001	1.000000	0.000000	0.000000	1.000000	1.000000
0.993	0.002	1.000000	0.000000	0.000000	1.000000	1.000000
0.993	0.003	1.000000	0.000000	0.000000	1.000000	1.000000
0.993	0.004	1.000000	0.000000	0.000000	1.000000	1.000000
0.994	0.000	1.000000	0.000000	0.000000	1.000000	1.000000
0.994	0.001	1.000000	0.000000	0.000000	1.000000	1.000000
0.994	0.002	1.000000	0.000000	0.000000	1.000000	1.000000
0.994	0.003	1.000000	0.000000	0.000000	1.000000	1.000000
0.994	0.004	1.000000	0.000000	0.000000	1.000000	1.000000
0.995	0.000	1.000000	0.000000	0.000000	1.000000	1.000000
0.995	0.001	1.000000	0.000000	0.000000	1.000000	1.000000
0.995	0.002	1.000000	0.000000	0.000000	1.000000	1.000000
0.995	0.003	1.000000	0.000000	0.000000	1.000000	1.000000
0.995	0.004	1.000000	0.000000	0.000000	1.000000	1.000000
0.996	0.000	1.000000	0.000000	0.000000	1.000000	1.000000
0.996	0.001	1.000000	0.000000	0.000000	1.000000	1.000000
0.996	0.002	1.000000	0.000000	0.000000	1.000000	1.000000
0.996	0.003	1.000000	0.000000	0.000000	1.000000	1.000000
0.996	0.004	1.000000	0.000000	0.000000	1.000000	1.000000
0.997	0.000	1.000000	0.000000	0.000000	1.000000	1.000000
0.997	0.001	1.000000	0.000000	0.000000	1.000000	1.000000
0.997	0.002	1.000000	0.000000	0.000000	1.000000	1.000000
0.997	0.003	1.000000	0.000000	0.000000	1.000000	1.000000
0.997	0.004	1.000000	0.000000	0.000000	1.000000	1.000000
0.998	0.000	1.000000	0.000000	0.000000	1.000000	1.000000
0.998	0.001	1.000000	0.000000	0.000000	1.000000	1.000000
0.998	0.002	1.000000	0.000000	0.000000	1.000000	1.000000
0.998	0.003	1.000000	0.000000	0.000000	1.000000	1.000000
0.998	0.004	1.000000	0.000000	0.000000	1.000000	1.000000
0.999	0.000	1.000000	0.000000	0.000000	1.000000	1.000000
0.999	0.001	1.000000	0.000000	0.000000	1.000000	1.000000
0.999	0.002	1.000000	0.000000	0.000000	1.000000	1.000000
0.999	0.003	1.000000	0.000000	0.000000	1.000000	1.000000
0.999	0.004	1.000000	0.000000	0.000000	1.000000	1.000000
1.000	0.000	1.000000	0.000000	0.000000	1.000000	1.000000
1.000	0.001	1.000000	0.000000	0.000000	1.000000	1.000000
1.000	0.002	1.000000	0.000000	0.000000	1.000000	1.000000
1.000	0.003	1.000000	0.000000	0.000000	1.000000	1.000000
1.000	0.004	1.000000	0.000000	0.000000	1.000000	1.000000
